nom,capacite,achat,execution,critere,seuil,h,gain_trou_moyen,gain_trou_ic_bas,gain_trou_ic_haut,gain_resultat_moyen,gain_resultat_ic_bas,gain_resultat_ic_haut,pire_5pct_sans,pire_5pct_avec,resultat_moyen_sans,F_A,perte
230 Fifth,1200,veille_12h,mid,grosses,0.0,0.3,1237.796666279998,-23992.558559999976,29599.344000000012,48118.39219044,-111940.95740400006,211929.85776599974,5612700.0,5669781.099252,5898814.02,,
230 Fifth,1200,veille_12h,mid,grosses,0.0,0.6,2475.5933325600004,-47985.11712000001,59198.687999999995,96236.78438088,-223881.9148080001,423859.7155319995,5612700.0,5664778.710204,5898814.02,,
230 Fifth,1200,veille_12h,mid,grosses,0.0,1.0,4023.3645755999983,-79975.19520000002,98664.48000000001,160394.64063480002,-373136.52467999957,706432.8592199994,5612700.0,5593597.36656,5898814.02,,
230 Fifth,1200,veille_12h,mid,grosses,0.4,0.3,85.35703373999952,-23992.558559999976,16809.848999999987,-9627.995331179995,-124343.7014700002,97042.33836899947,5612700.0,5622766.228254001,5898814.02,,
230 Fifth,1200,veille_12h,mid,grosses,0.4,0.6,170.71406747999978,-47985.11712000001,33619.698000000004,-19255.990662359996,-248687.4029400004,194084.67673799983,5612700.0,5595175.16334,5898814.02,,
230 Fifth,1200,veille_12h,mid,grosses,0.4,1.0,181.89913379999913,-79975.19520000002,56032.830000000016,-32093.317770599984,-414479.00490000006,323474.4612299997,5612700.0,5523016.0287,5898814.02,,
230 Fifth,1200,veille_12h,mid,toutes,0.0,0.3,1237.796666279998,-23992.558559999976,29599.344000000012,81265.464970065,-92389.75265250003,253337.21494964976,5612700.0,5711058.3335688,5898814.02,,
230 Fifth,1200,veille_12h,mid,toutes,0.0,0.6,2475.5933325600004,-47985.11712000001,59198.687999999995,162530.92994013,-184779.50530500006,506674.4298992995,5612700.0,5737049.864481,5898814.02,,
230 Fifth,1200,veille_12h,mid,toutes,0.0,1.0,4023.3645755999983,-79975.19520000002,98664.48000000001,270884.88323354995,-307965.8421749998,844457.3831655004,5612700.0,5702035.868714999,5898814.02,,
230 Fifth,1200,veille_12h,mid,toutes,0.4,0.3,85.35703373999952,-23992.558559999976,16809.848999999987,-17763.48847054799,-137144.54742885008,101237.27960520016,5612700.0,5620726.6804518,5898814.02,,
230 Fifth,1200,veille_12h,mid,toutes,0.4,0.6,170.71406747999978,-47985.11712000001,33619.698000000004,-35526.97694109597,-274289.09485770017,202474.5592104003,5612700.0,5576360.0621184,5898814.02,,
230 Fifth,1200,veille_12h,mid,toutes,0.4,1.0,181.89913379999913,-79975.19520000002,56032.830000000016,-59211.628235159966,-457148.49142949964,337457.5986840002,5612700.0,5480424.95967,5898814.02,,
230 Fifth,1200,jour_9h,mid,grosses,0.0,0.3,280.4898520800056,-22379.44896000001,27856.40400000001,3375.5978851200093,-118503.25981199958,127290.11090400016,5612700.0,5630589.453912,5898814.02,,
230 Fifth,1200,jour_9h,mid,grosses,0.0,0.6,560.9797041600004,-44758.89792000002,55712.80800000002,6751.195770240003,-237006.51962400007,254580.22180799942,5612700.0,5608169.496432,5898814.02,,
230 Fifth,1200,jour_9h,mid,grosses,0.0,1.0,866.685405600002,-74598.16320000001,92854.68,11251.99295040001,-395010.86603999976,424300.36967999995,5612700.0,5537657.228399999,5898814.02,,
230 Fifth,1200,jour_9h,mid,grosses,0.4,0.3,238.55037696000676,-22379.44896000001,12365.25264000002,10294.26034824001,-78315.19430400031,83593.66035599963,5612700.0,5644282.828488001,5898814.02,,
230 Fifth,1200,jour_9h,mid,grosses,0.4,0.6,477.10075391999794,-44758.89792000002,24730.505279999983,20588.520696479998,-156630.3886079997,167187.32071200016,5612700.0,5666385.46104,5898814.02,,
230 Fifth,1200,jour_9h,mid,grosses,0.4,1.0,726.8871552000026,-74598.16320000001,41217.50880000001,34314.20116080002,-261050.64767999976,278645.5345199997,5612700.0,5657598.34416,5898814.02,,
230 Fifth,1200,jour_9h,mid,toutes,0.0,0.3,280.4898520800056,-22379.44896000001,27856.40400000001,4766.920069176012,-119163.78228060013,136689.9104826002,5612700.0,5637725.7734196,5898814.02,,
230 Fifth,1200,jour_9h,mid,toutes,0.0,0.6,560.9797041600004,-44758.89792000002,55712.80800000002,9533.840138352003,-238327.56456120027,273379.8209652004,5612700.0,5615611.3722,5898814.02,,
230 Fifth,1200,jour_9h,mid,toutes,0.0,1.0,866.685405600002,-74598.16320000001,92854.68,15889.733563920032,-397212.6076019998,455633.034942,5612700.0,5540470.959528,5898814.02,,
230 Fifth,1200,jour_9h,mid,toutes,0.4,0.3,238.55037696000676,-22379.44896000001,12365.25264000002,16347.483530316009,-79292.53784879977,99710.15933699968,5612700.0,5662466.79096,5898814.02,,
230 Fifth,1200,jour_9h,mid,toutes,0.4,0.6,477.10075391999794,-44758.89792000002,24730.505279999983,32694.967060632,-158585.0756976004,199420.3186739994,5612700.0,5692626.426938401,5898814.02,,
230 Fifth,1200,jour_9h,mid,toutes,0.4,1.0,726.8871552000026,-74598.16320000001,41217.50880000001,54491.61176772001,-264308.4594960004,332367.1977899996,5612700.0,5693474.212991999,5898814.02,,
230 Fifth,1200,veille_12h,quart_spread,grosses,0.0,0.3,-827.4423337200006,-25648.558559999976,24895.475999999995,-41792.554609559964,-211892.0281019999,125269.82071199974,5612700.0,5572314.170418,5898814.02,,
230 Fifth,1200,veille_12h,quart_spread,grosses,0.0,0.6,-1654.8846674399995,-51297.11712000001,49790.95199999999,-83585.10921911997,-423784.0562039998,250539.64142400035,5612700.0,5470928.781816,5898814.02,,
230 Fifth,1200,veille_12h,quart_spread,grosses,0.0,1.0,-3183.6854244000015,-85495.19520000002,82984.91999999998,-139308.5153651999,-706306.7603399997,417566.06903999974,5612700.0,5276185.36746,5898814.02,,
230 Fifth,1200,veille_12h,quart_spread,grosses,0.4,0.3,-1086.5941662600005,-25648.558559999976,11594.840039999981,-61512.33833117998,-184492.66602600028,54716.0738129999,5612700.0,5567575.521588,5898814.02,,
230 Fifth,1200,veille_12h,quart_spread,grosses,0.4,0.6,-2173.1883325199988,-51297.11712000001,23189.68007999999,-123024.67666235997,-368985.33205199963,109432.14762599977,5612700.0,5474459.687904,5898814.02,,
230 Fifth,1200,veille_12h,quart_spread,grosses,0.4,1.0,-4047.5248662000004,-85495.19520000002,38649.466799999995,-205041.12777059997,-614975.5534199997,182386.91271000024,5612700.0,5316202.7827200005,5898814.02,,
230 Fifth,1200,veille_12h,quart_spread,toutes,0.0,0.3,-827.4423337200006,-25648.558559999976,24895.475999999995,-74224.01953993495,-254846.55480795034,105951.33553454989,5612700.0,5554037.4947505,5898814.02,,
230 Fifth,1200,veille_12h,quart_spread,toutes,0.0,0.6,-1654.8846674399995,-51297.11712000001,49790.95199999999,-148448.03907986992,-509693.1096158998,211902.67106909977,5612700.0,5416330.1527236,5898814.02,,
230 Fifth,1200,veille_12h,quart_spread,toutes,0.0,1.0,-3183.6854244000015,-85495.19520000002,82984.91999999998,-247413.39846644987,-849488.5160264997,353171.11844850023,5612700.0,5170155.84954,5898814.02,,
230 Fifth,1200,veille_12h,quart_spread,toutes,0.4,0.3,-1086.5941662600005,-25648.558559999976,11594.840039999981,-107953.89976054797,-237686.2049520002,19760.724469349676,5612700.0,5526384.0537951,5898814.02,,
230 Fifth,1200,veille_12h,quart_spread,toutes,0.4,0.6,-2173.1883325199988,-51297.11712000001,23189.68007999999,-215907.7995210959,-475372.40990400035,39521.44893870026,5612700.0,5377419.8143944,5898814.02,,
230 Fifth,1200,veille_12h,quart_spread,toutes,0.4,1.0,-4047.5248662000004,-85495.19520000002,38649.466799999995,-359846.33253515983,-792287.3498399997,65869.08156450014,5612700.0,5148375.357771,5898814.02,,
230 Fifth,1200,jour_9h,quart_spread,grosses,0.0,0.3,-167.41674792000495,-23155.94735999999,27442.40400000001,-15141.462914879974,-139020.90688800035,107369.63067600025,5612700.0,5612280.015768,5898814.02,,
230 Fifth,1200,jour_9h,quart_spread,grosses,0.0,0.6,-334.83349583999336,-46311.89471999998,54884.80800000002,-30282.92582975993,-278041.81377599976,214739.26135199956,5612700.0,5569853.700384,5898814.02,,
230 Fifth,1200,jour_9h,quart_spread,grosses,0.0,1.0,-631.856594399998,-77186.49119999999,91474.68,-50471.543049599895,-463403.0229599999,357898.7689199999,5612700.0,5471515.73832,5898814.02,,
230 Fifth,1200,jour_9h,quart_spread,grosses,0.4,0.3,48.8969769599929,-23155.94735999999,11868.452639999974,2696.904948240033,-89393.77137600022,77057.03919600033,5612700.0,5635791.688488,5898814.02,,
230 Fifth,1200,jour_9h,quart_spread,grosses,0.4,0.6,97.79395392000401,-46311.89471999998,23736.905280000006,5393.80989648005,-178787.54275199954,154114.07839199973,5612700.0,5648699.824848,5898814.02,,
230 Fifth,1200,jour_9h,quart_spread,grosses,0.4,1.0,89.18915520000243,-77186.49119999999,39561.50880000001,8989.683160800096,-297979.2379199995,256856.79731999958,5612700.0,5626569.46368,5898814.02,,
230 Fifth,1200,jour_9h,quart_spread,toutes,0.0,0.3,-167.41674792000495,-23155.94735999999,27442.40400000001,-27092.98192082395,-150845.66832779947,103753.98895860015,5612700.0,5606984.9704512,5898814.02,,
230 Fifth,1200,jour_9h,quart_spread,toutes,0.0,0.6,-334.83349583999336,-46311.89471999998,54884.80800000002,-54185.96384164791,-301691.3366555999,207507.97791720033,5612700.0,5554366.1481192,5898814.02,,
230 Fifth,1200,jour_9h,quart_spread,toutes,0.0,1.0,-631.856594399998,-77186.49119999999,91474.68,-90309.93973607985,-502818.89442600013,345846.6298620005,5612700.0,5430762.276324,5898814.02,,
230 Fifth,1200,jour_9h,quart_spread,toutes,0.4,0.3,48.8969769599929,-23155.94735999999,11868.452639999974,3234.886370316044,-94199.68275840033,87984.94150619983,5612700.0,5648594.768898,5898814.02,,
230 Fifth,1200,jour_9h,quart_spread,toutes,0.4,0.6,97.79395392000401,-46311.89471999998,23736.905280000006,6469.772740632096,-188399.36551679973,175969.8830123997,5612700.0,5661456.489813601,5898814.02,,
230 Fifth,1200,jour_9h,quart_spread,toutes,0.4,1.0,89.18915520000243,-77186.49119999999,39561.50880000001,10782.95456772016,-313998.94252800016,293283.13835399976,5612700.0,5640075.289908,5898814.02,,
230 Fifth,1200,veille_12h,demi_spread,grosses,0.0,0.3,-2892.6813337200006,-29716.853760000027,21650.543999999994,-131703.50140955998,-314691.5877119999,48205.33883100027,5612700.0,5477550.631914,5898814.02,,
230 Fifth,1200,veille_12h,demi_spread,grosses,0.0,0.6,-5785.3626674399975,-59433.707519999996,43301.08799999999,-263407.00281911995,-629383.1754239997,96410.67766199964,5612700.0,5269863.629136,5898814.02,,
230 Fifth,1200,veille_12h,demi_spread,grosses,0.0,1.0,-10708.5410682,-99056.17920000001,72168.48000000001,-439011.6713651999,-1048971.9590399999,160684.4627699997,5612700.0,4942377.71394,5898814.02,,
230 Fifth,1200,veille_12h,demi_spread,grosses,0.4,0.3,-2258.5453662600007,-29716.853760000027,11045.784960000019,-113396.68133117998,-251346.6282329998,18910.80771300023,5612700.0,5505960.065118,5898814.02,,
230 Fifth,1200,veille_12h,demi_spread,grosses,0.4,0.6,-4517.090732519999,-59433.707519999996,22091.56991999998,-226793.36266235996,-502693.2564659996,37821.61542599956,5612700.0,5340172.1503800005,5898814.02,,
230 Fifth,1200,veille_12h,demi_spread,grosses,0.4,1.0,-8594.75451,-99056.17920000001,36819.283200000005,-377988.93777059997,-837822.09411,63036.02570999957,5612700.0,5099061.740940001,5898814.02,,
230 Fifth,1200,veille_12h,demi_spread,toutes,0.0,0.3,-2892.6813337200006,-29716.853760000027,21650.543999999994,-229713.50404993497,-430618.90673520026,-32721.58444004998,5612700.0,5394178.7277876,5898814.02,,
230 Fifth,1200,veille_12h,demi_spread,toutes,0.0,0.6,-5785.3626674399975,-59433.707519999996,43301.08799999999,-459427.00809986994,-861237.8134703996,-65443.16888009996,5612700.0,5088339.2769804,5898814.02,,
230 Fifth,1200,veille_12h,demi_spread,toutes,0.0,1.0,-10708.5410682,-99056.17920000001,72168.48000000001,-765711.6801664499,-1435396.3557840004,-109071.94813350054,5612700.0,4600618.5200849995,5898814.02,,
230 Fifth,1200,veille_12h,demi_spread,toutes,0.4,0.3,-2258.5453662600007,-29716.853760000027,11045.784960000019,-198144.31105054799,-342786.87055035,-51236.003485349924,5612700.0,5427064.913552701,5898814.02,,
230 Fifth,1200,veille_12h,demi_spread,toutes,0.4,0.6,-4517.090732519999,-59433.707519999996,22091.56991999998,-396288.6221010959,-685573.7411007,-102472.00697069985,5612700.0,5182056.2016252,5898814.02,,
230 Fifth,1200,veille_12h,demi_spread,toutes,0.4,1.0,-8594.75451,-99056.17920000001,36819.283200000005,-660481.0368351599,-1142622.9018344996,-170786.67828449974,5612700.0,4802299.552068,5898814.02,,
230 Fifth,1200,jour_9h,demi_spread,grosses,0.0,0.3,-615.3233479199995,-25557.147360000003,27028.40400000001,-33658.52371487997,-158564.942712,87714.575784,5612700.0,5594490.35352,5898814.02,,
230 Fifth,1200,jour_9h,demi_spread,grosses,0.0,0.6,-1230.646695840003,-51114.294720000005,54056.80800000002,-67317.04742975994,-317129.885424,175429.151568,5612700.0,5533492.23936,5898814.02,,
230 Fifth,1200,jour_9h,demi_spread,grosses,0.0,1.0,-2130.3985943999974,-85190.49119999999,90094.68,-112195.07904959994,-528549.80904,292381.9192799997,5612700.0,5411852.448480001,5898814.02,,
230 Fifth,1200,jour_9h,demi_spread,grosses,0.4,0.3,-140.75642304000203,-25557.147360000003,11371.652639999986,-4900.450451760003,-100224.69033599964,70497.15289200001,5612700.0,5626007.18544,5898814.02,,
230 Fifth,1200,jour_9h,demi_spread,grosses,0.4,0.6,-281.51284608000407,-51114.294720000005,22743.30528000003,-9800.900903519972,-200449.3806720002,140994.30578400003,5612700.0,5630757.375072001,5898814.02,,
230 Fifth,1200,jour_9h,demi_spread,grosses,0.4,1.0,-548.5088447999972,-85190.49119999999,37905.50880000001,-16334.834839199966,-334082.3011199997,234990.50964000003,5612700.0,5594018.443200001,5898814.02,,
230 Fifth,1200,jour_9h,demi_spread,toutes,0.0,0.3,-615.3233479199995,-25557.147360000003,27028.40400000001,-58952.88391082397,-183034.48884659965,71316.35758620036,5612700.0,5573303.777608801,5898814.02,,
230 Fifth,1200,jour_9h,demi_spread,toutes,0.0,0.6,-1230.646695840003,-51114.294720000005,54056.80800000002,-117905.76782164794,-366068.97769320017,142632.71517239982,5612700.0,5490805.0513152,5898814.02,,
230 Fifth,1200,jour_9h,demi_spread,toutes,0.0,1.0,-2130.3985943999974,-85190.49119999999,90094.68,-196509.6130360799,-610114.962822,237721.191954,5612700.0,5325926.564112,5898814.02,,
230 Fifth,1200,jour_9h,demi_spread,toutes,0.4,0.3,-140.75642304000203,-25557.147360000003,11371.652639999986,-9877.710789683984,-109966.7709971996,75705.65604900006,5612700.0,5633679.505062,5898814.02,,
230 Fifth,1200,jour_9h,demi_spread,toutes,0.4,0.6,-281.51284608000407,-51114.294720000005,22743.30528000003,-19755.421579367994,-219933.54199440012,151411.3120980001,5612700.0,5631758.9574336,5898814.02,,
230 Fifth,1200,jour_9h,demi_spread,toutes,0.4,1.0,-548.5088447999972,-85190.49119999999,37905.50880000001,-32925.70263227998,-366555.9033240002,252352.1868300002,5612700.0,5588318.24694,5898814.02,,
230 Fifth,1200,veille_12h,mid,grosses,0.4,0.6,170.71406747999993,-47985.11712000001,33619.698000000004,-19255.990662359996,-248687.4029400004,194084.67673799983,5612700.0,5595175.16334,5898814.02,0.6,0.5
230 Fifth,1200,veille_12h,mid,grosses,0.4,0.6,170.71406747999993,-47985.11712000001,33619.698000000004,-19255.990662359996,-248687.4029400004,194084.67673799983,6009036.0,5955225.61722,6180704.412,0.6,0.3
230 Fifth,1200,veille_12h,mid,grosses,0.4,0.6,2018.70128988,-47985.11712000001,35618.026320000004,-19255.990662359996,-248687.4029400004,194084.67673799983,4621860.0,4641992.456507999,5194088.04,0.6,1.0
230 Fifth,1200,veille_12h,mid,grosses,0.4,0.6,170.71406747999978,-47985.11712000001,33619.698000000004,-19255.990662359996,-248687.4029400004,194084.67673799983,5612700.0,5595175.16334,5898814.02,0.75,0.5
230 Fifth,1200,veille_12h,mid,grosses,0.4,0.6,170.71406748000027,-47985.11712000001,33619.698000000004,-19255.990662359996,-248687.4029400004,194084.67673799983,6009036.0,5955225.61722,6180704.412,0.75,0.3
230 Fifth,1200,veille_12h,mid,grosses,0.4,0.6,2018.7012898799992,-47985.11712000001,35618.026320000004,-19255.990662359996,-248687.4029400004,194084.67673799983,4621860.0,4641992.456507999,5194088.04,0.75,1.0
230 Fifth,1200,veille_12h,mid,grosses,0.4,0.6,170.7140674799999,-47985.11712000001,33619.697999999975,-19255.990662359996,-248687.4029400004,194084.67673799983,5612700.0,5595175.16334,5898814.02,0.9,0.5
230 Fifth,1200,veille_12h,mid,grosses,0.4,0.6,170.7140674799999,-47985.11712000001,33619.697999999975,-19255.990662359996,-248687.4029400004,194084.67673799983,6009036.0,5955225.61722,6180704.412,0.9,0.3
230 Fifth,1200,veille_12h,mid,grosses,0.4,0.6,2018.7012898800006,-47985.11712000001,35618.026320000004,-19255.990662359996,-248687.4029400004,194084.67673799983,4621860.0,4641992.456507999,5194088.04,0.9,1.0
Elsewhere Rooftop,500,veille_12h,mid,grosses,0.0,0.3,21.620564448749487,-7556.392687500003,8421.95232,-7482.041289258747,-56986.53440807814,43718.407623421794,882035.5,876377.2360825938,946035.598,,
Elsewhere Rooftop,500,veille_12h,mid,grosses,0.0,0.6,43.241128897500474,-15112.785375,16843.90464,-14964.082578517497,-113973.06881615629,87436.81524684359,882035.5,844618.6109673126,946035.598,,
Elsewhere Rooftop,500,veille_12h,mid,grosses,0.0,1.0,-157.85487971250004,-25187.975625,28073.1744,-24940.137630862497,-189955.1146935937,145728.02541140598,882035.5,790470.566254375,946035.598,,
Elsewhere Rooftop,500,veille_12h,mid,grosses,0.4,0.3,-325.7716284421878,-7556.392687500003,4730.519120625002,-13997.830679204058,-52079.8019122969,22185.70666635933,882035.5,870139.1565617188,946035.598,,
Elsewhere Rooftop,500,veille_12h,mid,grosses,0.4,0.6,-651.5432568843744,-15112.785375,9461.038241249997,-27995.661358408117,-104159.6038245938,44371.41333271866,882035.5,841725.332550375,946035.598,,
Elsewhere Rooftop,500,veille_12h,mid,grosses,0.4,1.0,-1315.828856015625,-25187.975625,15768.397068749997,-46659.43559734686,-173599.33970765618,73952.3555545311,882035.5,792355.3551756251,946035.598,,
Elsewhere Rooftop,500,veille_12h,mid,toutes,0.0,0.3,21.620564448749487,-7556.392687500003,8421.95232,-9319.967394783147,-62208.90972659435,45659.47180805991,882035.5,872297.973658045,946035.598,,
Elsewhere Rooftop,500,veille_12h,mid,toutes,0.0,0.6,43.241128897500474,-15112.785375,16843.90464,-18639.934789566294,-124417.8194531887,91318.94361611994,882035.5,842547.9759844125,946035.598,,
Elsewhere Rooftop,500,veille_12h,mid,toutes,0.0,1.0,-157.85487971250004,-25187.975625,28073.1744,-31066.557982610495,-207363.03242198116,152198.23936019986,882035.5,779038.0649225999,946035.598,,
Elsewhere Rooftop,500,veille_12h,mid,toutes,0.4,0.3,-325.7716284421878,-7556.392687500003,4730.519120625002,-17947.315035945856,-54741.17438145001,17235.955546201825,882035.5,865892.2170491712,946035.598,,
Elsewhere Rooftop,500,veille_12h,mid,toutes,0.4,0.6,-651.5432568843744,-15112.785375,9461.038241249997,-35894.63007189171,-109482.34876290002,34471.91109240377,882035.5,837706.0779456125,946035.598,,
Elsewhere Rooftop,500,veille_12h,mid,toutes,0.4,1.0,-1315.828856015625,-25187.975625,15768.397068749997,-59824.38345315286,-182470.58127150004,57453.185154006314,882035.5,785371.4365035625,946035.598,,
Elsewhere Rooftop,500,jour_9h,mid,grosses,0.0,0.3,95.664696806249,-5165.513707500002,7676.76888,-3264.4350605362483,-37134.90731249997,32238.70333481247,882035.5,882779.48124725,946035.598,,
Elsewhere Rooftop,500,jour_9h,mid,grosses,0.0,0.6,191.32939361250024,-10331.027414999997,15353.53776,-6528.870121072498,-74269.81462499994,64477.40666962494,882035.5,872000.92597775,946035.598,,
Elsewhere Rooftop,500,jour_9h,mid,grosses,0.0,1.0,248.24107788750086,-17218.379025000002,25589.229600000002,-10881.450201787498,-123783.02437500005,107462.3444493749,882035.5,844933.98776125,946035.598,,
Elsewhere Rooftop,500,jour_9h,mid,grosses,0.4,0.3,78.02610079499908,-5165.513707500002,3284.520232499999,3106.987773390001,-20728.896915375008,23558.910585750007,882035.5,889212.43686475,946035.598,,
Elsewhere Rooftop,500,jour_9h,mid,grosses,0.4,0.6,156.0522015900003,-10331.027414999997,6569.040464999998,6213.975546780002,-41457.793830750015,47117.821171499905,882035.5,891302.093023,946035.598,,
Elsewhere Rooftop,500,jour_9h,mid,grosses,0.4,1.0,189.44575785000097,-17218.379025000002,10948.400775000002,10356.625911300005,-69096.32305124999,78529.7019524999,882035.5,883088.73360375,946035.598,,
Elsewhere Rooftop,500,jour_9h,mid,toutes,0.0,0.3,95.664696806249,-5165.513707500002,7676.76888,-4022.1264136084487,-38213.403582097526,31628.826025889855,882035.5,883097.4738517051,946035.598,,
Elsewhere Rooftop,500,jour_9h,mid,toutes,0.0,0.6,191.32939361250024,-10331.027414999997,15353.53776,-8044.252827216898,-76426.80716419505,63257.65205177983,882035.5,869683.47719387,946035.598,,
Elsewhere Rooftop,500,jour_9h,mid,toutes,0.0,1.0,248.24107788750086,-17218.379025000002,25589.229600000002,-13407.088045361497,-127378.01194032497,105429.42008629971,882035.5,841794.0978180501,946035.598,,
Elsewhere Rooftop,500,jour_9h,mid,toutes,0.4,0.3,78.02610079499908,-5165.513707500002,3284.520232499999,4251.241481784001,-20176.059212677552,24579.04414707747,882035.5,890152.243123255,946035.598,,
Elsewhere Rooftop,500,jour_9h,mid,toutes,0.4,0.6,156.0522015900003,-10331.027414999997,6569.040464999998,8502.482963568002,-40352.11842535499,49158.08829415494,882035.5,893293.86480778,946035.598,,
Elsewhere Rooftop,500,jour_9h,mid,toutes,0.4,1.0,189.44575785000097,-17218.379025000002,10948.400775000002,14170.804939280004,-67253.53070892498,81930.14715692506,882035.5,887991.57542985,946035.598,,
Elsewhere Rooftop,500,veille_12h,quart_spread,grosses,0.0,0.3,-595.8319730512496,-8502.1239375,7894.102319999998,-32432.004217383743,-84312.52514648442,19276.31381329688,882035.5,848299.1304860312,946035.598,,
Elsewhere Rooftop,500,veille_12h,quart_spread,grosses,0.0,0.6,-1191.6639461025,-17004.247875,15788.20464,-64864.008434767486,-168625.05029296872,38552.62762659376,882035.5,788885.0801224376,946035.598,,
Elsewhere Rooftop,500,veille_12h,quart_spread,grosses,0.0,1.0,-2405.6406032624996,-29440.100624999992,26313.6744,-108106.68072461248,-281041.7504882812,64254.37937765627,882035.5,698556.2988271875,946035.598,,
Elsewhere Rooftop,500,veille_12h,quart_spread,grosses,0.4,0.3,-728.2572534421871,-8502.1239375,3065.9991299999965,-31134.074044829056,-72819.40923407816,7342.205343468752,882035.5,849458.0866876562,946035.598,,
Elsewhere Rooftop,500,veille_12h,quart_spread,grosses,0.4,0.6,-1456.514506884375,-17004.247875,6131.99826,-62268.14808965811,-145638.8184681562,14684.410686937394,882035.5,802234.0935271875,946035.598,,
Elsewhere Rooftop,500,veille_12h,quart_spread,grosses,0.4,1.0,-2847.0582045656242,-29440.100624999992,10219.9971,-103780.24681609686,-242731.3641135937,24474.01781156232,882035.5,723360.2780565625,946035.598,,
Elsewhere Rooftop,500,veille_12h,quart_spread,toutes,0.0,0.3,-595.8319730512496,-8502.1239375,7894.102319999998,-42227.43992290813,-96324.606605805,11086.265388644964,882035.5,835851.436647575,946035.598,,
Elsewhere Rooftop,500,veille_12h,quart_spread,toutes,0.0,0.6,-1191.6639461025,-17004.247875,15788.20464,-84454.87984581628,-192649.2132116099,22172.530777289812,882035.5,770801.0674242326,946035.598,,
Elsewhere Rooftop,500,veille_12h,quart_spread,toutes,0.0,1.0,-2457.1308674124994,-29440.100624999992,26313.6744,-140758.13307636048,-321082.0220193499,36954.21796214976,882035.5,663011.303804225,946035.598,,
Elsewhere Rooftop,500,veille_12h,quart_spread,toutes,0.4,0.3,-728.2572534421871,-8502.1239375,3065.9991299999965,-40519.72427307086,-79470.73560221061,-2800.4700909900657,882035.5,839270.908564005,946035.598,,
Elsewhere Rooftop,500,veille_12h,quart_spread,toutes,0.4,0.6,-1456.514506884375,-17004.247875,6131.99826,-81039.44854614172,-158941.47120442122,-5600.940181980018,882035.5,784129.6986992676,946035.598,,
Elsewhere Rooftop,500,veille_12h,quart_spread,toutes,0.4,1.0,-2898.548468715624,-29440.100624999992,10219.9971,-135065.74757690285,-264902.45200736873,-9334.900303299992,882035.5,701845.0763834,946035.598,,
Elsewhere Rooftop,500,jour_9h,quart_spread,grosses,0.0,0.3,-47.613587568749395,-5187.507457499996,7333.3760624999995,-8595.357163661245,-43118.689251375,26587.50934387505,882035.5,877801.729557375,946035.598,,
Elsewhere Rooftop,500,jour_9h,quart_spread,grosses,0.0,0.6,-95.22717513750091,-10375.014914999992,14666.752124999999,-17190.714327322483,-86237.37850275,53175.01868774998,882035.5,862838.53348175,946035.598,,
Elsewhere Rooftop,500,jour_9h,quart_spread,grosses,0.0,1.0,-231.11270336249905,-17291.691524999995,24444.586875,-28651.19054553748,-143728.96417125003,88625.03114625001,882035.5,827169.6687325,946035.598,,
Elsewhere Rooftop,500,jour_9h,quart_spread,grosses,0.4,0.3,32.40006642000064,-5187.507457499996,3152.5577324999977,1127.352329640006,-22754.24856787494,21676.637954249953,882035.5,886866.478946125,946035.598,,
Elsewhere Rooftop,500,jour_9h,quart_spread,grosses,0.4,0.6,64.8001328399995,-10375.014914999992,6305.115464999995,2254.704659280012,-45508.49713574999,43353.275908500014,882035.5,886251.3705982501,946035.598,,
Elsewhere Rooftop,500,jour_9h,quart_spread,grosses,0.4,1.0,35.59947660000111,-17291.691524999995,10508.525775000002,3757.841098800019,-75847.49522624999,72255.45984750002,882035.5,876607.3066212501,946035.598,,
Elsewhere Rooftop,500,jour_9h,quart_spread,toutes,0.0,0.3,-47.613587568749395,-5187.507457499996,7333.3760624999995,-11054.45524173344,-45259.17455127752,24028.144313422432,882035.5,875978.4443773,946035.598,,
Elsewhere Rooftop,500,jour_9h,quart_spread,toutes,0.0,0.6,-95.22717513750091,-10375.014914999992,14666.752124999999,-22108.910483466883,-90518.34910255494,48056.28862684498,882035.5,855979.9156403801,946035.598,,
Elsewhere Rooftop,500,jour_9h,quart_spread,toutes,0.0,1.0,-231.11270336249905,-17291.691524999995,24444.586875,-36848.18413911146,-150863.91517092497,80093.81437807485,882035.5,816517.37763395,946035.598,,
Elsewhere Rooftop,500,jour_9h,quart_spread,toutes,0.4,0.3,32.40006642000064,-5187.507457499996,3152.5577324999977,1635.6820775340086,-22948.78779657,21735.94173421498,882035.5,887028.568836865,946035.598,,
Elsewhere Rooftop,500,jour_9h,quart_spread,toutes,0.4,0.6,64.8001328399995,-10375.014914999992,6305.115464999995,3271.3641550680177,-45897.57559314,43471.88346842996,882035.5,887373.69573069,946035.598,,
Elsewhere Rooftop,500,jour_9h,quart_spread,toutes,0.4,1.0,35.59947660000111,-17291.691524999995,10508.525775000002,5452.273591780027,-76495.95932189997,72453.13911404992,882035.5,877242.0600159001,946035.598,,
Elsewhere Rooftop,500,veille_12h,demi_spread,grosses,0.0,0.3,-1213.28451055125,-9447.855187499998,7366.25232,-57381.96714550875,-112920.7332550782,-2441.0778449063087,882035.5,819959.2666743125,946035.598,,
Elsewhere Rooftop,500,veille_12h,demi_spread,grosses,0.0,0.6,-2427.8383871024994,-18895.710374999995,14732.50464,-114763.9342910175,-225841.4665101563,-4882.155689812504,882035.5,731472.843180125,946035.598,,
Elsewhere Rooftop,500,veille_12h,demi_spread,grosses,0.0,1.0,-5060.848442765624,-33692.22562499999,24554.1744,-191273.22381836252,-376402.4441835938,-8136.926149687509,882035.5,602354.20385875,946035.598,,
Elsewhere Rooftop,500,veille_12h,demi_spread,grosses,0.4,0.3,-1130.7428784421872,-9447.855187499998,2890.0491299999994,-48270.31741045406,-93905.8939531406,-5870.758806843736,882035.5,829019.9244375313,946035.598,,
Elsewhere Rooftop,500,veille_12h,demi_spread,grosses,0.4,0.6,-2262.7551228843745,-18895.710374999995,5780.098259999999,-96540.63482090812,-187811.7879062812,-11741.517613687476,882035.5,761240.7878652499,946035.598,,
Elsewhere Rooftop,500,veille_12h,demi_spread,grosses,0.4,1.0,-4780.94730871875,-33692.22562499999,9633.4971,-160901.05803484685,-313019.6465104687,-19569.19602281246,882035.5,653187.4184590625,946035.598,,
Elsewhere Rooftop,500,veille_12h,demi_spread,toutes,0.0,0.3,-1213.28451055125,-9447.855187499998,7366.25232,-75134.91245103315,-130873.5546700163,-18191.449830309437,882035.5,799757.1329574288,946035.598,,
Elsewhere Rooftop,500,veille_12h,demi_spread,toutes,0.0,0.6,-2427.8383871024994,-18895.710374999995,14732.50464,-150269.8249020663,-261747.10934003248,-36382.899660618874,882035.5,694960.2872041076,946035.598,,
Elsewhere Rooftop,500,veille_12h,demi_spread,toutes,0.0,1.0,-5141.099444979624,-33692.22562499999,24554.1744,-250449.7081701105,-436245.18223338755,-60638.16610103149,882035.5,543333.0878605626,946035.598,,
Elsewhere Rooftop,500,veille_12h,demi_spread,toutes,0.4,0.3,-1130.7428784421872,-9447.855187499998,2890.0491299999994,-63092.13351019586,-105754.51828169439,-20772.72613905561,882035.5,813559.0538815262,946035.598,,
Elsewhere Rooftop,500,veille_12h,demi_spread,toutes,0.4,0.6,-2262.7551228843745,-18895.710374999995,5780.098259999999,-126184.26702039171,-211509.03656338877,-41545.452278111334,882035.5,731704.3066022025,946035.598,,
Elsewhere Rooftop,500,veille_12h,demi_spread,toutes,0.4,1.0,-4847.291387018749,-33692.22562499999,9633.4971,-210307.1117006529,-352515.0609389813,-69242.42046351885,882035.5,610531.419983225,946035.598,,
Elsewhere Rooftop,500,jour_9h,demi_spread,grosses,0.0,0.3,-190.89187194374972,-5209.501207499998,7267.394812499999,-13926.279266786245,-48013.099198875,21224.579516437512,882035.5,872647.5620415,946035.598,,
Elsewhere Rooftop,500,jour_9h,demi_spread,grosses,0.0,0.6,-381.7837438874992,-10419.002414999995,14534.789624999998,-27852.55853357249,-96026.19839775,42449.159032874915,882035.5,852158.3664655,946035.598,,
Elsewhere Rooftop,500,jour_9h,demi_spread,grosses,0.0,1.0,-710.4664846124991,-17365.004024999995,24224.649375,-46420.93088928748,-160043.66399624993,70748.59838812493,882035.5,809589.11581875,946035.598,,
Elsewhere Rooftop,500,jour_9h,demi_spread,grosses,0.4,0.3,-13.225967954999563,-5209.501207499998,3020.5952325000035,-852.2831141099982,-24988.985778937476,19887.328945124977,882035.5,884014.85444275,946035.598,,
Elsewhere Rooftop,500,jour_9h,demi_spread,grosses,0.4,0.6,-26.45193590999951,-10419.002414999995,6041.190465,-1704.5662282199967,-49977.97155787495,39774.657890249946,882035.5,881942.14502225,946035.598,,
Elsewhere Rooftop,500,jour_9h,demi_spread,grosses,0.4,1.0,-118.24680464999905,-17365.004024999995,10068.650775000002,-2840.9437136999964,-83296.61926312496,66291.09648375004,882035.5,868530.5139837499,946035.598,,
Elsewhere Rooftop,500,jour_9h,demi_spread,toutes,0.0,0.3,-190.89187194374972,-5209.501207499998,7267.394812499999,-18086.784069858444,-52466.48957223004,17226.756450937475,882035.5,869313.07059247,946035.598,,
Elsewhere Rooftop,500,jour_9h,demi_spread,toutes,0.0,0.6,-381.7837438874992,-10419.002414999995,14534.789624999998,-36173.568139716896,-104932.97914445997,34453.51290187494,882035.5,842455.83895614,946035.598,,
Elsewhere Rooftop,500,jour_9h,demi_spread,toutes,0.0,1.0,-710.4664846124991,-17365.004024999995,24224.649375,-60289.28023286149,-174888.29857410007,57422.521503125026,882035.5,795033.3552488501,946035.598,,
Elsewhere Rooftop,500,jour_9h,demi_spread,toutes,0.4,0.3,-13.225967954999563,-5209.501207499998,3020.5952325000035,-979.8773267159985,-25898.229441712527,19256.019782752457,882035.5,883431.3623383449,946035.598,,
Elsewhere Rooftop,500,jour_9h,demi_spread,toutes,0.4,0.6,-26.45193590999951,-10419.002414999995,6041.190465,-1959.7546534319958,-51796.45888342494,38512.03956550502,882035.5,880832.0898787,946035.598,,
Elsewhere Rooftop,500,jour_9h,demi_spread,toutes,0.4,1.0,-118.24680464999905,-17365.004024999995,10068.650775000002,-3266.257755719995,-86327.43147237497,64186.73260917497,882035.5,866307.6528497,946035.598,,
Elsewhere Rooftop,500,veille_12h,mid,grosses,0.4,0.6,-651.5432568843746,-15112.785375,9461.038241249997,-27995.661358408117,-104159.6038245938,44371.41333271866,882035.5,841725.332550375,946035.598,0.6,0.5
Elsewhere Rooftop,500,veille_12h,mid,grosses,0.4,0.6,-651.5432568843751,-15112.785375,9461.038241249997,-27995.66135840812,-104159.6038245937,44371.41333271866,972253.3,918445.2131053751,1010653.3587999999,0.6,0.3
Elsewhere Rooftop,500,veille_12h,mid,grosses,0.4,0.6,-80.18785866312486,-15112.785375,9461.038241249998,-27995.661358408117,-104159.6038245938,44371.41333271866,656491.0,632698.3131234375,784491.196,0.6,1.0
Elsewhere Rooftop,500,veille_12h,mid,grosses,0.4,0.6,-651.5432568843744,-15112.785375,9461.038241249997,-27995.661358408117,-104159.6038245938,44371.41333271866,882035.5,841725.332550375,946035.598,0.75,0.5
Elsewhere Rooftop,500,veille_12h,mid,grosses,0.4,0.6,-651.5432568843754,-15112.785375,9461.038241249997,-27995.66135840812,-104159.6038245937,44371.41333271866,972253.3,918445.2131053751,1010653.3587999999,0.75,0.3
Elsewhere Rooftop,500,veille_12h,mid,grosses,0.4,0.6,-80.18785866312459,-15112.785375,9461.038241249997,-27995.661358408117,-104159.6038245938,44371.41333271866,656491.0,632698.3131234375,784491.196,0.75,1.0
Elsewhere Rooftop,500,veille_12h,mid,grosses,0.4,0.6,-651.5432568843746,-15112.785375000007,9461.038241249997,-27995.661358408117,-104159.6038245938,44371.41333271866,882035.5,841725.332550375,946035.598,0.9,0.5
Elsewhere Rooftop,500,veille_12h,mid,grosses,0.4,0.6,-651.5432568843742,-15112.785374999992,9461.038241249997,-27995.66135840812,-104159.6038245937,44371.41333271866,972253.3,918445.2131053751,1010653.3587999999,0.9,0.3
Elsewhere Rooftop,500,veille_12h,mid,grosses,0.4,0.6,-80.187858663125,-15112.785375,9461.038241249997,-27995.661358408117,-104159.6038245938,44371.41333271866,656491.0,632698.3131234375,784491.196,0.9,1.0
The Rooftop at Pier 17,3400,veille_12h,mid,grosses,0.0,0.3,-429.37940811824694,-72909.33326999994,81260.85473279998,-66136.84227059265,-548351.2769640743,407536.77605300926,10677430.0,10658518.225373682,11534550.229,,
The Rooftop at Pier 17,3400,veille_12h,mid,grosses,0.0,0.6,-858.7588162365013,-145818.66654,162521.70946559997,-132273.68454118527,-1096702.5539281506,815073.5521060204,10677430.0,10419133.54174564,11534550.229,,
The Rooftop at Pier 17,3400,veille_12h,mid,grosses,0.0,1.0,-4746.929978545504,-243031.11089999997,270869.515776,-220456.14090197545,-1827837.5898802497,1358455.9201767,10677430.0,9943921.804898052,11534550.229,,
The Rooftop at Pier 17,3400,veille_12h,mid,grosses,0.4,0.3,-3443.5116089189964,-72909.33326999994,45643.33927170001,-125660.66914271787,-501574.38504844526,207120.43690663524,10677430.0,10588308.103551852,11534550.229,,
The Rooftop at Pier 17,3400,veille_12h,mid,grosses,0.4,0.6,-6887.023217837998,-145818.66654,91286.67854340002,-251321.33828543575,-1003148.7700968905,414240.8738132705,10677430.0,10375450.75977649,11534550.229,,
The Rooftop at Pier 17,3400,veille_12h,mid,grosses,0.4,1.0,-14794.037314548,-243031.11089999997,152144.464239,-418868.8971423929,-1671914.6168281497,690401.4563554496,10677430.0,9981802.8583801,11534550.229,,
The Rooftop at Pier 17,3400,veille_12h,mid,toutes,0.0,0.3,-429.37940811824694,-72909.33326999994,81260.85473279998,-122344.32830726156,-773500.802324648,548671.2635646448,10677430.0,10612480.389036145,11534550.229,,
The Rooftop at Pier 17,3400,veille_12h,mid,toutes,0.0,0.6,-858.7588162365013,-145818.66654,162521.70946559997,-244688.65661452318,-1547001.6046492942,1097342.5271292897,10677430.0,10203894.64516801,11534550.229,,
The Rooftop at Pier 17,3400,veille_12h,mid,toutes,0.0,1.0,-5354.104450799502,-243031.11089999997,270869.515776,-407814.4276908719,-2578336.0077488245,1828904.2118821482,10677430.0,9460279.025466999,11534550.229,,
The Rooftop at Pier 17,3400,veille_12h,mid,toutes,0.4,0.3,-3443.5116089189964,-72909.33326999994,45643.33927170001,-231640.84007425024,-665779.01156739,151937.94898224002,10677430.0,10497626.789778655,11534550.229,,
The Rooftop at Pier 17,3400,veille_12h,mid,toutes,0.4,0.6,-6887.023217837998,-145818.66654,91286.67854340002,-463281.68014850054,-1331558.02313478,303875.89796448004,10677430.0,10174143.556376321,11534550.229,,
The Rooftop at Pier 17,3400,veille_12h,mid,toutes,0.4,1.0,-15401.211786802001,-243031.11089999997,152144.464239,-772136.1335808344,-2219263.3718913,506459.82994079945,10677430.0,9585540.370330751,11534550.229,,
The Rooftop at Pier 17,3400,jour_9h,mid,grosses,0.0,0.3,-293.9567993099978,-49840.46965079999,74070.8065152,-31653.961740133214,-340694.9754507905,298148.891799959,10677430.0,10733740.79152924,11534550.229,,
The Rooftop at Pier 17,3400,jour_9h,mid,grosses,0.0,0.6,-587.9135986200048,-99680.93930159998,148141.6130304,-63307.9234802664,-681389.9509015791,596297.7835999199,10677430.0,10644839.69001604,11534550.229,,
The Rooftop at Pier 17,3400,jour_9h,mid,grosses,0.0,1.0,-2088.1337677480024,-166134.898836,246902.68838399998,-105513.20580044399,-1135649.9181692998,993829.6393331991,10677430.0,10427651.5130284,11534550.229,,
The Rooftop at Pier 17,3400,jour_9h,mid,grosses,0.4,0.3,255.4885473804003,-49840.46965079999,30022.1692452,29982.599321085014,-194693.1156429301,223562.26400705928,10677430.0,10773042.807745181,11534550.229,,
The Rooftop at Pier 17,3400,jour_9h,mid,grosses,0.4,0.6,510.9770947607984,-99680.93930159998,60044.3384904,59965.19864217,-389386.23128586024,447124.52801412035,10677430.0,10801119.64016812,11534550.229,,
The Rooftop at Pier 17,3400,jour_9h,mid,grosses,0.4,1.0,-256.6492787799949,-166134.898836,100073.89748399996,99941.99773695,-648977.0521430991,745207.5466901987,10677430.0,10776064.9795774,11534550.229,,
The Rooftop at Pier 17,3400,jour_9h,mid,toutes,0.0,0.3,-293.9567993099978,-49840.46965079999,74070.8065152,-63462.6362069118,-465851.04102270014,358996.4107273807,10677430.0,10708110.191699259,11534550.229,,
The Rooftop at Pier 17,3400,jour_9h,mid,toutes,0.0,0.6,-587.9135986200048,-99680.93930159998,148141.6130304,-126925.27241382361,-931702.0820454003,717992.8214547596,10677430.0,10585395.13054864,11534550.229,,
The Rooftop at Pier 17,3400,jour_9h,mid,toutes,0.0,1.0,-2088.1337677480024,-166134.898836,246902.68838399998,-211542.12068970603,-1552836.803409,1196654.7024245993,10677430.0,10230347.7415876,11534550.229,,
The Rooftop at Pier 17,3400,jour_9h,mid,toutes,0.4,0.3,255.4885473804003,-49840.46965079999,30022.1692452,52518.71825975701,-215449.9510276794,294086.7233726402,10677430.0,10815168.708664421,11534550.229,,
The Rooftop at Pier 17,3400,jour_9h,mid,toutes,0.4,0.6,510.9770947607984,-99680.93930159998,60044.3384904,105037.436519514,-430899.9020553606,588173.4467452804,10677430.0,10841865.346208679,11534550.229,,
The Rooftop at Pier 17,3400,jour_9h,mid,toutes,0.4,1.0,-256.6492787799949,-166134.898836,100073.89748399996,175062.39419919002,-718166.5034255998,980289.0779088002,10677430.0,10789553.9312866,11534550.229,,
The Rooftop at Pier 17,3400,veille_12h,quart_spread,grosses,0.0,0.3,-6312.292750118243,-82628.85172319994,76167.79073280003,-303880.5392630925,-800818.3980802353,182090.09799546667,10677430.0,10399689.642731544,11534550.229,,
The Rooftop at Pier 17,3400,veille_12h,quart_spread,grosses,0.0,0.6,-12624.5855002365,-165257.7034464,152335.5814656,-607761.0785261851,-1601636.7961604707,364180.1959909352,10677430.0,9880173.43799659,11534550.229,,
The Rooftop at Pier 17,3400,veille_12h,quart_spread,grosses,0.0,1.0,-26942.457225862483,-284058.57090000005,253892.63577599998,-1012935.1308769753,-2669394.6602674494,606966.9933182241,10677430.0,9057268.09321735,11534550.229,,
The Rooftop at Pier 17,3400,veille_12h,quart_spread,grosses,0.4,0.3,-7423.210597418997,-82628.85172319994,29370.681475199992,-288993.53393471777,-682684.2051000067,63943.83869777983,10677430.0,10397325.158767374,11534550.229,,
The Rooftop at Pier 17,3400,veille_12h,quart_spread,grosses,0.4,0.6,-14846.421194837996,-165257.7034464,58741.362950399984,-577987.0678694355,-1365368.4102000152,127887.67739555966,10677430.0,9992047.45192534,11534550.229,,
The Rooftop at Pier 17,3400,veille_12h,quart_spread,grosses,0.4,1.0,-30645.516716864993,-284058.57090000005,97902.27158400003,-963311.7797823928,-2275614.017000026,213146.12899259944,10677430.0,9329706.7643275,11534550.229,,
The Rooftop at Pier 17,3400,veille_12h,quart_spread,toutes,0.0,0.3,-6312.292750118243,-82628.85172319994,76167.79073280003,-551926.1326667614,-1211519.4847164229,111296.8505857044,10677430.0,10135523.596217562,11534550.229,,
The Rooftop at Pier 17,3400,veille_12h,quart_spread,toutes,0.0,0.6,-12624.5855002365,-165257.7034464,152335.5814656,-1103852.2653335228,-2423038.969432844,222593.70117140873,10677430.0,9293721.44405383,11534550.229,,
The Rooftop at Pier 17,3400,veille_12h,quart_spread,toutes,0.0,1.0,-29170.672689672487,-284058.57090000005,253892.63577599998,-1839753.7755558714,-4038398.282388074,370989.5019523485,10677430.0,7984461.689807651,11534550.229,,
The Rooftop at Pier 17,3400,veille_12h,quart_spread,toutes,0.4,0.3,-7423.210597418997,-82628.85172319994,29370.681475199992,-526457.6244617502,-991837.5402255069,-108303.0828421512,10677430.0,10153086.29034202,11534550.229,,
The Rooftop at Pier 17,3400,veille_12h,quart_spread,toutes,0.4,0.6,-14846.421194837996,-165257.7034464,58741.362950399984,-1052915.2489235003,-1983675.0804510138,-216606.1656843006,10677430.0,9510716.141906442,11534550.229,,
The Rooftop at Pier 17,3400,veille_12h,quart_spread,toutes,0.4,1.0,-31724.95295721499,-284058.57090000005,97902.27158400003,-1754858.7482058338,-3306125.1340850247,-361010.27614050155,10677430.0,8462116.28863015,11534550.229,,
The Rooftop at Pier 17,3400,jour_9h,quart_spread,grosses,0.0,0.3,-1588.3377938099948,-50052.6806508,70757.51373,-82857.18676963312,-393179.50715508085,248092.01149347008,10677430.0,10677328.80930676,11534550.229,,
The Rooftop at Pier 17,3400,jour_9h,quart_spread,grosses,0.0,0.6,-3176.6755876200027,-100105.3613016,141515.02746,-165714.37353926623,-786359.0143101598,496184.02298694017,10677430.0,10543204.45151428,11534550.229,,
The Rooftop at Pier 17,3400,jour_9h,quart_spread,grosses,0.0,1.0,-6424.665552747986,-166842.268836,235858.37910000002,-276190.62256544374,-1310598.3571835998,826973.3716449009,10677430.0,10252918.6450216,11534550.229,,
The Rooftop at Pier 17,3400,jour_9h,quart_spread,grosses,0.4,0.3,-202.88721261959685,-50052.6806508,28552.73539679998,10888.384068585046,-210869.51028561027,202270.6293148803,10677430.0,10748475.24779542,11534550.229,,
The Rooftop at Pier 17,3400,jour_9h,quart_spread,grosses,0.4,0.6,-405.7744252392079,-100105.3613016,57105.47079359996,21776.768137170126,-421739.0205712206,404541.25862976065,10677430.0,10754495.547953561,11534550.229,,
The Rooftop at Pier 17,3400,jour_9h,quart_spread,grosses,0.4,1.0,-1806.4969487799895,-166842.268836,95175.78465599997,36294.61356195021,-702898.3676187004,674235.4310495992,10677430.0,10696293.5631166,11534550.229,,
The Rooftop at Pier 17,3400,jour_9h,quart_spread,toutes,0.0,0.3,-1588.3377938099948,-50052.6806508,70757.51373,-155621.73539241162,-558820.0625886898,262222.65814238985,10677430.0,10612233.182673821,11534550.229,,
The Rooftop at Pier 17,3400,jour_9h,quart_spread,toutes,0.0,0.6,-3176.6755876200027,-100105.3613016,141515.02746,-311243.4707848233,-1117640.1251773797,524445.3162847778,10677430.0,10406475.690367362,11534550.229,,
The Rooftop at Pier 17,3400,jour_9h,quart_spread,toutes,0.0,1.0,-6424.665552747986,-166842.268836,235858.37910000002,-518739.11797470547,-1862733.5419623002,874075.5271412976,10677430.0,9914794.4268712,11534550.229,,
The Rooftop at Pier 17,3400,jour_9h,quart_spread,toutes,0.4,0.3,-202.88721261959685,-50052.6806508,28552.73539679998,18071.779895757096,-250832.8778388305,258829.61434128036,10677430.0,10765723.565470781,11534550.229,,
The Rooftop at Pier 17,3400,jour_9h,quart_spread,toutes,0.4,0.6,-405.7744252392079,-100105.3613016,57105.47079359996,36143.55979151421,-501665.7556776592,517659.22868256073,10677430.0,10756407.8887948,11534550.229,,
The Rooftop at Pier 17,3400,jour_9h,quart_spread,toutes,0.4,1.0,-1806.4969487799895,-166842.268836,95175.78465599997,60239.266319190334,-836109.5927961004,862765.3811375999,10677430.0,10657149.136204,11534550.229,,
The Rooftop at Pier 17,3400,veille_12h,demi_spread,grosses,0.0,0.3,-12195.206092118246,-91541.71372320002,71074.72673280002,-541624.2362555927,-1059776.1146527207,-37675.007742127105,10677430.0,10135983.801590065,11534550.229,,
The Rooftop at Pier 17,3400,veille_12h,demi_spread,grosses,0.0,0.6,-24687.227795125702,-183083.42744639993,142149.45346560003,-1083248.472511185,-2119552.2293054396,-75350.01548425607,10677430.0,9350467.86656809,11534550.229,,
The Rooftop at Pier 17,3400,veille_12h,demi_spread,grosses,0.0,1.0,-53068.110855698986,-325086.0309,236915.75577599998,-1805414.1208519754,-3532587.048842401,-125583.35914042553,10677430.0,8169403.65411835,11534550.229,,
The Rooftop at Pier 17,3400,veille_12h,demi_spread,grosses,0.4,0.3,-11402.909585918998,-91541.71372320002,27885.20447519998,-452326.3987267178,-884053.3546595029,-52532.49510398343,10677430.0,10212034.818268524,11534550.229,,
The Rooftop at Pier 17,3400,veille_12h,demi_spread,grosses,0.4,0.6,-23102.634782727197,-183083.42744639993,55770.408950400015,-904652.7974534356,-1768106.7093190055,-105064.9902079651,10677430.0,9622312.72956541,11534550.229,,
The Rooftop at Pier 17,3400,veille_12h,demi_spread,grosses,0.4,1.0,-50243.5088083335,-325086.0309,92950.681584,-1507754.6624223928,-2946844.515531676,-175108.31701327514,10677430.0,8669459.45123815,11534550.229,,
The Rooftop at Pier 17,3400,veille_12h,demi_spread,toutes,0.0,0.3,-12195.206092118246,-91541.71372320002,71074.72673280002,-981507.9370262616,-1665994.4998915277,-282685.67678708973,10677430.0,9645201.05962795,11534550.229,,
The Rooftop at Pier 17,3400,veille_12h,demi_spread,toutes,0.0,0.6,-24687.227795125702,-183083.42744639993,142149.45346560003,-1963015.8740525232,-3331988.9997830535,-565371.3535741813,10677430.0,8335341.578704151,11534550.229,,
The Rooftop at Pier 17,3400,veille_12h,demi_spread,toutes,0.0,1.0,-57877.26491060099,-330554.53324,236915.75577599998,-3271693.123420872,-5553314.999638423,-942285.589290301,10677430.0,6358362.798320199,11534550.229,,
The Rooftop at Pier 17,3400,veille_12h,demi_spread,toutes,0.4,0.3,-11402.909585918998,-91541.71372320002,27885.20447519998,-821274.4088492503,-1326737.9839715783,-346509.0852118432,10677430.0,9816909.783301286,11534550.229,,
The Rooftop at Pier 17,3400,veille_12h,demi_spread,toutes,0.4,0.6,-23102.634782727197,-183083.42744639993,55770.408950400015,-1642548.8176985004,-2653475.9679431547,-693018.1704236845,10677430.0,8811049.50943405,11534550.229,,
The Rooftop at Pier 17,3400,veille_12h,demi_spread,toutes,0.4,1.0,-52521.03770877349,-325086.0309,92950.681584,-2737581.3628308345,-4422459.946571925,-1155030.284039476,10677430.0,7294893.48348055,11534550.229,,
The Rooftop at Pier 17,3400,jour_9h,demi_spread,grosses,0.0,0.3,-2882.7187883100073,-52410.76928280003,70120.88072999998,-134060.41179913314,-448203.8416485592,197152.49470733939,10677430.0,10621615.3592035,11534550.229,,
The Rooftop at Pier 17,3400,jour_9h,demi_spread,grosses,0.0,0.6,-5765.437576619998,-104821.53856559994,140241.76146,-268120.82359826635,-896407.6832971203,394304.98941468063,10677430.0,10439039.2221526,11534550.229,,
The Rooftop at Pier 17,3400,jour_9h,demi_spread,grosses,0.0,1.0,-10761.197337747986,-174702.56427600002,233736.26910000003,-446868.0393304439,-1494012.8054952004,657174.9823577999,10677430.0,10072648.852487199,11534550.229,,
The Rooftop at Pier 17,3400,jour_9h,demi_spread,grosses,0.4,0.3,-661.2629726196083,-52410.76928280003,27916.10239679995,-8205.831183914986,-231102.29697218986,182257.9457553904,10677430.0,10723848.161245419,11534550.229,,
The Rooftop at Pier 17,3400,jour_9h,demi_spread,grosses,0.4,0.6,-1322.5259452392042,-104821.53856559994,55832.204793600016,-16411.66236782996,-462204.5939443797,364515.8915107807,10677430.0,10705714.29131128,11534550.229,,
The Rooftop at Pier 17,3400,jour_9h,demi_spread,grosses,0.4,1.0,-3356.344618779987,-174702.56427600002,93053.67465599999,-27352.770613049946,-770340.9899073001,607526.4858513001,10677430.0,10624318.382668601,11534550.229,,
The Rooftop at Pier 17,3400,jour_9h,demi_spread,toutes,0.0,0.3,-2882.7187883100073,-52410.76928280003,70120.88072999998,-247780.83457791177,-648519.1863968696,167948.31398273958,10677430.0,10515488.77108906,11534550.229,,
The Rooftop at Pier 17,3400,jour_9h,demi_spread,toutes,0.0,0.6,-5765.437576619998,-104821.53856559994,140241.76146,-495561.6691558236,-1297038.3727937392,335896.62796547916,10677430.0,10219388.64492328,11534550.229,,
The Rooftop at Pier 17,3400,jour_9h,demi_spread,toutes,0.0,1.0,-10761.197337747986,-174702.56427600002,233736.26910000003,-825936.1152597059,-2161730.6213229,559827.7132757986,10677430.0,9595428.430297,11534550.229,,
The Rooftop at Pier 17,3400,jour_9h,demi_spread,toutes,0.4,0.3,-661.2629726196083,-52410.76928280003,27916.10239679995,-16375.158468242988,-289200.93858900014,225314.85311486918,10677430.0,10719624.86383528,11534550.229,,
The Rooftop at Pier 17,3400,jour_9h,demi_spread,toutes,0.4,0.6,-1322.5259452392042,-104821.53856559994,55832.204793600016,-32750.31693648595,-578401.8771780003,450629.7062297402,10677430.0,10670346.16197316,11534550.229,,
The Rooftop at Pier 17,3400,jour_9h,demi_spread,toutes,0.4,1.0,-3356.344618779987,-174702.56427600002,93053.67465599999,-54583.861560809935,-964003.1286299994,751049.5103829002,10677430.0,10494608.525812,11534550.229,,
The Rooftop at Pier 17,3400,veille_12h,mid,grosses,0.4,0.6,-6887.023217838,-145818.66654,91286.67854340002,-251321.33828543575,-1003148.7700968905,414240.8738132705,10677430.0,10375450.75977649,11534550.229,0.6,0.5
The Rooftop at Pier 17,3400,veille_12h,mid,grosses,0.4,0.6,-6887.023217837998,-145818.66654,91286.67854340002,-251321.33828543575,-1003148.7700968905,414240.8738132705,11865811.6,11448435.315028062,12380083.7374,0.6,0.3
The Rooftop at Pier 17,3400,veille_12h,mid,grosses,0.4,0.6,-2444.2475381269014,-145818.66654,91286.67854340002,-251321.33828543575,-1003148.7700968896,414240.8738132705,7706476.0,7528232.2071037,9420716.458,0.6,1.0
The Rooftop at Pier 17,3400,veille_12h,mid,grosses,0.4,0.6,-6887.023217837998,-145818.66654,91286.67854340002,-251321.33828543575,-1003148.7700968905,414240.8738132705,10677430.0,10375450.75977649,11534550.229,0.75,0.5
The Rooftop at Pier 17,3400,veille_12h,mid,grosses,0.4,0.6,-6887.0232178379965,-145818.66654,91286.67854340002,-251321.33828543575,-1003148.7700968905,414240.8738132705,11865811.6,11448435.315028062,12380083.7374,0.75,0.3
The Rooftop at Pier 17,3400,veille_12h,mid,grosses,0.4,0.6,-2444.2475381269005,-145818.66654,91286.67854340002,-251321.33828543575,-1003148.7700968896,414240.8738132705,7706476.0,7528232.2071037,9420716.458,0.75,1.0
The Rooftop at Pier 17,3400,veille_12h,mid,grosses,0.4,0.6,-6887.0232178379965,-145818.66654,91286.67854340002,-251321.33828543575,-1003148.7700968905,414240.8738132705,10677430.0,10375450.75977649,11534550.229,0.9,0.5
The Rooftop at Pier 17,3400,veille_12h,mid,grosses,0.4,0.6,-6887.023217838,-145818.66654,91286.67854340002,-251321.33828543575,-1003148.7700968905,414240.8738132705,11865811.6,11448435.315028062,12380083.7374,0.9,0.3
The Rooftop at Pier 17,3400,veille_12h,mid,grosses,0.4,0.6,-2444.2475381268932,-145818.66654,91286.67854340002,-251321.33828543575,-1003148.7700968896,414240.8738132705,7706476.0,7528232.2071037,9420716.458,0.9,1.0
Berry Park,300,veille_12h,mid,grosses,0.0,0.3,155.22484739129993,-5195.036077500001,5725.774402499999,5123.659191027449,-24222.820868816212,34797.29741220558,909111.5,916675.2089611775,954816.74625,,
Berry Park,300,veille_12h,mid,grosses,0.0,0.6,310.4496947825997,-10390.072155000002,11451.548804999999,10247.318382054897,-48445.64173763254,69594.59482441116,909111.5,911182.7653853775,954816.74625,,
Berry Park,300,veille_12h,mid,grosses,0.0,1.0,463.20099461150005,-17316.786925,19085.914675,17078.8639700915,-80742.73622938749,115990.99137401873,909111.5,893721.969030775,954816.74625,,
Berry Park,300,veille_12h,mid,grosses,0.4,0.3,-177.22757238217488,-5195.036077500001,2797.508102400003,-4713.791562964351,-26044.197690007495,15961.308674510576,909111.5,906739.37850363,954816.74625,,
Berry Park,300,veille_12h,mid,grosses,0.4,0.6,-354.4551447643503,-10390.072155000002,5595.016204799998,-9427.5831259287,-52088.39538001499,31922.617349021268,909111.5,899066.9018075275,954816.74625,,
Berry Park,300,veille_12h,mid,grosses,0.4,1.0,-644.9737379667497,-17316.786925,9325.027007999997,-15712.638543214502,-86813.99230002498,53204.3622483687,909111.5,878601.0555351375,954816.74625,,
Berry Park,300,veille_12h,mid,toutes,0.0,0.3,155.22484739129993,-5195.036077500001,5725.774402499999,9329.572604995237,-23641.469965027543,42549.3318728962,909111.5,921720.5093549376,954816.74625,,
Berry Park,300,veille_12h,mid,toutes,0.0,0.6,310.4496947825997,-10390.072155000002,11451.548804999999,18659.145209990475,-47282.93993005497,85098.6637457924,909111.5,920210.0025713149,954816.74625,,
Berry Park,300,veille_12h,mid,toutes,0.0,1.0,463.20099461150005,-17316.786925,19085.914675,31098.575349984123,-78804.89988342492,141831.10624298747,909111.5,904548.0577115875,954816.74625,,
Berry Park,300,veille_12h,mid,toutes,0.4,0.3,-177.22757238217488,-5195.036077500001,2797.508102400003,-7974.41664345386,-31223.91204167247,13602.26966621619,909111.5,903360.2716301938,954816.74625,,
Berry Park,300,veille_12h,mid,toutes,0.4,0.6,-354.4551447643503,-10390.072155000002,5595.016204799998,-15948.833286907726,-62447.824083344945,27204.539332432494,909111.5,892255.0064309799,954816.74625,,
Berry Park,300,veille_12h,mid,toutes,0.4,1.0,-644.9737379667497,-17316.786925,9325.027007999997,-26581.388811512876,-104079.70680557498,45340.898887387455,909111.5,866411.488747225,954816.74625,,
Berry Park,300,jour_9h,mid,grosses,0.0,0.3,-39.03175446689931,-3790.185339900003,5087.0739225,1436.1571345636496,-20124.993361245048,24028.74248919001,909111.5,911384.230589245,954816.74625,,
Berry Park,300,jour_9h,mid,grosses,0.0,0.6,-78.063508933801,-7580.3706797999985,10174.147845,2872.3142691272983,-40249.986722489986,48057.48497838002,909111.5,907338.46360823,954816.74625,,
Berry Park,300,jour_9h,mid,grosses,0.0,1.0,-153.09823923100112,-12633.951133000002,16956.913075,4787.190448545497,-67083.31120414997,80095.80829730003,909111.5,894412.76991995,954816.74625,,
Berry Park,300,jour_9h,mid,grosses,0.4,0.3,-77.83221891764941,-3790.185339900003,2258.1146601,-243.63707020469988,-16424.082290212467,14155.735569795017,909111.5,912222.47652442,954816.74625,,
Berry Park,300,jour_9h,mid,grosses,0.4,0.6,-155.66443783530073,-7580.3706797999985,4516.2293202,-487.2741404094004,-32848.16458042505,28311.471139590034,909111.5,910635.1597853401,954816.74625,,
Berry Park,300,jour_9h,mid,grosses,0.4,1.0,-282.43312073350035,-12633.951133000002,7527.048866999998,-812.1235673490002,-54746.940967375005,47185.78523265002,909111.5,904828.96434095,954816.74625,,
Berry Park,300,jour_9h,mid,toutes,0.0,0.3,-39.03175446689931,-3790.185339900003,5087.0739225,2614.1948010964516,-21968.842964437474,26590.733695589992,909111.5,914084.2494239301,954816.74625,,
Berry Park,300,jour_9h,mid,toutes,0.0,0.6,-78.063508933801,-7580.3706797999985,10174.147845,5228.3896021928995,-43937.68592887495,53181.46739117987,909111.5,910403.78729387,954816.74625,,
Berry Park,300,jour_9h,mid,toutes,0.0,1.0,-153.09823923100112,-12633.951133000002,16956.913075,8713.982670321502,-73229.47654812502,88635.77898529988,909111.5,896057.27653535,954816.74625,,
Berry Park,300,jour_9h,mid,toutes,0.4,0.3,-77.83221891764941,-3790.185339900003,2258.1146601,-246.58227974999988,-18770.18862267753,16300.14386966251,909111.5,914591.464320685,954816.74625,,
Berry Park,300,jour_9h,mid,toutes,0.4,0.6,-155.66443783530073,-7580.3706797999985,4516.2293202,-493.16455949999937,-37540.37724535495,32600.28773932502,909111.5,913480.0551664401,954816.74625,,
Berry Park,300,jour_9h,mid,toutes,0.4,1.0,-282.43312073350035,-12633.951133000002,7527.048866999998,-821.9409324999982,-62567.295408925,54333.81289887496,909111.5,904273.085448,954816.74625,,
Berry Park,300,veille_12h,quart_spread,grosses,0.0,0.3,-245.46746723370012,-5845.228327500001,5232.432716399999,-11054.628503597547,-41837.26639809559,19059.702388651887,909111.5,900227.1422757987,954816.74625,,
Berry Park,300,veille_12h,quart_spread,grosses,0.0,0.6,-490.9349344673997,-11690.456655000002,10464.865432800005,-22109.257007195094,-83674.53279619118,38119.404777303665,909111.5,877480.6543485525,954816.74625,,
Berry Park,300,veille_12h,quart_spread,grosses,0.0,1.0,-937.1674153359993,-19484.094424999996,17441.442388000003,-36848.761678658484,-139457.55466031874,63532.34129550614,909111.5,836244.6503480126,954816.74625,,
Berry Park,300,veille_12h,quart_spread,grosses,0.4,0.3,-409.2101188821751,-5845.228327500001,2117.4236417249995,-14605.438435714346,-38861.81625124316,7400.559748449415,909111.5,895976.3919953713,954816.74625,,
Berry Park,300,veille_12h,quart_spread,grosses,0.4,0.6,-818.4202377643497,-11690.456655000002,4234.847283449999,-29210.876871428693,-77723.6325024862,14801.119496898715,909111.5,875128.469483315,954816.74625,,
Berry Park,300,veille_12h,quart_spread,grosses,0.4,1.0,-1482.9762541642497,-19484.094424999996,7058.078805749996,-48684.79478571449,-129539.38750414374,24668.532494831197,909111.5,839482.5415408625,954816.74625,,
Berry Park,300,veille_12h,quart_spread,toutes,0.0,0.3,-245.46746723370012,-5845.228327500001,5232.432716399999,-19087.233637504756,-51854.289593231166,14854.112003801274,909111.5,893259.4191638363,954816.74625,,
Berry Park,300,veille_12h,quart_spread,toutes,0.0,0.6,-490.9349344673997,-11690.456655000002,10464.865432800005,-38174.46727500951,-103708.57918646245,29708.22400760243,909111.5,862616.2081899175,954816.74625,,
Berry Park,300,veille_12h,quart_spread,toutes,0.0,1.0,-937.1674153359993,-19484.094424999996,17441.442388000003,-63624.112125015854,-172847.63197743744,49513.706679337505,909111.5,809406.0935376126,954816.74625,,
Berry Park,300,veille_12h,quart_spread,toutes,0.4,0.3,-409.2101188821751,-5845.228327500001,2117.4236417249995,-25380.301328328856,-50336.84991375932,-1389.0087020774545,909111.5,885044.3184321237,954816.74625,,
Berry Park,300,veille_12h,quart_spread,toutes,0.4,0.6,-818.4202377643497,-11690.456655000002,4234.847283449999,-50760.60265665771,-100673.69982751875,-2778.0174041550254,909111.5,852710.5022315751,954816.74625,,
Berry Park,300,veille_12h,quart_spread,toutes,0.4,1.0,-1482.9762541642497,-19484.094424999996,7058.078805749996,-84601.00442776286,-167789.49971253122,-4630.0290069250395,909111.5,800269.5039685876,954816.74625,,
Berry Park,300,jour_9h,quart_spread,grosses,0.0,0.3,-126.98915721689986,-4228.687089899999,5011.470172499998,-1926.4254919363452,-23616.2125930125,20604.877126222465,909111.5,907820.7501500701,954816.74625,,
Berry Park,300,jour_9h,quart_spread,grosses,0.0,0.6,-253.97831443380005,-8457.374179800005,10022.940345000003,-3852.8509838726904,-47232.42518602501,41209.75425244505,909111.5,900773.50803218,954816.74625,,
Berry Park,300,jour_9h,quart_spread,grosses,0.0,1.0,-447.1968267309991,-14095.623633000003,16704.900575,-6421.418306454483,-78720.70864337501,68682.92375407496,909111.5,883768.7099796999,954816.74625,,
Berry Park,300,jour_9h,quart_spread,grosses,0.4,0.3,-114.64368479264982,-4228.687089899999,2034.4787675999978,-1708.4748472046958,-17979.60933586498,12668.262786082529,909111.5,910397.1488066501,954816.74625,,
Berry Park,300,jour_9h,quart_spread,grosses,0.4,0.6,-229.28736958529996,-8457.374179800005,4068.957535200003,-3416.9496944093908,-35959.21867172996,25336.525572164945,909111.5,907283.41521285,954816.74625,,
Berry Park,300,jour_9h,quart_spread,grosses,0.4,1.0,-406.0452519834996,-14095.623633000003,6781.595891999998,-5694.916157348986,-59932.031119549974,42227.54262027491,909111.5,898835.0862288,954816.74625,,
Berry Park,300,jour_9h,quart_spread,toutes,0.0,0.3,-126.98915721689986,-4228.687089899999,5011.470172499998,-3278.34516027854,-27835.265725154946,20756.07739638751,909111.5,908420.0407153451,954816.74625,,
Berry Park,300,jour_9h,quart_spread,toutes,0.0,0.6,-253.97831443380005,-8457.374179800005,10022.940345000003,-6556.690320557084,-55670.53145031,41512.15479277502,909111.5,899104.60024562,954816.74625,,
Berry Park,300,jour_9h,quart_spread,toutes,0.0,1.0,-447.1968267309991,-14095.623633000003,16704.900575,-10927.817200928472,-92784.21908384997,69186.92465462499,909111.5,876157.6868533001,954816.74625,,
Berry Park,300,jour_9h,quart_spread,toutes,0.4,0.3,-114.64368479264982,-4228.687089899999,2034.4787675999978,-2821.8753791249915,-21697.63032272247,14084.491501919987,909111.5,911270.8587694201,954816.74625,,
Berry Park,300,jour_9h,quart_spread,toutes,0.4,0.6,-229.28736958529996,-8457.374179800005,4068.957535200003,-5643.750758249985,-43395.26064544494,28168.983003839974,909111.5,907440.62727528,954816.74625,,
Berry Park,300,jour_9h,quart_spread,toutes,0.4,1.0,-406.0452519834996,-14095.623633000003,6781.595891999998,-9406.251263749975,-72325.43440907498,46948.3050064,909111.5,894580.42992505,954816.74625,,
Berry Park,300,veille_12h,demi_spread,grosses,0.0,0.3,-646.1597818586996,-6495.420577500001,5064.314169600002,-27232.916198222545,-60217.30642180878,4481.202367438171,909111.5,882638.2587253738,954816.74625,,
Berry Park,300,veille_12h,demi_spread,grosses,0.0,0.6,-1292.3195637174001,-12990.841155000002,10128.628339199997,-54465.8323964451,-120434.61284361745,8962.404734876232,909111.5,842280.7499839499,954816.74625,,
Berry Park,300,veille_12h,demi_spread,grosses,0.0,1.0,-2482.4742538738747,-21651.401925000006,16881.047232,-90776.38732740849,-200724.3547393625,14937.341224793681,909111.5,775815.1367424,954816.74625,,
Berry Park,300,veille_12h,demi_spread,grosses,0.4,0.3,-641.1926653821748,-6495.420577500001,1986.9149363999968,-24497.08530846435,-51545.85107582997,41.623455553123904,909111.5,883669.44508874,954816.74625,,
Berry Park,300,veille_12h,demi_spread,grosses,0.4,0.6,-1282.38533076435,-12990.841155000002,3973.829872800001,-48994.1706169287,-103091.70215165993,83.2469111061343,909111.5,851182.494332195,954816.74625,,
Berry Park,300,veille_12h,demi_spread,grosses,0.4,1.0,-2465.9171989521246,-21651.401925000006,6623.049788000004,-81656.9510282145,-171819.50358609995,138.74485184363283,909111.5,797500.512182075,954816.74625,,
Berry Park,300,veille_12h,demi_spread,toutes,0.0,0.3,-646.1597818586996,-6495.420577500001,5064.314169600002,-47504.03988000476,-83414.78451949116,-10922.915894940019,909111.5,862791.9587149012,954816.74625,,
Berry Park,300,veille_12h,demi_spread,toutes,0.0,0.6,-1292.3195637174001,-12990.841155000002,10128.628339199997,-95008.07976000951,-166829.56903898244,-21845.831789880038,909111.5,800586.2519112226,954816.74625,,
Berry Park,300,veille_12h,demi_spread,toutes,0.0,1.0,-2489.0416447488747,-21651.401925000006,16881.047232,-158346.7996000159,-278049.28173163737,-36409.71964980003,909111.5,701934.95544245,954816.74625,,
Berry Park,300,veille_12h,demi_spread,toutes,0.4,0.3,-641.1926653821748,-6495.420577500001,1986.9149363999968,-42786.18601320386,-71144.46979984688,-15492.665223363714,909111.5,865755.5318696112,954816.74625,,
Berry Park,300,veille_12h,demi_spread,toutes,0.4,0.6,-1282.38533076435,-12990.841155000002,3973.829872800001,-85572.37202640771,-142288.93959969375,-30985.33044672754,909111.5,813469.45630231,954816.74625,,
Berry Park,300,veille_12h,demi_spread,toutes,0.4,1.0,-2472.484589827124,-21651.401925000006,6623.049788000004,-142620.62004401287,-237148.2326661562,-51642.21741121253,909111.5,733957.4854053125,954816.74625,,
Berry Park,300,jour_9h,demi_spread,grosses,0.0,0.3,-214.94655996690028,-4667.188839900002,4935.866422500003,-5289.008118436346,-27277.019050027546,17324.619423097523,909111.5,904381.475194055,954816.74625,,
Berry Park,300,jour_9h,demi_spread,grosses,0.0,0.6,-429.89311993380113,-9334.377679799996,9871.732844999999,-10578.016236872696,-54554.038100054975,34649.23884619504,909111.5,893542.8713005601,954816.74625,,
Berry Park,300,jour_9h,demi_spread,grosses,0.0,1.0,-752.5841367925005,-15557.296133000003,16452.888075000003,-17630.027061454493,-90923.39683342497,57748.73141032503,909111.5,870602.3612714,954816.74625,,
Berry Park,300,jour_9h,demi_spread,grosses,0.4,0.3,-151.45515066765034,-4667.188839900002,1989.1165175999995,-3173.3126242046987,-19950.112815045046,11176.586887492518,909111.5,908740.863257215,954816.74625,,
Berry Park,300,jour_9h,demi_spread,grosses,0.4,0.6,-302.91030133530063,-9334.377679799996,3978.233035199999,-6346.6252484093975,-39900.225630089975,22353.17377498504,909111.5,903467.08653017,954816.74625,,
Berry Park,300,jour_9h,demi_spread,grosses,0.4,1.0,-540.9461057950004,-15557.296133000003,6630.388392000001,-10577.708747348997,-66500.37605015001,37255.28962497503,909111.5,892744.3755492,954816.74625,,
Berry Park,300,jour_9h,demi_spread,toutes,0.0,0.3,-214.94655996690028,-4667.188839900002,4935.866422500003,-9170.885121653548,-33874.35458112002,14871.380979127489,909111.5,902510.812229895,954816.74625,,
Berry Park,300,jour_9h,demi_spread,toutes,0.0,0.6,-429.89311993380113,-9334.377679799996,9871.732844999999,-18341.77024330709,-67748.70916224003,29742.761958254978,909111.5,887426.42503384,954816.74625,,
Berry Park,300,jour_9h,demi_spread,toutes,0.0,1.0,-752.5841367925005,-15557.296133000003,16452.888075000003,-30569.61707217849,-112914.5152704,49571.269930425005,909111.5,856102.18576815,954816.74625,,
Berry Park,300,jour_9h,demi_spread,toutes,0.4,0.3,-151.45515066765034,-4667.188839900002,1989.1165175999995,-5397.168478499999,-24581.719616789964,11338.628552407461,909111.5,908136.768045685,954816.74625,,
Berry Park,300,jour_9h,demi_spread,toutes,0.4,0.6,-302.91030133530063,-9334.377679799996,3978.233035199999,-10794.336956999998,-49163.43923358004,22677.257104814922,909111.5,901509.61185412,954816.74625,,
Berry Park,300,jour_9h,demi_spread,toutes,0.4,1.0,-540.9461057950004,-15557.296133000003,6630.388392000001,-17990.561595,-81939.06538930003,37795.42850802491,909111.5,884267.8784891501,954816.74625,,
Berry Park,300,veille_12h,mid,grosses,0.4,0.6,-354.45514476435017,-10390.072155000002,5595.016204799998,-9427.5831259287,-52088.39538001499,31922.617349021268,909111.5,899066.9018075275,954816.74625,0.6,0.5
Berry Park,300,veille_12h,mid,grosses,0.4,0.6,-354.4551447643503,-10390.072155000002,5595.016204799998,-9427.5831259287,-52088.39538001499,31922.617349021268,977374.9,959068.6333210825,1004798.04775,0.6,0.3
Berry Park,300,veille_12h,mid,grosses,0.4,0.6,-1.8893310816501108,-10390.072155000002,6504.483955049996,-9427.5831259287,-52088.39538001499,31922.617349021268,738453.0,733708.75700726,829863.4925,0.6,1.0
Berry Park,300,veille_12h,mid,grosses,0.4,0.6,-354.4551447643503,-10390.072155000002,5595.016204799998,-9427.5831259287,-52088.39538001499,31922.617349021268,909111.5,899066.9018075275,954816.74625,0.75,0.5
Berry Park,300,veille_12h,mid,grosses,0.4,0.6,-354.4551447643503,-10390.072155000002,5595.016204799998,-9427.5831259287,-52088.39538001499,31922.617349021268,977374.9,959068.6333210825,1004798.04775,0.75,0.3
Berry Park,300,veille_12h,mid,grosses,0.4,0.6,-1.889331081650409,-10390.072155000002,6504.483955049996,-9427.5831259287,-52088.39538001499,31922.617349021268,738453.0,733708.75700726,829863.4925,0.75,1.0
Berry Park,300,veille_12h,mid,grosses,0.4,0.6,-354.45514476435017,-10390.072155000002,5595.016204799998,-9427.5831259287,-52088.39538001499,31922.617349021268,909111.5,899066.9018075275,954816.74625,0.9,0.5
Berry Park,300,veille_12h,mid,grosses,0.4,0.6,-354.4551447643502,-10390.072155000002,5595.016204799998,-9427.5831259287,-52088.39538001499,31922.617349021268,977374.9,959068.6333210825,1004798.04775,0.9,0.3
Berry Park,300,veille_12h,mid,grosses,0.4,0.6,-1.8893310816501907,-10390.072155000002,6504.483955049996,-9427.5831259287,-52088.39538001499,31922.617349021268,738453.0,733708.75700726,829863.4925,0.9,1.0
Time Out Market rooftop,350,veille_12h,mid,grosses,0.0,0.3,571.3292776968002,-9366.834802500001,9746.066609999994,16107.058441033087,-37330.948122378686,73978.38509744803,2019335.0,2041667.2916343124,2122305.44075,,
Time Out Market rooftop,350,veille_12h,mid,grosses,0.0,0.6,1142.6585553936,-18733.669605000003,19492.133220000003,32214.11688206617,-74661.89624475758,147956.77019489606,2019335.0,2042745.4459248425,2122305.44075,,
Time Out Market rooftop,350,veille_12h,mid,grosses,0.0,1.0,1851.9747452269999,-31222.782674999995,32486.88870000001,53690.194803443635,-124436.49374126249,246594.61699149373,2019335.0,2026090.8470991126,2122305.44075,,
Time Out Market rooftop,350,veille_12h,mid,grosses,0.4,0.3,-40.08284864088754,-9366.834802500001,5534.916856875003,-3281.6563361867256,-39396.39510732188,33667.30243181812,2019335.0,2023129.794119525,2122305.44075,,
Time Out Market rooftop,350,veille_12h,mid,grosses,0.4,0.6,-80.16569728177507,-18733.669605000003,11069.833713750006,-6563.312672373451,-78792.79021464376,67334.60486363625,2019335.0,2014738.4263191575,2122305.44075,,
Time Out Market rooftop,350,veille_12h,mid,grosses,0.4,1.0,-186.06567589862456,-31222.782674999995,18449.72285625001,-10938.854453955746,-131321.31702440628,112224.34143939374,2019335.0,1991185.100009675,2122305.44075,,
Time Out Market rooftop,350,veille_12h,mid,toutes,0.0,0.3,571.3292776968002,-9366.834802500001,9746.066609999994,29390.556477068887,-29946.65223318769,93565.44991011373,2019335.0,2061570.3606499888,2122305.44075,,
Time Out Market rooftop,350,veille_12h,mid,toutes,0.0,0.6,1142.6585553936,-18733.669605000003,19492.133220000003,58781.112954137774,-59893.30446637493,187130.8998202275,2019335.0,2070405.5746101425,2122305.44075,,
Time Out Market rooftop,350,veille_12h,mid,toutes,0.0,1.0,1851.9747452269999,-31222.782674999995,32486.88870000001,97968.52159022963,-99822.17411062504,311884.8330337123,2019335.0,2063514.4788552874,2122305.44075,,
Time Out Market rooftop,350,veille_12h,mid,toutes,0.4,0.3,-40.08284864088754,-9366.834802500001,5534.916856875003,-6114.894203413121,-48006.45626526571,38422.404481584395,2019335.0,2019876.6387874398,2122305.44075,,
Time Out Market rooftop,350,veille_12h,mid,toutes,0.4,0.6,-80.16569728177507,-18733.669605000003,11069.833713750006,-12229.788406826243,-96012.91253053119,76844.8089631688,2019335.0,2008199.3495721275,2122305.44075,,
Time Out Market rooftop,350,veille_12h,mid,toutes,0.4,1.0,-186.06567589862456,-31222.782674999995,18449.72285625001,-20382.980678043743,-160021.5208842188,128074.68160528118,2019335.0,1973657.6889210125,2122305.44075,,
Time Out Market rooftop,350,jour_9h,mid,grosses,0.0,0.3,149.73105582539972,-6833.8389609000005,9172.175197500008,1271.2277511580521,-37291.89228990751,42287.539608090134,2019335.0,2026555.7024790952,2122305.44075,,
Time Out Market rooftop,350,jour_9h,mid,grosses,0.0,0.6,299.46211165079865,-13667.677921800001,18344.350395,2542.4555023161042,-74583.78457981504,84575.07921617982,2019335.0,2023535.5002542902,2122305.44075,,
Time Out Market rooftop,350,jour_9h,mid,grosses,0.0,1.0,482.91929316200003,-22779.463202999992,30573.917325000002,4237.425837193502,-124306.3076330249,140958.46536029983,2019335.0,2001710.5553549,2122305.44075,,
Time Out Market rooftop,350,jour_9h,mid,grosses,0.4,0.3,114.88028522354921,-6833.8389609000005,4074.1472871224873,3301.2172300495513,-24581.2455023623,28632.479936287564,2019335.0,2030404.04308334,2122305.44075,,
Time Out Market rooftop,350,jour_9h,mid,grosses,0.4,0.6,229.7605704470991,-13667.677921800001,8148.294574244976,6602.4344600991035,-49162.49100472505,57264.95987257513,2019335.0,2035273.26896183,2122305.44075,,
Time Out Market rooftop,350,jour_9h,mid,grosses,0.4,1.0,366.7500578225004,-22779.463202999992,13580.490957074944,11004.057433498507,-81937.48500787494,95441.59978762505,2019335.0,2033977.7641016,2122305.44075,,
Time Out Market rooftop,350,jour_9h,mid,toutes,0.0,0.3,149.73105582539972,-6833.8389609000005,9172.175197500008,2319.4239735640567,-38914.8181814251,47097.4960434825,2019335.0,2029816.9625268502,2122305.44075,,
Time Out Market rooftop,350,jour_9h,mid,toutes,0.0,0.6,299.46211165079865,-13667.677921800001,18344.350395,4638.847947128104,-77829.63636284997,94194.992086965,2019335.0,2024135.2227215,2122305.44075,,
Time Out Market rooftop,350,jour_9h,mid,toutes,0.0,1.0,482.91929316200003,-22779.463202999992,30573.917325000002,7731.413245213505,-129716.06060474996,156991.65347827467,2019335.0,1995112.0299821,2122305.44075,,
Time Out Market rooftop,350,jour_9h,mid,toutes,0.4,0.3,114.88028522354921,-6833.8389609000005,4074.1472871224873,5827.778021744553,-27003.45945051002,37925.26055707513,2019335.0,2039678.684336795,2122305.44075,,
Time Out Market rooftop,350,jour_9h,mid,toutes,0.4,0.6,229.7605704470991,-13667.677921800001,8148.294574244976,11655.556043489105,-54006.91890102004,75850.52111414981,2019335.0,2048514.50250461,2122305.44075,,
Time Out Market rooftop,350,jour_9h,mid,toutes,0.4,1.0,366.7500578225004,-22779.463202999992,13580.490957074944,19425.926739148512,-90011.53150170007,126417.53519025014,2019335.0,2047315.80686555,2122305.44075,,
Time Out Market rooftop,350,veille_12h,quart_spread,grosses,0.0,0.3,-131.43551755319967,-10539.154552499996,8437.430609999996,-13906.971694216909,-67601.97310269365,42697.37829872823,2019335.0,2010592.599884435,2122305.44075,,
Time Out Market rooftop,350,veille_12h,quart_spread,grosses,0.0,0.6,-262.87103510639946,-21078.309104999993,16874.86121999999,-27813.943388433807,-135203.94620538753,85394.75659745601,2019335.0,1980401.3287595075,2122305.44075,,
Time Out Market rooftop,350,veille_12h,quart_spread,grosses,0.0,1.0,-603.1717947729993,-35130.51517500001,28124.7687,-46356.57231405634,-225339.91034231245,142324.59432909382,2019335.0,1918396.4922189123,2122305.44075,,
Time Out Market rooftop,350,veille_12h,quart_spread,grosses,0.4,0.3,-441.9022587658872,-10539.154552499996,3817.7901294750045,-20722.516257811716,-59456.47403394558,19435.739391849438,2019335.0,2002168.8175416386,2122305.44075,,
Time Out Market rooftop,350,veille_12h,quart_spread,grosses,0.4,0.6,-883.8045175317746,-21078.309104999993,7635.5802589499945,-41445.03251562343,-118912.94806789116,38871.478783698876,2019335.0,1973574.3443103724,2122305.44075,,
Time Out Market rooftop,350,veille_12h,quart_spread,grosses,0.4,1.0,-1638.0609321486247,-35130.51517500001,12725.967098249996,-69075.05419270572,-198188.24677981876,64785.79797283147,2019335.0,1923057.6835958,2122305.44075,,
Time Out Market rooftop,350,veille_12h,quart_spread,toutes,0.0,0.3,-131.43551755319967,-10539.154552499996,8437.430609999996,-27036.918615681097,-87907.96540418614,39976.33687737183,2019335.0,2004847.0527611563,2122305.44075,,
Time Out Market rooftop,350,veille_12h,quart_spread,toutes,0.0,0.6,-262.87103510639946,-21078.309104999993,16874.86121999999,-54073.837231362195,-175815.9308083725,79952.67375474366,2019335.0,1957010.5004948976,2122305.44075,,
Time Out Market rooftop,350,veille_12h,quart_spread,toutes,0.0,1.0,-603.1717947729993,-35130.51517500001,28124.7687,-90123.06205227032,-293026.5513472875,133254.4562579061,2019335.0,1870201.218959225,2122305.44075,,
Time Out Market rooftop,350,veille_12h,quart_spread,toutes,0.4,0.3,-441.9022587658872,-10539.154552499996,3817.7901294750045,-38981.95722803811,-83376.46093924702,7036.796649240083,2019335.0,1986902.7800682874,2122305.44075,,
Time Out Market rooftop,350,veille_12h,quart_spread,toutes,0.4,0.6,-883.8045175317746,-21078.309104999993,7635.5802589499945,-77963.91445607624,-166752.92187849357,14073.593298479927,2019335.0,1936722.7098094777,2122305.44075,,
Time Out Market rooftop,350,veille_12h,quart_spread,toutes,0.4,1.0,-1638.0609321486247,-35130.51517500001,12725.967098249996,-129939.85742679371,-277921.5364641562,23455.98883079988,2019335.0,1853784.0841688751,2122305.44075,,
Time Out Market rooftop,350,jour_9h,quart_spread,grosses,0.0,0.3,5.004093200397678,-7396.061702399995,9035.858947500004,-4841.37010996694,-44312.9013684,36585.41478527243,2019335.0,2021300.4498596601,2122305.44075,,
Time Out Market rooftop,350,jour_9h,quart_spread,grosses,0.0,0.6,10.008186400801474,-14792.12340479999,18071.71789500001,-9682.740219933876,-88625.80273679999,73170.82957054485,2019335.0,2010373.70182316,2122305.44075,,
Time Out Market rooftop,350,jour_9h,quart_spread,grosses,0.0,1.0,-0.5035680880000509,-24653.539007999992,30119.529825000005,-16137.900366556463,-147709.671228,121951.38261757507,2019335.0,1979397.15057995,2122305.44075,,
Time Out Market rooftop,350,jour_9h,quart_spread,grosses,0.4,0.3,55.59634809854827,-7396.061702399995,3802.492719899994,810.242235674557,-27650.870436892368,26025.189012112485,2019335.0,2027089.43312888,2122305.44075,,
Time Out Market rooftop,350,jour_9h,quart_spread,grosses,0.4,0.6,111.19269619710086,-14792.12340479999,7604.9854398000025,1620.4844713491204,-55301.74087378519,52050.37802422497,2019335.0,2028435.9373968502,2122305.44075,,
Time Out Market rooftop,350,jour_9h,quart_spread,grosses,0.4,1.0,168.13728157250023,-24653.539007999992,12674.975733,2700.8074522485317,-92169.56812297495,86750.63004037511,2019335.0,2024123.266745,2122305.44075,,
Time Out Market rooftop,350,jour_9h,quart_spread,toutes,0.0,0.3,5.004093200397678,-7396.061702399995,9035.858947500004,-9118.62142006093,-50113.55432537992,35155.343133000075,2019335.0,2018832.6795351652,2122305.44075,,
Time Out Market rooftop,350,jour_9h,quart_spread,toutes,0.0,0.6,10.008186400801474,-14792.12340479999,18071.71789500001,-18237.242840121864,-100227.10865076007,70310.68626600015,2019335.0,2001677.31838772,2122305.44075,,
Time Out Market rooftop,350,jour_9h,quart_spread,toutes,0.0,1.0,-0.5035680880000509,-24653.539007999992,30119.529825000005,-30395.404733536438,-167045.1810845999,117184.47711000025,2019335.0,1957584.1849857501,2122305.44075,,
Time Out Market rooftop,350,jour_9h,quart_spread,toutes,0.4,0.3,55.59634809854827,-7396.061702399995,3802.492719899994,1115.6336543695725,-32588.562526109956,33046.1883343574,2019335.0,2034044.022933635,2122305.44075,,
Time Out Market rooftop,350,jour_9h,quart_spread,toutes,0.4,0.6,111.19269619710086,-14792.12340479999,7604.9854398000025,2231.2673087391327,-65177.12505221991,66092.3766687148,2019335.0,2037207.40160756,2122305.44075,,
Time Out Market rooftop,350,jour_9h,quart_spread,toutes,0.4,1.0,168.13728157250023,-24653.539007999992,12674.975733,3718.7788478985526,-108628.54175369986,110153.96111452469,2019335.0,2029827.854675,2122305.44075,,
Time Out Market rooftop,350,veille_12h,demi_spread,grosses,0.0,0.3,-834.2003128031998,-11711.474302499992,7146.243090000004,-43921.001829466906,-102513.89483350323,15935.113009659359,2019335.0,1978450.1038873552,2122305.44075,,
Time Out Market rooftop,350,veille_12h,demi_spread,grosses,0.0,0.6,-1668.4006256064008,-23422.948604999998,14292.486180000007,-87842.00365893381,-205027.78966700623,31870.226019318718,2019335.0,1913257.3465596652,2122305.44075,,
Time Out Market rooftop,350,veille_12h,demi_spread,grosses,0.0,1.0,-3215.2084457877495,-39038.24767499999,23820.810299999997,-146403.33943155635,-341712.9827783437,53117.043365531186,2019335.0,1806456.50777945,2122305.44075,,
Time Out Market rooftop,350,veille_12h,demi_spread,grosses,0.4,0.3,-843.7216688908871,-11711.474302499992,3582.478292400003,-38163.37617943672,-82653.24051455618,5257.198193113167,2019335.0,1982212.9140303237,2122305.44075,,
Time Out Market rooftop,350,veille_12h,demi_spread,grosses,0.4,0.6,-1687.4433377817752,-23422.948604999998,7164.956584800006,-76326.75235887345,-165306.4810291124,10514.39638622632,2019335.0,1933750.9825117476,2122305.44075,,
Time Out Market rooftop,350,veille_12h,demi_spread,grosses,0.4,1.0,-3246.9462994133746,-39038.24767499999,11941.594308,-127211.25393145574,-275510.8017151875,17523.993977043792,2019335.0,1853630.5056845373,2122305.44075,,
Time Out Market rooftop,350,veille_12h,demi_spread,toutes,0.0,0.3,-834.2003128031998,-11711.474302499992,7146.243090000004,-83464.39370843109,-151413.76889853747,-10086.597558433145,2019335.0,1941724.240363381,2122305.44075,,
Time Out Market rooftop,350,veille_12h,demi_spread,toutes,0.0,0.6,-1668.4006256064008,-23422.948604999998,14292.486180000007,-166928.78741686218,-302827.53779707494,-20173.19511686651,2019335.0,1832652.4395632076,2122305.44075,,
Time Out Market rooftop,350,veille_12h,demi_spread,toutes,0.0,1.0,-3215.2084457877495,-39038.24767499999,23820.810299999997,-278214.6456947703,-504712.562995125,-33621.99186144419,2019335.0,1663034.5203568626,2122305.44075,,
Time Out Market rooftop,350,veille_12h,demi_spread,toutes,0.4,0.3,-843.7216688908871,-11711.474302499992,3582.478292400003,-71849.02025266312,-121462.35383230867,-19611.097861156828,2019335.0,1949776.360670315,2122305.44075,,
Time Out Market rooftop,350,veille_12h,demi_spread,toutes,0.4,0.6,-1687.4433377817752,-23422.948604999998,7164.956584800006,-143698.04050532624,-242924.70766461754,-39222.195722313896,2019335.0,1862913.6410416851,2122305.44075,,
Time Out Market rooftop,350,veille_12h,demi_spread,toutes,0.4,1.0,-3246.9462994133746,-39038.24767499999,11941.594308,-239496.73417554374,-404874.51277436235,-65370.32620385635,2019335.0,1727332.91026715,2122305.44075,,
Time Out Market rooftop,350,jour_9h,demi_spread,grosses,0.0,0.3,-139.7228694245979,-7423.324952399998,8899.542697500001,-10953.967971091948,-50857.57266817512,30178.508777234903,2019335.0,2014230.0023726749,2122305.44075,,
Time Out Market rooftop,350,jour_9h,demi_spread,grosses,0.0,0.6,-279.4457388492023,-14846.649904799997,17799.085395000002,-21907.93594218389,-101715.14533635002,60357.01755446981,2019335.0,1996955.53222739,2122305.44075,,
Time Out Market rooftop,350,jour_9h,demi_spread,grosses,0.0,1.0,-483.926429338,-24744.416507999995,29665.142325000008,-36513.22657030648,-169525.2422272499,100595.02925744998,2019335.0,1958675.0741027002,2122305.44075,,
Time Out Market rooftop,350,jour_9h,demi_spread,grosses,0.4,0.3,-3.6875890264487317,-7423.324952399998,3747.9662199000013,-1680.7327587004518,-31317.241293765015,24044.45582889009,2019335.0,2024547.9248788252,2122305.44075,,
Time Out Market rooftop,350,jour_9h,demi_spread,grosses,0.4,0.6,-7.375178052901159,-14846.649904799997,7495.932439800003,-3361.465517400894,-62634.48258753003,48088.91165778018,2019335.0,2022347.8489778598,2122305.44075,,
Time Out Market rooftop,350,jour_9h,demi_spread,grosses,0.4,1.0,-30.4754946775009,-24744.416507999995,12493.220732999995,-5602.442529001497,-104390.80431255006,80148.18609629986,2019335.0,2012893.2680147002,2122305.44075,,
Time Out Market rooftop,350,jour_9h,demi_spread,toutes,0.0,0.3,-139.7228694245979,-7423.324952399998,8899.542697500001,-20556.666813685937,-61695.88025613738,23479.236941264997,2019335.0,2007454.435151255,2122305.44075,,
Time Out Market rooftop,350,jour_9h,demi_spread,toutes,0.0,0.6,-279.4457388492023,-14846.649904799997,17799.085395000002,-41113.33362737188,-123391.76051227498,46958.473882529994,2019335.0,1978996.08315416,2122305.44075,,
Time Out Market rooftop,350,jour_9h,demi_spread,toutes,0.0,1.0,-483.926429338,-24744.416507999995,29665.142325000008,-68522.22271228647,-205652.93418712507,78264.12313754967,2019335.0,1919607.6147617,2122305.44075,,
Time Out Market rooftop,350,jour_9h,demi_spread,toutes,0.4,0.3,-3.6875890264487317,-7423.324952399998,3747.9662199000013,-3596.510713005451,-38158.994434162414,28500.28793246247,2019335.0,2028636.549464585,2122305.44075,,
Time Out Market rooftop,350,jour_9h,demi_spread,toutes,0.4,0.6,-7.375178052901159,-14846.649904799997,7495.932439800003,-7193.021426010894,-76317.98886832505,57000.57586492494,2019335.0,2026038.34645319,2122305.44075,,
Time Out Market rooftop,350,jour_9h,demi_spread,toutes,0.4,1.0,-30.4754946775009,-24744.416507999995,12493.220732999995,-11988.369043351493,-127196.64811387486,95000.9597748752,2019335.0,2011120.2672527,2122305.44075,,
Time Out Market rooftop,350,veille_12h,mid,grosses,0.4,0.6,-80.16569728177532,-18733.669605000003,11069.833713750006,-6563.312672373451,-78792.79021464376,67334.60486363625,2019335.0,2014738.4263191575,2122305.44075,0.6,0.5
Time Out Market rooftop,350,veille_12h,mid,grosses,0.4,0.6,-80.16569728177515,-18733.669605000003,11069.833713750006,-6563.312672373453,-78792.79021464376,67334.60486363625,2162003.0,2145113.060005805,2223785.2644499997,0.6,0.3
Time Out Market rooftop,350,veille_12h,mid,grosses,0.4,0.6,408.6610787164247,-18733.669605000003,11288.855758949998,-6563.312672373446,-78792.79021464376,67334.60486363624,1662665.0,1670254.58823905,1868605.8815,0.6,1.0
Time Out Market rooftop,350,veille_12h,mid,grosses,0.4,0.6,-80.16569728177507,-18733.669605000003,11069.833713750006,-6563.312672373451,-78792.79021464376,67334.60486363625,2019335.0,2014738.4263191575,2122305.44075,0.75,0.5
Time Out Market rooftop,350,veille_12h,mid,grosses,0.4,0.6,-80.16569728177515,-18733.669605000003,11069.833713750006,-6563.312672373453,-78792.79021464376,67334.60486363625,2162003.0,2145113.060005805,2223785.2644499997,0.75,0.3
Time Out Market rooftop,350,veille_12h,mid,grosses,0.4,0.6,408.66107871642464,-18733.669605000003,11288.855758949998,-6563.312672373446,-78792.79021464376,67334.60486363624,1662665.0,1670254.58823905,1868605.8815,0.75,1.0
Time Out Market rooftop,350,veille_12h,mid,grosses,0.4,0.6,-80.16569728177585,-18733.669605000003,11069.833713750006,-6563.312672373451,-78792.79021464376,67334.60486363625,2019335.0,2014738.4263191575,2122305.44075,0.9,0.5
Time Out Market rooftop,350,veille_12h,mid,grosses,0.4,0.6,-80.16569728177568,-18733.669605000003,11069.833713750006,-6563.312672373453,-78792.79021464376,67334.60486363625,2162003.0,2145113.060005805,2223785.2644499997,0.9,0.3
Time Out Market rooftop,350,veille_12h,mid,grosses,0.4,0.6,408.6610787164248,-18733.669605000003,11288.855758949998,-6563.312672373446,-78792.79021464376,67334.60486363624,1662665.0,1670254.58823905,1868605.8815,0.9,1.0
Sultan Room Rooftop,200,veille_12h,mid,grosses,0.0,0.3,180.15371697618778,-3526.3165875000013,3886.5742124999997,3783.978498792187,-15803.944507509397,23409.685909837437,568994.5,572441.0989652312,600246.3345,,
Sultan Room Rooftop,200,veille_12h,mid,grosses,0.0,0.6,360.3074339523752,-7052.633175000003,7773.148424999999,7567.956997584374,-31607.889015018794,46819.37181967488,568994.5,568361.055522125,600246.3345,,
Sultan Room Rooftop,200,veille_12h,mid,grosses,0.0,1.0,556.2115044456248,-11754.388625,12955.247374999999,12613.261662640627,-52679.81502503125,78032.2863661248,568994.5,556559.2429736875,600246.3345,,
Sultan Room Rooftop,200,veille_12h,mid,grosses,0.4,0.3,-27.83370886931241,-3526.3165875000013,2124.948296625,-2751.156795849,-17712.632640806296,11028.06926714066,568994.5,567540.4917493125,600246.3345,,
Sultan Room Rooftop,200,veille_12h,mid,grosses,0.4,0.6,-55.66741773862476,-7052.633175000003,4249.89659325,-5502.313591697998,-35425.26528161248,22056.138534281206,568994.5,561605.712724025,600246.3345,,
Sultan Room Rooftop,200,veille_12h,mid,grosses,0.4,1.0,-137.07991503937495,-11754.388625,7083.160988749998,-9170.522652829999,-59042.10880268751,36760.230890468716,568994.5,548468.1401995,600246.3345,,
Sultan Room Rooftop,200,veille_12h,mid,toutes,0.0,0.3,180.15371697618778,-3526.3165875000013,3886.5742124999997,6271.208658417115,-15905.969367440597,29187.507019196255,568994.5,576744.3779259237,600246.3345,,
Sultan Room Rooftop,200,veille_12h,mid,toutes,0.0,0.6,360.3074339523752,-7052.633175000003,7773.148424999999,12542.417316834222,-31811.938734881194,58375.01403839251,568994.5,574360.8601550501,600246.3345,,
Sultan Room Rooftop,200,veille_12h,mid,toutes,0.0,1.0,556.2115044456248,-11754.388625,12955.247374999999,20904.028861390376,-53019.897891468696,97291.69006398748,568994.5,563295.5704930376,600246.3345,,
Sultan Room Rooftop,200,veille_12h,mid,toutes,0.4,0.3,-27.83370886931241,-3526.3165875000013,2124.948296625,-4897.857122677197,-20472.5804254987,10162.988533110027,568994.5,566771.6222206412,600246.3345,,
Sultan Room Rooftop,200,veille_12h,mid,toutes,0.4,0.6,-55.66741773862476,-7052.633175000003,4249.89659325,-9795.714245354395,-40945.16085099751,20325.977066220054,568994.5,557576.7427918524,600246.3345,,
Sultan Room Rooftop,200,veille_12h,mid,toutes,0.4,1.0,-137.07991503937495,-11754.388625,7083.160988749998,-16326.190408923994,-68241.93475166245,33876.62844370005,568994.5,540236.7365563,600246.3345,,
Sultan Room Rooftop,200,jour_9h,mid,grosses,0.0,0.3,34.72280201775068,-2774.119193999999,3453.033412500001,1324.6996384650006,-13416.38387486245,17469.45499766255,568994.5,569858.5560157,600246.3345,,
Sultan Room Rooftop,200,jour_9h,mid,grosses,0.0,0.6,69.44560403550014,-5548.238387999998,6906.066825000002,2649.399276929999,-26832.767749725008,34938.90999532498,568994.5,567074.2004500501,600246.3345,,
Sultan Room Rooftop,200,jour_9h,mid,grosses,0.0,1.0,99.55797699249989,-9247.063979999999,11510.111375,4415.665461549999,-44721.27958287502,58231.516658874934,568994.5,557347.208195,600246.3345,,
Sultan Room Rooftop,200,jour_9h,mid,grosses,0.4,0.3,-24.5373459554996,-2774.119193999999,1532.776108500002,-207.67544479499983,-11369.897430937548,9827.006088899958,568994.5,570813.66407615,600246.3345,,
Sultan Room Rooftop,200,jour_9h,mid,grosses,0.4,0.6,-49.07469191099991,-5548.238387999998,3065.5522170000004,-415.3508895899998,-22739.794861874983,19654.012177800032,568994.5,570258.3556444499,600246.3345,,
Sultan Room Rooftop,200,jour_9h,mid,grosses,0.4,1.0,-97.97584958499993,-9247.063979999999,5109.253694999999,-692.2514826500004,-37899.65810312497,32756.68696299994,568994.5,564571.5199967499,600246.3345,,
Sultan Room Rooftop,200,jour_9h,mid,toutes,0.0,0.3,34.72280201775068,-2774.119193999999,3453.033412500001,2045.1999581613004,-15073.474368780013,18560.162569522516,568994.5,571180.5536742599,600246.3345,,
Sultan Room Rooftop,200,jour_9h,mid,toutes,0.0,0.6,69.44560403550014,-5548.238387999998,6906.066825000002,4090.399916322601,-30146.948737560026,37120.32513904503,568994.5,568011.14855468,600246.3345,,
Sultan Room Rooftop,200,jour_9h,mid,toutes,0.0,1.0,99.55797699249989,-9247.063979999999,11510.111375,6817.333193871001,-50244.91456260001,61867.20856507497,568994.5,557998.1817553,600246.3345,,
Sultan Room Rooftop,200,jour_9h,mid,toutes,0.4,0.3,-24.5373459554996,-2774.119193999999,1532.776108500002,-319.3091256536992,-12566.5952241,11120.73077107498,568994.5,571879.212838045,600246.3345,,
Sultan Room Rooftop,200,jour_9h,mid,toutes,0.4,0.6,-49.07469191099991,-5548.238387999998,3065.5522170000004,-638.6182513073998,-25133.1904482,22241.461542149955,568994.5,571221.04568099,600246.3345,,
Sultan Room Rooftop,200,jour_9h,mid,toutes,0.4,1.0,-97.97584958499993,-9247.063979999999,5109.253694999999,-1064.3637521789983,-41888.650747000036,37069.10257025004,568994.5,564203.49747155,600246.3345,,
Sultan Room Rooftop,200,veille_12h,quart_spread,grosses,0.0,0.3,-90.22938114881227,-3967.657837499999,3551.7008940000014,-7245.73463620781,-27522.562646578117,12852.91318591877,568994.5,561432.2869004062,600246.3345,,
Sultan Room Rooftop,200,veille_12h,quart_spread,grosses,0.0,0.6,-180.4587622976249,-7935.315674999998,7103.401787999999,-14491.469272415618,-55045.125293156234,25705.82637183754,568994.5,545848.8875394625,600246.3345,,
Sultan Room Rooftop,200,veille_12h,quart_spread,grosses,0.0,1.0,-392.287564994375,-13225.526124999997,11839.002980000001,-24152.448787359364,-91741.87548859375,42843.04395306252,568994.5,517664.0968601875,600246.3345,,
Sultan Room Rooftop,200,veille_12h,quart_spread,grosses,0.4,0.3,-184.82289699431223,-3967.657837499999,1437.2770466250004,-9555.617627724,-25218.55561036872,5382.3029304843585,568994.5,559912.5228854625,600246.3345,,
Sultan Room Rooftop,200,veille_12h,quart_spread,grosses,0.4,0.6,-369.6457939886248,-7935.315674999998,2874.5540932500007,-19111.235255447995,-50437.11122073744,10764.605860968717,568994.5,545055.8320075249,600246.3345,,
Sultan Room Rooftop,200,veille_12h,quart_spread,grosses,0.4,1.0,-707.5992844793749,-13225.526124999997,4790.923488749999,-31852.05875907999,-84061.85203456247,17941.009768281197,568994.5,520328.444149,600246.3345,,
Sultan Room Rooftop,200,veille_12h,quart_spread,toutes,0.0,0.3,-90.22938114881227,-3967.657837499999,3551.7008940000014,-12565.116575582884,-34719.53591778557,10729.712227394979,568994.5,558265.0365702913,600246.3345,,
Sultan Room Rooftop,200,veille_12h,quart_spread,toutes,0.0,0.6,-180.4587622976249,-7935.315674999998,7103.401787999999,-25130.23315116576,-69439.07183557126,21459.424454789958,568994.5,536469.34045902,600246.3345,,
Sultan Room Rooftop,200,veille_12h,quart_spread,toutes,0.0,1.0,-392.287564994375,-13225.526124999997,11839.002980000001,-41883.72191860961,-115731.78639261871,35765.70742464993,568994.5,500326.59165006253,600246.3345,,
Sultan Room Rooftop,200,veille_12h,quart_spread,toutes,0.4,0.3,-184.82289699431223,-3967.657837499999,1437.2770466250004,-16501.2212423022,-33494.309063454384,430.3427691618624,568994.5,554571.253375425,600246.3345,,
Sultan Room Rooftop,200,veille_12h,quart_spread,toutes,0.4,0.6,-369.6457939886248,-7935.315674999998,2874.5540932500007,-33002.44248460439,-66988.61812690877,860.6855383237248,568994.5,532244.8862575626,600246.3345,,
Sultan Room Rooftop,200,veille_12h,quart_spread,toutes,0.4,1.0,-707.5992844793749,-13225.526124999997,4790.923488749999,-55004.07080767399,-111647.69687818123,1434.475897206171,568994.5,495989.48087687505,600246.3345,,
Sultan Room Rooftop,200,jour_9h,quart_spread,grosses,0.0,0.3,-23.0621104822498,-2870.3726414999983,3422.242162499999,-945.3903996599962,-15758.60939546249,15171.416049824982,568994.5,567521.6082038,600246.3345,,
Sultan Room Rooftop,200,jour_9h,quart_spread,grosses,0.0,0.6,-46.12422096450022,-5740.745283000004,6844.484325000001,-1890.7807993199945,-31517.21879092498,30342.832099649964,568994.5,562300.05642825,600246.3345,,
Sultan Room Rooftop,200,jour_9h,quart_spread,grosses,0.0,1.0,-96.11454893749936,-9567.908805,11407.473875000001,-3151.3013321999892,-52528.69798487504,50571.38683274998,568994.5,550552.62381725,600246.3345,,
Sultan Room Rooftop,200,jour_9h,quart_spread,grosses,0.4,0.3,-47.061145330499805,-2870.3726414999983,1380.9752460000018,-1203.592766669997,-12716.080925099997,8611.904948850024,568994.5,569548.511835675,600246.3345,,
Sultan Room Rooftop,200,jour_9h,quart_spread,grosses,0.4,0.6,-94.12229066100025,-5740.745283000004,2761.950492,-2407.185533339996,-25432.161850199995,17223.809897700048,568994.5,567843.7393721,600246.3345,,
Sultan Room Rooftop,200,jour_9h,quart_spread,grosses,0.4,1.0,-176.11133176499965,-9567.908805,4603.250820000001,-4011.9758888999904,-42386.93641699999,28706.349829499966,568994.5,560176.7145339999,600246.3345,,
Sultan Room Rooftop,200,jour_9h,quart_spread,toutes,0.0,0.3,-23.0621104822498,-2870.3726414999983,3422.242162499999,-1840.2063539636938,-18560.78002674744,14508.92284468494,568994.5,567325.5038582,600246.3345,,
Sultan Room Rooftop,200,jour_9h,quart_spread,toutes,0.0,0.6,-46.12422096450022,-5740.745283000004,6844.484325000001,-3680.412707927387,-37121.560053495,29017.84568936999,568994.5,560129.1338149201,600246.3345,,
Sultan Room Rooftop,200,jour_9h,quart_spread,toutes,0.0,1.0,-96.11454893749936,-9567.908805,11407.473875000001,-6134.021179878981,-61869.26675582496,48363.07614895002,568994.5,545758.9504649,600246.3345,,
Sultan Room Rooftop,200,jour_9h,quart_spread,toutes,0.4,0.3,-47.061145330499805,-2870.3726414999983,1380.9752460000018,-2025.541267028694,-14419.690678807547,9566.409389722514,568994.5,569741.95192564,600246.3345,,
Sultan Room Rooftop,200,jour_9h,quart_spread,toutes,0.4,0.6,-94.12229066100025,-5740.745283000004,2761.950492,-4051.082534057392,-28839.381357614977,19132.818779445028,568994.5,566955.8832812901,600246.3345,,
Sultan Room Rooftop,200,jour_9h,quart_spread,toutes,0.4,1.0,-176.11133176499965,-9567.908805,4603.250820000001,-6751.804223428987,-48065.63559602504,31888.031299074974,568994.5,557787.5829136,600246.3345,,
Sultan Room Rooftop,200,veille_12h,demi_spread,grosses,0.0,0.3,-360.6124792738127,-4408.9990875,3437.5844160000015,-18275.447771207808,-40226.02085269682,3434.701354284413,568994.5,550208.3114368438,600246.3345,,
Sultan Room Rooftop,200,veille_12h,demi_spread,grosses,0.0,0.6,-721.2249585476251,-8817.998175,6875.168831999999,-36550.895542415616,-80452.04170539376,6869.402708568713,568994.5,521634.59898290003,600246.3345,,
Sultan Room Rooftop,200,veille_12h,demi_spread,grosses,0.0,1.0,-1489.227822230625,-14696.663625000001,11458.614720000001,-60918.15923735936,-134086.73617565623,11449.004514281185,568994.5,476990.1629953125,600246.3345,,
Sultan Room Rooftop,200,veille_12h,demi_spread,grosses,0.4,0.3,-341.8120851193125,-4408.9990875,1348.6895939999995,-16360.078459598999,-34070.854570724994,495.8365023281402,568994.5,552925.4330135563,600246.3345,,
Sultan Room Rooftop,200,veille_12h,demi_spread,grosses,0.4,0.6,-683.624170238625,-8817.998175,2697.379187999999,-32720.156919197994,-68141.70914144999,991.6730046562805,568994.5,528169.598593375,600246.3345,,
Sultan Room Rooftop,200,veille_12h,demi_spread,grosses,0.4,1.0,-1426.559841715625,-14696.663625000001,4495.631980000002,-54533.59486532999,-113569.51523574998,1652.788341093798,568994.5,491007.55194175,600246.3345,,
Sultan Room Rooftop,200,veille_12h,demi_spread,toutes,0.0,0.3,-360.6124792738127,-4408.9990875,3437.5844160000015,-31401.44180958288,-55074.31231883999,-6160.110725304421,568994.5,538575.2552613813,600246.3345,,
Sultan Room Rooftop,200,veille_12h,demi_spread,toutes,0.0,0.6,-721.2249585476251,-8817.998175,6875.168831999999,-62802.88361916576,-110148.62463767998,-12320.221450608726,568994.5,496092.98164094,600246.3345,,
Sultan Room Rooftop,200,veille_12h,demi_spread,toutes,0.0,1.0,-1499.006970705625,-14696.663625000001,11458.614720000001,-104671.4726986096,-183581.0410628,-20533.702417681325,568994.5,432399.67428885,600246.3345,,
Sultan Room Rooftop,200,veille_12h,demi_spread,toutes,0.4,0.3,-341.8120851193125,-4408.9990875,1348.6895939999995,-28104.585361927195,-47431.70264053496,-8849.442439248725,568994.5,541498.8153194838,600246.3345,,
Sultan Room Rooftop,200,veille_12h,demi_spread,toutes,0.4,0.6,-683.624170238625,-8817.998175,2697.379187999999,-56209.1707238544,-94863.40528107004,-17698.884878497563,568994.5,505415.76949370507,600246.3345,,
Sultan Room Rooftop,200,veille_12h,demi_spread,toutes,0.4,1.0,-1436.338990190625,-14696.663625000001,4495.631980000002,-93681.951206424,-158105.67546844998,-29498.141464162603,568994.5,451800.47034793755,600246.3345,,
Sultan Room Rooftop,200,jour_9h,demi_spread,grosses,0.0,0.3,-80.84702298224985,-3168.0213914999986,3391.4509125000004,-3215.4804377849987,-18491.343507262485,13091.881459912456,568994.5,565477.1080538749,600246.3345,,
Sultan Room Rooftop,200,jour_9h,demi_spread,grosses,0.0,0.6,-161.69404596449988,-6336.042783000004,6782.901825000001,-6430.960875569997,-36982.68701452497,26183.762919825025,568994.5,557573.67281105,600246.3345,,
Sultan Room Rooftop,200,jour_9h,demi_spread,grosses,0.0,1.0,-303.4179286149999,-10560.071304999998,11304.836375,-10718.268125949995,-61637.81169087503,43639.60486637497,568994.5,542618.9821285,600246.3345,,
Sultan Room Rooftop,200,jour_9h,demi_spread,grosses,0.4,0.3,-69.58494470549995,-3168.0213914999986,1350.1839959999998,-2199.5100885449992,-13906.616395350022,7591.730896049975,568994.5,568357.0959052,600246.3345,,
Sultan Room Rooftop,200,jour_9h,demi_spread,grosses,0.4,0.6,-139.1698894110001,-6336.042783000004,2700.3679919999995,-4399.02017709,-27813.23279070004,15183.46179209995,568994.5,565374.0487764999,600246.3345,,
Sultan Room Rooftop,200,jour_9h,demi_spread,grosses,0.4,1.0,-265.87766769250004,-10560.071304999998,4500.61332,-7331.700295149999,-46355.387984500034,25305.769653499992,568994.5,555920.9461735,600246.3345,,
Sultan Room Rooftop,200,jour_9h,demi_spread,toutes,0.0,0.3,-80.84702298224985,-3168.0213914999986,3391.4509125000004,-5725.612666088699,-22349.547865507553,10760.135918347445,568994.5,563848.92730489,600246.3345,,
Sultan Room Rooftop,200,jour_9h,demi_spread,toutes,0.0,0.6,-161.69404596449988,-6336.042783000004,6782.901825000001,-11451.225332177395,-44699.09573101499,21520.271836695003,568994.5,552200.84294835,600246.3345,,
Sultan Room Rooftop,200,jour_9h,demi_spread,toutes,0.0,1.0,-303.4179286149999,-10560.071304999998,11304.836375,-19085.375553628997,-74498.49288502499,35867.11972782504,568994.5,532312.81175325,600246.3345,,
Sultan Room Rooftop,200,jour_9h,demi_spread,toutes,0.4,0.3,-69.58494470549995,-3168.0213914999986,1350.1839959999998,-3731.7734084036992,-16311.647908065037,8048.932448744972,568994.5,568008.769777885,600246.3345,,
Sultan Room Rooftop,200,jour_9h,demi_spread,toutes,0.4,0.6,-139.1698894110001,-6336.042783000004,2700.3679919999995,-7463.546816807399,-32623.295816129958,16097.864897489944,568994.5,563004.5862501101,600246.3345,,
Sultan Room Rooftop,200,jour_9h,demi_spread,toutes,0.4,1.0,-265.87766769250004,-10560.071304999998,4500.61332,-12439.244694678997,-54372.15969354997,26829.774829149905,568994.5,551624.1185256001,600246.3345,,
Sultan Room Rooftop,200,veille_12h,mid,grosses,0.4,0.6,-55.66741773862495,-7052.633174999999,4249.89659325,-5502.313591697998,-35425.26528161248,22056.138534281206,568994.5,561605.712724025,600246.3345,0.6,0.5
Sultan Room Rooftop,200,veille_12h,mid,grosses,0.4,0.6,-55.66741773862495,-7052.633174999999,4249.89659325,-5502.313591697999,-35425.26528161248,22056.138534281206,614316.7000000001,602000.8841197001,633067.8007,0.6,0.3
Sultan Room Rooftop,200,veille_12h,mid,grosses,0.4,0.6,174.23407185487497,-7052.633174999999,4415.151179249999,-5502.313591697998,-35425.26528161248,22056.138534281206,455689.0,452780.983498625,518192.669,0.6,1.0
Sultan Room Rooftop,200,veille_12h,mid,grosses,0.4,0.6,-55.66741773862476,-7052.633175000003,4249.89659325,-5502.313591697998,-35425.26528161248,22056.138534281206,568994.5,561605.712724025,600246.3345,0.75,0.5
Sultan Room Rooftop,200,veille_12h,mid,grosses,0.4,0.6,-55.66741773862471,-7052.633175000003,4249.89659325,-5502.313591697999,-35425.26528161248,22056.138534281206,614316.7000000001,602000.8841197001,633067.8007,0.75,0.3
Sultan Room Rooftop,200,veille_12h,mid,grosses,0.4,0.6,174.23407185487517,-7052.633174999999,4415.151179249999,-5502.313591697998,-35425.26528161248,22056.138534281206,455689.0,452780.983498625,518192.669,0.75,1.0
Sultan Room Rooftop,200,veille_12h,mid,grosses,0.4,0.6,-55.66741773862467,-7052.633175000003,4249.89659325,-5502.313591697998,-35425.26528161248,22056.138534281206,568994.5,561605.712724025,600246.3345,0.9,0.5
Sultan Room Rooftop,200,veille_12h,mid,grosses,0.4,0.6,-55.66741773862485,-7052.633175000003,4249.89659325,-5502.313591697999,-35425.26528161248,22056.138534281206,614316.7000000001,602000.8841197001,633067.8007,0.9,0.3
Sultan Room Rooftop,200,veille_12h,mid,grosses,0.4,0.6,174.23407185487517,-7052.633175000003,4415.151179250002,-5502.313591697998,-35425.26528161248,22056.138534281206,455689.0,452780.983498625,518192.669,0.9,1.0
Eagle NYC,300,veille_12h,mid,grosses,0.0,0.3,178.67055462375,-4802.010283559998,5896.81134,9968.404976093547,-20957.75680012865,42175.232979626315,1145666.0,1157793.8382450726,1204226.42,,
Eagle NYC,300,veille_12h,mid,grosses,0.0,0.6,357.34110924750036,-9604.020567119996,11793.62268,19936.8099521871,-41915.51360025753,84350.46595925241,1145666.0,1159105.92611277,1204226.42,,
Eagle NYC,300,veille_12h,mid,grosses,0.0,1.0,550.0756574775003,-16006.700945199998,19656.037800000006,33228.0165869785,-69859.18933376246,140584.10993208736,1145666.0,1148734.8033814752,1204226.42,,
Eagle NYC,300,veille_12h,mid,grosses,0.4,0.3,-91.84583055374974,-4802.010283559998,3348.8751712500016,-1841.8241773826996,-23889.302048429974,18348.936689369937,1145666.0,1147208.9093286325,1204226.42,,
Eagle NYC,300,veille_12h,mid,grosses,0.4,0.6,-183.69166110749978,-9604.020567119996,6697.750342500003,-3683.6483547653975,-47778.60409685995,36697.87337874009,1145666.0,1141293.8317634652,1204226.42,,
Eagle NYC,300,veille_12h,mid,grosses,0.4,1.0,-351.6456264474998,-16006.700945199998,11162.917237500005,-6139.413924609,-79631.00682809998,61163.12229790001,1145666.0,1124836.134716825,1204226.42,,
Eagle NYC,300,veille_12h,mid,toutes,0.0,0.3,178.67055462375,-4802.010283559998,5896.81134,18302.598123660297,-16639.109058466966,55678.184362344364,1145666.0,1168888.15412735,1204226.42,,
Eagle NYC,300,veille_12h,mid,toutes,0.0,0.6,357.34110924750036,-9604.020567119996,11793.62268,36605.1962473206,-33278.218116933705,111356.36872468873,1145666.0,1175780.5173785002,1204226.42,,
Eagle NYC,300,veille_12h,mid,toutes,0.0,1.0,550.0756574775003,-16006.700945199998,19656.037800000006,61008.660412201,-55463.69686155633,185593.9478744812,1145666.0,1171934.9908717126,1204226.42,,
Eagle NYC,300,veille_12h,mid,toutes,0.4,0.3,-91.84583055374974,-4802.010283559998,3348.8751712500016,-3301.232798734759,-27209.099876555516,21429.75823752566,1145666.0,1147045.8363593938,1204226.42,,
Eagle NYC,300,veille_12h,mid,toutes,0.4,0.6,-183.69166110749978,-9604.020567119996,6697.750342500003,-6602.4655974695215,-54418.19975311126,42859.51647505132,1145666.0,1138732.0364834175,1204226.42,,
Eagle NYC,300,veille_12h,mid,toutes,0.4,1.0,-351.6456264474998,-16006.700945199998,11162.917237500005,-11004.109329115867,-90696.99958851884,71432.52745841864,1145666.0,1120225.7022596751,1204226.42,,
Eagle NYC,300,jour_9h,mid,grosses,0.0,0.3,0.8566805961005411,-4134.781824600002,5549.5810649999985,1323.6722161047028,-22001.954899890028,25152.99970459489,1145666.0,1150577.74429835,1204226.42,,
Eagle NYC,300,jour_9h,mid,grosses,0.0,0.6,1.7133611922006093,-8269.563649200005,11099.162129999997,2647.3444322094006,-44003.909799780056,50305.99940919001,1145666.0,1147652.87294022,1204226.42,,
Eagle NYC,300,jour_9h,mid,grosses,0.0,1.0,-9.345896252999712,-13782.606081999998,18498.60355,4412.240720349003,-73339.84966630003,83843.33234865002,1145666.0,1134011.7264194,1204226.42,,
Eagle NYC,300,jour_9h,mid,grosses,0.4,0.3,-2.700253966199489,-4134.781824600002,2463.418175400002,2159.053070409901,-14584.52271780009,17412.21217438507,1145666.0,1152813.76320872,1204226.42,,
Eagle NYC,300,jour_9h,mid,grosses,0.4,0.6,-5.400507932399494,-8269.563649200005,4926.836350799997,4318.106140819801,-29169.045435599954,34824.42434876991,1145666.0,1156035.85449186,1204226.42,,
Eagle NYC,300,jour_9h,mid,grosses,0.4,1.0,-21.2023447940001,-13782.606081999998,8211.393918000002,7196.843568033003,-48615.07572599993,58040.70724794994,1145666.0,1155594.3043854,1204226.42,,
Eagle NYC,300,jour_9h,mid,toutes,0.0,0.3,0.8566805961005411,-4134.781824600002,5549.5810649999985,1922.2518022587,-23747.84540253759,27792.002636489855,1145666.0,1150184.05269984,1204226.42,,
Eagle NYC,300,jour_9h,mid,toutes,0.0,0.6,1.7133611922006093,-8269.563649200005,11099.162129999997,3844.5036045173993,-47495.690805074955,55584.00527297994,1145666.0,1147168.23313852,1204226.42,,
Eagle NYC,300,jour_9h,mid,toutes,0.0,1.0,-9.345896252999712,-13782.606081999998,18498.60355,6407.506007528998,-79159.48467512507,92640.00878829989,1145666.0,1130176.59964915,1204226.42,,
Eagle NYC,300,jour_9h,mid,toutes,0.4,0.3,-2.700253966199489,-4134.781824600002,2463.418175400002,3756.3221059996495,-15209.315877142455,22465.11442711509,1145666.0,1156461.73762184,1204226.42,,
Eagle NYC,300,jour_9h,mid,toutes,0.4,0.6,-5.400507932399494,-8269.563649200005,4926.836350799997,7512.644211999303,-30418.631754284903,44930.228854229965,1145666.0,1162200.19073184,1204226.42,,
Eagle NYC,300,jour_9h,mid,toutes,0.4,1.0,-21.2023447940001,-13782.606081999998,8211.393918000002,12521.0736866655,-50697.719590475,74883.71475704994,1145666.0,1162315.5157903498,1204226.42,,
Eagle NYC,300,veille_12h,quart_spread,grosses,0.0,0.3,-267.02960762625,-5141.4051960599945,5105.027340000001,-8213.776394406445,-40300.114398862395,23794.239595376046,1145666.0,1138742.5675557326,1204226.42,,
Eagle NYC,300,veille_12h,quart_spread,grosses,0.0,0.6,-534.0592152525,-10282.810392119989,10210.054680000001,-16427.55278881289,-80600.22879772502,47588.47919075231,1145666.0,1123287.95900213,1204226.42,,
Eagle NYC,300,veille_12h,quart_spread,grosses,0.0,1.0,-1000.2539100225,-17138.017320199993,17016.7578,-27379.254648021484,-134333.71466287496,79314.13198458719,1145666.0,1083977.5022259252,1204226.42,,
Eagle NYC,300,veille_12h,quart_spread,grosses,0.4,0.3,-344.3342013037499,-5141.4051960599945,2314.9586753999974,-12341.325395882694,-37381.56983145374,9946.13035024877,1145666.0,1134416.0583275652,1204226.42,,
Eagle NYC,300,veille_12h,quart_spread,grosses,0.4,0.6,-688.6684026074998,-10282.810392119989,4629.917350800002,-24682.65079176539,-74763.13966290746,19892.260700497547,1145666.0,1115213.337079845,1204226.42,,
Eagle NYC,300,veille_12h,quart_spread,grosses,0.4,1.0,-1257.9358889475,-17138.017320199993,7716.528918000004,-41137.751319608986,-124605.2327715126,33153.76783416251,1145666.0,1081503.504242575,1204226.42,,
Eagle NYC,300,veille_12h,quart_spread,toutes,0.0,0.3,-267.02960762625,-5141.4051960599945,5105.027340000001,-15788.203668089687,-50841.78050326685,23018.65129599573,1145666.0,1133849.8856884951,1204226.42,,
Eagle NYC,300,veille_12h,quart_spread,toutes,0.0,0.6,-534.0592152525,-10282.810392119989,10210.054680000001,-31576.40733617938,-101683.5610065337,46037.30259199123,1145666.0,1107853.97200055,1204226.42,,
Eagle NYC,300,veille_12h,quart_spread,toutes,0.0,1.0,-1000.2539100225,-17138.017320199993,17016.7578,-52627.34556029898,-169472.60167755617,76728.83765331887,1145666.0,1057260.1433700626,1204226.42,,
Eagle NYC,300,veille_12h,quart_spread,toutes,0.4,0.3,-344.3342013037499,-5141.4051960599945,2314.9586753999974,-23113.04198223475,-49963.99893755802,3500.7470672906893,1145666.0,1125101.4538408536,1204226.42,,
Eagle NYC,300,veille_12h,quart_spread,toutes,0.4,0.6,-688.6684026074998,-10282.810392119989,4629.917350800002,-46226.08396446951,-99927.99787511626,7001.494134581152,1145666.0,1094676.9163772925,1204226.42,,
Eagle NYC,300,veille_12h,quart_spread,toutes,0.4,1.0,-1257.9358889475,-17138.017320199993,7716.528918000004,-77043.47327411587,-166546.66312519374,11669.156890968665,1145666.0,1046360.2886148,1204226.42,,
Eagle NYC,300,jour_9h,quart_spread,grosses,0.0,0.3,-83.74049115389967,-4474.952025599996,5467.928339999993,-2366.948476395294,-25229.60909542506,21347.853064964962,1145666.0,1145950.08450589,1204226.42,,
Eagle NYC,300,jour_9h,quart_spread,grosses,0.0,0.6,-167.4809823077994,-8949.904051199992,10935.856679999994,-4733.896952790588,-50459.21819084989,42695.70612992993,1145666.0,1141060.38659394,1204226.42,,
Eagle NYC,300,jour_9h,quart_spread,grosses,0.0,1.0,-291.88631875300047,-14916.506752000001,18226.427799999983,-7889.82825465098,-84098.69698475004,71159.5102165501,1145666.0,1122086.5855382,1204226.42,,
Eagle NYC,300,jour_9h,quart_spread,grosses,0.4,0.3,-36.590258716199536,-4474.952025599996,2300.680170599997,647.6116441599067,-16769.882682945048,15889.849242539934,1145666.0,1150659.61084288,1204226.42,,
Eagle NYC,300,jour_9h,quart_spread,grosses,0.4,0.6,-73.18051743239957,-8949.904051199992,4601.360341200001,1295.2232883198108,-33539.76536588987,31779.69848507987,1145666.0,1152768.0115766001,1204226.42,,
Eagle NYC,300,jour_9h,quart_spread,grosses,0.4,1.0,-134.71887729400046,-14916.506752000001,7668.933901999997,2158.705480533015,-55899.608943150015,52966.164141799854,1145666.0,1149729.5221587,1204226.42,,
Eagle NYC,300,jour_9h,quart_spread,toutes,0.0,0.3,-83.74049115389967,-4474.952025599996,5467.928339999993,-4996.571797116287,-30532.637177617544,20668.104345015,1145666.0,1143666.07219135,1204226.42,,
Eagle NYC,300,jour_9h,quart_spread,toutes,0.0,0.6,-167.4809823077994,-8949.904051199992,10935.856679999994,-9993.143594232577,-61065.274355235095,41336.20869002999,1145666.0,1134527.2238861101,1204226.42,,
Eagle NYC,300,jour_9h,quart_spread,toutes,0.0,1.0,-291.88631875300047,-14916.506752000001,18226.427799999983,-16655.23932372096,-101775.45725872493,68893.68115004976,1145666.0,1107913.3842073,1204226.42,,
Eagle NYC,300,jour_9h,quart_spread,toutes,0.4,0.3,-36.590258716199536,-4474.952025599996,2300.680170599997,907.0172978746618,-18323.32224650999,19395.288749054893,1145666.0,1152948.92280613,1204226.42,,
Eagle NYC,300,jour_9h,quart_spread,toutes,0.4,0.6,-73.18051743239957,-8949.904051199992,4601.360341200001,1814.0345957493205,-36646.64449301997,38790.57749811002,1145666.0,1155637.90940259,1204226.42,,
Eagle NYC,300,jour_9h,quart_spread,toutes,0.4,1.0,-134.71887729400046,-14916.506752000001,7668.933901999997,3023.3909929155334,-61077.74082169988,64650.962496849956,1145666.0,1150943.542399,1204226.42,,
Eagle NYC,300,veille_12h,demi_spread,grosses,0.0,0.3,-712.7297698762496,-5949.365508135001,4323.800459999999,-26395.957764906445,-61371.424117815026,8887.366146644994,1145666.0,1119648.12536056,1204226.42,,
Eagle NYC,300,veille_12h,demi_spread,grosses,0.0,0.6,-1425.4595397524997,-11898.731016270001,8647.600919999997,-52791.9155298129,-122742.84823563005,17774.73229328998,1145666.0,1082670.350522545,1204226.42,,
Eagle NYC,300,veille_12h,demi_spread,grosses,0.0,1.0,-2708.58916512775,-19831.218360449995,14412.6682,-87986.52588302147,-204571.41372605003,29624.553822149894,1145666.0,1016638.9741051,1204226.42,,
Eagle NYC,300,veille_12h,demi_spread,grosses,0.4,0.3,-596.8225720537497,-5949.365508135001,2200.5524855999975,-22840.826614382695,-51087.87064465873,2558.022548418627,1145666.0,1121451.3305385849,1204226.42,,
Eagle NYC,300,veille_12h,demi_spread,grosses,0.4,0.6,-1193.6451441074998,-11898.731016270001,4401.104971200002,-45681.65322876539,-102175.74128931745,5116.045096837482,1145666.0,1090516.064825935,1204226.42,,
Eagle NYC,300,veille_12h,demi_spread,grosses,0.4,1.0,-2322.2318390527503,-19831.218360449995,7335.174952000001,-76136.088714609,-170292.90214886254,8526.741828062397,1145666.0,1036316.78527915,1204226.42,,
Eagle NYC,300,veille_12h,demi_spread,toutes,0.0,0.3,-712.7297698762496,-5949.365508135001,4323.800459999999,-49879.005459839704,-89035.56101500118,-7780.093962393651,1145666.0,1098046.5918267714,1204226.42,,
Eagle NYC,300,veille_12h,demi_spread,toutes,0.0,0.6,-1425.4595397524997,-11898.731016270001,8647.600919999997,-99758.0109196794,-178071.12203000244,-15560.18792478753,1145666.0,1033975.68691765,1204226.42,,
Eagle NYC,300,veille_12h,demi_spread,toutes,0.0,1.0,-2708.58916512775,-19831.218360449995,14412.6682,-166263.35153279896,-296785.2033833374,-25933.646541312468,1145666.0,932924.6930747875,1204226.42,,
Eagle NYC,300,veille_12h,demi_spread,toutes,0.4,0.3,-596.8225720537497,-5949.365508135001,2200.5524855999975,-42924.851165734755,-72772.58958482616,-13309.042758875612,1145666.0,1102482.1935931537,1204226.42,,
Eagle NYC,300,veille_12h,demi_spread,toutes,0.4,0.6,-1193.6451441074998,-11898.731016270001,4401.104971200002,-85849.70233146951,-145545.17916965255,-26618.08551775122,1145666.0,1050277.563879745,1204226.42,,
Eagle NYC,300,veille_12h,demi_spread,toutes,0.4,1.0,-2322.2318390527503,-19831.218360449995,7335.174952000001,-143082.83721911587,-242575.2986160874,-44363.47586291885,1145666.0,971428.8103194501,1204226.42,,
Eagle NYC,300,jour_9h,demi_spread,grosses,0.0,0.3,-168.33766290389977,-4491.4475256000005,5386.275614999995,-6057.569168895295,-29980.717235174943,17753.9926660951,1145666.0,1142294.58352378,1204226.42,,
Eagle NYC,300,jour_9h,demi_spread,grosses,0.0,0.6,-336.67532580780033,-8982.895051200001,10772.551229999983,-12115.138337790593,-59961.43447034989,35507.98533218997,1145666.0,1133405.93272328,1204226.42,,
Eagle NYC,300,jour_9h,demi_spread,grosses,0.0,1.0,-579.4493070640002,-14971.491752000002,17954.25204999997,-20191.89722965099,-99935.72411725004,59179.97555365003,1145666.0,1109332.2350407,1204226.42,,
Eagle NYC,300,jour_9h,demi_spread,grosses,0.4,0.3,-70.48026346619957,-4491.4475256000005,2265.4721754000057,-863.829782090099,-18733.926483509924,14337.234388469915,1145666.0,1148880.13738353,1204226.42,,
Eagle NYC,300,jour_9h,demi_spread,grosses,0.4,0.6,-140.9605269324002,-8982.895051200001,4530.944350800004,-1727.6595641801962,-37467.85296702007,28674.46877694006,1145666.0,1148611.52865844,1204226.42,,
Eagle NYC,300,jour_9h,demi_spread,grosses,0.4,1.0,-253.2579756050003,-14971.491752000002,7551.573918000002,-2879.432606966995,-62446.421611699894,47790.78129490002,1145666.0,1142431.9823668,1204226.42,,
Eagle NYC,300,jour_9h,demi_spread,toutes,0.0,0.3,-168.33766290389977,-4491.4475256000005,5386.275614999995,-11915.395396491293,-37587.69178247994,13642.979499637451,1145666.0,1137156.892634225,1204226.42,,
Eagle NYC,300,jour_9h,demi_spread,toutes,0.0,0.6,-336.67532580780033,-8982.895051200001,10772.551229999983,-23830.79079298259,-75175.38356495986,27285.958999274902,1145666.0,1121146.61183088,1204226.42,,
Eagle NYC,300,jour_9h,demi_spread,toutes,0.0,1.0,-579.4493070640002,-14971.491752000002,17954.25204999997,-39717.984654970984,-125292.3059416,45476.598332124915,1145666.0,1086128.58814175,1204226.42,,
Eagle NYC,300,jour_9h,demi_spread,toutes,0.4,0.3,-70.48026346619957,-4491.4475256000005,2265.4721754000057,-1942.2875102503488,-21375.971249917435,16780.511845754918,1145666.0,1149382.572172895,1204226.42,,
Eagle NYC,300,jour_9h,demi_spread,toutes,0.4,0.6,-140.9605269324002,-8982.895051200001,4530.944350800004,-3884.575020500694,-42751.942499835095,33561.02369151006,1145666.0,1148415.82391456,1204226.42,,
Eagle NYC,300,jour_9h,demi_spread,toutes,0.4,1.0,-253.2579756050003,-14971.491752000002,7551.573918000002,-6474.291700834494,-71253.23749972502,55935.03948584996,1145666.0,1139650.51198715,1204226.42,,
Eagle NYC,300,veille_12h,mid,grosses,0.4,0.6,-183.69166110749967,-9604.020567119996,6697.750342500003,-3683.6483547653975,-47778.60409685995,36697.87337874009,1145666.0,1141293.8317634652,1204226.42,0.6,0.5
Eagle NYC,300,veille_12h,mid,grosses,0.4,0.6,-183.69166110749975,-9604.020567119996,6697.750342500003,-3683.6483547653975,-47778.60409685994,36697.87337874009,1230640.0,1218142.080830095,1265776.252,0.6,0.3
Eagle NYC,300,veille_12h,mid,grosses,0.4,0.6,171.5441558205004,-9604.020567119996,7095.8593377,-3683.648354765399,-47778.60409685995,36697.87337874009,933231.0,936316.818657265,1050351.84,0.6,1.0
Eagle NYC,300,veille_12h,mid,grosses,0.4,0.6,-183.69166110749978,-9604.020567119996,6697.750342500003,-3683.6483547653975,-47778.60409685995,36697.87337874009,1145666.0,1141293.8317634652,1204226.42,0.75,0.5
Eagle NYC,300,veille_12h,mid,grosses,0.4,0.6,-183.6916611074995,-9604.020567119996,6697.750342500003,-3683.6483547653975,-47778.60409685994,36697.87337874009,1230640.0,1218142.080830095,1265776.252,0.75,0.3
Eagle NYC,300,veille_12h,mid,grosses,0.4,0.6,171.54415582049992,-9604.020567119996,7095.8593377,-3683.648354765399,-47778.60409685995,36697.87337874009,933231.0,936316.818657265,1050351.84,0.75,1.0
Eagle NYC,300,veille_12h,mid,grosses,0.4,0.6,-183.6916611074996,-9604.020567119996,6697.750342500003,-3683.6483547653975,-47778.60409685995,36697.87337874009,1145666.0,1141293.8317634652,1204226.42,0.9,0.5
Eagle NYC,300,veille_12h,mid,grosses,0.4,0.6,-183.6916611074996,-9604.020567119996,6697.750342500003,-3683.6483547653975,-47778.60409685994,36697.87337874009,1230640.0,1218142.080830095,1265776.252,0.9,0.3
Eagle NYC,300,veille_12h,mid,grosses,0.4,0.6,171.5441558205002,-9604.020567119996,7095.8593377,-3683.648354765399,-47778.60409685995,36697.87337874009,933231.0,936316.818657265,1050351.84,0.9,1.0
City Vineyard (Pier 26),200,veille_12h,mid,grosses,0.0,0.3,243.3363438855002,-3398.945796,4441.7990999999965,7424.053221662999,-16529.34659647503,30957.637704000048,961469.0,969075.5695289,1006146.5,,
City Vineyard (Pier 26),200,veille_12h,mid,grosses,0.0,0.6,486.67268777100014,-6797.891592,8883.5982,14848.106443325996,-33058.69319295006,61915.27540799987,961469.0,968718.1739986,1006146.5,,
City Vineyard (Pier 26),200,veille_12h,mid,grosses,0.0,1.0,753.7989346050001,-11329.819319999995,14805.997000000003,24746.84407221,-55097.82198825002,103192.12568000001,961469.0,960896.9767979999,1006146.5,,
City Vineyard (Pier 26),200,veille_12h,mid,grosses,0.4,0.3,-12.688967968499947,-3398.945796,2381.3952750000026,-1249.4111988509994,-17420.815306350043,14138.549961075036,961469.0,960853.1453875,1006146.5,,
City Vineyard (Pier 26),200,veille_12h,mid,grosses,0.4,0.6,-25.377935936999574,-6797.891592,4762.790549999998,-2498.8223977020007,-34841.63061269998,28277.099922149955,961469.0,955289.7661317,1006146.5,,
City Vineyard (Pier 26),200,veille_12h,mid,grosses,0.4,1.0,-99.61877157500003,-11329.819319999995,7937.984250000001,-4164.703996169998,-58069.3843545,47128.49987025,961469.0,942330.9264235001,1006146.5,,
City Vineyard (Pier 26),200,veille_12h,mid,toutes,0.0,0.3,243.3363438855002,-3398.945796,4441.7990999999965,15621.606947403001,-13402.62823409999,45191.75821267496,961469.0,979465.3825864,1006146.5,,
City Vineyard (Pier 26),200,veille_12h,mid,toutes,0.0,0.6,486.67268777100014,-6797.891592,8883.5982,31243.213894806,-26805.25646819998,90383.51642534992,961469.0,985091.8560333,1006146.5,,
City Vineyard (Pier 26),200,veille_12h,mid,toutes,0.0,1.0,753.7989346050001,-11329.819319999995,14805.997000000003,52072.02315801001,-44675.427446999965,150639.19404224982,961469.0,982216.413511,1006146.5,,
City Vineyard (Pier 26),200,veille_12h,mid,toutes,0.4,0.3,-12.688967968499947,-3398.945796,2381.3952750000026,-2816.9234322509997,-22118.71554637499,16942.243878150035,961469.0,960844.87318565,1006146.5,,
City Vineyard (Pier 26),200,veille_12h,mid,toutes,0.4,0.6,-25.377935936999574,-6797.891592,4762.790549999998,-5633.846864501996,-44237.43109274998,33884.48775629995,961469.0,953250.7580981,1006146.5,,
City Vineyard (Pier 26),200,veille_12h,mid,toutes,0.4,1.0,-99.61877157500003,-11329.819319999995,7937.984250000001,-9389.74477417,-73729.05182125,56474.14626049993,961469.0,938004.353747,1006146.5,,
City Vineyard (Pier 26),200,jour_9h,mid,grosses,0.0,0.3,50.970066366000715,-2940.255876000003,3946.323900000003,795.5546101020011,-16118.355577800034,18304.815378600026,961469.0,963518.267478,1006146.5,,
City Vineyard (Pier 26),200,jour_9h,mid,grosses,0.0,0.6,101.9401327319994,-5880.5117519999985,7892.647799999999,1591.1092202039995,-32236.71115559995,36609.630757199935,961469.0,961316.8552851999,1006146.5,,
City Vineyard (Pier 26),200,jour_9h,mid,grosses,0.0,1.0,150.74954505999932,-9800.852919999998,13154.413,2651.84870034,-53727.85192599996,61016.05126200001,961469.0,952306.103784,1006146.5,,
City Vineyard (Pier 26),200,jour_9h,mid,grosses,0.4,0.3,49.07576520600065,-2940.255876000003,1751.744123999997,1193.1685784219999,-11277.94257389999,12172.697237999973,961469.0,965986.5100032,1006146.5,,
City Vineyard (Pier 26),200,jour_9h,mid,grosses,0.4,0.6,98.15153041199979,-5880.5117519999985,3503.4882480000015,2386.3371568440016,-22555.885147799978,24345.394475999947,961469.0,966601.731244,1006146.5,,
City Vineyard (Pier 26),200,jour_9h,mid,grosses,0.4,1.0,144.43520785999914,-9800.852919999998,5839.1470800000025,3977.2285947400014,-37593.14191300004,40575.65745999999,961469.0,964902.118092,1006146.5,,
City Vineyard (Pier 26),200,jour_9h,mid,toutes,0.0,0.3,50.970066366000715,-2940.255876000003,3946.323900000003,1724.7091082820016,-18871.340451300024,23389.26271799993,961469.0,966154.5849826001,1006146.5,,
City Vineyard (Pier 26),200,jour_9h,mid,toutes,0.0,0.6,101.9401327319994,-5880.5117519999985,7892.647799999999,3449.4182165640013,-37742.68090260005,46778.52543600008,961469.0,962808.4716356,1006146.5,,
City Vineyard (Pier 26),200,jour_9h,mid,toutes,0.0,1.0,150.74954505999932,-9800.852919999998,13154.413,5749.030360940005,-62904.468170999935,77964.20906,961469.0,950474.12876,1006146.5,,
City Vineyard (Pier 26),200,jour_9h,mid,toutes,0.4,0.3,49.07576520600065,-2940.255876000003,1751.744123999997,2981.1650664420026,-12664.837702500048,17756.986573500035,961469.0,970189.0838676001,1006146.5,,
City Vineyard (Pier 26),200,jour_9h,mid,toutes,0.4,0.6,98.15153041199979,-5880.5117519999985,3503.4882480000015,5962.330132884001,-25329.675404999984,35513.97314699995,961469.0,973020.3456232001,1006146.5,,
City Vineyard (Pier 26),200,jour_9h,mid,toutes,0.4,1.0,144.43520785999914,-9800.852919999998,5839.1470800000025,9937.216888140005,-42216.125674999974,59189.955245,961469.0,971386.197454,1006146.5,,
City Vineyard (Pier 26),200,veille_12h,quart_spread,grosses,0.0,0.3,-64.13628111450001,-3633.5457959999985,3640.922558399943,-5340.221933336996,-29215.73678017495,18152.256934049965,961469.0,955039.9834085,1006146.5,,
City Vineyard (Pier 26),200,veille_12h,quart_spread,grosses,0.0,0.6,-128.27256222899987,-7267.091591999997,7281.8451167998865,-10680.443866673993,-58431.473560350016,36304.51386809993,961469.0,942299.0797357,1006146.5,,
City Vineyard (Pier 26),200,veille_12h,quart_spread,grosses,0.0,1.0,-323.5592717149997,-12111.819319999995,12136.40852799981,-17800.739777789986,-97385.78926724999,60507.523113499956,961469.0,914684.04197,1006146.5,,
City Vineyard (Pier 26),200,veille_12h,quart_spread,grosses,0.4,0.3,-185.37216296850008,-3633.5457959999985,1642.6023389999973,-8613.645958850997,-25989.35212852496,7413.901544775009,961469.0,953094.56511995,1006146.5,,
City Vineyard (Pier 26),200,veille_12h,quart_spread,grosses,0.4,0.6,-370.74432593699987,-7267.091591999997,3285.204678000002,-17227.291917701994,-51978.70425705003,14827.803089550018,961469.0,939364.4593312001,1006146.5,,
City Vineyard (Pier 26),200,veille_12h,quart_spread,grosses,0.4,1.0,-727.6788778949999,-12111.819319999995,5475.341130000001,-28712.153196169987,-86631.17376174997,24713.00514924996,961469.0,914089.31786,1006146.5,,
City Vineyard (Pier 26),200,veille_12h,quart_spread,toutes,0.0,0.3,-64.13628111450001,-3633.5457959999985,3640.922558399943,-12903.96560759699,-42580.12373422495,16712.415072899956,961469.0,950652.37125625,1006146.5,,
City Vineyard (Pier 26),200,veille_12h,quart_spread,toutes,0.0,0.6,-128.27256222899987,-7267.091591999997,7281.8451167998865,-25807.931215193985,-85160.24746845,33424.83014580003,961469.0,928016.98005,1006146.5,,
City Vineyard (Pier 26),200,veille_12h,quart_spread,toutes,0.0,1.0,-323.5592717149997,-12111.819319999995,12136.40852799981,-43013.218691989976,-141933.74578074997,55708.050243000005,961469.0,884636.7895875,1006146.5,,
City Vineyard (Pier 26),200,veille_12h,quart_spread,toutes,0.4,0.3,-185.37216296850008,-3633.5457959999985,1642.6023389999973,-19394.076142250993,-39649.55955855003,2248.7541737998663,961469.0,943599.9857947,1006146.5,,
City Vineyard (Pier 26),200,veille_12h,quart_spread,toutes,0.4,0.6,-370.74432593699987,-7267.091591999997,3285.204678000002,-38788.152284501986,-79299.11911710004,4497.50834759996,961469.0,917285.1584668,1006146.5,,
City Vineyard (Pier 26),200,veille_12h,quart_spread,toutes,0.4,1.0,-727.6788778949999,-12111.819319999995,5475.341130000001,-64646.92047416999,-132165.19852849992,7495.847245999781,961469.0,878123.3697119999,1006146.5,,
City Vineyard (Pier 26),200,jour_9h,quart_spread,grosses,0.0,0.3,-13.855778633999762,-3182.151936000002,3911.1339000000007,-1814.4290398979942,-19074.805657200042,15876.126737699979,961469.0,960915.6136842,1006146.5,,
City Vineyard (Pier 26),200,jour_9h,quart_spread,grosses,0.0,0.6,-27.711557268000245,-6364.303871999997,7822.267800000001,-3628.8580797959903,-38149.611314399976,31752.253475399953,961469.0,955375.3211568,1006146.5,,
City Vineyard (Pier 26),200,jour_9h,quart_spread,grosses,0.0,1.0,-70.17844745999996,-10607.17312,13037.112999999998,-6048.096799659984,-63582.68552400004,52920.42245899993,961469.0,943527.630074,1006146.5,,
City Vineyard (Pier 26),200,jour_9h,quart_spread,grosses,0.4,0.3,23.322550206000066,-3182.151936000002,1636.020636000001,114.9763034220052,-12708.141826499976,11054.765482499972,961469.0,964724.1299608,1006146.5,,
City Vineyard (Pier 26),200,jour_9h,quart_spread,grosses,0.4,0.6,46.64510041199976,-6364.303871999997,3272.041272000002,229.95260684400773,-25416.283652999948,22109.530965000053,961469.0,963994.8271008,1006146.5,,
City Vineyard (Pier 26),200,jour_9h,quart_spread,grosses,0.4,1.0,53.74931533999971,-10607.17312,5453.402119999999,383.2543447400119,-42360.47275499999,36849.218275000014,961469.0,960651.19659,1006146.5,,
City Vineyard (Pier 26),200,jour_9h,quart_spread,toutes,0.0,0.3,-13.855778633999762,-3182.151936000002,3911.1339000000007,-4097.76274171799,-24650.7735651,16982.845034099988,961469.0,960431.6563598,1006146.5,,
City Vineyard (Pier 26),200,jour_9h,quart_spread,toutes,0.0,0.6,-27.711557268000245,-6364.303871999997,7822.267800000001,-8195.525483435977,-49301.5471302,33965.690068199976,961469.0,951277.6987764001,1006146.5,,
City Vineyard (Pier 26),200,jour_9h,quart_spread,toutes,0.0,1.0,-70.17844745999996,-10607.17312,13037.112999999998,-13659.209139059969,-82169.245217,56609.48344699996,961469.0,930698.432152,1006146.5,,
City Vineyard (Pier 26),200,jour_9h,quart_spread,toutes,0.4,0.3,23.322550206000066,-3182.151936000002,1636.020636000001,568.4368914420086,-15375.025477799947,15693.71523270001,961469.0,967302.8374932,1006146.5,,
City Vineyard (Pier 26),200,jour_9h,quart_spread,toutes,0.4,0.6,46.64510041199976,-6364.303871999997,3272.041272000002,1136.8737828840167,-30750.05095560001,31387.43046540002,961469.0,967443.2551152,1006146.5,,
City Vineyard (Pier 26),200,jour_9h,quart_spread,toutes,0.4,1.0,53.74931533999971,-10607.17312,5453.402119999999,1894.7896381400271,-51250.08492600002,52312.38410900007,961469.0,961679.109876,1006146.5,,
City Vineyard (Pier 26),200,veille_12h,demi_spread,grosses,0.0,0.3,-371.6089061144998,-4209.887616,3096.0176075998843,-18104.497088337,-43115.60059574995,7078.350906749979,961469.0,941526.65001615,1006146.5,,
City Vineyard (Pier 26),200,veille_12h,demi_spread,grosses,0.0,0.6,-743.2178122289996,-8419.775232,6192.035215199769,-36208.994176673994,-86231.20119150002,14156.701813499956,961469.0,912749.5322445,1006146.5,,
City Vineyard (Pier 26),200,veille_12h,demi_spread,grosses,0.0,1.0,-1569.732005795,-14032.958719999995,10320.058691999611,-60348.32362779,-143718.6686524999,23594.50302249993,961469.0,867295.994592,1006146.5,,
City Vineyard (Pier 26),200,veille_12h,demi_spread,grosses,0.4,0.3,-358.0553579684999,-4209.887616,1564.8195360000027,-15977.880718850996,-35925.07839690003,1890.8862637499597,961469.0,945441.59626965,1006146.5,,
City Vineyard (Pier 26),200,veille_12h,demi_spread,grosses,0.4,0.6,-716.110715937,-8419.775232,3129.639071999998,-31955.761437701996,-71850.15679379995,3781.772527499922,961469.0,921513.0794099,1006146.5,,
City Vineyard (Pier 26),200,veille_12h,demi_spread,grosses,0.4,1.0,-1524.5535119750002,-14032.958719999995,5216.065119999999,-53259.60239617,-119750.26132300003,6302.954212499946,961469.0,884854.963206,1006146.5,,
City Vineyard (Pier 26),200,veille_12h,demi_spread,toutes,0.0,0.3,-371.6089061144998,-4209.887616,3096.0176075998843,-41429.538162597,-73840.03629322497,-7751.751964875006,961469.0,919068.40158645,1006146.5,,
City Vineyard (Pier 26),200,veille_12h,demi_spread,toutes,0.0,0.6,-743.2178122289996,-8419.775232,6192.035215199769,-82859.07632519396,-147680.07258644994,-15503.503929750012,961469.0,865271.0858229,1006146.5,,
City Vineyard (Pier 26),200,veille_12h,demi_spread,toutes,0.0,1.0,-1569.732005795,-14032.958719999995,10320.058691999611,-138098.46054198997,-246133.45431075004,-25839.173216249983,961469.0,781215.924733,1006146.5,,
City Vineyard (Pier 26),200,veille_12h,demi_spread,toutes,0.4,0.3,-358.0553579684999,-4209.887616,1564.8195360000027,-35971.22885225099,-58382.5121505,-12074.491977149977,961469.0,926156.3474515,1006146.5,,
City Vineyard (Pier 26),200,veille_12h,demi_spread,toutes,0.4,0.6,-716.110715937,-8419.775232,3129.639071999998,-71942.45770450198,-116765.024301,-24148.983954299954,961469.0,880521.0104298,1006146.5,,
City Vineyard (Pier 26),200,veille_12h,demi_spread,toutes,0.4,1.0,-1524.5535119750002,-14032.958719999995,5216.065119999999,-119904.09617416999,-194608.37383500003,-40248.30659049996,961469.0,815329.567398,1006146.5,,
City Vineyard (Pier 26),200,jour_9h,demi_spread,grosses,0.0,0.3,-78.68162363399902,-3193.881935999998,3875.9438999999984,-4424.4126898979985,-22168.0115838,13458.968334900004,961469.0,958344.5588544,1006146.5,,
City Vineyard (Pier 26),200,jour_9h,demi_spread,grosses,0.0,0.6,-157.3632472680002,-6387.763872000003,7751.887799999997,-8848.825379795995,-44336.02316759999,26917.936669800012,961469.0,950367.8962312001,1006146.5,,
City Vineyard (Pier 26),200,jour_9h,demi_spread,grosses,0.0,1.0,-302.3109208200004,-10646.273119999998,12919.813000000002,-14748.04229965999,-73893.37194599994,44863.22778300002,961469.0,934157.938052,1006146.5,,
City Vineyard (Pier 26),200,jour_9h,demi_spread,grosses,0.4,0.3,-2.430664793998982,-3193.881935999998,1610.9841240000023,-963.2159715779992,-14278.444433700046,9921.014414400053,961469.0,963657.0729426,1006146.5,,
City Vineyard (Pier 26),200,jour_9h,demi_spread,grosses,0.4,0.6,-4.86132958800012,-6387.763872000003,3221.9682479999974,-1926.431943155997,-28556.88886739998,19842.028828799994,961469.0,961618.2951988,1006146.5,,
City Vineyard (Pier 26),200,jour_9h,demi_spread,grosses,0.4,1.0,-48.14105802000001,-10646.273119999998,5369.947079999998,-3210.7199052599985,-47594.814779000044,33070.048048000026,961469.0,956109.557388,1006146.5,,
City Vineyard (Pier 26),200,jour_9h,demi_spread,toutes,0.0,0.3,-78.68162363399902,-3193.881935999998,3875.9438999999984,-9920.234591717995,-30378.95983379995,11184.255402000013,961469.0,954894.4757508001,1006146.5,,
City Vineyard (Pier 26),200,jour_9h,demi_spread,toutes,0.0,0.6,-157.3632472680002,-6387.763872000003,7751.887799999997,-19840.46918343599,-60757.919667600014,22368.51080400003,961469.0,939651.6302564,1006146.5,,
City Vineyard (Pier 26),200,jour_9h,demi_spread,toutes,0.0,1.0,-302.3109208200004,-10646.273119999998,12919.813000000002,-33067.448639059985,-101263.19944599994,37280.85134000005,961469.0,912494.916966,1006146.5,,
City Vineyard (Pier 26),200,jour_9h,demi_spread,toutes,0.4,0.3,-2.430664793998982,-3193.881935999998,1610.9841240000023,-1844.2912835579991,-18101.33181180004,13429.70793959995,961469.0,964658.0600826,1006146.5,,
City Vineyard (Pier 26),200,jour_9h,demi_spread,toutes,0.4,0.6,-4.86132958800012,-6387.763872000003,3221.9682479999974,-3688.582567115998,-36202.66362359996,26859.415879200013,961469.0,961664.844816,1006146.5,,
City Vineyard (Pier 26),200,jour_9h,demi_spread,toutes,0.4,1.0,-48.14105802000001,-10646.273119999998,5369.947079999998,-6147.637611859996,-60337.772705999974,44765.69313199998,961469.0,952148.533866,1006146.5,,
City Vineyard (Pier 26),200,veille_12h,mid,grosses,0.4,0.6,-25.377935936999574,-6797.891592,4762.790549999998,-2498.8223977020007,-34841.63061269998,28277.099922149955,961469.0,955289.7661317,1006146.5,0.6,0.5
City Vineyard (Pier 26),200,veille_12h,mid,grosses,0.4,0.6,-25.377935936999574,-6797.891592,4762.790549999998,-2498.822397702001,-34841.63061269998,28277.09992215007,1030837.0,1019354.1558541,1057643.5,0.6,0.3
City Vineyard (Pier 26),200,veille_12h,mid,grosses,0.4,0.6,242.2123380150001,-6797.891592,5045.887062000002,-2498.8223977020007,-34841.63061269998,28277.099922149955,788049.0,786817.290775,877404.0,0.6,1.0
City Vineyard (Pier 26),200,veille_12h,mid,grosses,0.4,0.6,-25.377935936999574,-6797.891592,4762.790549999998,-2498.8223977020007,-34841.63061269998,28277.099922149955,961469.0,955289.7661317,1006146.5,0.75,0.5
City Vineyard (Pier 26),200,veille_12h,mid,grosses,0.4,0.6,-25.377935936999574,-6797.891592,4762.790549999998,-2498.822397702001,-34841.63061269998,28277.09992215007,1030837.0,1019354.1558541,1057643.5,0.75,0.3
City Vineyard (Pier 26),200,veille_12h,mid,grosses,0.4,0.6,242.21233801500034,-6797.891592,5045.887062000002,-2498.8223977020007,-34841.63061269998,28277.099922149955,788049.0,786817.290775,877404.0,0.75,1.0
City Vineyard (Pier 26),200,veille_12h,mid,grosses,0.4,0.6,-25.37793593699966,-6797.891592,4762.790549999998,-2498.8223977020007,-34841.63061269998,28277.099922149955,961469.0,955289.7661317,1006146.5,0.9,0.5
City Vineyard (Pier 26),200,veille_12h,mid,grosses,0.4,0.6,-25.37793593699973,-6797.891592,4762.790549999998,-2498.822397702001,-34841.63061269998,28277.09992215007,1030837.0,1019354.1558541,1057643.5,0.9,0.3
City Vineyard (Pier 26),200,veille_12h,mid,grosses,0.4,0.6,242.2123380150003,-6797.891592,5045.887062000002,-2498.8223977020007,-34841.63061269998,28277.099922149955,788049.0,786817.290775,877404.0,0.9,1.0
Bar 13,150,veille_12h,mid,grosses,0.0,0.3,139.9890784290001,-1991.5562195999992,2456.960039999998,4375.008698465399,-8234.506058692488,17879.861728349977,416925.0,421839.01612156996,441217.46375,,
Bar 13,150,veille_12h,mid,grosses,0.0,0.6,279.9781568580001,-3983.1124391999983,4913.92008,8750.017396930798,-16469.012117384977,35759.72345670001,416925.0,422453.56956086,441217.46375,,
Bar 13,150,veille_12h,mid,grosses,0.0,1.0,440.0625752959998,-6638.520732000001,8189.8668,14583.362328218,-27448.35352897502,59599.53909449997,416925.0,418659.1879535,441217.46375,,
Bar 13,150,veille_12h,mid,grosses,0.4,0.3,-14.472596721149925,-1991.5562195999992,1395.3392774999993,-634.7280374246997,-9482.175254137484,8668.793247900005,416925.0,417113.87639589503,441217.46375,,
Bar 13,150,veille_12h,mid,grosses,0.4,0.6,-28.94519344230002,-3983.1124391999983,2790.6785549999986,-1269.4560748493989,-18964.350508275023,17337.58649580001,416925.0,415008.64466531004,441217.46375,,
Bar 13,150,veille_12h,mid,grosses,0.4,1.0,-74.80967520450007,-6638.520732000001,4651.130925000001,-2115.7601247489993,-31607.250847124982,28895.977493,416925.0,408265.2302565,441217.46375,,
Bar 13,150,veille_12h,mid,toutes,0.0,0.3,139.9890784290001,-1991.5562195999992,2456.960039999998,7781.597890317038,-7338.970306284396,23012.04524389874,416925.0,426394.29611996876,441217.46375,,
Bar 13,150,veille_12h,mid,toutes,0.0,0.6,279.9781568580001,-3983.1124391999983,4913.92008,15563.195780634076,-14677.940612568736,46024.09048779748,416925.0,428862.7020064675,441217.46375,,
Bar 13,150,veille_12h,mid,toutes,0.0,1.0,440.0625752959998,-6638.520732000001,8189.8668,25938.659634390126,-24463.234354281267,76706.81747966245,416925.0,426775.76423998753,441217.46375,,
Bar 13,150,veille_12h,mid,toutes,0.4,0.3,-14.472596721149925,-1991.5562195999992,1395.3392774999993,-1348.9993687772248,-11611.189729406267,9006.17716648686,416925.0,416898.20550546626,441217.46375,,
Bar 13,150,veille_12h,mid,toutes,0.4,0.6,-28.94519344230002,-3983.1124391999983,2790.6785549999986,-2697.998737554449,-23222.37945881248,18012.35433297372,416925.0,413642.747783095,441217.46375,,
Bar 13,150,veille_12h,mid,toutes,0.4,1.0,-74.80967520450007,-6638.520732000001,4651.130925000001,-4496.664562590748,-38703.96576468752,30020.590554956238,416925.0,405296.853266075,441217.46375,,
Bar 13,150,jour_9h,mid,grosses,0.0,0.3,38.185952251800565,-1857.656433600001,2312.2833900000005,553.6054788942009,-9137.619134999983,10934.44711305001,416925.0,417508.48874748003,441217.46375,,
Bar 13,150,jour_9h,mid,grosses,0.0,0.6,76.3719045035998,-3715.3128671999984,4624.566780000001,1107.2109577884003,-18275.238270000023,21868.89422610002,416925.0,415847.61547400005,441217.46375,,
Bar 13,150,jour_9h,mid,grosses,0.0,1.0,118.58620606599939,-6192.188112,7707.6113000000005,1845.351596314001,-30458.73045000002,36448.15704350003,416925.0,410817.6611758,441217.46375,,
Bar 13,150,jour_9h,mid,grosses,0.4,0.3,12.945799978200442,-1857.656433600001,1026.405572399999,820.5504799440005,-6314.249086769982,7082.670968309967,416925.0,419102.46664145996,441217.46375,,
Bar 13,150,jour_9h,mid,grosses,0.4,0.6,25.891599956399865,-3715.3128671999984,2052.811144799998,1641.1009598879996,-12628.498173540018,14165.34193661999,416925.0,419867.6243962,441217.46375,,
Bar 13,150,jour_9h,mid,grosses,0.4,1.0,34.45236515399954,-6192.188112,3421.3519080000005,2735.168266480001,-21047.496955899995,23608.903227699964,416925.0,419217.99664860003,441217.46375,,
Bar 13,150,jour_9h,mid,toutes,0.0,0.3,38.185952251800565,-1857.656433600001,2312.2833900000005,771.3732500407505,-9983.624655982523,11536.063716299974,416925.0,418267.62787208497,441217.46375,,
Bar 13,150,jour_9h,mid,toutes,0.0,0.6,76.3719045035998,-3715.3128671999984,4624.566780000001,1542.7465000815002,-19967.24931196499,23072.127432600002,416925.0,417028.0836604,441217.46375,,
Bar 13,150,jour_9h,mid,toutes,0.0,1.0,118.58620606599939,-6192.188112,7707.6113000000005,2571.2441668025,-33278.748853274985,38453.54572099995,416925.0,410360.59180515003,441217.46375,,
Bar 13,150,jour_9h,mid,toutes,0.4,0.3,12.945799978200442,-1857.656433600001,1026.405572399999,1436.9356590202501,-7003.747624042507,9196.864132619981,416925.0,420905.75009259,441217.46375,,
Bar 13,150,jour_9h,mid,toutes,0.4,0.6,25.891599956399865,-3715.3128671999984,2052.811144799998,2873.8713180405002,-14007.495248085012,18393.728265239963,416925.0,422585.79992057005,441217.46375,,
Bar 13,150,jour_9h,mid,toutes,0.4,1.0,34.45236515399954,-6192.188112,3421.3519080000005,4789.785530067503,-23345.825413475002,30656.213775399974,416925.0,422118.2154443,441217.46375,,
Bar 13,150,veille_12h,quart_spread,grosses,0.0,0.3,-34.7088355709999,-2129.0162195999983,2127.0560399999995,-3205.2848585345982,-16540.132787339993,10436.821586152475,416925.0,414043.54079742497,441217.46375,,
Bar 13,150,veille_12h,quart_spread,grosses,0.0,0.6,-69.41767114200003,-4258.0324392,4254.112079999999,-6410.569717069196,-33080.26557467999,20873.64317230501,416925.0,406109.34921248,441217.46375,,
Bar 13,150,veille_12h,quart_spread,grosses,0.0,1.0,-166.19091687199997,-7096.720731999998,7090.1867999999995,-10684.282861781994,-55133.775957799975,34789.40528717503,416925.0,390215.44370360003,441217.46375,,
Bar 13,150,veille_12h,quart_spread,grosses,0.4,0.3,-116.94559022114994,-2129.0162195999983,962.4557438999982,-5053.850537924698,-14862.955989982474,4556.829189652491,416925.0,412056.988317025,441217.46375,,
Bar 13,150,veille_12h,quart_spread,grosses,0.4,0.6,-233.89118044230003,-4258.0324392,1924.9114878,-10107.701075849396,-29725.911979965007,9113.658379304981,416925.0,404993.02197354,441217.46375,,
Bar 13,150,veille_12h,quart_spread,grosses,0.4,1.0,-440.31343237249996,-7096.720731999998,3208.185813,-16846.168459748995,-49543.18663327499,15189.43063217499,416925.0,390102.96738795,441217.46375,,
Bar 13,150,veille_12h,quart_spread,toutes,0.0,0.3,-34.7088355709999,-2129.0162195999983,2127.0560399999995,-6462.99750768296,-22243.59405164439,8864.158055666248,416925.0,411902.4487280587,441217.46375,,
Bar 13,150,veille_12h,quart_spread,toutes,0.0,0.6,-69.41767114200003,-4258.0324392,4254.112079999999,-12925.995015365917,-44487.188103288725,17728.316111332497,416925.0,400065.8802806975,441217.46375,,
Bar 13,150,veille_12h,quart_spread,toutes,0.0,1.0,-166.19091687199997,-7096.720731999998,7090.1867999999995,-21543.325025609865,-74145.31350548127,29547.193518887514,416925.0,377859.419421975,441217.46375,,
Bar 13,150,veille_12h,quart_spread,toutes,0.4,0.3,-116.94559022114994,-2129.0162195999983,962.4557438999982,-9653.989128402221,-20901.195972911268,1606.340545121233,416925.0,408276.393019785,441217.46375,,
Bar 13,150,veille_12h,quart_spread,toutes,0.4,0.6,-233.89118044230003,-4258.0324392,1924.9114878,-19307.978256804443,-41802.39194582248,3212.6810902424672,416925.0,395480.0154290525,441217.46375,,
Bar 13,150,veille_12h,quart_spread,toutes,0.4,1.0,-440.31343237249996,-7096.720731999998,3208.185813,-32179.963761340736,-69670.65324303752,5354.468483737502,416925.0,373549.27329245006,441217.46375,,
Bar 13,150,jour_9h,quart_spread,grosses,0.0,0.3,1.6353382517997526,-1865.9689834500005,2291.6643900000017,-986.0083781057967,-10820.334694050021,9370.926968879978,416925.0,415931.85693988,441217.46375,,
Bar 13,150,jour_9h,quart_spread,grosses,0.0,0.6,3.270676503600247,-3731.937966900001,4583.32878,-1972.0167562115953,-21640.669388099985,18741.853937760014,416925.0,412947.57815400005,441217.46375,,
Bar 13,150,jour_9h,quart_spread,grosses,0.0,1.0,-7.170105291999447,-6219.896611499999,7638.881300000001,-3286.694593685992,-36067.78231349999,31236.4232296,416925.0,405240.188388,441217.46375,,
Bar 13,150,jour_9h,quart_spread,grosses,0.4,0.3,-1.181651521800397,-1865.9689834500005,958.5993036,187.65714794400196,-7183.061236619978,6530.899311659977,416925.0,418354.0311555,441217.46375,,
Bar 13,150,jour_9h,quart_spread,grosses,0.4,0.6,-2.3633030435997626,-3731.937966900001,1917.1986072,375.31429588800387,-14366.122473240011,13061.798623320012,416925.0,418548.2388896,441217.46375,,
Bar 13,150,jour_9h,quart_spread,grosses,0.4,1.0,-16.560071203999424,-6219.896611499999,3195.3310119999987,625.5238264800068,-23943.5374554,21769.6643722,416925.0,416445.2135066,441217.46375,,
Bar 13,150,jour_9h,quart_spread,toutes,0.0,0.3,1.6353382517997526,-1865.9689834500005,2291.6643900000017,-2115.032988959245,-12747.514712879969,8483.034097297472,416925.0,415368.14236154,441217.46375,,
Bar 13,150,jour_9h,quart_spread,toutes,0.0,0.6,3.270676503600247,-3731.937966900001,4583.32878,-4230.065977918491,-25495.029425759996,16966.068194595002,416925.0,411455.07457446004,441217.46375,,
Bar 13,150,jour_9h,quart_spread,toutes,0.0,1.0,-7.170105291999447,-6219.896611499999,7638.881300000001,-7050.109963197484,-42491.715709600016,28276.78032432498,416925.0,401001.43447225,441217.46375,,
Bar 13,150,jour_9h,quart_spread,toutes,0.4,0.3,-1.181651521800397,-1865.9689834500005,958.5993036,243.45807377025397,-8418.24076266749,8181.562625242495,416925.0,419432.92236149,441217.46375,,
Bar 13,150,jour_9h,quart_spread,toutes,0.4,0.6,-2.3633030435997626,-3731.937966900001,1917.1986072,486.91614754050863,-16836.48152533498,16363.12525048499,416925.0,419805.93171689997,441217.46375,,
Bar 13,150,jour_9h,quart_spread,toutes,0.4,1.0,-16.560071203999424,-6219.896611499999,3195.3310119999987,811.5269125675145,-28060.802542225007,27271.87541747502,416925.0,417088.57227075,441217.46375,,
Bar 13,150,veille_12h,demi_spread,grosses,0.0,0.3,-209.40674957100012,-2466.7142016,1801.5507599999983,-10785.578415534601,-24810.82943510999,3645.436416435002,416925.0,405163.850363175,441217.46375,,
Bar 13,150,veille_12h,demi_spread,grosses,0.0,0.6,-418.8134991419996,-4933.4284032,3603.10152,-21571.1568310692,-49621.65887021998,7290.872832870005,416925.0,388691.47724651,441217.46375,,
Bar 13,150,veille_12h,demi_spread,grosses,0.0,1.0,-869.2118661999998,-8222.380672,6005.1692,-35951.928051782,-82702.76478369997,12151.45472144997,416925.0,362100.14179285,441217.46375,,
Bar 13,150,veille_12h,demi_spread,grosses,0.4,0.3,-219.41858372115004,-2466.7142016,903.134193599999,-9472.973038424698,-20470.507941509983,1501.9938901125183,416925.0,406926.14007822506,441217.46375,,
Bar 13,150,veille_12h,demi_spread,grosses,0.4,0.6,-438.8371674422998,-4933.4284032,1806.2683872000016,-18945.946076849403,-40941.015883020016,3003.9877802249785,416925.0,393401.89770629996,441217.46375,,
Bar 13,150,veille_12h,demi_spread,grosses,0.4,1.0,-902.5846467005,-8222.380672,3010.4473120000002,-31576.576794749,-68235.0264717,5006.646300375002,416925.0,371426.38602475,441217.46375,,
Bar 13,150,veille_12h,demi_spread,toutes,0.0,0.3,-209.40674957100012,-2466.7142016,1801.5507599999983,-20707.59290568296,-38138.95632344623,-3265.8968927081537,416925.0,396018.1521602475,441217.46375,,
Bar 13,150,veille_12h,demi_spread,toutes,0.0,0.6,-418.8134991419996,-4933.4284032,3603.10152,-41415.18581136592,-76277.91264689247,-6531.793785416249,416925.0,369044.95595411496,441217.46375,,
Bar 13,150,veille_12h,demi_spread,toutes,0.0,1.0,-869.2118661999998,-8222.380672,6005.1692,-69025.30968560986,-127129.85441148745,-10886.322975693749,416925.0,326152.4457046875,441217.46375,,
Bar 13,150,veille_12h,demi_spread,toutes,0.4,0.3,-219.41858372115004,-2466.7142016,903.134193599999,-17958.97888802722,-30824.628177969396,-5194.848765101289,416925.0,399025.7420268725,441217.46375,,
Bar 13,150,veille_12h,demi_spread,toutes,0.4,0.6,-438.8371674422998,-4933.4284032,1806.2683872000016,-35917.95777605445,-61649.25635593874,-10389.697530202522,416925.0,375845.2718516825,441217.46375,,
Bar 13,150,veille_12h,demi_spread,toutes,0.4,1.0,-902.7559888385,-8222.380672,3010.4473120000002,-59863.26296009074,-102748.76059323121,-17316.162550337536,416925.0,342332.0714022625,441217.46375,,
Bar 13,150,jour_9h,demi_spread,grosses,0.0,0.3,-34.91527574820028,-1877.65308345,2271.0453899999993,-2525.6222351057995,-12553.376077350005,8042.569406369979,416925.0,414266.63595964,441217.46375,,
Bar 13,150,jour_9h,demi_spread,grosses,0.0,0.6,-69.83055149639941,-3755.3061669,4542.090779999999,-5051.244470211597,-25106.75215470001,16085.138812740015,416925.0,409792.79918020003,441217.46375,,
Bar 13,150,jour_9h,demi_spread,grosses,0.0,1.0,-140.3573902920004,-6258.843611499999,7570.151300000001,-8418.740783685997,-41844.5869245,26808.564687899987,416925.0,399743.10034219996,441217.46375,,
Bar 13,150,jour_9h,demi_spread,grosses,0.4,0.3,-15.309103021800162,-1877.65308345,943.9295724000003,-445.2361840559995,-8096.848030380027,5994.817201950005,416925.0,417597.75856316,441217.46375,,
Bar 13,150,jour_9h,demi_spread,grosses,0.4,0.6,-30.61820604359959,-3755.3061669,1887.8591448000006,-890.4723681119998,-16193.696060759996,11989.63440390001,416925.0,417053.08520752,441217.46375,,
Bar 13,150,jour_9h,demi_spread,grosses,0.4,1.0,-75.00348120400037,-6258.843611499999,3146.4319079999987,-1484.1206135199996,-26989.493434600015,19982.72400650002,416925.0,413727.16025260004,441217.46375,,
Bar 13,150,jour_9h,demi_spread,toutes,0.0,0.3,-34.91527574820028,-1877.65308345,2271.0453899999993,-5001.439227959248,-15630.064002982512,5486.103770092472,416925.0,412580.42898113,441217.46375,,
Bar 13,150,jour_9h,demi_spread,toutes,0.0,0.6,-69.83055149639941,-3755.3061669,4542.090779999999,-10002.878455918495,-31260.128005965023,10972.207540184943,416925.0,405731.00797247,441217.46375,,
Bar 13,150,jour_9h,demi_spread,toutes,0.0,1.0,-140.3573902920004,-6258.843611499999,7570.151300000001,-16671.464093197494,-52100.21334327502,18287.012566974907,416925.0,391265.6400132,441217.46375,,
Bar 13,150,jour_9h,demi_spread,toutes,0.4,0.3,-15.309103021800162,-1877.65308345,943.9295724000003,-950.019511479749,-9702.255672555008,7066.050065865019,416925.0,418006.163653545,441217.46375,,
Bar 13,150,jour_9h,demi_spread,toutes,0.4,0.6,-30.61820604359959,-3755.3061669,1887.8591448000006,-1900.0390229594987,-19404.511345110015,14132.100131729982,416925.0,416940.04881178,441217.46375,,
Bar 13,150,jour_9h,demi_spread,toutes,0.4,1.0,-75.00348120400037,-6258.843611499999,3146.4319079999987,-3166.731704932498,-32340.85224185003,23553.50021955001,416925.0,412504.25868015,441217.46375,,
Bar 13,150,veille_12h,mid,grosses,0.4,0.6,-28.945193442299963,-3983.1124391999983,2790.6785550000004,-1269.4560748493989,-18964.350508275023,17337.58649580001,416925.0,415008.64466531004,441217.46375,0.6,0.5
Bar 13,150,veille_12h,mid,grosses,0.4,0.6,-28.945193442299963,-3983.1124391999983,2790.6785550000004,-1269.4560748493989,-18964.350508275023,17337.58649580001,452329.4,447133.5381539,466904.87825,0.6,0.3
Bar 13,150,veille_12h,mid,grosses,0.4,0.6,127.0013703557,-3983.1124391999983,2956.5542862,-1269.4560748493989,-18964.350508275023,17337.58649580001,328414.0,328791.75279179,376998.9275,0.6,1.0
Bar 13,150,veille_12h,mid,grosses,0.4,0.6,-28.94519344230002,-3983.1124391999983,2790.6785549999986,-1269.4560748493989,-18964.350508275023,17337.58649580001,416925.0,415008.64466531004,441217.46375,0.75,0.5
Bar 13,150,veille_12h,mid,grosses,0.4,0.6,-28.945193442299985,-3983.1124391999983,2790.6785549999986,-1269.4560748493989,-18964.350508275023,17337.58649580001,452329.4,447133.5381539,466904.87825,0.75,0.3
Bar 13,150,veille_12h,mid,grosses,0.4,0.6,127.00137035570006,-3983.1124391999983,2956.5542862,-1269.4560748493989,-18964.350508275023,17337.58649580001,328414.0,328791.75279179,376998.9275,0.75,1.0
Bar 13,150,veille_12h,mid,grosses,0.4,0.6,-28.94519344230002,-3983.1124391999983,2790.6785549999986,-1269.4560748493989,-18964.350508275023,17337.58649580001,416925.0,415008.64466531004,441217.46375,0.9,0.5
Bar 13,150,veille_12h,mid,grosses,0.4,0.6,-28.94519344230002,-3983.1124391999983,2790.6785549999986,-1269.4560748493989,-18964.350508275023,17337.58649580001,452329.4,447133.5381539,466904.87825,0.9,0.3
Bar 13,150,veille_12h,mid,grosses,0.4,0.6,127.97532884385795,-3983.1124391999983,2956.5542862,-1269.4560748493989,-18964.350508275023,17337.58649580001,328414.0,328791.75279179,376998.9275,0.9,1.0
Watermark (Pier 15),900,veille_12h,mid,grosses,0.0,0.3,948.462342148126,-15745.116555000015,20575.98112499999,32343.140157299993,-76988.15235168733,139397.87431631252,3813390.0,3842185.159945125,4002419.295,,
Watermark (Pier 15),900,veille_12h,mid,grosses,0.0,0.6,1896.924684296251,-31490.23311,41151.96224999998,64686.280314599986,-153976.30470337512,278795.74863262457,3813390.0,3842170.6791825,4002419.295,,
Watermark (Pier 15),900,veille_12h,mid,grosses,0.0,1.0,3067.83661359375,-52483.72185,68586.60375,107810.46719099999,-256627.17450562504,464659.5810543744,3813390.0,3785508.65172375,4002419.295,,
Watermark (Pier 15),900,veille_12h,mid,grosses,0.4,0.3,-235.02519813937462,-15745.116555000015,11031.463406249997,-5852.2379395725,-80947.00179365625,65505.91075087483,3813390.0,3812795.6081551877,4002419.295,,
Watermark (Pier 15),900,veille_12h,mid,grosses,0.4,0.6,-470.0503962787493,-31490.23311,22062.926812499994,-11704.475879145,-161894.0035873125,131011.82150175012,3813390.0,3796501.58078625,4002419.295,,
Watermark (Pier 15),900,veille_12h,mid,grosses,0.4,1.0,-877.1218540312503,-52483.72185,36771.54468749999,-19507.459798575008,-269823.3393121875,218353.0358362499,3813390.0,3752599.4020462497,4002419.295,,
Watermark (Pier 15),900,veille_12h,mid,toutes,0.0,0.3,948.462342148126,-15745.116555000015,20575.98112499999,58749.654235733986,-61218.18880655644,176392.74740574343,3813390.0,3875789.9984139004,4002419.295,,
Watermark (Pier 15),900,veille_12h,mid,toutes,0.0,0.6,1896.924684296251,-31490.23311,41151.96224999998,117499.30847146797,-122436.37761311242,352785.49481148686,3813390.0,3898409.5233657,4002419.295,,
Watermark (Pier 15),900,veille_12h,mid,toutes,0.0,1.0,3067.83661359375,-52483.72185,68586.60375,195832.18078577996,-204060.62935518738,587975.824685812,3813390.0,3880395.2399546253,4002419.295,,
Watermark (Pier 15),900,veille_12h,mid,toutes,0.4,0.3,-235.02519813937462,-15745.116555000015,11031.463406249997,-10889.47711159875,-92169.43092039398,70898.88322833732,3813390.0,3810913.7861859747,4002419.295,,
Watermark (Pier 15),900,veille_12h,mid,toutes,0.4,0.6,-470.0503962787493,-31490.23311,22062.926812499994,-21778.954223197507,-184338.86184078752,141797.76645667508,3813390.0,3789779.3523828,4002419.295,,
Watermark (Pier 15),900,veille_12h,mid,toutes,0.4,1.0,-877.1218540312503,-52483.72185,36771.54468749999,-36298.257038662494,-307231.43640131265,236329.61076112496,3813390.0,3721876.9728446254,4002419.295,,
Watermark (Pier 15),900,jour_9h,mid,grosses,0.0,0.3,339.0199870050011,-12761.857394999999,18280.765125000005,2945.717446454996,-77396.67770624996,82391.33397599998,3813390.0,3813021.062865,4002419.295,,
Watermark (Pier 15),900,jour_9h,mid,grosses,0.0,0.6,678.0399740100029,-25523.714789999998,36561.53025000001,5891.434892909994,-154793.35541249992,164782.66795199996,3813390.0,3801075.9770655,4002419.295,,
Watermark (Pier 15),900,jour_9h,mid,grosses,0.0,1.0,1105.28042175,-42539.52464999998,60935.88375000001,9819.05815484999,-257988.92568749984,274637.77991999936,3813390.0,3759179.9033250003,4002419.295,,
Watermark (Pier 15),900,jour_9h,mid,grosses,0.4,0.3,287.07580392750106,-12761.857394999999,8328.852000000014,6231.657401392505,-53908.527715874916,59210.33268149984,3813390.0,3833905.39445025,4002419.295,,
Watermark (Pier 15),900,jour_9h,mid,grosses,0.4,0.6,574.1516078550012,-25523.714789999998,16657.703999999998,12463.314802784998,-107817.05543174983,118420.66536299969,3813390.0,3843561.9944925,4002419.295,,
Watermark (Pier 15),900,jour_9h,mid,grosses,0.4,1.0,932.1331448249992,-42539.52464999998,27762.839999999997,20772.191337975004,-179695.09238625018,197367.77560499962,3813390.0,3831240.136815,4002419.295,,
Watermark (Pier 15),900,jour_9h,mid,toutes,0.0,0.3,339.0199870050011,-12761.857394999999,18280.765125000005,5455.814976422993,-76207.63736249982,94140.12562919987,3813390.0,3819554.4807,4002419.295,,
Watermark (Pier 15),900,jour_9h,mid,toutes,0.0,0.6,678.0399740100029,-25523.714789999998,36561.53025000001,10911.629952845993,-152415.2747250001,188280.25125839974,3813390.0,3808185.5410641003,4002419.295,,
Watermark (Pier 15),900,jour_9h,mid,toutes,0.0,1.0,1105.28042175,-42539.52464999998,60935.88375000001,18186.049921409995,-254025.4578750002,313800.4187639996,3813390.0,3763592.7770384997,4002419.295,,
Watermark (Pier 15),900,jour_9h,mid,toutes,0.4,0.3,287.07580392750106,-12761.857394999999,8328.852000000014,11131.877047945502,-59815.82620282484,71984.01902422507,3813390.0,3843569.582181,4002419.295,,
Watermark (Pier 15),900,jour_9h,mid,toutes,0.4,0.6,574.1516078550012,-25523.714789999998,16657.703999999998,22263.754095891003,-119631.65240565014,143968.0380484497,3813390.0,3860523.183573,4002419.295,,
Watermark (Pier 15),900,jour_9h,mid,toutes,0.4,1.0,932.1331448249992,-42539.52464999998,27762.839999999997,37106.25682648501,-199386.08734275008,239946.73008074964,3813390.0,3857676.547725,4002419.295,,
Watermark (Pier 15),900,veille_12h,quart_spread,grosses,0.0,0.3,-513.9499641018739,-16831.866554999986,16816.3695,-27247.872355199986,-141565.8226539376,85064.46905446854,3813390.0,3775634.8410571874,4002419.295,,
Watermark (Pier 15),900,veille_12h,quart_spread,grosses,0.0,0.6,-1027.89992820375,-33663.73311,33632.739,-54495.74471039997,-283131.6453078752,170128.93810893755,3813390.0,3716685.162918,4002419.295,,
Watermark (Pier 15),900,veille_12h,quart_spread,grosses,0.0,1.0,-2003.3011364062488,-56106.22185,56054.565,-90826.24118399995,-471886.0755131247,283548.2301815627,3813390.0,3578184.3026475,4002419.295,,
Watermark (Pier 15),900,veille_12h,quart_spread,grosses,0.4,0.3,-1057.613441889374,-16831.866554999986,7609.113776249986,-40570.99338332249,-124219.33650393764,37705.82352665627,3813390.0,3775145.17550625,4002419.295,,
Watermark (Pier 15),900,veille_12h,quart_spread,grosses,0.4,0.6,-2115.2268837787506,-33663.73311,15218.2275525,-81141.98676664497,-248438.6730078748,75411.64705331254,3813390.0,3721691.8451632503,4002419.295,,
Watermark (Pier 15),900,veille_12h,quart_spread,grosses,0.4,1.0,-3815.5127290312494,-56106.22185,25363.71258749999,-135236.64461107497,-414064.45501312485,125686.07842218742,3813390.0,3617139.74391,4002419.295,,
Watermark (Pier 15),900,veille_12h,quart_spread,toutes,0.0,0.3,-513.9499641018739,-16831.866554999986,16816.3695,-50407.09117176598,-175354.906535156,72159.54713493733,3813390.0,3767681.34303435,4002419.295,,
Watermark (Pier 15),900,veille_12h,quart_spread,toutes,0.0,0.6,-1027.89992820375,-33663.73311,33632.739,-100814.18234353194,-350709.8130703125,144319.09426987465,3813390.0,3674017.198509525,4002419.295,,
Watermark (Pier 15),900,veille_12h,quart_spread,toutes,0.0,1.0,-2003.3011364062488,-56106.22185,56054.565,-168023.6372392199,-584516.3551171875,240531.82378312488,3813390.0,3503214.453430125,4002419.295,,
Watermark (Pier 15),900,veille_12h,quart_spread,toutes,0.4,0.3,-1057.613441889374,-16831.866554999986,7609.113776249986,-74540.74520284873,-162538.3034296873,16015.362725643732,3813390.0,3740831.631083138,4002419.295,,
Watermark (Pier 15),900,veille_12h,quart_spread,toutes,0.4,0.6,-2115.2268837787506,-33663.73311,15218.2275525,-149081.49040569743,-325076.6068593751,32030.725451287453,3813390.0,3648083.1381130503,4002419.295,,
Watermark (Pier 15),900,veille_12h,quart_spread,toutes,0.4,1.0,-3815.5127290312494,-56106.22185,25363.71258749999,-248469.15067616242,-541794.344765625,53384.54241881228,3813390.0,3494393.5331655,4002419.295,,
Watermark (Pier 15),900,jour_9h,quart_spread,grosses,0.0,0.3,37.66421200500251,-12816.194894999993,18009.077625000005,-9168.094622294977,-89941.78444387516,70265.99692349977,3813390.0,3801053.405268,4002419.295,,
Watermark (Pier 15),900,jour_9h,quart_spread,grosses,0.0,0.6,75.32842400999803,-25632.389789999987,36018.15525000001,-18336.18924458996,-179883.56888774986,140531.993847,3813390.0,3777716.7364545004,4002419.295,,
Watermark (Pier 15),900,jour_9h,quart_spread,grosses,0.0,1.0,99.3121717500004,-42720.64964999998,60030.25875000001,-30560.315407649934,-299805.9481462501,234219.98974500003,3813390.0,3720050.9008425004,4002419.295,,
Watermark (Pier 15),900,jour_9h,quart_spread,grosses,0.4,0.3,175.6567601775027,-12816.194894999993,7788.672045000014,1236.492532642511,-60307.62687337494,54614.22512962506,3813390.0,3828223.3626472503,4002419.295,,
Watermark (Pier 15),900,jour_9h,quart_spread,grosses,0.4,0.6,351.3135203549982,-25632.389789999987,15577.344089999999,2472.9850652850346,-120615.25374674988,109228.45025925012,3813390.0,3830916.0165255,4002419.295,,
Watermark (Pier 15),900,jour_9h,quart_spread,grosses,0.4,1.0,559.2873323249995,-42720.64964999998,25962.240149999998,4121.641775475053,-201025.4229112501,182047.41709875021,3813390.0,3811212.1059075003,4002419.295,,
Watermark (Pier 15),900,jour_9h,quart_spread,toutes,0.0,0.3,37.66421200500251,-12816.194894999993,18009.077625000005,-16687.525902326954,-98441.60982232507,71295.80643989987,3813390.0,3798538.09174665,4002419.295,,
Watermark (Pier 15),900,jour_9h,quart_spread,toutes,0.0,0.6,75.32842400999803,-25632.389789999987,36018.15525000001,-33375.05180465392,-196883.21964465012,142591.6128798002,3813390.0,3762104.6838879,4002419.295,,
Watermark (Pier 15),900,jour_9h,quart_spread,toutes,0.0,1.0,99.3121717500004,-42720.64964999998,60030.25875000001,-55625.08634108986,-328138.6994077499,237652.68813299987,3813390.0,3693933.2684835005,4002419.295,,
Watermark (Pier 15),900,jour_9h,quart_spread,toutes,0.4,0.3,175.6567601775027,-12816.194894999993,7788.672045000014,1949.0297291955376,-69836.09557679998,63226.809949275106,3813390.0,3832552.5795774,4002419.295,,
Watermark (Pier 15),900,jour_9h,quart_spread,toutes,0.4,0.6,351.3135203549982,-25632.389789999987,15577.344089999999,3898.059458391064,-139672.1911536,126453.61989855021,3813390.0,3841826.0242446,4002419.295,,
Watermark (Pier 15),900,jour_9h,quart_spread,toutes,0.4,1.0,559.2873323249995,-42720.64964999998,25962.240149999998,6496.765763985112,-232786.98525599996,210756.03316425037,3813390.0,3822237.9033615002,4002419.295,,
Watermark (Pier 15),900,veille_12h,demi_spread,grosses,0.0,0.3,-1976.3622703518756,-19501.685280000005,14242.945500000002,-86838.88486769998,-212766.10887656253,33381.62313412494,3813390.0,3713287.7133568125,4002419.295,,
Watermark (Pier 15),900,veille_12h,demi_spread,grosses,0.0,0.6,-3952.7245407037503,-39003.37056000001,28485.891000000003,-173677.76973539995,-425532.21775312506,66763.24626824986,3813390.0,3580484.804056125,4002419.295,,
Watermark (Pier 15),900,veille_12h,demi_spread,grosses,0.0,1.0,-7354.820296349999,-65005.6176,47476.484999999986,-289462.949559,-709220.362921875,111272.07711374993,3813390.0,3356452.8019575,4002419.295,,
Watermark (Pier 15),900,veille_12h,demi_spread,grosses,0.4,0.3,-1880.201685639376,-19501.685280000005,7142.8382549999815,-75289.7488270725,-172213.58529309384,10306.057509562392,3813390.0,3735002.6657173126,4002419.295,,
Watermark (Pier 15),900,veille_12h,demi_spread,grosses,0.4,0.6,-3760.40337127875,-39003.37056000001,14285.676509999965,-150579.497654145,-344427.1705861877,20612.115019124773,3813390.0,3633199.993513125,4002419.295,,
Watermark (Pier 15),900,veille_12h,demi_spread,grosses,0.4,1.0,-7034.285013975,-65005.6176,23809.46084999996,-250965.829423575,-574045.2843103128,34353.525031874924,3813390.0,3473583.0601893747,4002419.295,,
Watermark (Pier 15),900,veille_12h,demi_spread,toutes,0.0,0.3,-1976.3622703518756,-19501.685280000005,14242.945500000002,-159563.836579266,-297099.4540720501,-23424.183206156376,3813390.0,3652286.475577162,4002419.295,,
Watermark (Pier 15),900,veille_12h,demi_spread,toutes,0.0,0.6,-3952.7245407037503,-39003.37056000001,28485.891000000003,-319127.6731585319,-594198.9081440998,-46848.36641231321,3813390.0,3434963.1153878253,4002419.295,,
Watermark (Pier 15),900,veille_12h,demi_spread,toutes,0.0,1.0,-7354.820296349999,-65005.6176,47476.484999999986,-531879.4552642199,-990331.5135735001,-78080.61068718838,3813390.0,3105645.698602125,4002419.295,,
Watermark (Pier 15),900,veille_12h,demi_spread,toutes,0.4,0.3,-1880.201685639376,-19501.685280000005,7142.8382549999815,-138192.01329409872,-239166.03427447518,-33866.95815838142,3813390.0,3672634.1338236374,4002419.295,,
Watermark (Pier 15),900,veille_12h,demi_spread,toutes,0.4,0.6,-3760.40337127875,-39003.37056000001,14285.676509999965,-276384.02658819745,-478332.06854894996,-67733.91631676239,3813390.0,3504380.651737875,4002419.295,,
Watermark (Pier 15),900,veille_12h,demi_spread,toutes,0.4,1.0,-7034.285013975,-65005.6176,23809.46084999996,-460640.04431366245,-797220.11424825,-112889.86052793746,3813390.0,3250724.552656875,4002419.295,,
Watermark (Pier 15),900,jour_9h,demi_spread,grosses,0.0,0.3,-263.6915629950031,-13419.993194999988,17737.390125000005,-21281.906691044987,-104219.8335989998,59589.39434175016,3813390.0,3789223.76963025,4002419.295,,
Watermark (Pier 15),900,jour_9h,demi_spread,grosses,0.0,0.6,-527.3831259899988,-26839.986390000005,35474.78025000001,-42563.81338208998,-208439.66719800007,119178.78868349986,3813390.0,3755094.453621,4002419.295,,
Watermark (Pier 15),900,jour_9h,demi_spread,grosses,0.0,1.0,-906.6560782499998,-44733.31065,59124.63375000001,-70939.68897014996,-347399.44533000025,198631.31447249991,3813390.0,3678493.1461425,4002419.295,,
Watermark (Pier 15),900,jour_9h,demi_spread,grosses,0.4,0.3,64.2377164274966,-13419.993194999988,7462.82961899999,-3758.6723361074924,-66705.82783199976,49475.8738844998,3813390.0,3822239.24586,4002419.295,,
Watermark (Pier 15),900,jour_9h,demi_spread,grosses,0.4,0.6,128.4754328550003,-26839.986390000005,14925.659238000007,-7517.344672214997,-133411.655664,98951.74776900005,3813390.0,3819621.824424,4002419.295,,
Watermark (Pier 15),900,jour_9h,demi_spread,grosses,0.4,1.0,186.44151982499912,-44733.31065,24876.098729999994,-12528.907787024986,-222352.75943999982,164919.57961499976,3813390.0,3790832.1237675003,4002419.295,,
Watermark (Pier 15),900,jour_9h,demi_spread,toutes,0.0,0.3,-263.6915629950031,-13419.993194999988,17737.390125000005,-38830.866781076984,-120939.64177522514,48148.30225800008,3813390.0,3777421.6187694,4002419.295,,
Watermark (Pier 15),900,jour_9h,demi_spread,toutes,0.0,0.6,-527.3831259899988,-26839.986390000005,35474.78025000001,-77661.73356215397,-241879.28355044985,96296.60451600017,3813390.0,3722294.5076646,4002419.295,,
Watermark (Pier 15),900,jour_9h,demi_spread,toutes,0.0,1.0,-906.6560782499998,-44733.31065,59124.63375000001,-129436.22260358995,-403132.1392507499,160494.3408600001,3813390.0,3619039.0996305,4002419.295,,
Watermark (Pier 15),900,jour_9h,demi_spread,toutes,0.4,0.3,64.2377164274966,-13419.993194999988,7462.82961899999,-7233.817589554497,-79517.88829529981,53871.79523984989,3813390.0,3821784.25935285,4002419.295,,
Watermark (Pier 15),900,jour_9h,demi_spread,toutes,0.4,0.6,128.4754328550003,-26839.986390000005,14925.659238000007,-14467.635179108993,-159035.7765906001,107743.59047969978,3813390.0,3821176.5454925997,4002419.295,,
Watermark (Pier 15),900,jour_9h,demi_spread,toutes,0.4,1.0,186.44151982499912,-44733.31065,24876.098729999994,-24112.725298514975,-265059.627651,179572.65079949965,3813390.0,3784308.764166,4002419.295,,
Watermark (Pier 15),900,veille_12h,mid,grosses,0.4,0.6,-470.05039627874925,-31490.23311,22062.926812499994,-11704.475879145,-161894.0035873125,131011.82150175012,3813390.0,3796501.58078625,4002419.295,0.6,0.5
Watermark (Pier 15),900,veille_12h,mid,grosses,0.4,0.6,-470.0503962787493,-31490.23311,22062.926812499994,-11704.475879145002,-161894.0035873125,131011.82150175012,4088700.0,4052225.64122775,4202117.577,0.6,0.3
Watermark (Pier 15),900,veille_12h,mid,grosses,0.4,0.6,637.7628169012503,-31490.23311,23374.3297725,-11704.475879145,-161894.0035873125,131011.82150175012,3125115.0,3123926.216310375,3503173.59,0.6,1.0
Watermark (Pier 15),900,veille_12h,mid,grosses,0.4,0.6,-470.0503962787493,-31490.23311,22062.926812499994,-11704.475879145,-161894.0035873125,131011.82150175012,3813390.0,3796501.58078625,4002419.295,0.75,0.5
Watermark (Pier 15),900,veille_12h,mid,grosses,0.4,0.6,-470.0503962787493,-31490.23311,22062.926812499994,-11704.475879145002,-161894.0035873125,131011.82150175012,4088700.0,4052225.64122775,4202117.577,0.75,0.3
Watermark (Pier 15),900,veille_12h,mid,grosses,0.4,0.6,637.762816901251,-31490.23311,23374.3297725,-11704.475879145,-161894.0035873125,131011.82150175012,3125115.0,3123926.216310375,3503173.59,0.75,1.0
Watermark (Pier 15),900,veille_12h,mid,grosses,0.4,0.6,-470.0503962787491,-31490.23311000003,22062.926812499994,-11704.475879145,-161894.0035873125,131011.82150175012,3813390.0,3796501.58078625,4002419.295,0.9,0.5
Watermark (Pier 15),900,veille_12h,mid,grosses,0.4,0.6,-470.0503962787491,-31490.23311000003,22062.926812499994,-11704.475879145002,-161894.0035873125,131011.82150175012,4088700.0,4052225.64122775,4202117.577,0.9,0.3
Watermark (Pier 15),900,veille_12h,mid,grosses,0.4,0.6,637.7628169012512,-31490.23311,23374.3297725,-11704.475879145,-161894.0035873125,131011.82150175012,3125115.0,3123926.216310375,3503173.59,0.9,1.0
