nom,saison,filtre,q,seuil,execution,mode,couvertes,paiements,paiements_utiles,engagement,gain_moyen,ic_bas,ic_haut,pire5_sans,pire5_avec,ederington_e,R_saison
230 Fifth,2025,aucun,0.0,0.4,mid,h_0.6,3.928,3.15,1.443,91999.45930266,12328.540697340008,-32787.26509499957,54100.25460900023,6653762.0,6668239.215679999,0.05154305568442685,9494400.0
230 Fifth,2025,aucun,0.0,0.4,mid,net_0.6,3.928,3.15,1.443,580608.7418718575,78152.03551126092,-46640.663837772794,227981.75778376163,6653762.0,6738224.52916392,0.055456754782723716,9494400.0
230 Fifth,2025,aucun,0.0,0.4,quart_spread,h_0.6,3.928,3.15,1.443,102517.37770266,1810.6222973400158,-46425.00158999993,39279.51766799995,6653762.0,6658550.319031999,0.03167569327611264,9494400.0
230 Fifth,2025,aucun,0.0,0.4,quart_spread,net_0.6,3.928,3.15,1.443,902698.6491012136,38859.75368132788,-160399.1140070653,198720.0,6653762.0,6684295.652179668,-0.06713729195243756,9494400.0
230 Fifth,2025,aucun,0.0,0.5,mid,h_0.6,3.3905,3.1245,1.443,83766.36549851998,19717.074501480012,-17139.599999999627,56758.042908000236,6653762.0,6677429.730848,0.0538992437805057,9494400.0
230 Fifth,2025,aucun,0.0,0.5,mid,net_0.6,3.3905,3.1245,1.443,565144.2211880703,92168.4080469,-14039.263451883637,229637.51999999955,6653762.0,6753789.643999999,0.08034682655414316,9494400.0
230 Fifth,2025,aucun,0.0,0.5,quart_spread,h_0.6,3.3905,3.1245,1.443,93000.59409852,10482.845901480023,-25254.0,40763.938472999886,6653762.0,6665495.729312,0.0356030129274153,9494400.0
230 Fifth,2025,aucun,0.0,0.5,quart_spread,net_0.6,3.3905,3.1245,1.443,877596.1759885119,62449.220703022664,-106332.63157894742,198720.0,6653762.0,6718649.876,0.017551282480143926,9494400.0
230 Fifth,2025,soir,0.3,0.4,mid,h_0.6,2.4475,2.315,1.443,59609.13954804,17063.66045196001,-13193.583840000443,49580.22082500025,6653762.0,6672348.28988,0.041828875419446354,9494400.0
230 Fifth,2025,soir,0.3,0.4,mid,net_0.6,2.4475,2.315,1.443,412949.30506970995,70100.02006762537,-13984.201451883651,165600.0,6653762.0,6731170.789927406,0.07745116312873634,9494400.0
230 Fifth,2025,soir,0.3,0.4,quart_spread,h_0.6,2.4475,2.315,1.443,66544.46754804,10128.33245196003,-17633.05487999972,36108.05245200039,6653762.0,6660186.060079999,0.023328412514178387,9494400.0
230 Fifth,2025,soir,0.3,0.4,quart_spread,net_0.6,2.4475,2.315,1.443,661297.6255368011,49833.987018812135,-84732.22080000024,165600.0,6653762.0,6703580.0,0.0409149900699558,9494400.0
230 Fifth,2025,soir,0.3,0.5,mid,h_0.6,2.422,2.2895,1.443,59257.12694003999,16571.11305996001,-13193.583840000443,48915.03212100042,6653762.0,6670731.579032,0.04280478982095359,9494400.0
230 Fifth,2025,soir,0.3,0.5,mid,net_0.6,2.422,2.2895,1.443,412345.71692156186,69255.46006762538,-13984.201451883651,165600.0,6653762.0,6728420.0,0.0801187713084992,9494400.0
230 Fifth,2025,soir,0.3,0.5,quart_spread,h_0.6,2.422,2.2895,1.443,66171.34094004,9656.899059960035,-17633.05487999972,34519.813695000186,6653762.0,6660186.060079999,0.024294991267367116,9494400.0
230 Fifth,2025,soir,0.3,0.5,quart_spread,net_0.6,2.422,2.2895,1.443,660629.1794457943,48989.42701881214,-84732.22080000024,165600.0,6653762.0,6703442.0,0.044073822199611645,9494400.0
230 Fifth,2025,soir,0.5,0.4,mid,h_0.6,1.765,1.765,0.9185,45088.061685839995,13368.738314160042,0.0,40516.899083999975,6653762.0,6664651.250456001,0.0325836191022183,9494400.0
230 Fifth,2025,soir,0.5,0.4,mid,net_0.6,1.765,1.765,0.9185,365565.5543176638,58125.32675999996,0.0,163397.51999999955,6653762.0,6711860.0,0.05709461857969644,9494400.0
230 Fifth,2025,soir,0.5,0.4,quart_spread,h_0.6,1.765,1.765,0.9185,50541.18688584,7915.613114160068,-4236.611039999872,27113.70042000023,6653762.0,6659420.0,0.019742408655666455,9494400.0
230 Fifth,2025,soir,0.5,0.4,quart_spread,net_0.6,1.765,1.765,0.9185,571232.9482446301,38544.47474399993,-84732.22080000024,132480.0,6653762.0,6689780.0,0.027706764497410163,9494400.0
230 Fifth,2025,soir,0.5,0.5,mid,h_0.6,1.765,1.765,0.9185,45088.061685839995,13368.738314160042,0.0,40516.899083999975,6653762.0,6664651.250456001,0.0325836191022183,9494400.0
230 Fifth,2025,soir,0.5,0.5,mid,net_0.6,1.765,1.765,0.9185,365565.5543176638,58125.32675999996,0.0,163397.51999999955,6653762.0,6711860.0,0.05709461857969644,9494400.0
230 Fifth,2025,soir,0.5,0.5,quart_spread,h_0.6,1.765,1.765,0.9185,50541.18688584,7915.613114160068,-4236.611039999872,27113.70042000023,6653762.0,6659420.0,0.019742408655666455,9494400.0
230 Fifth,2025,soir,0.5,0.5,quart_spread,net_0.6,1.765,1.765,0.9185,571232.9482446301,38544.47474399993,-84732.22080000024,132480.0,6653762.0,6689780.0,0.027706764497410163,9494400.0
230 Fifth,2025,soir,0.7,0.4,mid,h_0.6,1.3485,1.3485,0.64,35613.56603304,9048.75396696005,0.0,34913.44799999986,6653762.0,6661175.717143999,0.02993691948669963,9494400.0
230 Fifth,2025,soir,0.7,0.4,mid,net_0.6,1.3485,1.3485,0.64,332132.06401656964,44330.84675999998,0.0,132480.0,6653762.0,6698060.0,0.06028149719540121,9494400.0
230 Fifth,2025,soir,0.7,0.4,quart_spread,h_0.6,1.3485,1.3485,0.64,40745.51003304,3916.809966960056,-4236.611039999872,16697.44799999986,6653762.0,6658549.092488,0.017251017219964138,9494400.0
230 Fifth,2025,soir,0.7,0.4,quart_spread,net_0.6,1.3485,1.3485,0.64,533128.9275830601,24749.99474399992,-84732.22080000024,113717.51999999955,6653762.0,6675842.0,0.02932525475255643,9494400.0
230 Fifth,2025,soir,0.7,0.5,mid,h_0.6,1.3485,1.3485,0.64,35613.56603304,9048.75396696005,0.0,34913.44799999986,6653762.0,6661175.717143999,0.02993691948669963,9494400.0
230 Fifth,2025,soir,0.7,0.5,mid,net_0.6,1.3485,1.3485,0.64,332132.06401656964,44330.84675999998,0.0,132480.0,6653762.0,6698060.0,0.06028149719540121,9494400.0
230 Fifth,2025,soir,0.7,0.5,quart_spread,h_0.6,1.3485,1.3485,0.64,40745.51003304,3916.809966960056,-4236.611039999872,16697.44799999986,6653762.0,6658549.092488,0.017251017219964138,9494400.0
230 Fifth,2025,soir,0.7,0.5,quart_spread,net_0.6,1.3485,1.3485,0.64,533128.9275830601,24749.99474399992,-84732.22080000024,113717.51999999955,6653762.0,6675842.0,0.02932525475255643,9494400.0
230 Fifth,2025,stricte,0.3,0.4,mid,h_0.6,1.4895,1.4895,1.0405,38285.283933360006,11046.95606664002,0.0,36841.90140000032,6653762.0,6662175.180488,0.03856945746230278,9494400.0
230 Fifth,2025,stricte,0.3,0.4,mid,net_0.6,1.4895,1.4895,1.0405,324888.0528700204,49000.76675999996,0.0,132480.0,6653762.0,6709100.0,0.08632116731259842,9494400.0
230 Fifth,2025,stricte,0.3,0.4,quart_spread,h_0.6,1.4895,1.4895,1.0405,42108.491133359996,7223.748866640052,0.0,25686.64987199958,6653762.0,6659420.0,0.02243852015835568,9494400.0
230 Fifth,2025,stricte,0.3,0.4,quart_spread,net_0.6,1.4895,1.4895,1.0405,457474.07136508834,46508.48675999995,0.0,132480.0,6653762.0,6706340.0,0.08751586757041796,9494400.0
230 Fifth,2025,stricte,0.3,0.5,mid,h_0.6,1.464,1.464,1.0405,37933.27132536,10554.408674640023,0.0,36518.895288000014,6653762.0,6661339.930520001,0.03949436118927285,9494400.0
230 Fifth,2025,stricte,0.3,0.5,mid,net_0.6,1.464,1.464,1.0405,324284.46472187224,48156.20675999996,0.0,132480.0,6653762.0,6708989.876,0.08890916151882855,9494400.0
230 Fifth,2025,stricte,0.3,0.5,quart_spread,h_0.6,1.464,1.464,1.0405,41735.36452536,6752.315474640056,0.0,23493.18761999973,6653762.0,6659420.0,0.02332053269646439,9494400.0
230 Fifth,2025,stricte,0.3,0.5,quart_spread,net_0.6,1.464,1.464,1.0405,456805.6252740815,45663.926759999944,0.0,132480.0,6653762.0,6706340.0,0.08964205803644865,9494400.0
230 Fifth,2025,stricte,0.5,0.4,mid,h_0.6,0.7905,0.7905,0.64,20947.510545840003,5233.849454160066,0.0,30310.595999999903,6653762.0,6659449.3768879995,0.02926824989925836,9494400.0
230 Fifth,2025,stricte,0.5,0.4,mid,net_0.6,0.7905,0.7905,0.64,222202.80837603295,25849.886759999998,0.0,99360.0,6653762.0,6689780.0,0.08212669157581565,9494400.0
230 Fifth,2025,stricte,0.5,0.4,quart_spread,h_0.6,0.7905,0.7905,0.64,23267.56654584,2913.793454160051,0.0,14578.595999999903,6653762.0,6657625.6826,0.01644100532053905,9494400.0
230 Fifth,2025,stricte,0.5,0.4,quart_spread,net_0.6,0.7905,0.7905,0.64,284859.45775119035,23357.606759999944,0.0,99360.0,6653762.0,6689780.0,0.0822794448297568,9494400.0
230 Fifth,2025,stricte,0.5,0.5,mid,h_0.6,0.7905,0.7905,0.64,20947.510545840003,5233.849454160066,0.0,30310.595999999903,6653762.0,6659449.3768879995,0.02926824989925836,9494400.0
230 Fifth,2025,stricte,0.5,0.5,mid,net_0.6,0.7905,0.7905,0.64,222202.80837603295,25849.886759999998,0.0,99360.0,6653762.0,6689780.0,0.08212669157581565,9494400.0
230 Fifth,2025,stricte,0.5,0.5,quart_spread,h_0.6,0.7905,0.7905,0.64,23267.56654584,2913.793454160051,0.0,14578.595999999903,6653762.0,6657625.6826,0.01644100532053905,9494400.0
230 Fifth,2025,stricte,0.5,0.5,quart_spread,net_0.6,0.7905,0.7905,0.64,284859.45775119035,23357.606759999944,0.0,99360.0,6653762.0,6689780.0,0.0822794448297568,9494400.0
230 Fifth,2026,aucun,0.0,0.4,mid,h_0.6,10.557,7.551,3.186,254562.95685708,-4473.836857080003,-87027.43907700028,69311.51547299969,5612700.0,5619836.334384,0.031116686990912856,8224800.0
230 Fifth,2026,aucun,0.0,0.4,mid,net_0.6,10.557,7.551,3.186,1958030.6856949392,35890.99916081953,-352026.1320616474,304262.6793113318,5612700.0,5568393.951926086,-0.5596433591307954,8224800.0
230 Fifth,2026,aucun,0.0,0.4,quart_spread,h_0.6,10.557,7.551,3.186,279182.04645708,-29092.92645708,-116103.70380599995,49099.580487000145,5612700.0,5593270.203059999,0.013934022913211885,8224800.0
230 Fifth,2026,aucun,0.0,0.4,quart_spread,net_0.6,10.557,7.551,3.186,2790911.5365749206,-277003.6583801461,-1333198.870790701,236633.65005259108,5612700.0,4738486.074504035,-6.8289490592935955,8224800.0
230 Fifth,2026,aucun,0.0,0.5,mid,h_0.6,8.499,6.905,3.0185,222827.7186216,5865.881378399999,-69214.02364799978,65871.10778400005,5612700.0,5635838.47932,0.05911510074660087,8224800.0
230 Fifth,2026,aucun,0.0,0.5,mid,net_0.6,8.499,6.905,3.0185,1898566.7398070758,54611.92412694895,-324650.228379965,304244.9567999998,5612700.0,5595237.228840834,-0.48434356491493125,8224800.0
230 Fifth,2026,aucun,0.0,0.5,quart_spread,h_0.6,8.499,6.905,3.0185,234918.09182159998,-6224.491821599984,-84139.08548399978,53066.58127200016,5612700.0,5619941.965104,0.04016021560931393,8224800.0
230 Fifth,2026,aucun,0.0,0.5,quart_spread,net_0.6,8.499,6.905,3.0185,2662672.0812907955,-212895.49879662917,-1270435.6724684513,260451.89244851863,5612700.0,4786070.007393171,-6.691314576937572,8224800.0
230 Fifth,2026,soir,0.3,0.4,mid,h_0.6,6.007,5.368,3.186,158417.27622737997,19370.883772620007,-35809.35207299991,68375.53764899971,5612700.0,5643942.79428,0.06656061958990289,8224800.0
230 Fifth,2026,soir,0.3,0.4,mid,net_0.6,6.007,5.368,3.186,1391565.6666333412,97407.6043773922,-189339.49075802043,271124.9567999998,5612700.0,5687244.955721498,-0.029586995926651927,8224800.0
230 Fifth,2026,soir,0.3,0.4,quart_spread,h_0.6,6.007,5.368,3.186,165907.28142738,11880.87857262,-44284.43487599983,55071.603143999775,5612700.0,5634583.57011,0.041542293502023764,8224800.0
230 Fifth,2026,soir,0.3,0.4,quart_spread,net_0.6,6.007,5.368,3.186,1881365.7944391267,-4418.2402009259085,-656292.7731560855,231119.24255999975,5612700.0,5280472.085369303,-2.1716105116075783,8224800.0
230 Fifth,2026,soir,0.3,0.5,mid,h_0.6,5.8395,5.2005,3.0185,155852.68593168003,16387.874068320012,-36849.8121119997,59706.19321200029,5612700.0,5640888.6423120005,0.060454097122451755,8224800.0
230 Fifth,2026,soir,0.3,0.5,mid,net_0.6,5.8395,5.2005,3.0185,1386796.214792834,91860.00437739221,-190322.48518786905,264960.0,5612700.0,5680173.388523802,-0.03885062656753768,8224800.0
230 Fifth,2026,soir,0.3,0.5,quart_spread,h_0.6,5.8395,5.2005,3.0185,162247.04013168,9993.519868320001,-45514.85695199969,52409.17990800026,5612700.0,5629748.579064,0.037244985875071746,8224800.0
230 Fifth,2026,soir,0.3,0.5,quart_spread,net_0.6,5.8395,5.2005,3.0185,1870607.0793280234,-9965.84020092591,-658519.8157383101,226288.42559999973,5612700.0,5275984.262178197,-2.1777855241840895,8224800.0
230 Fifth,2026,soir,0.5,0.4,mid,h_0.6,4.4185,3.9335,2.697,121695.75515160001,8581.764848400006,-35006.49615599988,39825.45449999961,5612700.0,5629803.912648,0.05010540800526997,8224800.0
230 Fifth,2026,soir,0.5,0.4,mid,net_0.6,4.4185,3.9335,2.697,1208767.1041897235,63304.178862255416,-185545.35327153528,211049.91359999962,5612700.0,5664497.221299399,-0.009385948899944818,8224800.0
230 Fifth,2026,soir,0.5,0.4,quart_spread,h_0.6,4.4185,3.9335,2.697,126437.2557516,3840.2642484000153,-41611.03981199981,33503.74487999983,5612700.0,5623618.45512,0.03221213990449168,8224800.0
230 Fifth,2026,soir,0.5,0.4,quart_spread,net_0.6,4.4185,3.9335,2.697,1607837.99236158,-26878.82218656877,-644798.7072000001,170108.9567999998,5612700.0,5256576.714240001,-2.0772803962787703,8224800.0
230 Fifth,2026,soir,0.5,0.5,mid,h_0.6,4.4185,3.9335,2.697,121695.75515160001,8581.764848400006,-35006.49615599988,39825.45449999961,5612700.0,5629803.912648,0.05010540800526997,8224800.0
230 Fifth,2026,soir,0.5,0.5,mid,net_0.6,4.4185,3.9335,2.697,1208767.1041897235,63304.178862255416,-185545.35327153528,211049.91359999962,5612700.0,5664497.221299399,-0.009385948899944818,8224800.0
230 Fifth,2026,soir,0.5,0.5,quart_spread,h_0.6,4.4185,3.9335,2.697,126437.2557516,3840.2642484000153,-41611.03981199981,33503.74487999983,5612700.0,5623618.45512,0.03221213990449168,8224800.0
230 Fifth,2026,soir,0.5,0.5,quart_spread,net_0.6,4.4185,3.9335,2.697,1607837.99236158,-26878.82218656877,-644798.7072000001,170108.9567999998,5612700.0,5256576.714240001,-2.0772803962787703,8224800.0
230 Fifth,2026,soir,0.7,0.4,mid,h_0.6,2.632,2.632,2.0235,76964.83955784,10207.000442160017,0.0,26317.178496000146,5612700.0,5628943.5246,0.023709450795201925,8224800.0
230 Fifth,2026,soir,0.7,0.4,mid,net_0.6,2.632,2.632,2.0235,895693.7623759764,68830.9381871999,0.0,165600.0,5612700.0,5698904.9568,0.1368051768865437,8224800.0
230 Fifth,2026,soir,0.7,0.4,quart_spread,h_0.6,2.632,2.632,2.0235,79807.52915783999,7364.310842159999,-383.5130399996646,22408.019928000078,5612700.0,5623662.117216,0.012963206856982157,8224800.0
230 Fifth,2026,soir,0.7,0.4,quart_spread,net_0.6,2.632,2.632,2.0235,1146009.1051342515,49514.78253599994,-14901.35039999988,132480.0,5612700.0,5676768.5976,0.06886007321546495,8224800.0
230 Fifth,2026,soir,0.7,0.5,mid,h_0.6,2.632,2.632,2.0235,76964.83955784,10207.000442160017,0.0,26317.178496000146,5612700.0,5628943.5246,0.023709450795201925,8224800.0
230 Fifth,2026,soir,0.7,0.5,mid,net_0.6,2.632,2.632,2.0235,895693.7623759764,68830.9381871999,0.0,165600.0,5612700.0,5698904.9568,0.1368051768865437,8224800.0
230 Fifth,2026,soir,0.7,0.5,quart_spread,h_0.6,2.632,2.632,2.0235,79807.52915783999,7364.310842159999,-383.5130399996646,22408.019928000078,5612700.0,5623662.117216,0.012963206856982157,8224800.0
230 Fifth,2026,soir,0.7,0.5,quart_spread,net_0.6,2.632,2.632,2.0235,1146009.1051342515,49514.78253599994,-14901.35039999988,132480.0,5612700.0,5676768.5976,0.06886007321546495,8224800.0
230 Fifth,2026,stricte,0.3,0.4,mid,h_0.6,3.1675,3.001,2.047,83472.4892421,15920.630757900022,-13112.005968000412,48833.041076999885,5612700.0,5638532.939808,0.05122336515248627,8224800.0
230 Fifth,2026,stricte,0.3,0.4,mid,net_0.6,3.1675,3.001,2.047,797415.5202641425,76402.60603953568,-2402.4870466319844,177929.91359999962,5612700.0,5712672.7089599995,0.1642856504380401,8224800.0
230 Fifth,2026,stricte,0.3,0.4,quart_spread,h_0.6,3.1675,3.001,2.047,87455.9144421,11937.20555789999,-18427.5043200003,40877.36764200011,5612700.0,5632358.654346,0.039385105067809456,8224800.0
230 Fifth,2026,stricte,0.3,0.4,quart_spread,net_0.6,3.1675,3.001,2.047,1021845.8283705327,55940.280388576684,-36354.88970790736,165600.0,5612700.0,5679337.285696744,0.0927495751570222,8224800.0
230 Fifth,2026,stricte,0.3,0.5,mid,h_0.6,3.0,2.8335,1.8795,80907.8989464,12937.62105360003,-14051.844755999884,42129.20883599962,5612700.0,5634550.6290959995,0.0450317336913838,8224800.0
230 Fifth,2026,stricte,0.3,0.5,mid,net_0.6,3.0,2.8335,1.8795,792646.068423635,70855.00603953567,-2402.4870466319844,171764.9567999998,5612700.0,5702004.594105699,0.1545037054045295,8224800.0
230 Fifth,2026,stricte,0.3,0.5,quart_spread,h_0.6,3.0,2.8335,1.8795,83795.6731464,10049.846853599987,-18530.40816000011,37337.49914399969,5612700.0,5628504.900432,0.035002376242554534,8224800.0
230 Fifth,2026,stricte,0.3,0.5,quart_spread,net_0.6,3.0,2.8335,1.8795,1011087.1132594292,50392.680388576686,-39216.04717395371,143948.79360000044,5612700.0,5673369.44784,0.08299022047322979,8224800.0
230 Fifth,2026,stricte,0.5,0.4,mid,h_0.6,1.732,1.5655,1.255,48582.3310812,3267.028918800061,-17139.599999999627,19542.588480000384,5612700.0,5621883.288384,0.02149459804323739,8224800.0
230 Fifth,2026,stricte,0.5,0.4,mid,net_0.6,1.732,1.5655,1.255,542353.149385521,33454.6809051357,-35522.487046631984,105524.95679999981,5612700.0,5659620.0,0.09424672326444816,8224800.0
230 Fifth,2026,stricte,0.5,0.4,quart_spread,h_0.6,1.732,1.5655,1.255,50730.204481199995,1119.155518799954,-18878.400000000373,16931.93759999983,5612700.0,5616037.036512,0.014313904959784796,8224800.0
230 Fifth,2026,stricte,0.5,0.4,quart_spread,net_0.6,1.732,1.5655,1.255,708209.8247502871,17706.391094176688,-43903.25581395347,99360.0,5612700.0,5635851.5424,0.04245276434713896,8224800.0
230 Fifth,2026,stricte,0.5,0.5,mid,h_0.6,1.732,1.5655,1.255,48582.3310812,3267.028918800061,-17139.599999999627,19542.588480000384,5612700.0,5621883.288384,0.02149459804323739,8224800.0
230 Fifth,2026,stricte,0.5,0.5,mid,net_0.6,1.732,1.5655,1.255,542353.149385521,33454.6809051357,-35522.487046631984,105524.95679999981,5612700.0,5659620.0,0.09424672326444816,8224800.0
230 Fifth,2026,stricte,0.5,0.5,quart_spread,h_0.6,1.732,1.5655,1.255,50730.204481199995,1119.155518799954,-18878.400000000373,16931.93759999983,5612700.0,5616037.036512,0.014313904959784796,8224800.0
230 Fifth,2026,stricte,0.5,0.5,quart_spread,net_0.6,1.732,1.5655,1.255,708209.8247502871,17706.391094176688,-43903.25581395347,99360.0,5612700.0,5635851.5424,0.04245276434713896,8224800.0
Elsewhere Rooftop,2025,aucun,0.0,0.4,mid,h_0.6,4.353,3.3985,1.4935,27267.091275763123,2631.2124742368756,-9473.668921968807,14050.889955562503,1128643.575,1132070.9123205314,0.08067781729388857,1891041.0
Elsewhere Rooftop,2025,aucun,0.0,0.4,mid,net_0.6,4.353,3.3985,1.4935,165081.33716076607,20586.131387778736,-11581.879856605106,52785.0,1128643.575,1152405.0,0.1312718593459723,1891041.0
Elsewhere Rooftop,2025,aucun,0.0,0.4,quart_spread,h_0.6,4.353,3.3985,1.4935,30863.179369513124,-964.8756195131263,-14986.29376532805,9500.603897812476,1128643.575,1127215.14625425,0.03810229890643335,1891041.0
Elsewhere Rooftop,2025,aucun,0.0,0.4,quart_spread,net_0.6,4.353,3.3985,1.4935,267322.20295555366,3193.465573058028,-55117.78579727903,52785.0,1128643.575,1126580.5031958155,-0.1976285255601864,1891041.0
Elsewhere Rooftop,2025,aucun,0.0,0.5,mid,h_0.6,3.818,3.3285,1.4935,25026.63522123375,4255.843528766252,-5454.786504374922,14068.029245062455,1128643.575,1133537.703625625,0.06980271070594624,1891041.0
Elsewhere Rooftop,2025,aucun,0.0,0.5,mid,net_0.6,3.818,3.3285,1.4935,160766.81751644332,23844.70967407677,-4352.7141324181575,52785.0,1128643.575,1155230.341968912,0.12325462951295696,1891041.0
Elsewhere Rooftop,2025,aucun,0.0,0.5,quart_spread,h_0.6,3.818,3.3285,1.4935,28048.97235873375,1233.5063912662506,-9621.423044437484,9662.780311874894,1128643.575,1128580.596479,0.0228738703520891,1891041.0
Elsewhere Rooftop,2025,aucun,0.0,0.5,quart_spread,net_0.6,3.818,3.3285,1.4935,258442.70749626457,10969.727424321305,-36216.49230000004,52785.0,1128643.575,1135541.7024377133,-0.12403288852223748,1891041.0
Elsewhere Rooftop,2025,soir,0.3,0.4,mid,h_0.6,2.3955,2.152,1.4935,15243.16216521375,3689.05783478626,-5165.513707499951,12824.986482562415,1128643.575,1133063.0381422502,0.06380105920354628,1891041.0
Elsewhere Rooftop,2025,soir,0.3,0.4,mid,net_0.6,2.3955,2.152,1.4935,95350.11722877556,15815.62343703013,-12512.05351065658,43987.5,1128643.575,1149300.5,0.12740689613943224,1891041.0
Elsewhere Rooftop,2025,soir,0.3,0.4,quart_spread,h_0.6,2.3955,2.152,1.4935,17235.531990213753,1696.6880097862613,-6510.801015000092,8927.145898312545,1128643.575,1130494.221219375,0.03061167235825224,1891041.0
Elsewhere Rooftop,2025,soir,0.3,0.4,quart_spread,net_0.6,2.3955,2.152,1.4935,164048.57878649424,7567.6415690581625,-27771.295124573633,35190.0,1128643.575,1135760.85385,0.01736850274722057,1891041.0
Elsewhere Rooftop,2025,soir,0.3,0.5,mid,h_0.6,2.3255,2.082,1.4935,14986.48630521375,3329.9086947862597,-5165.513707499951,12296.122130812442,1128643.575,1132723.4205333749,0.0727240818124888,1891041.0
Elsewhere Rooftop,2025,soir,0.3,0.5,mid,net_0.6,2.3255,2.082,1.4935,94910.00087075087,15199.79843703013,-12512.05351065658,43987.5,1128643.575,1148920.6152619673,0.14159767003566215,1891041.0
Elsewhere Rooftop,2025,soir,0.3,0.5,quart_spread,h_0.6,2.3255,2.082,1.4935,16963.46050521375,1352.9344947862621,-6510.801015000092,8260.039830937521,1128643.575,1130284.244025875,0.039356073856421814,1891041.0
Elsewhere Rooftop,2025,soir,0.3,0.5,quart_spread,net_0.6,2.3255,2.082,1.4935,163561.1701784684,6951.816569058162,-27771.295124573633,35190.0,1128643.575,1135760.85385,0.03478687105087641,1891041.0
Elsewhere Rooftop,2025,soir,0.5,0.4,mid,h_0.6,1.345,1.345,0.7565,9233.28277689375,2599.354723106262,0.0,9870.288264000055,1128643.575,1131762.599738875,0.042971879438126415,1891041.0
Elsewhere Rooftop,2025,soir,0.5,0.4,mid,net_0.6,1.345,1.345,0.7565,75095.31377417922,11762.725966875005,0.0,35190.0,1128643.575,1140761.0,0.07118832230851757,1891041.0
Elsewhere Rooftop,2025,soir,0.5,0.4,quart_spread,h_0.6,1.345,1.345,0.7565,10505.357289393749,1327.2802106062645,-1125.349807499908,6069.961808999902,1128643.575,1129672.250266875,0.025099619619672886,1891041.0
Elsewhere Rooftop,2025,soir,0.5,0.4,quart_spread,net_0.6,1.345,1.345,0.7565,123167.20203844899,3849.2142504750013,-22506.99615000002,26392.5,1128643.575,1131746.35,-0.018481031131601044,1891041.0
Elsewhere Rooftop,2025,soir,0.5,0.5,mid,h_0.6,1.345,1.345,0.7565,9233.28277689375,2599.354723106262,0.0,9870.288264000055,1128643.575,1131762.599738875,0.042971879438126415,1891041.0
Elsewhere Rooftop,2025,soir,0.5,0.5,mid,net_0.6,1.345,1.345,0.7565,75095.31377417922,11762.725966875005,0.0,35190.0,1128643.575,1140761.0,0.07118832230851757,1891041.0
Elsewhere Rooftop,2025,soir,0.5,0.5,quart_spread,h_0.6,1.345,1.345,0.7565,10505.357289393749,1327.2802106062645,-1125.349807499908,6069.961808999902,1128643.575,1129672.250266875,0.025099619619672886,1891041.0
Elsewhere Rooftop,2025,soir,0.5,0.5,quart_spread,net_0.6,1.345,1.345,0.7565,123167.20203844899,3849.2142504750013,-22506.99615000002,26392.5,1128643.575,1131746.35,-0.018481031131601044,1891041.0
Elsewhere Rooftop,2025,soir,0.7,0.4,mid,h_0.6,1.112,1.112,0.7565,7888.340120253749,1894.4798797462606,0.0,9125.277255000081,1128643.575,1131115.7556115,0.042039162545615016,1891041.0
Elsewhere Rooftop,2025,soir,0.7,0.4,mid,net_0.6,1.112,1.112,0.7565,71184.1414291206,9712.908466875006,0.0,26392.5,1128643.575,1140632.0,0.07788276892828394,1891041.0
Elsewhere Rooftop,2025,soir,0.7,0.4,quart_spread,h_0.6,1.112,1.112,0.7565,9109.169195253748,673.6508047462623,-1125.349807499908,4147.14501900006,1128643.575,1128707.301318,0.02418155349195361,1891041.0
Elsewhere Rooftop,2025,soir,0.7,0.4,quart_spread,net_0.6,1.112,1.112,0.7565,118788.67995391351,1799.3967504750017,-22506.99615000002,26392.5,1128643.575,1129766.85385,-0.008741141971808863,1891041.0
Elsewhere Rooftop,2025,soir,0.7,0.5,mid,h_0.6,1.112,1.112,0.7565,7888.340120253749,1894.4798797462606,0.0,9125.277255000081,1128643.575,1131115.7556115,0.042039162545615016,1891041.0
Elsewhere Rooftop,2025,soir,0.7,0.5,mid,net_0.6,1.112,1.112,0.7565,71184.1414291206,9712.908466875006,0.0,26392.5,1128643.575,1140632.0,0.07788276892828394,1891041.0
Elsewhere Rooftop,2025,soir,0.7,0.5,quart_spread,h_0.6,1.112,1.112,0.7565,9109.169195253748,673.6508047462623,-1125.349807499908,4147.14501900006,1128643.575,1128707.301318,0.02418155349195361,1891041.0
Elsewhere Rooftop,2025,soir,0.7,0.5,quart_spread,net_0.6,1.112,1.112,0.7565,118788.67995391351,1799.3967504750017,-22506.99615000002,26392.5,1128643.575,1129766.85385,-0.008741141971808863,1891041.0
Elsewhere Rooftop,2025,stricte,0.3,0.4,mid,h_0.6,1.2065,1.2065,1.017,7848.408712027501,2765.775037972505,0.0,10777.723996499984,1128643.575,1131791.5,0.04644365243050064,1891041.0
Elsewhere Rooftop,2025,stricte,0.3,0.4,mid,net_0.6,1.2065,1.2065,1.017,61262.157097674164,10544.272216875006,0.0,34604.966250000056,1128643.575,1140713.7,0.10514963023773205,1891041.0
Elsewhere Rooftop,2025,stricte,0.3,0.4,quart_spread,h_0.6,1.2065,1.2065,1.017,8966.6369432775,1647.5468067225092,0.0,6737.785312500084,1128643.575,1130447.796007375,0.02269071459643246,1891041.0
Elsewhere Rooftop,2025,stricte,0.3,0.4,quart_spread,net_0.6,1.2065,1.2065,1.017,84555.20724953506,10018.621591875006,0.0,30206.216250000056,1128643.575,1140632.0,0.11664676429567988,1891041.0
Elsewhere Rooftop,2025,stricte,0.3,0.5,mid,h_0.6,1.1365,1.1365,1.017,7591.7328520275005,2406.6258979725044,0.0,9125.277255000081,1128643.575,1131758.011474125,0.05561783682498711,1891041.0
Elsewhere Rooftop,2025,stricte,0.3,0.5,mid,net_0.6,1.1365,1.1365,1.017,60822.04073964947,9928.447216875005,0.0,26392.5,1128643.575,1140632.0,0.12163507983010802,1891041.0
Elsewhere Rooftop,2025,stricte,0.3,0.5,quart_spread,h_0.6,1.1365,1.1365,1.017,8694.565458277499,1303.793291722509,0.0,4726.527255000081,1128643.575,1129842.0876925,0.03147792546601902,1891041.0
Elsewhere Rooftop,2025,stricte,0.3,0.5,quart_spread,net_0.6,1.1365,1.1365,1.017,84067.79864150926,9402.796591875005,0.0,26392.5,1128643.575,1140632.0,0.13323655305911697,1891041.0
Elsewhere Rooftop,2025,stricte,0.5,0.4,mid,h_0.6,0.876,0.876,0.7565,6065.60006568375,1641.0099343162565,0.0,8494.521357937381,1128643.575,1130796.897594,0.042099316738885006,1891041.0
Elsewhere Rooftop,2025,stricte,0.5,0.4,mid,net_0.6,0.876,0.876,0.7565,56253.806701353424,7636.698466875007,0.0,26392.5,1128643.575,1140546.0,0.09339273028209572,1891041.0
Elsewhere Rooftop,2025,stricte,0.5,0.4,quart_spread,h_0.6,0.876,0.876,0.7565,6767.376640683749,939.2333593162607,0.0,4508.12931749993,1128643.575,1129682.911445875,0.024574167815518466,1891041.0
Elsewhere Rooftop,2025,stricte,0.5,0.4,quart_spread,net_0.6,0.876,0.876,0.7565,71952.82886251352,7111.047841875007,0.0,26392.5,1128643.575,1138537.71625,0.10485124355896036,1891041.0
Elsewhere Rooftop,2025,stricte,0.5,0.5,mid,h_0.6,0.876,0.876,0.7565,6065.60006568375,1641.0099343162565,0.0,8494.521357937381,1128643.575,1130796.897594,0.042099316738885006,1891041.0
Elsewhere Rooftop,2025,stricte,0.5,0.5,mid,net_0.6,0.876,0.876,0.7565,56253.806701353424,7636.698466875007,0.0,26392.5,1128643.575,1140546.0,0.09339273028209572,1891041.0
Elsewhere Rooftop,2025,stricte,0.5,0.5,quart_spread,h_0.6,0.876,0.876,0.7565,6767.376640683749,939.2333593162607,0.0,4508.12931749993,1128643.575,1129682.911445875,0.024574167815518466,1891041.0
Elsewhere Rooftop,2025,stricte,0.5,0.5,quart_spread,net_0.6,0.876,0.876,0.7565,71952.82886251352,7111.047841875007,0.0,26392.5,1128643.575,1138537.71625,0.10485124355896036,1891041.0
Elsewhere Rooftop,2026,aucun,0.0,0.4,mid,h_0.6,12.164,8.18,3.379,78334.76725614563,-6371.217256145625,-32299.663796578072,18032.68629196876,882250.5,876355.5616451876,0.02296922769736187,1627546.0
Elsewhere Rooftop,2026,aucun,0.0,0.4,mid,net_0.6,12.164,8.18,3.379,538339.1046228952,-13097.623918954461,-143744.85242886923,82500.47052333143,882250.5,820385.6477046588,-1.8109732469909123,1627546.0
Elsewhere Rooftop,2026,aucun,0.0,0.4,quart_spread,h_0.6,12.164,8.18,3.379,86333.53123427062,-14369.981234270621,-43164.86260021872,11418.577444124987,882250.5,867995.9598663124,-0.021526793368604302,1627546.0
Elsewhere Rooftop,2026,aucun,0.0,0.4,quart_spread,net_0.6,12.164,8.18,3.379,882091.2001005509,-149757.10056830005,-540955.5844978417,57363.881815051536,882250.5,484543.0246482351,-17.510582667227357,1627546.0
Elsewhere Rooftop,2026,aucun,0.0,0.5,mid,h_0.6,10.2015,7.639,3.111,70417.899612405,-3213.7971124049973,-27567.76396331244,15869.304613687493,882250.5,879863.967204125,0.011140492263477242,1627546.0
Elsewhere Rooftop,2026,aucun,0.0,0.5,mid,net_0.6,10.2015,7.639,3.111,523704.9438685701,-7314.762211005045,-139270.40531109515,82452.63329999999,882250.5,826222.4742397313,-1.7988323557545352,1627546.0
Elsewhere Rooftop,2026,aucun,0.0,0.5,quart_spread,h_0.6,10.2015,7.639,3.111,75154.52859678,-7950.426096779997,-34691.25191006249,12242.96499656246,882250.5,873632.907283125,-0.02051562640841298,1627546.0
Elsewhere Rooftop,2026,aucun,0.0,0.5,quart_spread,net_0.6,10.2015,7.639,3.111,849882.1872825661,-131751.53647913176,-523845.2347316272,62863.709051469596,882250.5,500368.6492203463,-17.613918483894793,1627546.0
Elsewhere Rooftop,2026,soir,0.3,0.4,mid,h_0.6,7.0805,5.936,3.379,49073.951445952494,3148.0085540475,-13077.97179131255,16487.480690578075,882250.5,886601.2488022812,0.053094455785907324,1627546.0
Elsewhere Rooftop,2026,soir,0.3,0.4,mid,net_0.6,7.0805,5.936,3.379,391892.37708896387,17745.073940804425,-72784.72151617683,72017.56664999994,882250.5,884564.2811839302,-0.46407415287453846,1627546.0
Elsewhere Rooftop,2026,soir,0.3,0.4,quart_spread,h_0.6,7.0805,5.936,3.379,52142.871345952495,79.08865404750162,-17370.452170124954,13298.269109062516,882250.5,882470.3966231251,0.01779517150920551,1627546.0
Elsewhere Rooftop,2026,soir,0.3,0.4,quart_spread,net_0.6,7.0805,5.936,3.379,607058.3218396773,-32392.596139299214,-316110.36679874995,55914.65344125001,882250.5,730608.725487648,-5.742542876372046,1627546.0
Elsewhere Rooftop,2026,soir,0.3,0.5,mid,h_0.6,6.8125,5.668,3.111,47984.00057028,1880.2294297200006,-14131.654744499983,14209.641722812474,882250.5,885144.423819,0.028757435644981788,1627546.0
Elsewhere Rooftop,2026,soir,0.3,0.5,mid,net_0.6,6.8125,5.668,3.111,389865.36005674815,15387.343940804425,-76037.76444026157,70380.0,882250.5,881580.530135722,-0.5077727318062613,1627546.0
Elsewhere Rooftop,2026,soir,0.3,0.5,quart_spread,h_0.6,6.8125,5.668,3.111,50587.26879528,-723.0387952799985,-17911.872093937483,12279.466703812495,882250.5,881403.906087125,0.0016859423403948748,1627546.0
Elsewhere Rooftop,2026,soir,0.3,0.5,quart_spread,net_0.6,6.8125,5.668,3.111,602485.8679174583,-34750.32613929921,-320065.5556462499,53626.6111727196,882250.5,730558.0591577754,-5.7805559913577715,1627546.0
Elsewhere Rooftop,2026,soir,0.5,0.4,mid,h_0.6,5.3965,4.5375,2.8255,38266.65801384749,1651.9982361525006,-12396.760692187454,12632.084799750035,882250.5,885389.84484025,0.025537510077115355,1627546.0
Elsewhere Rooftop,2026,soir,0.5,0.4,mid,net_0.6,5.3965,4.5375,2.8255,335290.7685220706,12044.034344851061,-80944.06089441525,61582.5,882250.5,876073.2153561756,-0.5132541725069368,1627546.0
Elsewhere Rooftop,2026,soir,0.5,0.4,quart_spread,h_0.6,5.3965,4.5375,2.8255,40275.2042419725,-356.5479919724983,-15851.390484375012,10474.82035312494,882250.5,882837.038082625,0.0038911672801672514,1627546.0
Elsewhere Rooftop,2026,soir,0.5,0.4,quart_spread,net_0.6,5.3965,4.5375,2.8255,509684.8190630666,-32510.605868234525,-321754.5321522803,46001.457225219514,882250.5,737915.5688793979,-5.551464498185727,1627546.0
Elsewhere Rooftop,2026,soir,0.5,0.5,mid,h_0.6,5.3965,4.5375,2.8255,38266.65801384749,1651.9982361525006,-12396.760692187454,12632.084799750035,882250.5,885389.84484025,0.025537510077115355,1627546.0
Elsewhere Rooftop,2026,soir,0.5,0.5,mid,net_0.6,5.3965,4.5375,2.8255,335290.7685220706,12044.034344851061,-80944.06089441525,61582.5,882250.5,876073.2153561756,-0.5132541725069368,1627546.0
Elsewhere Rooftop,2026,soir,0.5,0.5,quart_spread,h_0.6,5.3965,4.5375,2.8255,40275.2042419725,-356.5479919724983,-15851.390484375012,10474.82035312494,882250.5,882837.038082625,0.0038911672801672514,1627546.0
Elsewhere Rooftop,2026,soir,0.5,0.5,quart_spread,net_0.6,5.3965,4.5375,2.8255,509684.8190630666,-32510.605868234525,-321754.5321522803,46001.457225219514,882250.5,737915.5688793979,-5.551464498185727,1627546.0
Elsewhere Rooftop,2026,soir,0.7,0.4,mid,h_0.6,3.109,3.109,2.27,23433.677082359998,3917.7504176400016,81.87833249999676,9111.815980312507,882250.5,888665.228997375,0.035110118788921674,1627546.0
Elsewhere Rooftop,2026,soir,0.7,0.4,mid,net_0.6,3.109,3.109,2.27,223571.65156055873,23409.884190825014,1637.5666500000516,52785.0,882250.5,911446.5,0.13466851363142673,1627546.0
Elsewhere Rooftop,2026,soir,0.7,0.4,quart_spread,h_0.6,3.109,3.109,2.27,24589.360669859998,2762.06683014,-317.6777249999577,7567.729805812481,882250.5,887296.2923554999,0.023624877389421317,1627546.0
Elsewhere Rooftop,2026,soir,0.7,0.4,quart_spread,net_0.6,3.109,3.109,2.27,329456.36248356104,14387.041594800014,-6353.554499999969,37665.96840000001,882250.5,899166.2116675001,0.06548104562901913,1627546.0
Elsewhere Rooftop,2026,soir,0.7,0.5,mid,h_0.6,3.109,3.109,2.27,23433.677082359998,3917.7504176400016,81.87833249999676,9111.815980312507,882250.5,888665.228997375,0.035110118788921674,1627546.0
Elsewhere Rooftop,2026,soir,0.7,0.5,mid,net_0.6,3.109,3.109,2.27,223571.65156055873,23409.884190825014,1637.5666500000516,52785.0,882250.5,911446.5,0.13466851363142673,1627546.0
Elsewhere Rooftop,2026,soir,0.7,0.5,quart_spread,h_0.6,3.109,3.109,2.27,24589.360669859998,2762.06683014,-317.6777249999577,7567.729805812481,882250.5,887296.2923554999,0.023624877389421317,1627546.0
Elsewhere Rooftop,2026,soir,0.7,0.5,quart_spread,net_0.6,3.109,3.109,2.27,329456.36248356104,14387.041594800014,-6353.554499999969,37665.96840000001,882250.5,899166.2116675001,0.06548104562901913,1627546.0
Elsewhere Rooftop,2026,stricte,0.3,0.4,mid,h_0.6,3.982,3.697,2.556,27039.22478035875,5485.132719641249,-3478.6810574999545,15128.248960687508,882250.5,890513.309225,0.06281017823254387,1627546.0
Elsewhere Rooftop,2026,stricte,0.3,0.4,mid,net_0.6,3.982,3.697,2.556,217914.31424445644,25893.650913622936,-638.1606217616936,54422.56665000005,882250.5,914419.85,0.16441517121196136,1627546.0
Elsewhere Rooftop,2026,stricte,0.3,0.4,quart_spread,h_0.6,3.982,3.697,2.556,28802.496708483748,3721.8607915162515,-5208.454305000021,12318.089103421826,882250.5,888120.9338083437,0.043164971780302874,1627546.0
Elsewhere Rooftop,2026,stricte,0.3,0.4,quart_spread,net_0.6,3.982,3.697,2.556,317799.468532604,16236.357932009314,-12659.018080028967,46384.89792749997,882250.5,901691.16885,0.08384117844348593,1627546.0
Elsewhere Rooftop,2026,stricte,0.3,0.5,mid,h_0.6,3.714,3.429,2.288,25949.273904686248,4217.35359531375,-4292.423414999968,12397.830248250011,882250.5,888807.215127625,0.038079119723239074,1627546.0
Elsewhere Rooftop,2026,stricte,0.3,0.5,mid,net_0.6,3.714,3.429,2.288,215887.29721224075,23535.920913622933,-638.1606217616936,52785.0,882250.5,910192.41665,0.12054370065986364,1627546.0
Elsewhere Rooftop,2026,stricte,0.3,0.5,quart_spread,h_0.6,3.714,3.429,2.288,27246.894157811246,2919.7333421887515,-5332.252725000028,11312.45342156244,882250.5,886899.773195,0.02664058784186052,1627546.0
Elsewhere Rooftop,2026,stricte,0.3,0.5,quart_spread,net_0.6,3.714,3.429,2.288,313227.01461038494,13878.62793200931,-13875.089651162736,44638.515000000014,882250.5,895528.545674593,0.04133189927559189,1627546.0
Elsewhere Rooftop,2026,stricte,0.5,0.4,mid,h_0.6,2.2865,2.0015,1.435,16421.1777885825,1187.0184614174962,-5270.529465000029,6483.680961750028,882250.5,884888.9427917501,0.02253592079911737,1627546.0
Elsewhere Rooftop,2026,stricte,0.5,0.4,mid,net_0.6,2.2865,2.0015,1.435,161721.94105006952,10977.489663622935,-9435.660621761694,35190.0,882250.5,895532.06665,0.05042144149388317,1627546.0
Elsewhere Rooftop,2026,stricte,0.5,0.4,quart_spread,h_0.6,2.2865,2.0015,1.435,17390.1784260825,218.01782391750072,-7579.873215000029,5434.470877500018,882250.5,883068.2918445,0.01721989958324477,1627546.0
Elsewhere Rooftop,2026,stricte,0.5,0.4,quart_spread,net_0.6,2.2865,2.0015,1.435,231947.27070160198,3662.3111195093097,-19213.048475581338,26392.5,882250.5,887428.892556221,0.032136280242683,1627546.0
Elsewhere Rooftop,2026,stricte,0.5,0.5,mid,h_0.6,2.2865,2.0015,1.435,16421.1777885825,1187.0184614174962,-5270.529465000029,6483.680961750028,882250.5,884888.9427917501,0.02253592079911737,1627546.0
Elsewhere Rooftop,2026,stricte,0.5,0.5,mid,net_0.6,2.2865,2.0015,1.435,161721.94105006952,10977.489663622935,-9435.660621761694,35190.0,882250.5,895532.06665,0.05042144149388317,1627546.0
Elsewhere Rooftop,2026,stricte,0.5,0.5,quart_spread,h_0.6,2.2865,2.0015,1.435,17390.1784260825,218.01782391750072,-7579.873215000029,5434.470877500018,882250.5,883068.2918445,0.01721989958324477,1627546.0
Elsewhere Rooftop,2026,stricte,0.5,0.5,quart_spread,net_0.6,2.2865,2.0015,1.435,231947.27070160198,3662.3111195093097,-19213.048475581338,26392.5,882250.5,887428.892556221,0.032136280242683,1627546.0
The Rooftop at Pier 17,2025,aucun,0.0,0.4,mid,h_0.6,4.4105,3.4215,1.4855,266376.95670209394,24055.017897905982,-93352.25500247306,138408.8271454792,13822756.0,13841496.67597072,0.052763891420942066,24899424.0
The Rooftop at Pier 17,2025,aucun,0.0,0.4,mid,net_0.6,4.4105,3.4215,1.4855,1606590.2251542148,197333.1573834252,-120833.80683562257,588545.987399999,13822756.0,14007116.38607538,0.03974004438614309,24899424.0
The Rooftop at Pier 17,2025,aucun,0.0,0.4,quart_spread,h_0.6,4.4105,3.4215,1.4855,301459.467011094,-11027.492411093976,-146388.5687299956,94764.97811375954,13822756.0,13799386.42066114,0.0226170741758408,24899424.0
The Rooftop at Pier 17,2025,aucun,0.0,0.4,quart_spread,net_0.6,4.4105,3.4215,1.4855,2608099.539831649,25275.16296554316,-582895.1675054152,503974.3046498579,13822756.0,13729050.004740907,-0.2056063246250559,24899424.0
The Rooftop at Pier 17,2025,aucun,0.0,0.5,mid,h_0.6,3.8675,3.362,1.4855,244389.47216699694,40991.880633003,-54246.96740249917,142446.76319870917,13822756.0,13857820.319582079,0.04013023864661569,24899424.0
The Rooftop at Pier 17,2025,aucun,0.0,0.5,mid,net_0.6,3.8675,3.362,1.4855,1564186.125898676,231077.06836735932,-71822.312931079,588545.987399999,13822756.0,14020819.6,0.027500731049578175,24899424.0
The Rooftop at Pier 17,2025,aucun,0.0,0.5,quart_spread,h_0.6,3.8675,3.362,1.4855,273824.623343997,11556.729456002993,-98004.22411472983,95421.90909590991,13822756.0,13805947.530649599,0.004806143574845656,24899424.0
The Rooftop at Pier 17,2025,aucun,0.0,0.5,quart_spread,net_0.6,3.8675,3.362,1.4855,2520718.0706200036,103608.58165766191,-375278.4000000004,509306.4000000004,13822756.0,13830251.612738144,-0.16269846544733624,24899424.0
The Rooftop at Pier 17,2025,soir,0.3,0.4,mid,h_0.6,2.404,2.1475,1.4855,147531.96117357298,34757.28782642703,-49840.46965079941,128609.29877895059,13822756.0,13850727.77383054,0.03872842212406813,24899424.0
The Rooftop at Pier 17,2025,soir,0.3,0.4,mid,net_0.6,2.404,2.1475,1.4855,918217.1024120979,150654.377153888,-120724.99630803987,424422.0,13822756.0,13948478.247014724,0.04980794852154358,24899424.0
The Rooftop at Pier 17,2025,soir,0.3,0.4,quart_spread,h_0.6,2.404,2.1475,1.4855,166713.28904157298,15575.959958426949,-62820.73744560033,86476.64459831973,13822756.0,13830293.73472,0.017050465532230885,24899424.0
The Rooftop at Pier 17,2025,soir,0.3,0.4,quart_spread,net_0.6,2.404,2.1475,1.4855,1585871.044329616,68374.854257662,-267956.7745237127,339537.5999999996,13822756.0,13860246.044104,-0.016851840947690766,24899424.0
The Rooftop at Pier 17,2025,soir,0.3,0.5,mid,h_0.6,2.3445,2.088,1.4855,145426.862007333,31811.765192667033,-49840.46965079941,124109.61705503945,13822756.0,13843361.61594826,0.045306339815479935,24899424.0
The Rooftop at Pier 17,2025,soir,0.3,0.5,mid,net_0.6,2.3445,2.088,1.4855,914607.5359404928,145603.75535388797,-120724.99630803987,424422.0,13822756.0,13935935.2,0.06181941546054481,24899424.0
The Rooftop at Pier 17,2025,soir,0.3,0.5,quart_spread,h_0.6,2.3445,2.088,1.4855,164481.924330333,12756.702869666953,-62820.73744560033,78479.77440294041,13822756.0,13830293.73472,0.02341014050870771,24899424.0
The Rooftop at Pier 17,2025,soir,0.3,0.5,quart_spread,net_0.6,2.3445,2.088,1.4855,1581873.6156100892,63324.23245766199,-268264.18952025904,339537.5999999996,13822756.0,13858546.412738144,-0.0033549578503702104,24899424.0
The Rooftop at Pier 17,2025,soir,0.5,0.4,mid,h_0.6,1.347,1.347,0.7445,89143.227756396,25196.05904360401,0.0,95223.43451394008,13822756.0,13831511.5712068,0.023506486301342888,24899424.0
The Rooftop at Pier 17,2025,soir,0.5,0.4,mid,net_0.6,1.347,1.347,0.7445,721997.710590336,113670.37650690023,0.0,339537.5999999996,13822756.0,13907640.4,0.01568746637509988,24899424.0
The Rooftop at Pier 17,2025,soir,0.5,0.4,quart_spread,h_0.6,1.347,1.347,0.7445,101556.72241239602,12782.564387604014,-10858.157794799656,60692.93806869045,13822756.0,13822756.0,0.012868427813863104,24899424.0
The Rooftop at Pier 17,2025,soir,0.5,0.4,quart_spread,net_0.6,1.347,1.347,0.7445,1194614.5688856072,34790.34839032807,-217163.15589600056,254653.19999999925,13822756.0,13822756.0,-0.03912110757718357,24899424.0
The Rooftop at Pier 17,2025,soir,0.5,0.5,mid,h_0.6,1.347,1.347,0.7445,89143.227756396,25196.05904360401,0.0,95223.43451394008,13822756.0,13831511.5712068,0.023506486301342888,24899424.0
The Rooftop at Pier 17,2025,soir,0.5,0.5,mid,net_0.6,1.347,1.347,0.7445,721997.710590336,113670.37650690023,0.0,339537.5999999996,13822756.0,13907640.4,0.01568746637509988,24899424.0
The Rooftop at Pier 17,2025,soir,0.5,0.5,quart_spread,h_0.6,1.347,1.347,0.7445,101556.72241239602,12782.564387604014,-10858.157794799656,60692.93806869045,13822756.0,13822756.0,0.012868427813863104,24899424.0
The Rooftop at Pier 17,2025,soir,0.5,0.5,quart_spread,net_0.6,1.347,1.347,0.7445,1194614.5688856072,34790.34839032807,-217163.15589600056,254653.19999999925,13822756.0,13822756.0,-0.03912110757718357,24899424.0
The Rooftop at Pier 17,2025,soir,0.7,0.4,mid,h_0.6,1.1075,1.1075,0.7445,75804.2676874296,18205.205312570408,0.0,83883.20760098893,13822756.0,13822756.0,0.024871291364704673,24899424.0
The Rooftop at Pier 17,2025,soir,0.7,0.4,mid,net_0.6,1.1075,1.1075,0.7445,683207.2302111066,93340.56270690022,0.0,333892.7873999998,13822756.0,13907640.4,0.02955407167283708,24899424.0
The Rooftop at Pier 17,2025,soir,0.7,0.4,quart_spread,h_0.6,1.1075,1.1075,0.7445,87709.51699842961,6299.9560015704255,-10858.157794799656,38943.158926499695,13822756.0,13822756.0,0.013966598872967584,24899424.0
The Rooftop at Pier 17,2025,soir,0.7,0.4,quart_spread,net_0.6,1.1075,1.1075,0.7445,1151188.9767547008,14460.534590328041,-217163.15589600056,254653.19999999925,13822756.0,13812851.688207999,-0.028252270800511292,24899424.0
The Rooftop at Pier 17,2025,soir,0.7,0.5,mid,h_0.6,1.1075,1.1075,0.7445,75804.2676874296,18205.205312570408,0.0,83883.20760098893,13822756.0,13822756.0,0.024871291364704673,24899424.0
The Rooftop at Pier 17,2025,soir,0.7,0.5,mid,net_0.6,1.1075,1.1075,0.7445,683207.2302111066,93340.56270690022,0.0,333892.7873999998,13822756.0,13907640.4,0.02955407167283708,24899424.0
The Rooftop at Pier 17,2025,soir,0.7,0.5,quart_spread,h_0.6,1.1075,1.1075,0.7445,87709.51699842961,6299.9560015704255,-10858.157794799656,38943.158926499695,13822756.0,13822756.0,0.013966598872967584,24899424.0
The Rooftop at Pier 17,2025,soir,0.7,0.5,quart_spread,net_0.6,1.1075,1.1075,0.7445,1151188.9767547008,14460.534590328041,-217163.15589600056,254653.19999999925,13822756.0,13812851.688207999,-0.028252270800511292,24899424.0
The Rooftop at Pier 17,2025,stricte,0.3,0.4,mid,h_0.6,1.1685,1.1685,0.9905,73594.424864061,25592.996535939084,0.0,96998.13600795055,13822756.0,13833038.57365528,0.03110263915942435,24899424.0
The Rooftop at Pier 17,2025,stricte,0.3,0.4,mid,net_0.6,1.1685,1.1685,0.9905,579194.0518490385,98518.51110690023,0.0,333892.7873999998,13822756.0,13907640.4,0.05991211752165304,24899424.0
The Rooftop at Pier 17,2025,stricte,0.3,0.4,quart_spread,h_0.6,1.1685,1.1685,0.9905,84091.654190061,15095.76720993894,0.0,60914.57760341911,13822756.0,13829813.8832068,0.014458548915710634,24899424.0
The Rooftop at Pier 17,2025,stricte,0.3,0.4,quart_spread,net_0.6,1.1685,1.1685,0.9905,797392.3974095652,93489.11040690017,0.0,291450.58740000054,13822756.0,13907640.4,0.07022617715495427,24899424.0
The Rooftop at Pier 17,2025,stricte,0.3,0.5,mid,h_0.6,1.109,1.109,0.9905,71489.325697821,22647.47390217911,0.0,87786.32176169912,13822756.0,13831511.5712068,0.03771134556230027,24899424.0
The Rooftop at Pier 17,2025,stricte,0.3,0.5,mid,net_0.6,1.109,1.109,0.9905,575584.4853774335,93467.88930690024,0.0,254653.19999999925,13822756.0,13907640.4,0.07238308483420175,24899424.0
The Rooftop at Pier 17,2025,stricte,0.3,0.5,quart_spread,h_0.6,1.109,1.109,0.9905,81860.28947882098,12276.510121178944,0.0,45344.121761699826,13822756.0,13829813.8832068,0.020778495678194897,24899424.0
The Rooftop at Pier 17,2025,stricte,0.3,0.5,quart_spread,net_0.6,1.109,1.109,0.9905,793394.9686900381,88438.48860690017,0.0,254653.19999999925,13822756.0,13907640.4,0.0824935223343427,24899424.0
The Rooftop at Pier 17,2025,stricte,0.5,0.4,mid,h_0.6,0.863,0.863,0.7445,57583.771256600994,15671.465943399016,0.0,81646.06014000066,13822756.0,13822756.0,0.024863662973858336,24899424.0
The Rooftop at Pier 17,2025,stricte,0.5,0.4,mid,net_0.6,0.863,0.863,0.7445,533960.435564607,72586.32690690021,0.0,254653.19999999925,13822756.0,13901995.5874,0.041442604794088234,24899424.0
The Rooftop at Pier 17,2025,stricte,0.5,0.4,quart_spread,h_0.6,0.863,0.863,0.7445,64300.461617600995,8954.77558239897,0.0,39203.86013999954,13822756.0,13822756.0,0.014339490678628497,24899424.0
The Rooftop at Pier 17,2025,stricte,0.5,0.4,quart_spread,net_0.6,0.863,0.863,0.7445,683007.8691381287,67556.92620690016,0.0,254653.19999999925,13822756.0,13878355.98937,0.05184440614166552,24899424.0
The Rooftop at Pier 17,2025,stricte,0.5,0.5,mid,h_0.6,0.863,0.863,0.7445,57583.771256600994,15671.465943399016,0.0,81646.06014000066,13822756.0,13822756.0,0.024863662973858336,24899424.0
The Rooftop at Pier 17,2025,stricte,0.5,0.5,mid,net_0.6,0.863,0.863,0.7445,533960.435564607,72586.32690690021,0.0,254653.19999999925,13822756.0,13901995.5874,0.041442604794088234,24899424.0
The Rooftop at Pier 17,2025,stricte,0.5,0.5,quart_spread,h_0.6,0.863,0.863,0.7445,64300.461617600995,8954.77558239897,0.0,39203.86013999954,13822756.0,13822756.0,0.014339490678628497,24899424.0
The Rooftop at Pier 17,2025,stricte,0.5,0.5,quart_spread,net_0.6,0.863,0.863,0.7445,683007.8691381287,67556.92620690016,0.0,254653.19999999925,13822756.0,13878355.98937,0.05184440614166552,24899424.0
The Rooftop at Pier 17,2026,aucun,0.0,0.4,mid,h_0.6,12.252,8.2265,3.4235,761340.726798019,-63039.21019801921,-313897.8027684375,173701.9526277599,10677430.0,10614717.002432786,0.0087280082431197,21504048.0
The Rooftop at Pier 17,2026,aucun,0.0,0.4,mid,net_0.6,12.252,8.2265,3.4235,5232446.926766936,-153045.6529463389,-1379348.1280859509,820603.8387780685,10677430.0,10129001.014336439,-1.1338703280148197,21504048.0
The Rooftop at Pier 17,2026,aucun,0.0,0.4,quart_spread,h_0.6,12.252,8.2265,3.4235,840367.0421430191,-142065.52554301912,-425878.2719916516,106156.88105784645,10677430.0,10510654.459851896,-0.02348157193837186,21504048.0
The Rooftop at Pier 17,2026,aucun,0.0,0.4,quart_spread,net_0.6,12.252,8.2265,3.4235,8644931.22102382,-1542978.534802162,-5152387.861091825,550366.8457156108,10677430.0,6971624.903370902,-10.4372861369767,21504048.0
The Rooftop at Pier 17,2026,aucun,0.0,0.5,mid,h_0.6,10.25,7.6405,3.123,683367.9417480545,-34808.68354805459,-257970.24043145933,162744.04505240955,10677430.0,10635831.7702207,0.004874602826564711,21504048.0
The Rooftop at Pier 17,2026,aucun,0.0,0.5,mid,net_0.6,10.25,7.6405,3.123,5088244.447208622,-101350.46637539324,-1370730.800363941,824074.095717051,10677430.0,10188881.831377886,-1.1153217902436237,21504048.0
The Rooftop at Pier 17,2026,aucun,0.0,0.5,quart_spread,h_0.6,10.25,7.6405,3.123,730188.4791000545,-81629.22090005456,-325237.1612078693,122512.3366896892,10677430.0,10573861.37215528,-0.016232179945353975,21504048.0
The Rooftop at Pier 17,2026,aucun,0.0,0.5,quart_spread,net_0.6,10.25,7.6405,3.123,8326875.459120325,-1373289.6830614936,-5051222.282398661,606227.068382399,10677430.0,7091834.678314171,-10.465181422410073,21504048.0
The Rooftop at Pier 17,2026,soir,0.3,0.4,mid,h_0.6,7.1355,5.998,3.4235,477412.6220996377,31724.00910036226,-125166.27504311953,161508.0751356595,10677430.0,10694654.075751774,0.01894115324843826,21504048.0
The Rooftop at Pier 17,2026,soir,0.3,0.4,mid,net_0.6,7.1355,5.998,3.4235,3823658.3535894924,169859.18140285622,-680473.7616456588,695270.591771398,10677430.0,10654452.22490855,-0.38194482674175134,21504048.0
The Rooftop at Pier 17,2026,soir,0.3,0.4,quart_spread,h_0.6,7.1355,5.998,3.4235,507934.71801863774,1201.9131813622694,-165865.90017240014,131783.2729205403,10677430.0,10655433.392938435,-0.009479592421408167,21504048.0
The Rooftop at Pier 17,2026,soir,0.3,0.4,quart_spread,net_0.6,7.1355,5.998,3.4235,5937587.778313265,-332960.7995572646,-3063495.5670707994,594190.8000000007,10677430.0,9228192.178378591,-3.721721116446534,21504048.0
The Rooftop at Pier 17,2026,soir,0.3,0.5,mid,h_0.6,6.835,5.6975,3.123,465620.6833507836,18008.185649216415,-138517.14600620986,140355.09062244,10677430.0,10681229.7016183,-0.0011361045693629723,21504048.0
The Rooftop at Pier 17,2026,soir,0.3,0.5,mid,net_0.6,6.835,5.6975,3.123,3801728.50223539,144351.41920285628,-696126.0858656229,684997.5198414735,10677430.0,10636053.045921374,-0.4189277239163729,21504048.0
The Rooftop at Pier 17,2026,soir,0.3,0.5,quart_spread,h_0.6,6.835,5.6975,3.123,491104.99623528356,-7476.1272352835795,-172365.13579959032,120590.43927975018,10677430.0,10638346.29938716,-0.022579348864763205,21504048.0
The Rooftop at Pier 17,2026,soir,0.3,0.5,quart_spread,net_0.6,6.835,5.6975,3.123,5888119.405209295,-358468.56175726466,-3086175.5752536,548059.4230286388,10677430.0,9191011.096790856,-3.748604413353223,21504048.0
The Rooftop at Pier 17,2026,soir,0.5,0.4,mid,h_0.6,5.3925,4.54,2.818,369898.08518891514,15477.0908110848,-124032.53353140019,122676.18480279003,10677430.0,10677234.286283141,-0.003974925563825504,21504048.0
The Rooftop at Pier 17,2026,soir,0.5,0.4,mid,net_0.6,5.3925,4.54,2.818,3263067.894726825,109689.39930173976,-781004.6084212437,594190.8000000007,10677430.0,10601987.661158917,-0.42556900789581276,21504048.0
The Rooftop at Pier 17,2026,soir,0.5,0.4,quart_spread,h_0.6,5.3925,4.54,2.818,389385.2091079151,-4010.0331079151815,-150835.75051355912,103466.53313261925,10677430.0,10655101.59290518,-0.01910867655785342,21504048.0
The Rooftop at Pier 17,2026,soir,0.5,0.4,quart_spread,net_0.6,5.3925,4.54,2.818,4957314.815815683,-336947.6947943255,-3108824.0649447585,459911.25961800676,10677430.0,9263965.001626246,-3.611545589585541,21504048.0
The Rooftop at Pier 17,2026,soir,0.5,0.5,mid,h_0.6,5.3925,4.54,2.818,369898.08518891514,15477.0908110848,-124032.53353140019,122676.18480279003,10677430.0,10677234.286283141,-0.003974925563825504,21504048.0
The Rooftop at Pier 17,2026,soir,0.5,0.5,mid,net_0.6,5.3925,4.54,2.818,3263067.894726825,109689.39930173976,-781004.6084212437,594190.8000000007,10677430.0,10601987.661158917,-0.42556900789581276,21504048.0
The Rooftop at Pier 17,2026,soir,0.5,0.5,quart_spread,h_0.6,5.3925,4.54,2.818,389385.2091079151,-4010.0331079151815,-150835.75051355912,103466.53313261925,10677430.0,10655101.59290518,-0.01910867655785342,21504048.0
The Rooftop at Pier 17,2026,soir,0.5,0.5,quart_spread,net_0.6,5.3925,4.54,2.818,4957314.815815683,-336947.6947943255,-3108824.0649447585,459911.25961800676,10677430.0,9263965.001626246,-3.611545589585541,21504048.0
The Rooftop at Pier 17,2026,soir,0.7,0.4,mid,h_0.6,3.102,3.102,2.2375,225604.60830614876,37706.800493851246,0.0,89220.8490227104,10677430.0,10719301.98055456,0.019621763505734857,21504048.0
The Rooftop at Pier 17,2026,soir,0.7,0.4,mid,net_0.6,3.102,3.102,2.2375,2154670.567039314,225349.741027692,0.0,509306.4000000004,10677430.0,10932083.2,0.0703695733429327,21504048.0
The Rooftop at Pier 17,2026,soir,0.7,0.4,quart_spread,h_0.6,3.102,3.102,2.2375,236689.98041864877,26621.42838135124,-3065.175683999434,75955.88319453025,10677430.0,10703830.66544782,0.013484401560228676,21504048.0
The Rooftop at Pier 17,2026,soir,0.7,0.4,quart_spread,net_0.6,3.102,3.102,2.2375,3165761.2075987626,137465.15453802017,-61303.51367999986,375140.6638919996,10677430.0,10842197.7223948,0.03247836827007,21504048.0
The Rooftop at Pier 17,2026,soir,0.7,0.5,mid,h_0.6,3.102,3.102,2.2375,225604.60830614876,37706.800493851246,0.0,89220.8490227104,10677430.0,10719301.98055456,0.019621763505734857,21504048.0
The Rooftop at Pier 17,2026,soir,0.7,0.5,mid,net_0.6,3.102,3.102,2.2375,2154670.567039314,225349.741027692,0.0,509306.4000000004,10677430.0,10932083.2,0.0703695733429327,21504048.0
The Rooftop at Pier 17,2026,soir,0.7,0.5,quart_spread,h_0.6,3.102,3.102,2.2375,236689.98041864877,26621.42838135124,-3065.175683999434,75955.88319453025,10677430.0,10703830.66544782,0.013484401560228676,21504048.0
The Rooftop at Pier 17,2026,soir,0.7,0.5,quart_spread,net_0.6,3.102,3.102,2.2375,3165761.2075987626,137465.15453802017,-61303.51367999986,375140.6638919996,10677430.0,10842197.7223948,0.03247836827007,21504048.0
The Rooftop at Pier 17,2026,stricte,0.3,0.4,mid,h_0.6,3.999,3.7145,2.5785,261291.93746194572,54011.166338054274,-40181.866365149246,151281.65834678305,10677430.0,10742985.481857294,0.03932805310788734,21504048.0
The Rooftop at Pier 17,2026,stricte,0.3,0.4,mid,net_0.6,3.999,3.7145,2.5785,2103284.869816634,251440.03891577487,-6157.417616579682,594190.8000000007,10677430.0,10970020.96459942,0.10445008881995765,21504048.0
The Rooftop at Pier 17,2026,stricte,0.3,0.4,quart_spread,h_0.6,3.999,3.7145,2.5785,278770.90868794575,36532.19511205427,-51463.72888677036,121054.86782799759,10677430.0,10719958.381716581,0.02537216046277113,21504048.0
The Rooftop at Pier 17,2026,stricte,0.3,0.4,quart_spread,net_0.6,3.999,3.7145,2.5785,3060611.033877138,157444.57343104336,-140157.9627906978,459102.2006952007,10677430.0,10859012.750216633,0.05614669443829334,21504048.0
The Rooftop at Pier 17,2026,stricte,0.3,0.5,mid,h_0.6,3.6985,3.414,2.278,249499.99871309157,40295.34288690843,-43927.67699999921,120411.66212279908,10677430.0,10726301.0049184,0.019057776546980043,21504048.0
The Rooftop at Pier 17,2026,stricte,0.3,0.5,mid,net_0.6,3.6985,3.414,2.278,2081355.0184625313,225932.27671577485,-6157.417616579682,525106.7822159994,10677430.0,10932083.2,0.06658062455271296,21504048.0
The Rooftop at Pier 17,2026,stricte,0.3,0.5,quart_spread,h_0.6,3.6985,3.414,2.278,261941.18690459157,27854.154695408437,-52027.09179480001,110193.48601758019,10677430.0,10706352.538529621,0.012072429848973831,21504048.0
The Rooftop at Pier 17,2026,stricte,0.3,0.5,quart_spread,net_0.6,3.6985,3.414,2.278,3011142.6607731697,131936.81123104336,-149935.38721011672,435978.16221600026,10677430.0,10804041.873352,0.021818578750326667,21504048.0
The Rooftop at Pier 17,2026,stricte,0.5,0.4,mid,h_0.6,2.258,1.9735,1.4,156402.6373669032,11116.726033096935,-61251.87637736988,61784.10793169929,10677430.0,10699956.84277144,0.011367212981501673,21504048.0
The Rooftop at Pier 17,2026,stricte,0.5,0.4,mid,net_0.6,2.258,1.9735,1.4,1545517.2116055437,103656.29851577501,-91041.81761658005,339537.5999999996,10677430.0,10790609.2,0.027352427816038416,21504048.0
The Rooftop at Pier 17,2026,stricte,0.5,0.4,quart_spread,h_0.6,2.258,1.9735,1.4,165586.70502490317,1932.6583750968632,-74916.30606984012,54979.44762276009,10677430.0,10689788.4895648,0.009360681723880937,21504048.0
The Rooftop at Pier 17,2026,stricte,0.5,0.4,quart_spread,net_0.6,2.258,1.9735,1.4,2201667.2188555566,33359.623782643444,-185493.968715432,254653.19999999925,10677430.0,10729608.689411033,0.03215169254092953,21504048.0
The Rooftop at Pier 17,2026,stricte,0.5,0.5,mid,h_0.6,2.258,1.9735,1.4,156402.6373669032,11116.726033096935,-61251.87637736988,61784.10793169929,10677430.0,10699956.84277144,0.011367212981501673,21504048.0
The Rooftop at Pier 17,2026,stricte,0.5,0.5,mid,net_0.6,2.258,1.9735,1.4,1545517.2116055437,103656.29851577501,-91041.81761658005,339537.5999999996,10677430.0,10790609.2,0.027352427816038416,21504048.0
The Rooftop at Pier 17,2026,stricte,0.5,0.5,quart_spread,h_0.6,2.258,1.9735,1.4,165586.70502490317,1932.6583750968632,-74916.30606984012,54979.44762276009,10677430.0,10689788.4895648,0.009360681723880937,21504048.0
The Rooftop at Pier 17,2026,stricte,0.5,0.5,quart_spread,net_0.6,2.258,1.9735,1.4,2201667.2188555566,33359.623782643444,-185493.968715432,254653.19999999925,10677430.0,10729608.689411033,0.03215169254092953,21504048.0
Berry Park,2025,aucun,0.0,0.4,mid,h_0.6,4.267,3.6005,1.649,18558.917088471302,3217.9870615286986,-4244.547244574991,11140.241934556905,1072317.5,1076911.3041916948,0.043635995631923,1671009.0
Berry Park,2025,aucun,0.0,0.4,mid,net_0.6,4.267,3.6005,1.649,116119.92788476142,17297.45321654477,-5844.32511559315,42338.10000000009,1072317.5,1091525.22,0.04708290272728033,1671009.0
Berry Park,2025,aucun,0.0,0.4,quart_spread,h_0.6,4.267,3.6005,1.649,20661.3288495963,1115.5753004036983,-7155.97874425677,8261.045114338216,1072317.5,1074508.056214905,0.028293582504855253,1671009.0
Berry Park,2025,aucun,0.0,0.4,quart_spread,net_0.6,4.267,3.6005,1.649,182133.68552893933,9088.564047207303,-26481.029059853823,36759.731963278544,1072317.5,1079819.418134003,-0.14398800861978822,1671009.0
Berry Park,2025,aucun,0.0,0.5,mid,h_0.6,3.8745,3.5415,1.649,17433.393787671677,3986.6606623283233,-3129.99524999992,11072.026863440726,1072317.5,1078241.4893944038,0.04033804124026885,1671009.0
Berry Park,2025,aucun,0.0,0.5,mid,net_0.6,3.8745,3.5415,1.649,113959.69560839003,18845.80329127006,-2553.7634553571697,42338.10000000009,1072317.5,1093021.8686475,0.048182660911214925,1671009.0
Berry Park,2025,aucun,0.0,0.5,quart_spread,h_0.6,3.8745,3.5415,1.649,19257.099884796677,2162.954565203323,-5284.345993535732,8457.639813575657,1072317.5,1075585.6372339537,0.02742198370142679,1671009.0
Berry Park,2025,aucun,0.0,0.5,quart_spread,net_0.6,3.8745,3.5415,1.649,177768.82799555446,12814.135124124972,-19418.22631578939,42338.10000000009,1072317.5,1085361.1415114,-0.06255054268141791,1671009.0
Berry Park,2025,soir,0.3,0.4,mid,h_0.6,2.786,2.612,1.649,12269.700560239426,3528.459039760574,-3041.629587000003,10007.981387025084,1072317.5,1077156.810689845,0.0364870077317172,1671009.0
Berry Park,2025,soir,0.3,0.4,mid,net_0.6,2.786,2.612,1.649,81164.25705464362,14255.347290492868,-2553.7634553571697,36289.80000000005,1072317.5,1088683.6,0.06806957746171449,1671009.0
Berry Park,2025,soir,0.3,0.4,quart_spread,h_0.6,2.786,2.612,1.649,13611.394949239426,2186.7646507605714,-3702.509183099959,7415.3522269669065,1072317.5,1075591.387239235,0.024701103771406663,1671009.0
Berry Park,2025,soir,0.3,0.4,quart_spread,net_0.6,2.786,2.612,1.649,131500.28603747117,10279.738258335508,-15473.607822000049,30241.5,1072317.5,1083166.4133212925,-0.0035650425165583144,1671009.0
Berry Park,2025,soir,0.3,0.5,mid,h_0.6,2.727,2.553,1.649,12120.965605279425,3320.3442947205726,-3041.629587000003,9589.885391564936,1072317.5,1077156.810689845,0.03778989054420745,1671009.0
Berry Park,2025,soir,0.3,0.5,mid,net_0.6,2.727,2.553,1.649,80909.22455299753,13898.497590492869,-2553.7634553571697,35887.588049999904,1072317.5,1088683.6,0.07038245963529954,1671009.0
Berry Park,2025,soir,0.3,0.5,quart_spread,h_0.6,2.727,2.553,1.649,13453.738751779425,1987.5711482205722,-3702.509183099959,7116.67243023552,1072317.5,1075591.387239235,0.026020565353687686,1671009.0
Berry Park,2025,soir,0.3,0.5,quart_spread,net_0.6,2.727,2.553,1.649,131217.84928100396,9922.88855833551,-15473.607822000049,30241.5,1072317.5,1083101.009385331,0.00026798404340677706,1671009.0
Berry Park,2025,soir,0.5,0.4,mid,h_0.6,1.903,1.903,0.999,8914.34965470195,2595.565245298039,0.0,7551.604964999948,1072317.5,1075743.94379205,0.027940463482096445,1671009.0
Berry Park,2025,soir,0.5,0.4,mid,net_0.6,1.903,1.903,0.999,70671.6098446813,11463.861631725016,0.0,30241.5,1072317.5,1085363.3,0.06219249250565462,1671009.0
Berry Park,2025,soir,0.5,0.4,quart_spread,h_0.6,1.903,1.903,0.999,9920.57508420195,1589.3398157980414,-773.6803911000025,5340.194823877432,1072317.5,1073904.456530015,0.02204563340985366,1671009.0
Berry Park,2025,soir,0.5,0.4,quart_spread,net_0.6,1.903,1.903,0.999,112079.96399978596,7652.569297383023,-15473.607822000049,24193.199999999953,1072317.5,1079552.3,-0.0025164160341066832,1671009.0
Berry Park,2025,soir,0.5,0.5,mid,h_0.6,1.903,1.903,0.999,8914.34965470195,2595.565245298039,0.0,7551.604964999948,1072317.5,1075743.94379205,0.027940463482096445,1671009.0
Berry Park,2025,soir,0.5,0.5,mid,net_0.6,1.903,1.903,0.999,70671.6098446813,11463.861631725016,0.0,30241.5,1072317.5,1085363.3,0.06219249250565462,1671009.0
Berry Park,2025,soir,0.5,0.5,quart_spread,h_0.6,1.903,1.903,0.999,9920.57508420195,1589.3398157980414,-773.6803911000025,5340.194823877432,1072317.5,1073904.456530015,0.02204563340985366,1671009.0
Berry Park,2025,soir,0.5,0.5,quart_spread,net_0.6,1.903,1.903,0.999,112079.96399978596,7652.569297383023,-15473.607822000049,24193.199999999953,1072317.5,1079552.3,-0.0025164160341066832,1671009.0
Berry Park,2025,soir,0.7,0.4,mid,h_0.6,1.421,1.421,0.691,6937.579979466151,1657.0543205338297,0.0,5972.291013899958,1072317.5,1074383.511303885,0.015167055979461552,1671009.0
Berry Park,2025,soir,0.7,0.4,mid,net_0.6,1.421,1.421,0.691,63943.187554558666,8548.581031725025,0.0,24193.199999999953,1072317.5,1082398.0,0.04421833146941179,1671009.0
Berry Park,2025,soir,0.7,0.4,quart_spread,h_0.6,1.421,1.421,0.691,7876.32150171615,718.312798283834,-773.6803911000025,2833.554458325092,1072317.5,1073494.67533589,0.010035346501608311,1671009.0
Berry Park,2025,soir,0.7,0.4,quart_spread,net_0.6,1.421,1.421,0.691,104441.95945421666,4737.2886973830255,-15473.607822000049,20766.838049999904,1072317.5,1076587.0,-0.019730885564671397,1671009.0
Berry Park,2025,soir,0.7,0.5,mid,h_0.6,1.421,1.421,0.691,6937.579979466151,1657.0543205338297,0.0,5972.291013899958,1072317.5,1074383.511303885,0.015167055979461552,1671009.0
Berry Park,2025,soir,0.7,0.5,mid,net_0.6,1.421,1.421,0.691,63943.187554558666,8548.581031725025,0.0,24193.199999999953,1072317.5,1082398.0,0.04421833146941179,1671009.0
Berry Park,2025,soir,0.7,0.5,quart_spread,h_0.6,1.421,1.421,0.691,7876.32150171615,718.312798283834,-773.6803911000025,2833.554458325092,1072317.5,1073494.67533589,0.010035346501608311,1671009.0
Berry Park,2025,soir,0.7,0.5,quart_spread,net_0.6,1.421,1.421,0.691,104441.95945421666,4737.2886973830255,-15473.607822000049,20766.838049999904,1072317.5,1076587.0,-0.019730885564671397,1671009.0
Berry Park,2025,stricte,0.3,0.4,mid,h_0.6,1.624,1.624,1.1565,7601.31099821475,2221.128201785239,0.0,6972.336592874908,1072317.5,1075523.3749528402,0.03611048240482695,1671009.0
Berry Park,2025,stricte,0.3,0.4,mid,net_0.6,1.624,1.624,1.1565,62542.03940702885,9776.38593172502,0.0,24193.199999999953,1072317.5,1084176.8,0.09135636020620785,1671009.0
Berry Park,2025,stricte,0.3,0.4,quart_spread,h_0.6,1.624,1.624,1.1565,8294.990525214751,1527.4486747852416,0.0,5219.602911232458,1072317.5,1074590.675379875,0.026543450055629858,1671009.0
Berry Park,2025,stricte,0.3,0.4,quart_spread,net_0.6,1.624,1.624,1.1565,89479.81044887018,9430.120756725028,0.0,24193.199999999953,1072317.5,1084176.8,0.09296641507400116,1671009.0
Berry Park,2025,stricte,0.3,0.5,mid,h_0.6,1.565,1.565,1.1565,7452.5760432547495,2013.0134567452376,0.0,6658.149030547495,1072317.5,1075494.03016628,0.03771075264792079,1671009.0
Berry Park,2025,stricte,0.3,0.5,mid,net_0.6,1.565,1.565,1.1565,62287.00690538276,9419.536231725022,0.0,24193.199999999953,1072317.5,1084170.915,0.09534908238922835,1671009.0
Berry Park,2025,stricte,0.3,0.5,quart_spread,h_0.6,1.565,1.565,1.1565,8137.334327754751,1328.2551722452422,0.0,4607.6537597175975,1072317.5,1074453.940856945,0.02802416600554869,1671009.0
Berry Park,2025,stricte,0.3,0.5,quart_spread,net_0.6,1.565,1.565,1.1565,89197.37369240297,9073.271056725029,0.0,24193.199999999953,1072317.5,1083821.8,0.0964157799470372,1671009.0
Berry Park,2025,stricte,0.5,0.4,mid,h_0.6,0.8055,0.8055,0.691,3981.9952652973,889.9103847026778,0.0,3711.286324852484,1072317.5,1073504.0,0.018186565381706488,1671009.0
Berry Park,2025,stricte,0.5,0.4,mid,net_0.6,0.8055,0.8055,0.691,41271.74075893863,4825.852381725016,0.0,18144.899999999907,1072317.5,1078365.8,0.0776280959130512,1671009.0
Berry Park,2025,stricte,0.5,0.4,quart_spread,h_0.6,0.8055,0.8055,0.691,4355.5987562973,516.3068937026839,0.0,2042.155118752499,1072317.5,1073504.0,0.011821052321859482,1671009.0
Berry Park,2025,stricte,0.5,0.4,quart_spread,net_0.6,0.8055,0.8055,0.691,53991.09961849962,4479.587206725026,0.0,18144.899999999907,1072317.5,1078248.1,0.07694253310780819,1671009.0
Berry Park,2025,stricte,0.5,0.5,mid,h_0.6,0.8055,0.8055,0.691,3981.9952652973,889.9103847026778,0.0,3711.286324852484,1072317.5,1073504.0,0.018186565381706488,1671009.0
Berry Park,2025,stricte,0.5,0.5,mid,net_0.6,0.8055,0.8055,0.691,41271.74075893863,4825.852381725016,0.0,18144.899999999907,1072317.5,1078365.8,0.0776280959130512,1671009.0
Berry Park,2025,stricte,0.5,0.5,quart_spread,h_0.6,0.8055,0.8055,0.691,4355.5987562973,516.3068937026839,0.0,2042.155118752499,1072317.5,1073504.0,0.011821052321859482,1671009.0
Berry Park,2025,stricte,0.5,0.5,quart_spread,net_0.6,0.8055,0.8055,0.691,53991.09961849962,4479.587206725026,0.0,18144.899999999907,1072317.5,1078248.1,0.07694253310780819,1671009.0
Berry Park,2026,aucun,0.0,0.4,mid,h_0.6,10.67,7.3235,3.1115,46462.118300025264,-2167.393250025263,-18109.156474895633,12247.798087333162,907510.675,906365.898448175,0.02996928400396326,1449948.0
Berry Park,2026,aucun,0.0,0.4,mid,net_0.6,10.67,7.3235,3.1115,337601.8254320349,979.8205785584033,-71920.76520760982,55421.25443899858,907510.675,888438.9868315073,-0.8570987865747113,1449948.0
Berry Park,2026,aucun,0.0,0.4,quart_spread,h_0.6,10.67,7.3235,3.1115,51300.380281275255,-7005.655231275261,-24517.929900434967,8783.276278576846,907510.675,900960.9822087075,0.008514792563313556,1449948.0
Berry Park,2026,aucun,0.0,0.4,quart_spread,net_0.6,10.67,7.3235,3.1115,505264.8942964008,-64484.87305065128,-262868.1095903447,41517.54009180667,907510.675,717409.5069565941,-8.867952275387484,1449948.0
Berry Park,2026,aucun,0.0,0.5,mid,h_0.6,8.6205,6.763,2.926,40730.4198545565,174.23304544349975,-13702.378892579954,11675.735244007523,907510.675,908860.7795207599,0.04220693134957676,1449948.0
Berry Park,2026,aucun,0.0,0.5,mid,net_0.6,8.6205,6.763,2.926,326930.95045310643,5263.4034840238655,-65354.01091156965,54441.822045610796,907510.675,893906.0190057773,-0.8069059043522417,1449948.0
Berry Park,2026,aucun,0.0,0.5,quart_spread,h_0.6,8.6205,6.763,2.926,43192.599620431494,-2287.9467204314983,-17503.61629107,9586.650004687459,907510.675,905329.6786118951,0.021985980297814067,1449948.0
Berry Park,2026,aucun,0.0,0.5,quart_spread,net_0.6,8.6205,6.763,2.926,481585.505656988,-50775.449625543275,-246513.2120919307,45395.00456864992,907510.675,732813.3396945402,-8.89082612652745,1449948.0
Berry Park,2026,soir,0.3,0.4,mid,h_0.6,5.866,5.092,3.1115,27824.346524497163,2973.597075502836,-6461.663503124966,11305.221489260632,907510.675,911605.2386509688,0.05580275120475742,1449948.0
Berry Park,2026,soir,0.3,0.4,mid,net_0.6,5.866,5.092,3.1115,222512.70239919217,14109.785079966607,-37263.54291815898,48386.40000000002,907510.675,912861.7755076388,-0.20092564359772846,1449948.0
Berry Park,2026,soir,0.3,0.4,quart_spread,h_0.6,5.866,5.092,3.1115,29367.018362122162,1430.9252378778372,-8735.327888902557,9270.952333057547,907510.675,908750.690245965,0.029163673547122904,1449948.0
Berry Park,2026,soir,0.3,0.4,quart_spread,net_0.6,5.866,5.092,3.1115,325694.02239408065,-9213.140114313248,-126424.85136588421,37992.856120799945,907510.675,829420.5992093893,-3.2592137184711527,1449948.0
Berry Park,2026,soir,0.3,0.5,mid,h_0.6,5.6805,4.9065,2.926,27305.67776132805,2370.3061886719493,-6856.064376089975,10392.153223822477,907510.675,910069.2778213901,0.04614306389851941,1449948.0
Berry Park,2026,soir,0.3,0.5,mid,net_0.6,5.6805,4.9065,2.926,221548.11726009284,12987.825429966606,-38383.94098232785,43880.61915420613,907510.675,910851.4627703471,-0.21509193789191072,1449948.0
Berry Park,2026,soir,0.3,0.5,quart_spread,h_0.6,5.6805,4.9065,2.926,28626.762568078047,1049.22138192195,-9209.650695652474,9042.648060202499,907510.675,908185.077381475,0.022562293586297244,1449948.0
Berry Park,2026,soir,0.3,0.5,quart_spread,net_0.6,5.6805,4.9065,2.926,323518.1545880918,-10335.099764313249,-127847.8393284656,37156.95686759997,907510.675,828635.129246137,-3.2651654617677197,1449948.0
Berry Park,2026,soir,0.5,0.4,mid,h_0.6,4.39,3.801,2.5485,21655.0041594174,1334.5841405825993,-6855.059299837478,7696.916430952554,907510.675,909157.776056885,0.036494030809461786,1449948.0
Berry Park,2026,soir,0.5,0.4,mid,net_0.6,4.39,3.801,2.5485,194074.41531741942,9242.683984125364,-38795.37662797957,37415.63056199998,907510.675,909229.479317014,-0.1944307897159936,1449948.0
Berry Park,2026,soir,0.5,0.4,quart_spread,h_0.6,4.39,3.801,2.5485,22639.9471332924,349.6411667075997,-8335.122462427464,6622.997369400053,907510.675,907988.234007065,0.01740787442347791,1449948.0
Berry Park,2026,soir,0.5,0.4,quart_spread,net_0.6,4.39,3.801,2.5485,278264.1825904381,-11571.59777986154,-120866.70379297668,31064.91556200001,907510.675,830074.3018242721,-3.150689941672617,1449948.0
Berry Park,2026,soir,0.5,0.5,mid,h_0.6,4.39,3.801,2.5485,21655.0041594174,1334.5841405825993,-6855.059299837478,7696.916430952554,907510.675,909157.776056885,0.036494030809461786,1449948.0
Berry Park,2026,soir,0.5,0.5,mid,net_0.6,4.39,3.801,2.5485,194074.41531741942,9242.683984125364,-38795.37662797957,37415.63056199998,907510.675,909229.479317014,-0.1944307897159936,1449948.0
Berry Park,2026,soir,0.5,0.5,quart_spread,h_0.6,4.39,3.801,2.5485,22639.9471332924,349.6411667075997,-8335.122462427464,6622.997369400053,907510.675,907988.234007065,0.01740787442347791,1449948.0
Berry Park,2026,soir,0.5,0.5,quart_spread,net_0.6,4.39,3.801,2.5485,278264.1825904381,-11571.59777986154,-120866.70379297668,31064.91556200001,907510.675,830074.3018242721,-3.150689941672617,1449948.0
Berry Park,2026,soir,0.7,0.4,mid,h_0.6,2.52,2.52,2.0005,13206.67842693885,2035.0375730611493,0.0,5148.544912304961,907510.675,909555.59672889,0.029564279460270737,1449948.0
Berry Park,2026,soir,0.7,0.4,mid,net_0.6,2.52,2.52,2.0005,135182.77376072938,12854.318322570001,0.0,30241.5,907510.675,922503.3815281,0.1303212572032314,1449948.0
Berry Park,2026,soir,0.7,0.4,quart_spread,h_0.6,2.52,2.52,2.0005,13809.353720063851,1432.3622799361506,-218.40411300002597,4257.313996214972,907510.675,908983.085933045,0.017262760142140454,1449948.0
Berry Park,2026,soir,0.7,0.4,quart_spread,net_0.6,2.52,2.52,2.0005,189128.80388867366,8879.616526842012,-4368.082259999937,24640.774199999985,907510.675,915312.4968744,0.053117858523755945,1449948.0
Berry Park,2026,soir,0.7,0.5,mid,h_0.6,2.52,2.52,2.0005,13206.67842693885,2035.0375730611493,0.0,5148.544912304961,907510.675,909555.59672889,0.029564279460270737,1449948.0
Berry Park,2026,soir,0.7,0.5,mid,net_0.6,2.52,2.52,2.0005,135182.77376072938,12854.318322570001,0.0,30241.5,907510.675,922503.3815281,0.1303212572032314,1449948.0
Berry Park,2026,soir,0.7,0.5,quart_spread,h_0.6,2.52,2.52,2.0005,13809.353720063851,1432.3622799361506,-218.40411300002597,4257.313996214972,907510.675,908983.085933045,0.017262760142140454,1449948.0
Berry Park,2026,soir,0.7,0.5,quart_spread,net_0.6,2.52,2.52,2.0005,189128.80388867366,8879.616526842012,-4368.082259999937,24640.774199999985,907510.675,915312.4968744,0.053117858523755945,1449948.0
Berry Park,2026,stricte,0.3,0.4,mid,h_0.6,3.065,2.8665,1.9885,14681.334671673863,2656.1172783261354,-2788.2274396724706,8220.408438929986,907510.675,911713.295953165,0.04743513437294178,1449948.0
Berry Park,2026,stricte,0.3,0.4,mid,net_0.6,3.065,2.8665,1.9885,131803.54989253866,13662.377470238393,-438.7367875648197,32493.161123999977,907510.675,924173.4,0.14909510486458266,1449948.0
Berry Park,2026,stricte,0.3,0.4,quart_spread,h_0.6,3.065,2.8665,1.9885,15494.263993548862,1843.1879564511366,-3447.530999999959,6853.864080153702,907510.675,910354.5070608,0.03269790981431553,1449948.0
Berry Park,2026,stricte,0.3,0.4,quart_spread,net_0.6,3.065,2.8665,1.9885,179645.48654961996,9383.875957074566,-7194.098391488311,28296.591351048686,907510.675,917115.8697002861,0.06572136492264669,1449948.0
Berry Park,2026,stricte,0.3,0.5,mid,h_0.6,2.8795,2.681,1.803,14162.66590850475,2052.826391495249,-3073.703721900005,6756.408351480003,907510.675,910296.99518532,0.037594289956700444,1449948.0
Berry Park,2026,stricte,0.3,0.5,mid,net_0.6,2.8795,2.681,1.803,130838.96475343929,12540.417820238394,-877.4735751295229,31367.330562000046,907510.675,922491.4295843,0.1313550876915297,1449948.0
Berry Park,2026,stricte,0.3,0.5,quart_spread,h_0.6,2.8795,2.681,1.803,14754.008199504748,1461.484100495249,-3447.530999999959,5861.432479237558,907510.675,909391.92831893,0.025980319409064867,1449948.0
Berry Park,2026,stricte,0.3,0.5,quart_spread,net_0.6,2.8795,2.681,1.803,177469.61874363112,8261.916307074567,-7569.939753488405,25840.031123999972,907510.675,915148.9280123257,0.04872824032834133,1449948.0
Berry Park,2026,stricte,0.5,0.4,mid,h_0.6,1.6655,1.467,1.1225,8330.9127428064,541.9433571936015,-3129.9952500000363,3600.643714500009,907510.675,908600.300164485,0.022154440752843674,1449948.0
Berry Park,2026,stricte,0.5,0.4,mid,net_0.6,1.6655,1.467,1.1225,86522.49810571292,5813.090299988399,-6487.03678756475,19270.730561999953,907510.675,913843.735,0.08426432179873022,1449948.0
Berry Park,2026,stricte,0.5,0.4,quart_spread,h_0.6,1.6655,1.467,1.1225,8766.775921931401,106.08017806860188,-3622.063466534944,3092.5234609725135,907510.675,907917.9718549,0.014387819587312056,1449948.0
Berry Park,2026,stricte,0.5,0.4,quart_spread,net_0.6,1.6655,1.467,1.1225,120220.39834535809,2684.134733124573,-9173.219038402283,18144.900000000023,907510.675,909509.4169548255,0.03343904765456973,1449948.0
Berry Park,2026,stricte,0.5,0.5,mid,h_0.6,1.6655,1.467,1.1225,8330.9127428064,541.9433571936015,-3129.9952500000363,3600.643714500009,907510.675,908600.300164485,0.022154440752843674,1449948.0
Berry Park,2026,stricte,0.5,0.5,mid,net_0.6,1.6655,1.467,1.1225,86522.49810571292,5813.090299988399,-6487.03678756475,19270.730561999953,907510.675,913843.735,0.08426432179873022,1449948.0
Berry Park,2026,stricte,0.5,0.5,quart_spread,h_0.6,1.6655,1.467,1.1225,8766.775921931401,106.08017806860188,-3622.063466534944,3092.5234609725135,907510.675,907917.9718549,0.014387819587312056,1449948.0
Berry Park,2026,stricte,0.5,0.5,quart_spread,net_0.6,1.6655,1.467,1.1225,120220.39834535809,2684.134733124573,-9173.219038402283,18144.900000000023,907510.675,909509.4169548255,0.03343904765456973,1449948.0
Time Out Market rooftop,2025,aucun,0.0,0.4,mid,h_0.6,3.9975,3.158,1.47,30633.146637931684,3805.7907620683163,-10968.541197862336,18193.43003987247,2393191.0,2400860.95113301,0.04186181148467405,3393501.0
Time Out Market rooftop,2025,aucun,0.0,0.4,mid,net_0.6,3.9975,3.158,1.47,189029.40131325004,25212.835031252765,-13902.793148751625,69529.01724962177,2393191.0,2421347.989855715,0.02912238311496851,3393501.0
Time Out Market rooftop,2025,aucun,0.0,0.4,quart_spread,h_0.6,3.9975,3.158,1.47,34186.420536931684,252.51686306831635,-16385.177194351993,12872.898839902442,2393191.0,2396339.14775185,0.024817176560850585,3393501.0
Time Out Market rooftop,2025,aucun,0.0,0.4,quart_spread,net_0.6,3.9975,3.158,1.47,295540.26230826316,11723.114568081259,-58423.68350540717,65431.799999999814,2393191.0,2400447.9713248806,-0.08961956021752804,3393501.0
Time Out Market rooftop,2025,aucun,0.0,0.5,mid,h_0.6,3.4125,3.132,1.47,27676.900309730958,6478.4992902690365,-5643.492750000209,18892.80464998481,2393191.0,2402171.970293084,0.04939827689165066,3393501.0
Time Out Market rooftop,2025,aucun,0.0,0.5,mid,net_0.6,3.4125,3.132,1.47,183468.33444995154,30287.725968625346,-4604.526331317145,75611.89754999988,2393191.0,2427899.441602606,0.060380058167334716,3393501.0
Time Out Market rooftop,2025,aucun,0.0,0.5,quart_spread,h_0.6,3.4125,3.132,1.47,30765.62206035596,3389.777539644034,-9319.81469312252,13944.34695043665,2393191.0,2399445.7758535,0.03489765021527169,3393501.0
Time Out Market rooftop,2025,aucun,0.0,0.5,quart_spread,net_0.6,3.4125,3.132,1.47,286488.04475454235,20267.381924740097,-36591.52595239505,65431.799999999814,2393191.0,2413394.3655181737,0.010417184282944136,3393501.0
Time Out Market rooftop,2025,soir,0.3,0.4,mid,h_0.6,2.423,2.2945,1.47,19376.260930072465,5645.949919927539,-4344.202592100017,17438.364584510808,2393191.0,2400189.611629525,0.03551532473088892,3393501.0
Time Out Market rooftop,2025,soir,0.3,0.4,mid,net_0.6,2.423,2.2945,1.47,131821.93479072335,22932.383639350726,-4604.526331317145,54526.5,2393191.0,2418332.7776725,0.04960927258268044,3393501.0
Time Out Market rooftop,2025,soir,0.3,0.4,quart_spread,h_0.6,2.423,2.2945,1.47,21638.87894244746,3383.3319075525305,-5707.36509210011,12407.528180604355,2393191.0,2397815.689520845,0.02103825876865273,3393501.0
Time Out Market rooftop,2025,soir,0.3,0.4,quart_spread,net_0.6,2.423,2.2945,1.47,212663.85305303388,16455.979574740082,-23301.386072816327,54526.5,2393191.0,2412543.3854356,0.03424211788695586,3393501.0
Time Out Market rooftop,2025,soir,0.3,0.5,mid,h_0.6,2.397,2.2685,1.47,19258.082375032463,5480.590674967539,-4344.202592100017,17214.320580502346,2393191.0,2400189.611629525,0.037635485022543214,3393501.0
Time Out Market rooftop,2025,soir,0.3,0.5,mid,net_0.6,2.397,2.2685,1.47,131619.29666479744,22648.845839350728,-4604.526331317145,54526.5,2393191.0,2418332.7776725,0.05333817177867051,3393501.0
Time Out Market rooftop,2025,soir,0.3,0.5,quart_spread,h_0.6,2.397,2.2685,1.47,21513.61194240746,3225.0611075925294,-5709.507438285102,12138.886543297347,2393191.0,2397815.689520845,0.02310460171359585,3393501.0
Time Out Market rooftop,2025,soir,0.3,0.5,quart_spread,net_0.6,2.397,2.2685,1.47,212439.44065597188,16172.441774740082,-23301.386072816327,54526.5,2393191.0,2412543.3854356,0.03798298523991972,3393501.0
Time Out Market rooftop,2025,soir,0.5,0.4,mid,h_0.6,1.6945,1.6945,0.896,14298.72728864265,4180.303561357366,0.0,13618.674138352702,2393191.0,2398744.814999395,0.028151999521566218,3393501.0
Time Out Market rooftop,2025,soir,0.5,0.4,mid,net_0.6,1.6945,1.6945,0.896,115591.89146079078,18382.216322924967,0.0,43621.200000000186,2393191.0,2411366.5,0.04055564945950163,3393501.0
Time Out Market rooftop,2025,soir,0.5,0.4,quart_spread,h_0.6,1.6945,1.6945,0.896,16014.703506892649,2464.3273431073408,-1164.5101920375598,8491.953565777396,2393191.0,2396712.220143985,0.01792292653522909,3393501.0
Time Out Market rooftop,2025,soir,0.5,0.4,quart_spread,net_0.6,1.6945,1.6945,0.896,181704.99615697574,12124.608506639956,-27899.465201999992,43621.200000000186,2393191.0,2406192.52,0.0291443393846601,3393501.0
Time Out Market rooftop,2025,soir,0.5,0.5,mid,h_0.6,1.6945,1.6945,0.896,14298.72728864265,4180.303561357366,0.0,13618.674138352702,2393191.0,2398744.814999395,0.028151999521566218,3393501.0
Time Out Market rooftop,2025,soir,0.5,0.5,mid,net_0.6,1.6945,1.6945,0.896,115591.89146079078,18382.216322924967,0.0,43621.200000000186,2393191.0,2411366.5,0.04055564945950163,3393501.0
Time Out Market rooftop,2025,soir,0.5,0.5,quart_spread,h_0.6,1.6945,1.6945,0.896,16014.703506892649,2464.3273431073408,-1164.5101920375598,8491.953565777396,2393191.0,2396712.220143985,0.01792292653522909,3393501.0
Time Out Market rooftop,2025,soir,0.5,0.5,quart_spread,net_0.6,1.6945,1.6945,0.896,181704.99615697574,12124.608506639956,-27899.465201999992,43621.200000000186,2393191.0,2406192.52,0.0291443393846601,3393501.0
Time Out Market rooftop,2025,soir,0.7,0.4,mid,h_0.6,1.306,1.306,0.6365,11385.624511028249,2856.697288971768,0.0,10899.214842599817,2393191.0,2395834.681202185,0.026701983489026748,3393501.0
Time Out Market rooftop,2025,soir,0.7,0.4,mid,net_0.6,1.306,1.306,0.6365,105283.95602484787,14145.50727292496,0.0,43621.200000000186,2393191.0,2407710.01,0.04623383096883349,3393501.0
Time Out Market rooftop,2025,soir,0.7,0.4,quart_spread,h_0.6,1.306,1.306,0.6365,13002.85323777825,1239.468562221739,-1394.9732600999996,5175.840770099778,2393191.0,2394245.2028099047,0.016449660101226282,3393501.0
Time Out Market rooftop,2025,soir,0.7,0.4,quart_spread,net_0.6,1.306,1.306,0.6365,169953.336538085,7887.899456639959,-27899.465201999992,37443.347550000064,2393191.0,2402363.71,0.028034974509973165,3393501.0
Time Out Market rooftop,2025,soir,0.7,0.5,mid,h_0.6,1.306,1.306,0.6365,11385.624511028249,2856.697288971768,0.0,10899.214842599817,2393191.0,2395834.681202185,0.026701983489026748,3393501.0
Time Out Market rooftop,2025,soir,0.7,0.5,mid,net_0.6,1.306,1.306,0.6365,105283.95602484787,14145.50727292496,0.0,43621.200000000186,2393191.0,2407710.01,0.04623383096883349,3393501.0
Time Out Market rooftop,2025,soir,0.7,0.5,quart_spread,h_0.6,1.306,1.306,0.6365,13002.85323777825,1239.468562221739,-1394.9732600999996,5175.840770099778,2393191.0,2394245.2028099047,0.016449660101226282,3393501.0
Time Out Market rooftop,2025,soir,0.7,0.5,quart_spread,net_0.6,1.306,1.306,0.6365,169953.336538085,7887.899456639959,-27899.465201999992,37443.347550000064,2393191.0,2402363.71,0.028034974509973165,3393501.0
Time Out Market rooftop,2025,stricte,0.3,0.4,mid,h_0.6,1.472,1.472,1.0505,12438.013644132297,3614.587955867707,0.0,12282.110210317293,2393191.0,2397583.355546575,0.034524563384571993,3393501.0
Time Out Market rooftop,2025,stricte,0.3,0.4,mid,net_0.6,1.472,1.472,1.0505,103413.40950638354,15955.787072924957,0.0,43621.200000000186,2393191.0,2410917.31,0.07367474588193179,3393501.0
Time Out Market rooftop,2025,stricte,0.3,0.4,quart_spread,h_0.6,1.472,1.472,1.0505,13709.598887382299,2343.00271261768,0.0,7963.3875790350785,2393191.0,2396232.055142485,0.020311937696807947,3393501.0
Time Out Market rooftop,2025,stricte,0.3,0.4,quart_spread,net_0.6,1.472,1.472,1.0505,147304.2585089755,15227.858297924955,0.0,43621.200000000186,2393191.0,2410468.12,0.07522005191896886,3393501.0
Time Out Market rooftop,2025,stricte,0.3,0.5,mid,h_0.6,1.446,1.446,1.0505,12319.8350890923,3449.228710907707,0.0,11501.340349432712,2393191.0,2397583.355546575,0.0367009417429397,3393501.0
Time Out Market rooftop,2025,stricte,0.3,0.5,mid,net_0.6,1.446,1.446,1.0505,103210.7713804576,15672.249272924955,0.0,43621.200000000186,2393191.0,2410917.31,0.07770789942509293,3393501.0
Time Out Market rooftop,2025,stricte,0.3,0.5,quart_spread,h_0.6,1.446,1.446,1.0505,13584.3318873423,2184.731912657677,0.0,7431.184947374901,2393191.0,2396232.055142485,0.02240943911371973,3393501.0
Time Out Market rooftop,2025,stricte,0.3,0.5,quart_spread,net_0.6,1.446,1.446,1.0505,147079.8461119135,14944.320497924953,0.0,43621.200000000186,2393191.0,2410468.12,0.07901329636572407,3393501.0
Time Out Market rooftop,2025,stricte,0.5,0.4,mid,h_0.6,0.77,0.77,0.6365,6737.259666598649,1659.8213334013647,0.0,9980.257927500177,2393191.0,2395663.304783875,0.02776550713092818,3393501.0
Time Out Market rooftop,2025,stricte,0.5,0.4,mid,net_0.6,0.77,0.77,0.6365,70350.88165439047,8300.266472924955,0.0,32715.899999999907,2393191.0,2404096.3,0.07522832481432229,3393501.0
Time Out Market rooftop,2025,stricte,0.5,0.4,quart_spread,h_0.6,0.77,0.77,0.6365,7463.55264659865,933.5283534013294,0.0,4800.240427500103,2393191.0,2394229.09949866,0.015633960378846123,3393501.0
Time Out Market rooftop,2025,stricte,0.5,0.4,quart_spread,net_0.6,0.77,0.77,0.6365,90821.94787116529,7572.337697924962,0.0,32715.899999999907,2393191.0,2403668.5,0.07616381618057844,3393501.0
Time Out Market rooftop,2025,stricte,0.5,0.5,mid,h_0.6,0.77,0.77,0.6365,6737.259666598649,1659.8213334013647,0.0,9980.257927500177,2393191.0,2395663.304783875,0.02776550713092818,3393501.0
Time Out Market rooftop,2025,stricte,0.5,0.5,mid,net_0.6,0.77,0.77,0.6365,70350.88165439047,8300.266472924955,0.0,32715.899999999907,2393191.0,2404096.3,0.07522832481432229,3393501.0
Time Out Market rooftop,2025,stricte,0.5,0.5,quart_spread,h_0.6,0.77,0.77,0.6365,7463.55264659865,933.5283534013294,0.0,4800.240427500103,2393191.0,2394229.09949866,0.015633960378846123,3393501.0
Time Out Market rooftop,2025,stricte,0.5,0.5,quart_spread,net_0.6,0.77,0.77,0.6365,90821.94787116529,7572.337697924962,0.0,32715.899999999907,2393191.0,2403668.5,0.07616381618057844,3393501.0
Time Out Market rooftop,2026,aucun,0.0,0.4,mid,h_0.6,10.5225,7.486,3.167,83627.22052157602,-1990.144721576026,-30441.257531212443,23379.3773649057,2027033.0,2027530.89102509,0.004968371227811241,2948733.0
Time Out Market rooftop,2026,aucun,0.0,0.4,mid,net_0.6,10.5225,7.486,3.167,640028.4263634766,9651.85816303436,-131245.8760964935,100624.44674593332,2027033.0,2006896.1928766721,-0.6589985999939918,2948733.0
Time Out Market rooftop,2026,aucun,0.0,0.4,quart_spread,h_0.6,10.5225,7.486,3.167,91715.24531957603,-10078.16951957602,-41162.98282287193,16547.541503141132,2027033.0,2018474.802446915,-0.014383200254149964,2948733.0
Time Out Market rooftop,2026,aucun,0.0,0.4,quart_spread,net_0.6,10.5225,7.486,3.167,916999.0790543873,-96706.92327726826,-467057.4436391094,78630.24467340011,2027033.0,1717180.8401911133,-7.26906687336893,2948733.0
Time Out Market rooftop,2026,aucun,0.0,0.5,mid,h_0.6,8.4785,6.8585,3.005,73236.52574228024,1557.4743077197488,-23219.79458919739,21010.94025108772,2027033.0,2031371.221598975,0.04372085493650257,2948733.0
Time Out Market rooftop,2026,aucun,0.0,0.5,mid,net_0.6,8.4785,6.8585,3.005,620539.5056134455,16103.224090660447,-126887.65149745639,99452.41009199992,2027033.0,2013931.4014925007,-0.5607850082535601,2948733.0
Time Out Market rooftop,2026,aucun,0.0,0.5,quart_spread,h_0.6,8.4785,6.8585,3.005,77222.46741878023,-2428.4673687802506,-29785.800199994854,17421.33180091501,2027033.0,2027002.893556535,0.02839497547356018,2948733.0
Time Out Market rooftop,2026,aucun,0.0,0.5,quart_spread,net_0.6,8.4785,6.8585,3.005,874924.3967547565,-75151.18322450896,-438630.2149495091,87242.3999999999,2027033.0,1725226.4249723624,-7.0734978894197535,2948733.0
Time Out Market rooftop,2026,soir,0.3,0.4,mid,h_0.6,5.932,5.286,3.167,51622.39164119309,6023.024158806898,-11427.666596325033,20198.05182800981,2027033.0,2035845.435856111,0.05482426394601858,2948733.0
Time Out Market rooftop,2026,soir,0.3,0.4,mid,net_0.6,5.932,5.286,3.167,451060.8918039259,30559.426201336777,-65910.15624046914,87242.3999999999,2027033.0,2052064.3710790174,-0.050040525005041525,2948733.0
Time Out Market rooftop,2026,soir,0.3,0.4,quart_spread,h_0.6,5.932,5.286,3.167,54099.81680031809,3545.598999681903,-14454.692498255637,17342.62470659257,2027033.0,2033076.3228213687,0.03513380632007801,2948733.0
Time Out Market rooftop,2026,soir,0.3,0.4,quart_spread,net_0.6,5.932,5.286,3.167,616557.6573942709,-4850.533595564449,-227988.11665195777,76339.42067881298,2027033.0,1913291.137476765,-2.171063294047264,2948733.0
Time Out Market rooftop,2026,soir,0.3,0.5,mid,h_0.6,5.77,5.124,3.005,50805.68612865165,5073.0710713483495,-12251.758306725173,19063.21304884514,2027033.0,2035031.47923266,0.05124034071352834,2948733.0
Time Out Market rooftop,2026,soir,0.3,0.5,mid,net_0.6,5.77,5.124,3.005,449542.03804530634,28792.767601336778,-66690.47170173051,86504.98361400003,2027033.0,2051154.6277306075,-0.0554995471340729,2948733.0
Time Out Market rooftop,2026,soir,0.3,0.5,quart_spread,h_0.6,5.77,5.124,3.005,52934.19621427665,2944.5609857233517,-14995.4829855074,16719.537577364965,2027033.0,2032284.8665842798,0.03247895155997049,2948733.0
Time Out Market rooftop,2026,soir,0.3,0.5,quart_spread,net_0.6,5.77,5.124,3.005,613131.4953465419,-6617.192195564448,-231488.89598732055,73706.92648812305,2027033.0,1911440.9247300874,-2.1759862333944975,2948733.0
Time Out Market rooftop,2026,soir,0.5,0.4,mid,h_0.6,4.389,3.908,2.6885,39870.11561131304,2747.7967886869455,-11100.70280119509,12616.1191018801,2027033.0,2032511.397977225,0.04264562598087995,2948733.0
Time Out Market rooftop,2026,soir,0.5,0.4,mid,net_0.6,4.389,3.908,2.6885,392673.8704330787,20261.79133529702,-63183.579192503545,69491.62508400017,2027033.0,2043996.5573447645,-0.03159466348771933,2948733.0
Time Out Market rooftop,2026,soir,0.5,0.4,quart_spread,h_0.6,4.389,3.908,2.6885,41453.55153968805,1164.360860311953,-13558.350926137606,10970.084297812553,2027033.0,2030967.60654848,0.02919769905494818,2948733.0
Time Out Market rooftop,2026,soir,0.5,0.4,quart_spread,net_0.6,4.389,3.908,2.6885,527804.7831403227,-11156.215284576296,-214052.3715704638,57615.86243699996,2027033.0,1908912.9370045632,-2.0902006648208067,2948733.0
Time Out Market rooftop,2026,soir,0.5,0.5,mid,h_0.6,4.389,3.908,2.6885,39870.11561131304,2747.7967886869455,-11100.70280119509,12616.1191018801,2027033.0,2032511.397977225,0.04264562598087995,2948733.0
Time Out Market rooftop,2026,soir,0.5,0.5,mid,net_0.6,4.389,3.908,2.6885,392673.8704330787,20261.79133529702,-63183.579192503545,69491.62508400017,2027033.0,2043996.5573447645,-0.03159466348771933,2948733.0
Time Out Market rooftop,2026,soir,0.5,0.5,quart_spread,h_0.6,4.389,3.908,2.6885,41453.55153968805,1164.360860311953,-13558.350926137606,10970.084297812553,2027033.0,2030967.60654848,0.02919769905494818,2948733.0
Time Out Market rooftop,2026,soir,0.5,0.5,quart_spread,net_0.6,4.389,3.908,2.6885,527804.7831403227,-11156.215284576296,-214052.3715704638,57615.86243699996,2027033.0,1908912.9370045632,-2.0902006648208067,2948733.0
Time Out Market rooftop,2026,soir,0.7,0.4,mid,h_0.6,2.666,2.666,2.059,25613.650820438095,3459.8789795619073,0.0,8977.450160699897,2027033.0,2031454.7509376,0.018691946594956432,2948733.0
Time Out Market rooftop,2026,soir,0.7,0.4,mid,net_0.6,2.666,2.666,2.059,293017.82178324077,23311.869618366,0.0,54526.5,2027033.0,2054809.01,0.10312268780815137,2948733.0
Time Out Market rooftop,2026,soir,0.7,0.4,quart_spread,h_0.6,2.666,2.666,2.059,26581.9324074381,2491.5973925618964,-88.38745649997145,7500.572917582618,2027033.0,2031157.95048293,0.010672003121574458,2948733.0
Time Out Market rooftop,2026,soir,0.7,0.4,quart_spread,net_0.6,2.666,2.666,2.059,379109.62335768895,16818.125851485,-6292.259952300135,45105.847542,2027033.0,2045257.1507924,0.061078273570589925,2948733.0
Time Out Market rooftop,2026,soir,0.7,0.5,mid,h_0.6,2.666,2.666,2.059,25613.650820438095,3459.8789795619073,0.0,8977.450160699897,2027033.0,2031454.7509376,0.018691946594956432,2948733.0
Time Out Market rooftop,2026,soir,0.7,0.5,mid,net_0.6,2.666,2.666,2.059,293017.82178324077,23311.869618366,0.0,54526.5,2027033.0,2054809.01,0.10312268780815137,2948733.0
Time Out Market rooftop,2026,soir,0.7,0.5,quart_spread,h_0.6,2.666,2.666,2.059,26581.9324074381,2491.5973925618964,-88.38745649997145,7500.572917582618,2027033.0,2031157.95048293,0.010672003121574458,2948733.0
Time Out Market rooftop,2026,soir,0.7,0.5,quart_spread,net_0.6,2.666,2.666,2.059,379109.62335768895,16818.125851485,-6292.259952300135,45105.847542,2027033.0,2045257.1507924,0.061078273570589925,2948733.0
Time Out Market rooftop,2026,stricte,0.3,0.4,mid,h_0.6,3.137,2.9755,2.043,27252.6493831767,5196.070766823304,-4210.645382999908,15544.04636165054,2027033.0,2034526.7013895963,0.04013409468198281,2948733.0
Time Out Market rooftop,2026,stricte,0.3,0.4,mid,net_0.6,3.137,2.9755,2.043,257382.94829038804,25225.65046572128,-791.0580310882069,56556.41254199995,2027033.0,2057609.9,0.13745507541245627,2948733.0
Time Out Market rooftop,2026,stricte,0.3,0.4,quart_spread,h_0.6,3.137,2.9755,2.043,28564.038971426697,3884.6811785732975,-5563.360605599824,13236.982299646961,2027033.0,2032884.557028365,0.03148343084680927,2948733.0
Time Out Market rooftop,2026,stricte,0.3,0.4,quart_spread,net_0.6,3.137,2.9755,2.043,333790.06136253575,18370.490122663326,-9843.335292097583,51033.228202852006,2027033.0,2049598.9572824,0.09228659960886998,2948733.0
Time Out Market rooftop,2026,stricte,0.3,0.5,mid,h_0.6,2.975,2.8135,1.881,26435.94387063525,4246.117679364754,-4312.141010100022,13157.297613337661,2027033.0,2033900.2999426848,0.036876886539428666,2948733.0
Time Out Market rooftop,2026,stricte,0.3,0.5,mid,net_0.6,2.975,2.8135,1.881,255864.0945317684,23458.991865721277,-791.0580310882069,55785.130961689065,2027033.0,2056094.7894569,0.1336030324501839,2948733.0
Time Out Market rooftop,2026,stricte,0.3,0.5,quart_spread,h_0.6,2.975,2.8135,1.881,27398.41838538525,3283.643164614747,-5994.170937877347,12156.179895404975,2027033.0,2032515.94346168,0.02902620288631541,2948733.0
Time Out Market rooftop,2026,stricte,0.3,0.5,quart_spread,net_0.6,2.975,2.8135,1.881,330363.8993148068,16603.831522663328,-10696.740448897866,45929.781125550115,2027033.0,2047511.5922,0.08842303189062484,2948733.0
Time Out Market rooftop,2026,stricte,0.5,0.4,mid,h_0.6,1.7215,1.56,1.2515,15903.743884219799,1108.5241157801975,-5643.492750000209,6638.2521327675695,2027033.0,2029071.7478381451,0.01742331192401625,2948733.0
Time Out Market rooftop,2026,stricte,0.5,0.4,mid,net_0.6,1.7215,1.56,1.2515,176892.07126697208,11062.816415944264,-11696.35803108802,34745.812541999854,2027033.0,2043175.512542,0.0796831980870385,2948733.0
Time Out Market rooftop,2026,stricte,0.5,0.4,quart_spread,h_0.6,1.7215,1.56,1.2515,16608.4852650948,403.78273490517495,-6216.0210000001825,5617.631648947381,2027033.0,2027701.769559395,0.012422450940580698,2948733.0
Time Out Market rooftop,2026,stricte,0.5,0.4,quart_spread,net_0.6,1.7215,1.56,1.2515,232025.78668692213,5931.925771786316,-14455.86279069772,32715.899999999907,2027033.0,2034916.2053350653,0.05578067108604767,2948733.0
Time Out Market rooftop,2026,stricte,0.5,0.5,mid,h_0.6,1.7215,1.56,1.2515,15903.743884219799,1108.5241157801975,-5643.492750000209,6638.2521327675695,2027033.0,2029071.7478381451,0.01742331192401625,2948733.0
Time Out Market rooftop,2026,stricte,0.5,0.5,mid,net_0.6,1.7215,1.56,1.2515,176892.07126697208,11062.816415944264,-11696.35803108802,34745.812541999854,2027033.0,2043175.512542,0.0796831980870385,2948733.0
Time Out Market rooftop,2026,stricte,0.5,0.5,quart_spread,h_0.6,1.7215,1.56,1.2515,16608.4852650948,403.78273490517495,-6216.0210000001825,5617.631648947381,2027033.0,2027701.769559395,0.012422450940580698,2948733.0
Time Out Market rooftop,2026,stricte,0.5,0.5,quart_spread,net_0.6,1.7215,1.56,1.2515,232025.78668692213,5931.925771786316,-14455.86279069772,32715.899999999907,2027033.0,2034916.2053350653,0.05578067108604767,2948733.0
Sultan Room Rooftop,2025,aucun,0.0,0.4,mid,h_0.6,4.1965,3.553,1.6095,12437.84981681025,2148.99168318975,-3033.620253825057,7294.321291424984,672331.5,675805.8635921499,0.04322296177507612,1105285.0
Sultan Room Rooftop,2025,aucun,0.0,0.4,mid,net_0.6,4.1965,3.553,1.6095,77919.63613988814,11640.142425375287,-2836.109424165158,28738.5,672331.5,686722.2717705324,0.03994317818876991,1105285.0
Sultan Room Rooftop,2025,aucun,0.0,0.4,quart_spread,h_0.6,4.1965,3.553,1.6095,13858.85574056025,727.9857594397511,-5100.298752740573,5681.892658246926,672331.5,674346.7442584187,0.030150174699664745,1105285.0
Sultan Room Rooftop,2025,aucun,0.0,0.4,quart_spread,net_0.6,4.1965,3.553,1.6095,122984.9721578202,6062.395454095258,-17974.94582035125,26365.2487154095,672331.5,678278.6015568799,-0.12403163030696951,1105285.0
Sultan Room Rooftop,2025,aucun,0.0,0.5,mid,h_0.6,3.829,3.4935,1.6095,11721.214677426187,2621.3495725738126,-1877.0432215500216,7265.323452121889,672331.5,676320.2323440562,0.04000117551812221,1105285.0
Sultan Room Rooftop,2025,aucun,0.0,0.5,mid,net_0.6,3.829,3.4935,1.6095,76541.31763636495,12599.60419021534,-1733.4583049730863,28738.5,672331.5,687345.0,0.04443418727013426,1105285.0
Sultan Room Rooftop,2025,aucun,0.0,0.5,quart_spread,h_0.6,3.829,3.4935,1.6095,12956.975309301188,1385.5889406988142,-3096.3819560624893,5492.835409621927,672331.5,675004.4872089,0.027474843175942953,1105285.0
Sultan Room Rooftop,2025,aucun,0.0,0.5,quart_spread,net_0.6,3.829,3.4935,1.6095,120131.82052752012,8477.931086545117,-13180.815789473709,26412.73424999998,672331.5,681825.1475239063,-0.05843569004805094,1105285.0
Sultan Room Rooftop,2025,soir,0.3,0.4,mid,h_0.6,2.732,2.5675,1.6095,8206.683954051186,2334.187295948814,-1909.3613070000429,6775.790277899955,672331.5,675938.5844378563,0.033555215962433604,1105285.0
Sultan Room Rooftop,2025,soir,0.3,0.4,mid,net_0.6,2.732,2.5675,1.6095,54318.4740844741,9550.876907831926,-1733.4583049730863,24359.98424999998,672331.5,683718.1542205511,0.06120557803369775,1105285.0
Sultan Room Rooftop,2025,soir,0.3,0.4,quart_spread,h_0.6,2.732,2.5675,1.6095,9096.371463426187,1444.499786573815,-2424.223850999959,5221.452365653115,672331.5,675012.6995115688,0.022537975349854578,1105285.0
Sultan Room Rooftop,2025,soir,0.3,0.4,quart_spread,net_0.6,2.732,2.5675,1.6095,88451.84051642696,6930.157586545121,-8772.233732400462,20527.5,672331.5,680825.0311375995,0.009238751946390122,1105285.0
Sultan Room Rooftop,2025,soir,0.3,0.5,mid,h_0.6,2.6725,2.508,1.6095,8104.8691962511875,2191.724803748814,-1911.3048507000406,6512.992091024995,672331.5,675838.4173100312,0.03797879297670892,1105285.0
Sultan Room Rooftop,2025,soir,0.3,0.5,mid,net_0.6,2.6725,2.508,1.6095,54143.894595790975,9306.599657831926,-1733.4583049730863,24359.98424999998,672331.5,683238.5,0.06924510312240595,1105285.0
Sultan Room Rooftop,2025,soir,0.3,0.5,quart_spread,h_0.6,2.6725,2.508,1.6095,8988.449774376188,1308.1442256238151,-2513.210563499946,4862.41769212496,672331.5,674933.0136615251,0.026694416497076046,1105285.0
Sultan Room Rooftop,2025,soir,0.3,0.5,quart_spread,net_0.6,2.6725,2.508,1.6095,88258.50176857672,6685.880336545121,-8772.233732400462,20527.5,672331.5,680825.0311375995,0.0158719371607976,1105285.0
Sultan Room Rooftop,2025,soir,0.5,0.4,mid,h_0.6,1.859,1.859,0.9605,5939.845052651999,1692.2794473480026,0.0,5253.9272042250195,672331.5,674841.8616506,0.01719764104581234,1105285.0
Sultan Room Rooftop,2025,soir,0.5,0.4,mid,net_0.6,1.859,1.859,0.9605,47081.667935227706,7602.6387989999985,0.0,20527.5,672331.5,681890.0,0.023929549809490247,1105285.0
Sultan Room Rooftop,2025,soir,0.5,0.4,quart_spread,h_0.6,1.859,1.859,0.9605,6596.222128902001,1035.902371098004,-525.1632435000502,3439.8459306750465,672331.5,674032.2257593,0.013652331729729683,1105285.0
Sultan Room Rooftop,2025,soir,0.5,0.4,quart_spread,net_0.6,1.859,1.859,0.9605,74775.53889620739,5087.365714410004,-10503.264869999955,16422.0,672331.5,678200.1725375,-0.020216696839878256,1105285.0
Sultan Room Rooftop,2025,soir,0.5,0.5,mid,h_0.6,1.859,1.859,0.9605,5939.845052651999,1692.2794473480026,0.0,5253.9272042250195,672331.5,674841.8616506,0.01719764104581234,1105285.0
Sultan Room Rooftop,2025,soir,0.5,0.5,mid,net_0.6,1.859,1.859,0.9605,47081.667935227706,7602.6387989999985,0.0,20527.5,672331.5,681890.0,0.023929549809490247,1105285.0
Sultan Room Rooftop,2025,soir,0.5,0.5,quart_spread,h_0.6,1.859,1.859,0.9605,6596.222128902001,1035.902371098004,-525.1632435000502,3439.8459306750465,672331.5,674032.2257593,0.013652331729729683,1105285.0
Sultan Room Rooftop,2025,soir,0.5,0.5,quart_spread,net_0.6,1.859,1.859,0.9605,74775.53889620739,5087.365714410004,-10503.264869999955,16422.0,672331.5,678200.1725375,-0.020216696839878256,1105285.0
Sultan Room Rooftop,2025,soir,0.7,0.4,mid,h_0.6,1.394,1.394,0.6655,4640.657393526,1082.4096064740056,0.0,3898.652593499981,672331.5,674241.2117565,0.01325920878906739,1105285.0
Sultan Room Rooftop,2025,soir,0.7,0.4,mid,net_0.6,1.394,1.394,0.6655,42618.21359668189,5693.581298999999,0.0,16422.0,672331.5,680198.7100375,0.03091671358515491,1105285.0
Sultan Room Rooftop,2025,soir,0.7,0.4,quart_spread,h_0.6,1.394,1.394,0.6655,5252.6745422760005,470.39245772400227,-525.1632435000502,1825.0805238750208,672331.5,673436.9860447,0.00977083452139449,1105285.0
Sultan Room Rooftop,2025,soir,0.7,0.4,quart_spread,net_0.6,1.394,1.394,0.6655,69702.92650405207,3178.308214410004,-10503.264869999955,14096.23424999998,672331.5,676336.0,-0.014551836755288816,1105285.0
Sultan Room Rooftop,2025,soir,0.7,0.5,mid,h_0.6,1.394,1.394,0.6655,4640.657393526,1082.4096064740056,0.0,3898.652593499981,672331.5,674241.2117565,0.01325920878906739,1105285.0
Sultan Room Rooftop,2025,soir,0.7,0.5,mid,net_0.6,1.394,1.394,0.6655,42618.21359668189,5693.581298999999,0.0,16422.0,672331.5,680198.7100375,0.03091671358515491,1105285.0
Sultan Room Rooftop,2025,soir,0.7,0.5,quart_spread,h_0.6,1.394,1.394,0.6655,5252.6745422760005,470.39245772400227,-525.1632435000502,1825.0805238750208,672331.5,673436.9860447,0.00977083452139449,1105285.0
Sultan Room Rooftop,2025,soir,0.7,0.5,quart_spread,net_0.6,1.394,1.394,0.6655,69702.92650405207,3178.308214410004,-10503.264869999955,14096.23424999998,672331.5,676336.0,-0.014551836755288816,1105285.0
Sultan Room Rooftop,2025,stricte,0.3,0.4,mid,h_0.6,1.5865,1.5865,1.121,5071.176865754999,1442.1988842449998,0.0,4691.718802575021,672331.5,674781.8711603,0.026004426892352717,1105285.0
Sultan Room Rooftop,2025,stricte,0.3,0.4,mid,net_0.6,1.5865,1.5865,1.121,41711.9606474387,6483.890048999999,0.0,16422.0,672331.5,680481.5,0.061914566115103375,1105285.0
Sultan Room Rooftop,2025,stricte,0.3,0.4,quart_spread,h_0.6,1.5865,1.5865,1.121,5517.506298255,995.8694517450086,0.0,3519.4460332499834,672331.5,673977.77552985,0.016884587928440054,1105285.0
Sultan Room Rooftop,2025,stricte,0.3,0.4,quart_spread,net_0.6,1.5865,1.5865,1.121,59828.824601778884,6262.193048999999,0.0,16422.0,672331.5,680442.5,0.06320303126183069,1105285.0
Sultan Room Rooftop,2025,stricte,0.3,0.5,mid,h_0.6,1.527,1.527,1.121,4969.362107954999,1299.736392045,0.0,4129.368350625037,672331.5,674234.495188175,0.030740003364288948,1105285.0
Sultan Room Rooftop,2025,stricte,0.3,0.5,mid,net_0.6,1.527,1.527,1.121,41537.38115875557,6239.612798999999,0.0,16422.0,672331.5,680461.5,0.07124137427327903,1105285.0
Sultan Room Rooftop,2025,stricte,0.3,0.5,quart_spread,h_0.6,1.527,1.527,1.121,5409.584609205,859.5138907950085,0.0,2884.310300812544,672331.5,673833.003348125,0.021329773970690136,1105285.0
Sultan Room Rooftop,2025,stricte,0.3,0.5,quart_spread,net_0.6,1.527,1.527,1.121,59635.48585392865,6017.9157989999985,0.0,16422.0,672331.5,680442.5,0.0719742880189691,1105285.0
Sultan Room Rooftop,2025,stricte,0.5,0.4,mid,h_0.6,0.7735,0.7735,0.6655,2628.1899991252503,547.4142508747568,0.0,2482.1155065000057,672331.5,673735.0,0.01782868390149961,1105285.0
Sultan Room Rooftop,2025,stricte,0.5,0.4,mid,net_0.6,0.7735,0.7735,0.6655,27519.525468972006,3146.118548999998,0.0,12043.48424999998,672331.5,677725.5,0.07081795124984691,1105285.0
Sultan Room Rooftop,2025,stricte,0.5,0.4,quart_spread,h_0.6,0.7735,0.7735,0.6655,2851.4676166252502,324.1366333747597,0.0,1353.1030065000523,672331.5,673081.336652525,0.011398112467807642,1105285.0
Sultan Room Rooftop,2025,stricte,0.5,0.4,quart_spread,net_0.6,0.7735,0.7735,0.6655,35842.114709439906,2924.421548999998,0.0,9990.73424999998,672331.5,676882.23425,0.06964156376397901,1105285.0
Sultan Room Rooftop,2025,stricte,0.5,0.5,mid,h_0.6,0.7735,0.7735,0.6655,2628.1899991252503,547.4142508747568,0.0,2482.1155065000057,672331.5,673735.0,0.01782868390149961,1105285.0
Sultan Room Rooftop,2025,stricte,0.5,0.5,mid,net_0.6,0.7735,0.7735,0.6655,27519.525468972006,3146.118548999998,0.0,12043.48424999998,672331.5,677725.5,0.07081795124984691,1105285.0
Sultan Room Rooftop,2025,stricte,0.5,0.5,quart_spread,h_0.6,0.7735,0.7735,0.6655,2851.4676166252502,324.1366333747597,0.0,1353.1030065000523,672331.5,673081.336652525,0.011398112467807642,1105285.0
Sultan Room Rooftop,2025,stricte,0.5,0.5,quart_spread,net_0.6,0.7735,0.7735,0.6655,35842.114709439906,2924.421548999998,0.0,9990.73424999998,672331.5,676882.23425,0.06964156376397901,1105285.0
Sultan Room Rooftop,2026,aucun,0.0,0.4,mid,h_0.6,10.74,7.407,3.0745,31788.468690962814,-1379.0301909628122,-12093.117692249996,8259.272186746866,566277.5,566279.5023580687,0.04275825563105495,957767.0
Sultan Room Rooftop,2026,aucun,0.0,0.4,mid,net_0.6,10.74,7.407,3.0745,230729.90520232625,515.5563889150374,-48378.68710174416,36753.00979797722,566277.5,555432.6659801769,-0.7879463909172015,957767.0
Sultan Room Rooftop,2026,aucun,0.0,0.4,quart_spread,h_0.6,10.74,7.407,3.0745,35112.343073462805,-4702.904573462811,-16804.129907184382,5529.9979080937255,566277.5,562828.252168275,0.02478926612132537,957767.0
Sultan Room Rooftop,2026,aucun,0.0,0.4,quart_spread,net_0.6,10.74,7.407,3.0745,347861.29832414247,-45291.27188965987,-176378.88887519916,27006.518472749318,566277.5,439533.752796482,-8.677991179236567,957767.0
Sultan Room Rooftop,2026,aucun,0.0,0.5,mid,h_0.6,8.6955,6.829,2.8795,27905.60361553125,130.85588446875033,-9035.17512213749,7744.645785974953,566277.5,568356.89927485,0.05168595769659379,957767.0
Sultan Room Rooftop,2026,aucun,0.0,0.5,mid,net_0.6,8.6955,6.829,2.8795,223498.31987678868,3276.142589395168,-45136.81564052033,36676.48424999998,566277.5,557944.775539814,-0.747753332154792,957767.0
Sultan Room Rooftop,2026,aucun,0.0,0.5,quart_spread,h_0.6,8.6955,6.829,2.8795,29621.73853865625,-1585.2790386562494,-11492.625605737445,6486.4152394124785,566277.5,566113.848074975,0.0335590883447876,957767.0
Sultan Room Rooftop,2026,aucun,0.0,0.5,quart_spread,net_0.6,8.6955,6.829,2.8795,331824.6525471575,-36231.96639846193,-166962.2468716947,31420.246687310297,566277.5,447642.5082394269,-8.644631340858751,957767.0
Sultan Room Rooftop,2026,soir,0.3,0.4,mid,h_0.6,5.83,5.081,3.0745,18775.896117680622,2084.149382319374,-4268.421635625016,7865.365062646826,566277.5,569965.086652225,0.059109130815481525,957767.0
Sultan Room Rooftop,2026,soir,0.3,0.4,mid,net_0.6,5.83,5.081,3.0745,150059.74124778455,9787.092664746773,-23015.477965697824,32844.0,566277.5,572664.1770033789,-0.16826500537070466,957767.0
Sultan Room Rooftop,2026,soir,0.3,0.4,quart_spread,h_0.6,5.83,5.081,3.0745,19837.326955805624,1022.7185441943766,-5577.361675987471,6559.635779878066,566277.5,568386.8426916751,0.032359836023288735,957767.0
Sultan Room Rooftop,2026,soir,0.3,0.4,quart_spread,net_0.6,5.83,5.081,3.0745,221043.85037622976,-5757.030380651772,-84813.09562135187,26317.644711749916,566277.5,515469.7373045001,-3.0822334101882793,957767.0
Sultan Room Rooftop,2026,soir,0.3,0.5,mid,h_0.6,5.635,4.886,2.8795,18405.8008576575,1653.6721423425,-4438.094663362475,7066.529266125003,566277.5,569277.943888225,0.04892026968412311,957767.0
Sultan Room Rooftop,2026,soir,0.3,0.5,mid,net_0.6,5.635,4.886,2.8795,149371.4630763979,8986.520164746773,-23969.49472154265,30286.00048424984,566277.5,571411.1632067623,-0.18639870548500426,957767.0
Sultan Room Rooftop,2026,soir,0.3,0.5,quart_spread,h_0.6,5.635,4.886,2.8795,19309.118627032494,750.3543729675014,-6091.5201267374705,6273.911275012459,566277.5,567620.6066333499,0.025416025867747938,957767.0
Sultan Room Rooftop,2026,soir,0.3,0.5,quart_spread,net_0.6,5.635,4.886,2.8795,219491.26341010313,-6557.6028806517725,-84879.72595877927,25788.45192000002,566277.5,515176.32183300005,-3.0979470876238286,957767.0
Sultan Room Rooftop,2026,soir,0.5,0.4,mid,h_0.6,4.3285,3.7645,2.503,14504.20562855775,950.9491214422501,-4336.500678825008,4971.539008274993,566277.5,568408.00029545,0.0374148205468402,957767.0
Sultan Room Rooftop,2026,soir,0.5,0.4,mid,net_0.6,4.3285,3.7645,2.503,130208.13206507436,6378.683427762623,-23294.754629094637,24931.381607646745,566277.5,568323.7050217636,-0.18388990419365348,957767.0
Sultan Room Rooftop,2026,soir,0.5,0.4,quart_spread,h_0.6,4.3285,3.7645,2.503,15170.03048668275,285.1242633172507,-5396.945170575054,4413.884221950053,566277.5,567467.0839705999,0.019023450837427958,957767.0
Sultan Room Rooftop,2026,soir,0.5,0.4,quart_spread,net_0.6,4.3285,3.7645,2.503,187602.29436800492,-7398.5452649421695,-80994.33405085464,21086.422770000063,566277.5,513291.65411350003,-3.0012757581416576,957767.0
Sultan Room Rooftop,2026,soir,0.5,0.5,mid,h_0.6,4.3285,3.7645,2.503,14504.20562855775,950.9491214422501,-4336.500678825008,4971.539008274993,566277.5,568408.00029545,0.0374148205468402,957767.0
Sultan Room Rooftop,2026,soir,0.5,0.5,mid,net_0.6,4.3285,3.7645,2.503,130208.13206507436,6378.683427762623,-23294.754629094637,24931.381607646745,566277.5,568323.7050217636,-0.18388990419365348,957767.0
Sultan Room Rooftop,2026,soir,0.5,0.5,quart_spread,h_0.6,4.3285,3.7645,2.503,15170.03048668275,285.1242633172507,-5396.945170575054,4413.884221950053,566277.5,567467.0839705999,0.019023450837427958,957767.0
Sultan Room Rooftop,2026,soir,0.5,0.5,quart_spread,net_0.6,4.3285,3.7645,2.503,187602.29436800492,-7398.5452649421695,-80994.33405085464,21086.422770000063,566277.5,513291.65411350003,-3.0012757581416576,957767.0
Sultan Room Rooftop,2026,soir,0.7,0.4,mid,h_0.6,2.474,2.474,1.936,8795.4121403505,1361.594859649501,0.0,3576.0183863250304,566277.5,568260.929761025,0.024735333901553247,957767.0
Sultan Room Rooftop,2026,soir,0.7,0.4,mid,net_0.6,2.474,2.474,1.936,89723.35501754451,8534.804767334994,0.0,20527.5,566277.5,577185.5,0.09610911511670639,957767.0
Sultan Room Rooftop,2026,soir,0.7,0.4,quart_spread,h_0.6,2.474,2.474,1.936,9195.6008847255,961.4061152745031,-118.47015547502669,2903.1452057999904,566277.5,567571.26826775,0.01580474163201384,957767.0
Sultan Room Rooftop,2026,soir,0.7,0.4,quart_spread,net_0.6,2.474,2.474,1.936,125843.37884105675,5875.2943418400155,-2668.213716000001,16422.0,566277.5,573402.807,0.055134524743643776,957767.0
Sultan Room Rooftop,2026,soir,0.7,0.5,mid,h_0.6,2.474,2.474,1.936,8795.4121403505,1361.594859649501,0.0,3576.0183863250304,566277.5,568260.929761025,0.024735333901553247,957767.0
Sultan Room Rooftop,2026,soir,0.7,0.5,mid,net_0.6,2.474,2.474,1.936,89723.35501754451,8534.804767334994,0.0,20527.5,566277.5,577185.5,0.09610911511670639,957767.0
Sultan Room Rooftop,2026,soir,0.7,0.5,quart_spread,h_0.6,2.474,2.474,1.936,9195.6008847255,961.4061152745031,-118.47015547502669,2903.1452057999904,566277.5,567571.26826775,0.01580474163201384,957767.0
Sultan Room Rooftop,2026,soir,0.7,0.5,quart_spread,net_0.6,2.474,2.474,1.936,125843.37884105675,5875.2943418400155,-2668.213716000001,16422.0,566277.5,573402.807,0.055134524743643776,957767.0
Sultan Room Rooftop,2026,stricte,0.3,0.4,mid,h_0.6,3.0485,2.861,1.975,9885.860632974374,1859.9748670256258,-1625.3424064499936,5785.654115849998,566277.5,569367.7530813001,0.04694101353530633,957767.0
Sultan Room Rooftop,2026,stricte,0.3,0.4,mid,net_0.6,3.0485,2.861,1.975,87766.97668132132,9298.012962930847,-297.80829015548807,21291.69776999997,566277.5,578504.0924728445,0.13589782759968239,957767.0
Sultan Room Rooftop,2026,stricte,0.3,0.4,quart_spread,h_0.6,3.0485,2.861,1.975,10441.124376099375,1304.7111239006272,-2312.188861500006,4662.138675074969,566277.5,568780.6590170189,0.034403432148485735,957767.0
Sultan Room Rooftop,2026,stricte,0.3,0.4,quart_spread,net_0.6,3.0485,2.861,1.975,119983.52343513498,6443.715138351638,-4861.155847604678,20527.5,566277.5,574823.2992081395,0.08305154433936213,957767.0
Sultan Room Rooftop,2026,stricte,0.3,0.5,mid,h_0.6,2.8535,2.666,1.78,9515.765372951251,1429.497627048751,-1739.9109000000171,4530.756311549947,566277.5,568423.122625325,0.036914526903505274,957767.0
Sultan Room Rooftop,2026,stricte,0.3,0.5,mid,net_0.6,2.8535,2.666,1.78,87078.69850993463,8497.440462930846,-297.80829015548807,20527.5,566277.5,577185.5,0.11925752930096611,957767.0
Sultan Room Rooftop,2026,stricte,0.3,0.5,quart_spread,h_0.6,2.8535,2.666,1.78,9912.916047326253,1032.3469526737522,-2312.5077562125052,4017.920344987459,566277.5,567996.8543300751,0.027546690876572244,957767.0
Sultan Room Rooftop,2026,stricte,0.3,0.5,quart_spread,net_0.6,2.8535,2.666,1.78,118430.93646900836,5643.142638351639,-5138.36741860467,17291.107664249943,566277.5,574234.9287410697,0.06756640798676672,957767.0
Sultan Room Rooftop,2026,stricte,0.5,0.4,mid,h_0.6,1.643,1.4555,1.105,5592.351041235,383.20420876500367,-2124.596249999944,2560.163935350017,566277.5,566979.513040825,0.019265178428596763,957767.0
Sultan Room Rooftop,2026,stricte,0.5,0.4,mid,net_0.6,1.643,1.4555,1.105,58461.329038237425,3890.264004885847,-4403.308290155488,13080.69776999997,566277.5,571891.494777,0.07106389874774355,957767.0
Sultan Room Rooftop,2026,stricte,0.5,0.4,quart_spread,h_0.6,1.643,1.4555,1.105,5887.55188686,88.00336313999986,-2401.5312129375407,2114.5541969999904,566277.5,566872.573633425,0.013169823435144501,957767.0
Sultan Room Rooftop,2026,stricte,0.5,0.4,quart_spread,net_0.6,1.643,1.4555,1.105,81492.83021732126,1771.0559553066369,-7047.829739999957,10982.350607110404,566277.5,569515.903932,0.04556643395672333,957767.0
Sultan Room Rooftop,2026,stricte,0.5,0.5,mid,h_0.6,1.643,1.4555,1.105,5592.351041235,383.20420876500367,-2124.596249999944,2560.163935350017,566277.5,566979.513040825,0.019265178428596763,957767.0
Sultan Room Rooftop,2026,stricte,0.5,0.5,mid,net_0.6,1.643,1.4555,1.105,58461.329038237425,3890.264004885847,-4403.308290155488,13080.69776999997,566277.5,571891.494777,0.07106389874774355,957767.0
Sultan Room Rooftop,2026,stricte,0.5,0.5,quart_spread,h_0.6,1.643,1.4555,1.105,5887.55188686,88.00336313999986,-2401.5312129375407,2114.5541969999904,566277.5,566872.573633425,0.013169823435144501,957767.0
Sultan Room Rooftop,2026,stricte,0.5,0.5,quart_spread,net_0.6,1.643,1.4555,1.105,81492.83021732126,1771.0559553066369,-7047.829739999957,10982.350607110404,566277.5,569515.903932,0.04556643395672333,957767.0
Eagle NYC,2025,aucun,0.0,0.4,mid,h_0.6,3.9525,3.114,1.474,18230.753362454325,2316.0414375456735,-6066.053891598654,10447.205369895091,1355861.0,1358585.24397934,0.05149367719949993,2053194.0
Eagle NYC,2025,aucun,0.0,0.4,mid,net_0.6,3.9525,3.114,1.474,110148.93832576767,14954.923574337614,-7418.654182881827,39589.19999999995,1355861.0,1373429.1769125275,0.07102115267321008,2053194.0
Eagle NYC,2025,aucun,0.0,0.4,quart_spread,h_0.6,3.9525,3.114,1.474,20395.119669704327,151.6751302956735,-9070.356542808859,7222.3923592799565,1355861.0,1355963.993245375,0.027172573496606955,2053194.0
Eagle NYC,2025,aucun,0.0,0.4,quart_spread,net_0.6,3.9525,3.114,1.474,173122.74574806722,7178.398801524023,-33366.048966862334,39589.19999999995,1355861.0,1360834.602134046,-0.09329909572725414,2053194.0
Eagle NYC,2025,aucun,0.0,0.5,mid,h_0.6,3.3645,3.092,1.474,16428.1442943492,3973.4901056507997,-3400.0422327899955,11512.375724639964,1355861.0,1360683.90865376,0.0518297914332424,2053194.0
Eagle NYC,2025,aucun,0.0,0.5,mid,net_0.6,3.3645,3.092,1.474,106749.68756636261,18105.27104156158,-2785.9468001152854,45748.61969999992,1355861.0,1377006.7205398905,0.08141727373033947,2053194.0
Eagle NYC,2025,aucun,0.0,0.5,quart_spread,h_0.6,3.3645,3.092,1.474,18292.1852808492,2109.4491191507996,-5031.127499999944,8060.955287909953,1355861.0,1357929.02528986,0.030287577749902095,2053194.0
Eagle NYC,2025,aucun,0.0,0.5,quart_spread,net_0.6,3.3645,3.092,1.474,167440.74845210536,12600.345219664321,-21183.694736842066,39589.19999999995,1355861.0,1368819.9702631577,-0.00896357344314036,2053194.0
Eagle NYC,2025,soir,0.3,0.4,mid,h_0.6,2.4415,2.306,1.474,11732.907244472399,3482.5419555276,-2628.4391574000474,10344.942796046184,1355861.0,1359824.4699118799,0.042463371470934375,2053194.0
Eagle NYC,2025,soir,0.3,0.4,mid,net_0.6,2.4415,2.306,1.474,77426.96887566977,13888.61099078437,-2785.9468001152854,32991.0,1355861.0,1372588.5405398903,0.08014342488182091,2053194.0
Eagle NYC,2025,soir,0.3,0.4,quart_spread,h_0.6,2.4415,2.306,1.474,13144.839566972401,2070.609633027596,-3453.2141573999543,7192.94199463882,1355861.0,1357632.05607425,0.020078681797976894,2053194.0
Eagle NYC,2025,soir,0.3,0.4,quart_spread,net_0.6,2.4415,2.306,1.474,125846.59041307849,10316.326198611683,-14098.393036932219,32991.0,1355861.0,1365623.255951068,0.01895111131099292,2053194.0
Eagle NYC,2025,soir,0.3,0.5,mid,h_0.6,2.4195,2.284,1.474,11672.4043897524,3397.8844102475987,-2628.4391574000474,10248.594724961218,1355861.0,1359824.4699118799,0.04310387162842555,2053194.0
Eagle NYC,2025,soir,0.3,0.5,mid,net_0.6,2.4195,2.284,1.474,77323.22598348871,13743.450590784367,-2785.9468001152854,32991.0,1355861.0,1372588.5405398903,0.08180631256295634,2053194.0
Eagle NYC,2025,soir,0.3,0.5,quart_spread,h_0.6,2.4195,2.284,1.474,13080.707702252399,1989.5810977475955,-3453.2141573999543,6846.069795704883,1355861.0,1357632.05607425,0.02073162085780278,2053194.0
Eagle NYC,2025,soir,0.3,0.5,quart_spread,net_0.6,2.4195,2.284,1.474,125731.69993525691,10171.165798611682,-14098.393036932219,32991.0,1355861.0,1365623.255951068,0.020944834183925898,2053194.0
Eagle NYC,2025,soir,0.5,0.4,mid,h_0.6,1.703,1.703,0.893,8589.9797862417,2646.7548137583003,0.0,8564.68628925006,1355861.0,1359779.9275427,0.03176529635410863,2053194.0
Eagle NYC,2025,soir,0.5,0.4,mid,net_0.6,1.703,1.703,0.893,67152.60658973783,11181.448282199979,0.0,32113.439400000032,1355861.0,1368785.765,0.05176455077615594,2053194.0
Eagle NYC,2025,soir,0.5,0.4,quart_spread,h_0.6,1.703,1.703,0.893,9660.2078262417,1576.5267737582906,-844.0219493999612,5301.847027260031,1355861.0,1357631.15762597,0.01718018442278557,2053194.0
Eagle NYC,2025,soir,0.5,0.4,quart_spread,net_0.6,1.703,1.703,0.893,105965.20905990011,7748.756572241982,-16880.43898799992,26392.800000000047,1355861.0,1363876.740985,-0.0034106237130291372,2053194.0
Eagle NYC,2025,soir,0.5,0.5,mid,h_0.6,1.703,1.703,0.893,8589.9797862417,2646.7548137583003,0.0,8564.68628925006,1355861.0,1359779.9275427,0.03176529635410863,2053194.0
Eagle NYC,2025,soir,0.5,0.5,mid,net_0.6,1.703,1.703,0.893,67152.60658973783,11181.448282199979,0.0,32113.439400000032,1355861.0,1368785.765,0.05176455077615594,2053194.0
Eagle NYC,2025,soir,0.5,0.5,quart_spread,h_0.6,1.703,1.703,0.893,9660.2078262417,1576.5267737582906,-844.0219493999612,5301.847027260031,1355861.0,1357631.15762597,0.01718018442278557,2053194.0
Eagle NYC,2025,soir,0.5,0.5,quart_spread,net_0.6,1.703,1.703,0.893,105965.20905990011,7748.756572241982,-16880.43898799992,26392.800000000047,1355861.0,1363876.740985,-0.0034106237130291372,2053194.0
Eagle NYC,2025,soir,0.7,0.4,mid,h_0.6,1.286,1.286,0.607,6688.9477597593,1796.3374402406998,0.0,6844.0357355999295,1355861.0,1358445.94961466,0.02941631847980608,2053194.0
Eagle NYC,2025,soir,0.7,0.4,mid,net_0.6,1.286,1.286,0.607,60333.61687401926,8429.998882199974,0.0,26392.800000000047,1355861.0,1366667.543715,0.05763279129196086,2053194.0
Eagle NYC,2025,soir,0.7,0.4,quart_spread,h_0.6,1.286,1.286,0.607,7694.975313759301,790.3098862406879,-844.0219493999612,3289.182905399939,1355861.0,1356771.92017635,0.01486731486144155,2053194.0
Eagle NYC,2025,soir,0.7,0.4,quart_spread,net_0.6,1.286,1.286,0.607,98180.23194125087,4997.307172241987,-16880.43898799992,19794.600000000093,1355861.0,1361146.275,-0.002234746011487765,2053194.0
Eagle NYC,2025,soir,0.7,0.5,mid,h_0.6,1.286,1.286,0.607,6688.9477597593,1796.3374402406998,0.0,6844.0357355999295,1355861.0,1358445.94961466,0.02941631847980608,2053194.0
Eagle NYC,2025,soir,0.7,0.5,mid,net_0.6,1.286,1.286,0.607,60333.61687401926,8429.998882199974,0.0,26392.800000000047,1355861.0,1366667.543715,0.05763279129196086,2053194.0
Eagle NYC,2025,soir,0.7,0.5,quart_spread,h_0.6,1.286,1.286,0.607,7694.975313759301,790.3098862406879,-844.0219493999612,3289.182905399939,1355861.0,1356771.92017635,0.01486731486144155,2053194.0
Eagle NYC,2025,soir,0.7,0.5,quart_spread,net_0.6,1.286,1.286,0.607,98180.23194125087,4997.307172241987,-16880.43898799992,19794.600000000093,1355861.0,1361146.275,-0.002234746011487765,2053194.0
Eagle NYC,2025,stricte,0.3,0.4,mid,h_0.6,1.4625,1.4625,1.048,7428.601060801199,2221.2664391987996,0.0,7543.715131890045,1355861.0,1358786.0520480801,0.039439698137406,2053194.0
Eagle NYC,2025,stricte,0.3,0.4,mid,net_0.6,1.4625,1.4625,1.048,60181.62222750828,9594.581182199978,0.0,26392.800000000047,1355861.0,1367362.4649999999,0.07787744383697426,2053194.0
Eagle NYC,2025,stricte,0.3,0.4,quart_spread,h_0.6,1.4625,1.4625,1.048,8213.2919958012,1436.5755041987854,0.0,5284.568815784916,1355861.0,1357223.13669683,0.023544292568551506,2053194.0
Eagle NYC,2025,stricte,0.3,0.4,quart_spread,net_0.6,1.4625,1.4625,1.048,86536.2916425936,9178.894582199979,0.0,26392.800000000047,1355861.0,1367103.765,0.07982482335067309,2053194.0
Eagle NYC,2025,stricte,0.3,0.5,mid,h_0.6,1.4405,1.4405,1.048,7368.0982060812,2136.6088939187985,0.0,7352.311577100025,1355861.0,1358786.0520480801,0.04008143383765306,2053194.0
Eagle NYC,2025,stricte,0.3,0.5,mid,net_0.6,1.4405,1.4405,1.048,60077.87933532721,9449.420782199975,0.0,26392.800000000047,1355861.0,1367116.7,0.0797186886300596,2053194.0
Eagle NYC,2025,stricte,0.3,0.5,quart_spread,h_0.6,1.4405,1.4405,1.048,8149.160131081199,1355.5469689187853,0.0,4792.9324799999595,1355861.0,1357223.13669683,0.024165871056637367,2053194.0
Eagle NYC,2025,stricte,0.3,0.5,quart_spread,net_0.6,1.4405,1.4405,1.048,86421.40116477203,9033.734182199982,0.0,26392.800000000047,1355861.0,1366858.0,0.08138134482646808,2053194.0
Eagle NYC,2025,stricte,0.5,0.4,mid,h_0.6,0.733,0.733,0.607,3836.3591212128,1000.1214787871954,0.0,6038.507685000077,1355861.0,1357362.5759769399,0.02792052797225253,2053194.0
Eagle NYC,2025,stricte,0.5,0.4,mid,net_0.6,0.733,0.733,0.607,39635.02454912155,4781.194282199976,0.0,19355.81970000011,1355861.0,1362275.188715,0.07469073098886436,2053194.0
Eagle NYC,2025,stricte,0.5,0.4,quart_spread,h_0.6,0.733,0.733,0.607,4282.6778647128,553.8027352871945,0.0,2904.3626850000583,1355861.0,1356327.29761261,0.01537108197166337,2053194.0
Eagle NYC,2025,stricte,0.5,0.4,quart_spread,net_0.6,0.733,0.733,0.607,51539.994248658084,4365.507682199988,0.0,16056.719700000016,1355861.0,1361152.765,0.07551425801236578,2053194.0
Eagle NYC,2025,stricte,0.5,0.5,mid,h_0.6,0.733,0.733,0.607,3836.3591212128,1000.1214787871954,0.0,6038.507685000077,1355861.0,1357362.5759769399,0.02792052797225253,2053194.0
Eagle NYC,2025,stricte,0.5,0.5,mid,net_0.6,0.733,0.733,0.607,39635.02454912155,4781.194282199976,0.0,19355.81970000011,1355861.0,1362275.188715,0.07469073098886436,2053194.0
Eagle NYC,2025,stricte,0.5,0.5,quart_spread,h_0.6,0.733,0.733,0.607,4282.6778647128,553.8027352871945,0.0,2904.3626850000583,1355861.0,1356327.29761261,0.01537108197166337,2053194.0
Eagle NYC,2025,stricte,0.5,0.5,quart_spread,net_0.6,0.733,0.733,0.607,51539.994248658084,4365.507682199988,0.0,16056.719700000016,1355861.0,1361152.765,0.07551425801236578,2053194.0
Eagle NYC,2026,aucun,0.0,0.4,mid,h_0.6,10.5245,7.5405,3.172,50584.403274399745,-830.6761743997508,-17538.942193473726,14175.153976777487,1143984.0,1144350.51643515,0.030906845191864152,1784092.0
Eagle NYC,2026,aucun,0.0,0.4,mid,net_0.6,10.5245,7.5405,3.172,387842.4532356758,7398.13025568575,-71613.56052378478,61846.885311522215,1143984.0,1136960.055901822,-0.4986688988500414,1784092.0
Eagle NYC,2026,aucun,0.0,0.4,quart_spread,h_0.6,10.5245,7.5405,3.172,55452.72843714975,-5699.001337149749,-24126.463377922562,10033.25784922127,1143984.0,1138793.2260569376,0.020047149702331235,1784092.0
Eagle NYC,2026,aucun,0.0,0.4,quart_spread,net_0.6,10.5245,7.5405,3.172,551700.0432281378,-54372.247975574515,-271819.947097349,47663.00695070005,1143984.0,969330.6975502871,-5.986136785922309,1784092.0
Eagle NYC,2026,aucun,0.0,0.5,mid,h_0.6,8.4725,6.9175,3.0215,44276.35695354059,1366.6915464594001,-13346.054104110057,13771.150397129899,1143984.0,1146510.2126491,0.04846392311703618,1784092.0
Eagle NYC,2026,aucun,0.0,0.5,mid,net_0.6,8.4725,6.9175,3.0215,376015.9853930417,11386.24740777687,-65935.16970946606,64152.78687783865,1143984.0,1141981.0802321807,-0.43693633458430203,1784092.0
Eagle NYC,2026,aucun,0.0,0.5,quart_spread,h_0.6,8.4725,6.9175,3.0215,46661.5155282906,-1018.4670282905956,-16284.842732655083,11396.750187480027,1143984.0,1144378.83084969,0.03365951511913945,1784092.0
Eagle NYC,2026,aucun,0.0,0.5,quart_spread,net_0.6,8.4725,6.9175,3.0215,526229.4895441344,-41246.52897737299,-252726.02734711577,54228.90881400058,1143984.0,981819.1045611384,-5.88733292950892,1784092.0
Eagle NYC,2026,soir,0.3,0.4,mid,h_0.6,5.9725,5.3575,3.172,31451.755468708576,3898.101031291424,-6962.638050689956,13527.573843971139,1143984.0,1149947.5015742925,0.05872254421283418,1784092.0
Eagle NYC,2026,soir,0.3,0.4,mid,net_0.6,5.9725,5.3575,3.172,275517.02435561165,19408.641511742135,-36952.56786550325,55241.977896000026,1143984.0,1161365.9948977886,-0.01715823530251459,1784092.0
Eagle NYC,2026,soir,0.3,0.4,quart_spread,h_0.6,5.9725,5.3575,3.172,32911.986615208574,2437.8698847914275,-8624.951773724944,11394.03222394504,1143984.0,1147430.5693720924,0.03708731465879744,1784092.0
Eagle NYC,2026,soir,0.3,0.4,quart_spread,net_0.6,5.9725,5.3575,3.172,371868.6130666978,-815.5625782253202,-130243.37454741787,47085.67894800007,1143984.0,1084714.3069666,-1.8009114338904744,1784092.0
Eagle NYC,2026,soir,0.3,0.5,mid,h_0.6,5.822,5.207,3.0215,30992.6897838705,3364.137616129499,-7024.711771875009,12631.990961729902,1143984.0,1149200.98507526,0.05398890067935813,1784092.0
Eagle NYC,2026,soir,0.3,0.5,mid,net_0.6,5.822,5.207,3.0215,274663.2849964883,18415.612411742135,-37438.42406374202,54013.78894799994,1143984.0,1160566.8439302265,-0.02248551022428802,1784092.0
Eagle NYC,2026,soir,0.3,0.5,quart_spread,h_0.6,5.822,5.207,3.0215,32256.797683120498,2100.029716879502,-8635.748078475026,10869.233170005074,1143984.0,1147264.9663189,0.03375237683348509,1784092.0
Eagle NYC,2026,soir,0.3,0.5,quart_spread,net_0.6,5.822,5.207,3.0215,369942.7861895012,-1808.59167822532,-130243.37454741787,46259.4247026005,1143984.0,1083440.6784146,-1.801953416344447,1784092.0
Eagle NYC,2026,soir,0.5,0.4,mid,h_0.6,4.382,3.933,2.7135,24116.9562888723,1833.764311127698,-5836.467996764957,8212.93707202508,1143984.0,1147654.81704345,0.042913208383090096,1784092.0
Eagle NYC,2026,soir,0.5,0.4,mid,net_0.6,4.382,3.933,2.7135,239120.1093081427,12888.634265109673,-36952.56786550325,44077.74761670001,1143984.0,1154703.284475772,0.0020825996121363044,1784092.0
Eagle NYC,2026,soir,0.5,0.4,quart_spread,h_0.6,4.382,3.933,2.7135,25063.105177872298,887.6154221277039,-7323.298796834994,6931.698925935009,1143984.0,1146000.46926974,0.02772615684225732,1784092.0
Eagle NYC,2026,soir,0.5,0.4,quart_spread,net_0.6,4.382,3.933,2.7135,319025.3160121863,-5116.1895923661405,-126991.89669809995,34850.44534020004,1143984.0,1081232.5467377494,-1.6977180087828305,1784092.0
Eagle NYC,2026,soir,0.5,0.5,mid,h_0.6,4.382,3.933,2.7135,24116.9562888723,1833.764311127698,-5836.467996764957,8212.93707202508,1143984.0,1147654.81704345,0.042913208383090096,1784092.0
Eagle NYC,2026,soir,0.5,0.5,mid,net_0.6,4.382,3.933,2.7135,239120.1093081427,12888.634265109673,-36952.56786550325,44077.74761670001,1143984.0,1154703.284475772,0.0020825996121363044,1784092.0
Eagle NYC,2026,soir,0.5,0.5,quart_spread,h_0.6,4.382,3.933,2.7135,25063.105177872298,887.6154221277039,-7323.298796834994,6931.698925935009,1143984.0,1146000.46926974,0.02772615684225732,1784092.0
Eagle NYC,2026,soir,0.5,0.5,quart_spread,net_0.6,4.382,3.933,2.7135,319025.3160121863,-5116.1895923661405,-126991.89669809995,34850.44534020004,1143984.0,1081232.5467377494,-1.6977180087828305,1784092.0
Eagle NYC,2026,soir,0.7,0.4,mid,h_0.6,2.6955,2.6955,2.085,15659.393973822898,2126.054126177097,0.0,5416.0321773599135,1143984.0,1147791.44017395,0.019860418050658635,1784092.0
Eagle NYC,2026,soir,0.7,0.4,mid,net_0.6,2.6955,2.6955,2.085,178856.0304045903,14198.65001851799,0.0,32991.0,1143984.0,1163066.088948,0.10809351036774162,1784092.0
Eagle NYC,2026,soir,0.7,0.4,quart_spread,h_0.6,2.6955,2.6955,2.085,16243.161471072899,1542.2866289271062,-9.076978785049839,4591.295941784964,1143984.0,1146572.59998904,0.0112131988877614,1784092.0
Eagle NYC,2026,soir,0.7,0.4,quart_spread,net_0.6,2.6955,2.6955,2.085,229883.88838746137,10341.011464770008,-1091.5666188000164,27338.797130399962,1143984.0,1156521.8100512002,0.06245233312027465,1784092.0
Eagle NYC,2026,soir,0.7,0.5,mid,h_0.6,2.6955,2.6955,2.085,15659.393973822898,2126.054126177097,0.0,5416.0321773599135,1143984.0,1147791.44017395,0.019860418050658635,1784092.0
Eagle NYC,2026,soir,0.7,0.5,mid,net_0.6,2.6955,2.6955,2.085,178856.0304045903,14198.65001851799,0.0,32991.0,1143984.0,1163066.088948,0.10809351036774162,1784092.0
Eagle NYC,2026,soir,0.7,0.5,quart_spread,h_0.6,2.6955,2.6955,2.085,16243.161471072899,1542.2866289271062,-9.076978785049839,4591.295941784964,1143984.0,1146572.59998904,0.0112131988877614,1784092.0
Eagle NYC,2026,soir,0.7,0.5,quart_spread,net_0.6,2.6955,2.6955,2.085,229883.88838746137,10341.011464770008,-1091.5666188000164,27338.797130399962,1143984.0,1156521.8100512002,0.06245233312027465,1784092.0
Eagle NYC,2026,stricte,0.3,0.4,mid,h_0.6,3.1295,2.9825,2.0565,16499.889050884576,3179.2424491154216,-2547.6310020000674,9657.342270870095,1143984.0,1149809.26144355,0.042725675935500584,1784092.0
Eagle NYC,2026,stricte,0.3,0.4,mid,net_0.6,3.1295,2.9825,2.0565,157528.6280905134,15290.636200787836,-478.62590673565865,35447.37789599993,1143984.0,1164295.9138948,0.13689031289466458,1784092.0
Eagle NYC,2026,stricte,0.3,0.4,quart_spread,h_0.6,3.1295,2.9825,2.0565,17268.142220134574,2410.9892798654323,-3626.807850750111,8268.779246936328,1143984.0,1148334.5516392,0.03295519069675801,1784092.0
Eagle NYC,2026,stricte,0.3,0.4,quart_spread,net_0.6,3.1295,2.9825,2.0565,202261.14693405345,11234.574909399778,-7371.201533190614,32991.0,1143984.0,1159175.5728422,0.08551786109923287,1784092.0
Eagle NYC,2026,stricte,0.3,0.5,mid,h_0.6,2.979,2.832,1.906,16040.823366046501,2645.279033953498,-2612.1871309799662,8211.561677235086,1143984.0,1148957.95646001,0.03764380343309226,1784092.0
Eagle NYC,2026,stricte,0.3,0.5,mid,net_0.6,2.979,2.832,1.906,156674.88873139012,14297.607100787836,-478.62590673565865,34219.18894800008,1143984.0,1163506.9649999999,0.12995265841319736,1784092.0
Eagle NYC,2026,stricte,0.3,0.5,quart_spread,h_0.6,2.979,2.832,1.906,16612.953288046498,2073.149111953506,-3671.1461052000523,7710.476389139907,1143984.0,1147970.0685714101,0.02938158882681574,1784092.0
Eagle NYC,2026,stricte,0.3,0.5,quart_spread,net_0.6,2.979,2.832,1.906,200335.3200568569,10241.545809399777,-7811.750150790671,30046.355303999968,1143984.0,1158236.8378007489,0.07861978225950905,1784092.0
Eagle NYC,2026,stricte,0.5,0.4,mid,h_0.6,1.743,1.596,1.2875,9782.7053161215,748.0218838784969,-3414.568500000052,3894.162131054968,1143984.0,1145654.3454750301,0.01546693687327938,1784092.0
Eagle NYC,2026,stricte,0.5,0.4,mid,net_0.6,1.743,1.596,1.2875,109518.34819223738,6971.898608321832,-7076.825906735845,21022.788947999943,1143984.0,1155167.898948,0.07910661824264642,1784092.0
Eagle NYC,2026,stricte,0.5,0.4,quart_spread,h_0.6,1.743,1.596,1.2875,10214.0461456215,316.68105437851347,-3760.973999999929,3373.1977860000916,1143984.0,1144858.14974035,0.00946538874505165,1784092.0
Eagle NYC,2026,stricte,0.5,0.4,quart_spread,net_0.6,1.743,1.596,1.2875,143319.24176718536,3794.704360533765,-8746.451162790647,19794.600000000093,1143984.0,1150994.9625894,0.04269172997461057,1784092.0
Eagle NYC,2026,stricte,0.5,0.5,mid,h_0.6,1.743,1.596,1.2875,9782.7053161215,748.0218838784969,-3414.568500000052,3894.162131054968,1143984.0,1145654.3454750301,0.01546693687327938,1784092.0
Eagle NYC,2026,stricte,0.5,0.5,mid,net_0.6,1.743,1.596,1.2875,109518.34819223738,6971.898608321832,-7076.825906735845,21022.788947999943,1143984.0,1155167.898948,0.07910661824264642,1784092.0
Eagle NYC,2026,stricte,0.5,0.5,quart_spread,h_0.6,1.743,1.596,1.2875,10214.0461456215,316.68105437851347,-3760.973999999929,3373.1977860000916,1143984.0,1144858.14974035,0.00946538874505165,1784092.0
Eagle NYC,2026,stricte,0.5,0.5,quart_spread,net_0.6,1.743,1.596,1.2875,143319.24176718536,3794.704360533765,-8746.451162790647,19794.600000000093,1143984.0,1150994.9625894,0.04269172997461057,1784092.0
City Vineyard (Pier 26),2025,aucun,0.0,0.4,mid,h_0.6,3.9315,3.064,1.4525,12889.283615407501,1487.0043845924995,-4834.657151549921,7662.040955924991,1128993.0,1131792.1448408,0.049696086888297186,1717640.0
City Vineyard (Pier 26),2025,aucun,0.0,0.4,mid,net_0.6,3.9315,3.064,1.4525,78268.99735938676,10239.469962174866,-7013.4475372896995,28152.0,1128993.0,1139476.4,0.05067505472790501,1717640.0
City Vineyard (Pier 26),2025,aucun,0.0,0.4,quart_spread,h_0.6,3.9315,3.064,1.4525,14419.860935407502,-43.57293540750002,-6915.449505374924,5435.807833575096,1128993.0,1129761.2335938,0.028112989467883542,1717640.0
City Vineyard (Pier 26),2025,aucun,0.0,0.4,quart_spread,net_0.6,3.9315,3.064,1.4525,122706.1158399874,4604.972587047236,-23968.484295590355,28152.0,1128993.0,1131012.7914105356,-0.10109739131360684,1717640.0
City Vineyard (Pier 26),2025,aucun,0.0,0.5,mid,h_0.6,3.3435,3.0455,1.4525,11607.466940847,2682.0190591529963,-2428.1100000001024,8102.619286724887,1128993.0,1132824.038861,0.050569761415726555,1717640.0
City Vineyard (Pier 26),2025,aucun,0.0,0.5,mid,net_0.6,3.3435,3.0455,1.4525,75851.85372505814,12507.776147943841,-2321.4475372896995,32531.982000000076,1128993.0,1142386.1829000001,0.0652057604691868,1717640.0
City Vineyard (Pier 26),2025,aucun,0.0,0.5,quart_spread,h_0.6,3.3435,3.0455,1.4525,12928.323590847,1361.1624091530014,-4001.7200273249878,5823.003051675076,1128993.0,1130959.6625962,0.0314335174021706,1717640.0
City Vineyard (Pier 26),2025,aucun,0.0,0.5,quart_spread,net_0.6,3.3435,3.0455,1.4525,118696.4381508587,8459.146872378005,-16082.326487684102,28152.0,1128993.0,1136437.6209965318,-0.025651500195883692,1717640.0
City Vineyard (Pier 26),2025,soir,0.3,0.4,mid,h_0.6,2.3875,2.2385,1.4525,8178.236621463001,2324.805378536994,-2182.127208000049,7366.822280700099,1128993.0,1132292.03642605,0.04212092349752983,1717640.0
City Vineyard (Pier 26),2025,soir,0.3,0.4,mid,net_0.6,2.3875,2.2385,1.4525,54841.10855428526,9471.152645353166,-1981.095205683494,23460.0,1128993.0,1139287.8,0.06843477196405301,1717640.0
City Vineyard (Pier 26),2025,soir,0.3,0.4,quart_spread,h_0.6,2.3875,2.2385,1.4525,9156.266426463,1346.7755735369976,-2605.889879999915,5077.5805836000545,1128993.0,1130692.5868952,0.023658624527306493,1717640.0
City Vineyard (Pier 26),2025,soir,0.3,0.4,quart_spread,net_0.6,2.3875,2.2385,1.4525,88701.70844307283,6917.207503956959,-12003.731279999949,23460.0,1128993.0,1134558.855284,0.011803769097150418,1717640.0
City Vineyard (Pier 26),2025,soir,0.3,0.5,mid,h_0.6,2.369,2.22,1.4525,8142.057547863001,2274.1824521369936,-2182.127208000049,7134.238051874996,1128993.0,1132292.03642605,0.042612890344901344,1717640.0
City Vineyard (Pier 26),2025,soir,0.3,0.5,mid,net_0.6,2.369,2.22,1.4525,54779.07310572558,9384.350645353166,-1981.095205683494,23460.0,1128993.0,1139287.8,0.06979424850422689,1717640.0
City Vineyard (Pier 26),2025,soir,0.3,0.5,quart_spread,h_0.6,2.369,2.22,1.4525,9117.917302863001,1298.3226971369982,-2605.889879999915,4904.175759000005,1128993.0,1130692.5868952,0.024157265183353482,1717640.0
City Vineyard (Pier 26),2025,soir,0.3,0.5,quart_spread,net_0.6,2.369,2.22,1.4525,88633.0070392749,6830.4055039569585,-12003.731279999949,23460.0,1128993.0,1134558.855284,0.012990555714981422,1717640.0
City Vineyard (Pier 26),2025,soir,0.5,0.4,mid,h_0.6,1.7,1.7,0.9325,6102.169916316001,1874.2300836839852,0.0,5907.899777099889,1128993.0,1131819.5063952,0.03163366743073803,1717640.0
City Vineyard (Pier 26),2025,soir,0.5,0.4,mid,net_0.6,1.7,1.7,0.9325,48103.29390956933,7938.801831000008,0.0,18768.0,1128993.0,1137684.9829000002,0.05062250130163626,1717640.0
City Vineyard (Pier 26),2025,soir,0.5,0.4,quart_spread,h_0.6,1.7,1.7,0.9325,6859.793021316002,1116.6069786839994,-600.1865640000906,3886.6330971000293,1128993.0,1130366.848098,0.0181487462639508,1717640.0
City Vineyard (Pier 26),2025,soir,0.5,0.4,quart_spread,net_0.6,1.7,1.7,0.9325,75810.4395661113,5494.01163024001,-12003.731279999949,18768.0,1128993.0,1134034.6,-1.899433548691043e-05,1717640.0
City Vineyard (Pier 26),2025,soir,0.5,0.5,mid,h_0.6,1.7,1.7,0.9325,6102.169916316001,1874.2300836839852,0.0,5907.899777099889,1128993.0,1131819.5063952,0.03163366743073803,1717640.0
City Vineyard (Pier 26),2025,soir,0.5,0.5,mid,net_0.6,1.7,1.7,0.9325,48103.29390956933,7938.801831000008,0.0,18768.0,1128993.0,1137684.9829000002,0.05062250130163626,1717640.0
City Vineyard (Pier 26),2025,soir,0.5,0.5,quart_spread,h_0.6,1.7,1.7,0.9325,6859.793021316002,1116.6069786839994,-600.1865640000906,3886.6330971000293,1128993.0,1130366.848098,0.0181487462639508,1717640.0
City Vineyard (Pier 26),2025,soir,0.5,0.5,quart_spread,net_0.6,1.7,1.7,0.9325,75810.4395661113,5494.01163024001,-12003.731279999949,18768.0,1128993.0,1134034.6,-1.899433548691043e-05,1717640.0
City Vineyard (Pier 26),2025,soir,0.7,0.4,mid,h_0.6,1.2945,1.2945,0.6595,4794.443068212001,1279.350931787986,0.0,4690.447299900104,1128993.0,1130737.0746636,0.02738110082713885,1717640.0
City Vineyard (Pier 26),2025,soir,0.7,0.4,mid,net_0.6,1.2945,1.2945,0.6595,43478.28904292895,6036.195831000007,0.0,18768.0,1128993.0,1135962.0,0.04955288372912048,1717640.0
City Vineyard (Pier 26),2025,soir,0.7,0.4,quart_spread,h_0.6,1.2945,1.2945,0.6595,5507.773693212001,566.020306787992,-600.1865640000906,2338.9479239999782,1128993.0,1130127.036045,0.014063416121360861,1717640.0
City Vineyard (Pier 26),2025,soir,0.7,0.4,quart_spread,net_0.6,1.2945,1.2945,0.6595,70538.18380619267,3591.40563024001,-12003.731279999949,14076.0,1128993.0,1132806.255284,-0.0014086216905317972,1717640.0
City Vineyard (Pier 26),2025,soir,0.7,0.5,mid,h_0.6,1.2945,1.2945,0.6595,4794.443068212001,1279.350931787986,0.0,4690.447299900104,1128993.0,1130737.0746636,0.02738110082713885,1717640.0
City Vineyard (Pier 26),2025,soir,0.7,0.5,mid,net_0.6,1.2945,1.2945,0.6595,43478.28904292895,6036.195831000007,0.0,18768.0,1128993.0,1135962.0,0.04955288372912048,1717640.0
City Vineyard (Pier 26),2025,soir,0.7,0.5,quart_spread,h_0.6,1.2945,1.2945,0.6595,5507.773693212001,566.020306787992,-600.1865640000906,2338.9479239999782,1128993.0,1130127.036045,0.014063416121360861,1717640.0
City Vineyard (Pier 26),2025,soir,0.7,0.5,quart_spread,net_0.6,1.2945,1.2945,0.6595,70538.18380619267,3591.40563024001,-12003.731279999949,14076.0,1128993.0,1132806.255284,-0.0014086216905317972,1717640.0
City Vineyard (Pier 26),2025,stricte,0.3,0.4,mid,h_0.6,1.464,1.464,1.0705,5280.813385908,1588.2746140919837,0.0,5179.850700000068,1128993.0,1131730.0442796,0.037449572199564685,1717640.0
City Vineyard (Pier 26),2025,stricte,0.3,0.4,mid,net_0.6,1.464,1.464,1.0705,43097.48743511738,6831.489831000008,0.0,18768.0,1128993.0,1137365.0,0.07009642915303405,1717640.0
City Vineyard (Pier 26),2025,stricte,0.3,0.4,quart_spread,h_0.6,1.464,1.464,1.0705,5848.703740908,1020.3842590920042,0.0,3593.4854999999516,1128993.0,1130365.8838092,0.02248043597966909,1717640.0
City Vineyard (Pier 26),2025,stricte,0.3,0.4,quart_spread,net_0.6,1.464,1.464,1.0705,61931.22018610038,6548.796831000008,0.0,18768.0,1128993.0,1137273.0,0.07288051157835151,1717640.0
City Vineyard (Pier 26),2025,stricte,0.3,0.5,mid,h_0.6,1.4455,1.4455,1.0705,5244.6343123080005,1537.651687691983,0.0,5117.692374300103,1128993.0,1131730.0442796,0.03795689262564539,1717640.0
City Vineyard (Pier 26),2025,stricte,0.3,0.5,mid,net_0.6,1.4455,1.4455,1.0705,43035.45198655772,6744.6878310000075,0.0,18768.0,1128993.0,1137365.0,0.07154684817658086,1717640.0
City Vineyard (Pier 26),2025,stricte,0.3,0.5,quart_spread,h_0.6,1.4455,1.4455,1.0705,5810.354617308,971.9313826920045,0.0,3464.913791100085,1128993.0,1130365.8838092,0.02297450826601921,1717640.0
City Vineyard (Pier 26),2025,stricte,0.3,0.5,quart_spread,net_0.6,1.4455,1.4455,1.0705,61862.51878230246,6461.994831000007,0.0,18768.0,1128993.0,1137273.0,0.07401515917111068,1717640.0
City Vineyard (Pier 26),2025,stricte,0.5,0.4,mid,h_0.6,0.78,0.78,0.6595,2878.0176338099996,781.7423661899785,0.0,4294.001099999994,1128993.0,1130289.2159358,0.02741858537549402,1717640.0
City Vineyard (Pier 26),2025,stricte,0.5,0.4,mid,net_0.6,0.78,0.78,0.6595,28967.26087293074,3622.1618310000076,0.0,14076.0,1128993.0,1134499.2,0.06775311482175783,1717640.0
City Vineyard (Pier 26),2025,stricte,0.5,0.4,quart_spread,h_0.6,0.78,0.78,0.6595,3228.6977138100006,431.06228619,0.0,2065.3011000000406,1128993.0,1129650.7961636,0.015179810776640656,1717640.0
City Vineyard (Pier 26),2025,stricte,0.5,0.4,quart_spread,net_0.6,0.78,0.78,0.6595,38172.366214536,3339.468831000008,0.0,14076.0,1128993.0,1134421.2829,0.06949781216111983,1717640.0
City Vineyard (Pier 26),2025,stricte,0.5,0.5,mid,h_0.6,0.78,0.78,0.6595,2878.0176338099996,781.7423661899785,0.0,4294.001099999994,1128993.0,1130289.2159358,0.02741858537549402,1717640.0
City Vineyard (Pier 26),2025,stricte,0.5,0.5,mid,net_0.6,0.78,0.78,0.6595,28967.26087293074,3622.1618310000076,0.0,14076.0,1128993.0,1134499.2,0.06775311482175783,1717640.0
City Vineyard (Pier 26),2025,stricte,0.5,0.5,quart_spread,h_0.6,0.78,0.78,0.6595,3228.6977138100006,431.06228619,0.0,2065.3011000000406,1128993.0,1129650.7961636,0.015179810776640656,1717640.0
City Vineyard (Pier 26),2025,stricte,0.5,0.5,quart_spread,net_0.6,0.78,0.78,0.6595,38172.366214536,3339.468831000008,0.0,14076.0,1128993.0,1134421.2829,0.06949781216111983,1717640.0
City Vineyard (Pier 26),2026,aucun,0.0,0.4,mid,h_0.6,10.574,7.587,3.132,36191.239624041,-593.035624040999,-11920.77249719998,9910.447473224984,960066.0,959569.45387975,0.016838975821875435,1500520.0
City Vineyard (Pier 26),2026,aucun,0.0,0.4,mid,net_0.6,10.574,7.587,3.132,279545.8913709952,5007.041079590084,-51983.27471921258,43916.77140760694,960066.0,955263.2548070676,-0.4344942125197113,1500520.0
City Vineyard (Pier 26),2026,aucun,0.0,0.4,quart_spread,h_0.6,10.574,7.587,3.132,39687.530344041,-4089.3263440409983,-17065.662782625015,7195.226573999998,960066.0,955686.4060146001,0.004997221650285266,1500520.0
City Vineyard (Pier 26),2026,aucun,0.0,0.4,quart_spread,net_0.6,10.574,7.587,3.132,399679.44442944595,-40332.626298229035,-196788.34366336503,35526.778658670344,960066.0,836506.0069351164,-5.3512792590912825,1500520.0
City Vineyard (Pier 26),2026,aucun,0.0,0.5,mid,h_0.6,8.527,6.9585,2.961,31722.768004308,926.5139956919995,-8999.064449099988,9702.623984100006,960066.0,962952.4996182,0.05163632227276982,1500520.0
City Vineyard (Pier 26),2026,aucun,0.0,0.5,mid,net_0.6,8.527,6.9585,2.961,271178.7456689066,7763.839198486817,-47009.85838953534,44541.743696602694,960066.0,958538.9527434463,-0.3549160506226956,1500520.0
City Vineyard (Pier 26),2026,aucun,0.0,0.5,quart_spread,h_0.6,8.527,6.9585,2.961,33457.447324308,-808.1653243079973,-11438.759114400018,8170.057256100027,960066.0,960641.4200398001,0.042176552393389244,1500520.0
City Vineyard (Pier 26),2026,aucun,0.0,0.5,quart_spread,net_0.6,8.527,6.9585,2.961,381662.54592195153,-31144.18127662982,-181001.13180123433,37538.43045599999,960066.0,848749.1450686215,-5.225919384777076,1500520.0
City Vineyard (Pier 26),2026,soir,0.3,0.4,mid,h_0.6,5.99,5.3735,3.132,22456.849465119,2755.6125348810006,-4119.117005099984,9470.79868627504,960066.0,963612.4093437999,0.05706249963642951,1500520.0
City Vineyard (Pier 26),2026,soir,0.3,0.4,mid,net_0.6,5.99,5.3735,3.132,198865.72673759732,13584.771494563789,-26277.082905177376,38409.368879999965,960066.0,973403.237749301,0.01570818039213906,1500520.0
City Vineyard (Pier 26),2026,soir,0.3,0.4,quart_spread,h_0.6,5.99,5.3735,3.132,23527.763275119,1684.6987248810012,-5856.964128900014,8237.357984475033,960066.0,962050.42871045,0.03933351856315426,1500520.0
City Vineyard (Pier 26),2026,soir,0.3,0.4,quart_spread,net_0.6,5.99,5.3735,3.132,270305.7494415932,-1939.1286630992306,-92713.53316444538,33608.53090199981,960066.0,918742.495795628,-1.6097901697222259,1500520.0
City Vineyard (Pier 26),2026,soir,0.3,0.5,mid,h_0.6,5.819,5.2025,2.961,22085.94080892,2324.1891910800005,-4636.398040500021,8803.440423899954,960066.0,963528.6742144,0.05200215649066864,1500520.0
City Vineyard (Pier 26),2026,soir,0.3,0.5,mid,net_0.6,5.819,5.2025,2.961,198175.93586693288,12782.439494563789,-26823.094524052925,37536.0,960066.0,972363.3879101309,0.005074166715816952,1500520.0
City Vineyard (Pier 26),2026,soir,0.3,0.5,quart_spread,h_0.6,5.819,5.2025,2.961,22998.39404892,1411.7359510800018,-6089.932955099951,7771.602059100026,960066.0,962047.0553982,0.03583898204871605,1500520.0
City Vineyard (Pier 26),2026,soir,0.3,0.5,quart_spread,net_0.6,5.819,5.2025,2.961,268749.7501964201,-2741.4606630992307,-93039.02658844547,33192.632021999976,960066.0,917405.088664,-1.619549710500264,1500520.0
City Vineyard (Pier 26),2026,soir,0.5,0.4,mid,h_0.6,4.4105,3.939,2.6405,17282.502498714,1199.285501285999,-4644.643878600051,5705.668946699949,960066.0,961811.0574766,0.04347396111720703,1500520.0
City Vineyard (Pier 26),2026,soir,0.5,0.4,mid,net_0.6,4.4105,3.939,2.6405,172915.72508191038,8642.45159116486,-26617.43523678358,29025.368879999965,960066.0,967718.0816627411,0.02988541729918115,1500520.0
City Vineyard (Pier 26),2026,soir,0.5,0.4,quart_spread,h_0.6,4.4105,3.939,2.6405,17963.294103713997,518.4938962860004,-5677.005870600001,4844.440382100107,960066.0,960921.1872925999,0.03179197328068761,1500520.0
City Vineyard (Pier 26),2026,soir,0.5,0.4,quart_spread,net_0.6,4.4105,3.939,2.6405,231529.45658419037,-5266.008082214644,-90682.46229599994,24737.537759999977,960066.0,916662.293176,-1.5167199979152737,1500520.0
City Vineyard (Pier 26),2026,soir,0.5,0.5,mid,h_0.6,4.4105,3.939,2.6405,17282.502498714,1199.285501285999,-4644.643878600051,5705.668946699949,960066.0,961811.0574766,0.04347396111720703,1500520.0
City Vineyard (Pier 26),2026,soir,0.5,0.5,mid,net_0.6,4.4105,3.939,2.6405,172915.72508191038,8642.45159116486,-26617.43523678358,29025.368879999965,960066.0,967718.0816627411,0.02988541729918115,1500520.0
City Vineyard (Pier 26),2026,soir,0.5,0.5,quart_spread,h_0.6,4.4105,3.939,2.6405,17963.294103713997,518.4938962860004,-5677.005870600001,4844.440382100107,960066.0,960921.1872925999,0.03179197328068761,1500520.0
City Vineyard (Pier 26),2026,soir,0.5,0.5,quart_spread,net_0.6,4.4105,3.939,2.6405,231529.45658419037,-5266.008082214644,-90682.46229599994,24737.537759999977,960066.0,916662.293176,-1.5167199979152737,1500520.0
City Vineyard (Pier 26),2026,soir,0.7,0.4,mid,h_0.6,2.6655,2.6655,2.0195,11038.211024994001,1468.314975005999,0.0,3937.132037399996,960066.0,961098.08521,0.019429058840257807,1500520.0
City Vineyard (Pier 26),2026,soir,0.7,0.4,mid,net_0.6,2.6655,2.6655,2.0195,128354.16188518879,9937.262810399994,0.0,23460.0,960066.0,972142.986556,0.10111457879090202,1500520.0
City Vineyard (Pier 26),2026,soir,0.7,0.4,quart_spread,h_0.6,2.6655,2.6655,2.0195,11456.731559994001,1049.7944400059985,-137.4896759999683,3102.308054699976,960066.0,960698.1715738,0.011301606843746814,1500520.0
City Vineyard (Pier 26),2026,soir,0.7,0.4,quart_spread,net_0.6,2.6655,2.6655,2.0195,165779.74926958827,7000.802809320001,-2749.7935199999483,19406.76887999999,960066.0,966918.723408,0.055521845463845754,1500520.0
City Vineyard (Pier 26),2026,soir,0.7,0.5,mid,h_0.6,2.6655,2.6655,2.0195,11038.211024994001,1468.314975005999,0.0,3937.132037399996,960066.0,961098.08521,0.019429058840257807,1500520.0
City Vineyard (Pier 26),2026,soir,0.7,0.5,mid,net_0.6,2.6655,2.6655,2.0195,128354.16188518879,9937.262810399994,0.0,23460.0,960066.0,972142.986556,0.10111457879090202,1500520.0
City Vineyard (Pier 26),2026,soir,0.7,0.5,quart_spread,h_0.6,2.6655,2.6655,2.0195,11456.731559994001,1049.7944400059985,-137.4896759999683,3102.308054699976,960066.0,960698.1715738,0.011301606843746814,1500520.0
City Vineyard (Pier 26),2026,soir,0.7,0.5,quart_spread,net_0.6,2.6655,2.6655,2.0195,165779.74926958827,7000.802809320001,-2749.7935199999483,19406.76887999999,960066.0,966918.723408,0.055521845463845754,1500520.0
City Vineyard (Pier 26),2026,stricte,0.3,0.4,mid,h_0.6,3.165,3.019,2.0495,11859.292605375,2305.8553946249995,-1812.7198311000072,7084.570709925054,960066.0,962251.7880214,0.03887263715849809,1500520.0
City Vineyard (Pier 26),2026,stricte,0.3,0.4,mid,net_0.6,3.165,3.019,2.0495,113225.4976978811,11055.236002945487,-340.35233160620555,25206.737760000047,960066.0,973168.500436,0.1292477487590833,1500520.0
City Vineyard (Pier 26),2026,stricte,0.3,0.4,quart_spread,h_0.6,3.165,3.019,2.0495,12440.561025375,1724.5869746249991,-2396.6992887000347,5996.951092575011,960066.0,961137.2883144,0.029874064828024793,1500520.0
City Vineyard (Pier 26),2026,stricte,0.3,0.4,quart_spread,net_0.6,3.165,3.019,2.0495,147010.89502110548,7983.673567861391,-5554.9591869767755,23460.0,960066.0,968902.963584,0.07927114938377955,1500520.0
City Vineyard (Pier 26),2026,stricte,0.3,0.5,mid,h_0.6,2.994,2.848,1.8785,11488.383949175999,1874.432050823999,-1941.5897166000213,5961.737427299942,960066.0,962183.3809936,0.03416205999909827,1500520.0
City Vineyard (Pier 26),2026,stricte,0.3,0.5,mid,net_0.6,2.994,2.848,1.8785,112535.70682721668,10252.904002945486,-340.35233160620555,24333.368879999965,960066.0,972452.2828194196,0.12199413256907499,1500520.0
City Vineyard (Pier 26),2026,stricte,0.3,0.5,quart_spread,h_0.6,2.994,2.848,1.8785,11911.191799176,1451.6242008239988,-2625.1411559999688,5588.488475400004,960066.0,961137.2883144,0.026550325176971645,1500520.0
City Vineyard (Pier 26),2026,stricte,0.3,0.5,quart_spread,net_0.6,2.994,2.848,1.8785,145454.89577593244,7181.341567861391,-5554.9591869767755,22664.002199999948,960066.0,967690.708472,0.07266232223668234,1500520.0
City Vineyard (Pier 26),2026,stricte,0.5,0.4,mid,h_0.6,1.735,1.589,1.258,6930.826452695999,524.7615473039965,-2428.109999999986,2768.5333679999458,960066.0,960089.0,0.018386115472621478,1500520.0
City Vineyard (Pier 26),2026,stricte,0.5,0.4,mid,net_0.6,1.735,1.589,1.258,78313.44502642623,4905.105462025487,-5032.352331606206,14949.368879999965,960066.0,966059.9832554198,0.0824154529411033,1500520.0
City Vineyard (Pier 26),2026,stricte,0.5,0.4,quart_spread,h_0.6,1.735,1.589,1.258,7245.014502696,210.57349730399787,-2674.439999999944,2416.7886732000384,960066.0,959932.3426806,0.01314902976874166,1500520.0
City Vineyard (Pier 26),2026,stricte,0.5,0.4,quart_spread,net_0.6,1.735,1.589,1.258,103161.66036025107,2552.2166669413914,-6219.627906976733,14076.0,960066.0,962718.6147479999,0.05063416596354553,1500520.0
City Vineyard (Pier 26),2026,stricte,0.5,0.5,mid,h_0.6,1.735,1.589,1.258,6930.826452695999,524.7615473039965,-2428.109999999986,2768.5333679999458,960066.0,960089.0,0.018386115472621478,1500520.0
City Vineyard (Pier 26),2026,stricte,0.5,0.5,mid,net_0.6,1.735,1.589,1.258,78313.44502642623,4905.105462025487,-5032.352331606206,14949.368879999965,960066.0,966059.9832554198,0.0824154529411033,1500520.0
City Vineyard (Pier 26),2026,stricte,0.5,0.5,quart_spread,h_0.6,1.735,1.589,1.258,7245.014502696,210.57349730399787,-2674.439999999944,2416.7886732000384,960066.0,959932.3426806,0.01314902976874166,1500520.0
City Vineyard (Pier 26),2026,stricte,0.5,0.5,quart_spread,net_0.6,1.735,1.589,1.258,103161.66036025107,2552.2166669413914,-6219.627906976733,14076.0,960066.0,962718.6147479999,0.05063416596354553,1500520.0
Bar 13,2025,aucun,0.0,0.4,mid,h_0.6,3.9805,3.1425,1.4605,7737.63070359345,901.7302964065501,-2783.412848962459,4550.689882402491,495459.0,497393.85537162004,0.05244644386196773,855464.0
Bar 13,2025,aucun,0.0,0.4,mid,net_0.6,3.9805,3.1425,1.4605,48778.4901156636,6285.605840326987,-3292.5361491941567,16733.10081513622,495459.0,503131.9654923557,0.06886737365427509,855464.0
Bar 13,2025,aucun,0.0,0.4,quart_spread,h_0.6,3.9805,3.1425,1.4605,8601.577113093448,37.783886906549654,-3921.4212331425397,3228.2914686300346,495459.0,496141.08073461504,0.03264938641573201,855464.0
Bar 13,2025,aucun,0.0,0.4,quart_spread,net_0.6,3.9805,3.1425,1.4605,74844.64302826476,3030.856972882904,-13044.951743477723,16495.199999999953,495459.0,498020.70838245505,-0.0496489267277298,855464.0
Bar 13,2025,aucun,0.0,0.5,mid,h_0.6,3.421,3.12,1.4605,7024.449329630099,1553.0546703699004,-1422.7110000000102,4791.654083639983,495459.0,498031.532983365,0.04929923359404831,855464.0
Bar 13,2025,aucun,0.0,0.5,mid,net_0.6,3.421,3.12,1.4605,47436.509158460554,7521.521982715208,-1160.790055299527,19061.57819999999,495459.0,503867.15880829014,0.08112364214086376,855464.0
Bar 13,2025,aucun,0.0,0.5,quart_spread,h_0.6,3.421,3.12,1.4605,7777.2455831300995,800.2584168699,-2159.706449872475,3514.2583040700106,495459.0,496904.990715045,0.02980302139346691,855464.0
Bar 13,2025,aucun,0.0,0.5,quart_spread,net_0.6,3.421,3.12,1.4605,72669.00509900278,5095.679782116212,-9022.49600254348,16495.20000000001,495459.0,500539.0635726703,0.006054800316235398,855464.0
Bar 13,2025,soir,0.3,0.4,mid,h_0.6,2.418,2.2715,1.4605,4901.7977169692995,1343.0100830307003,-1095.1630644000252,4302.454906290021,495459.0,497561.69706516,0.03915600462975488,855464.0
Bar 13,2025,soir,0.3,0.4,mid,net_0.6,2.418,2.2715,1.4605,34117.52057292864,5644.388165098628,-1160.7900552994688,13746.0,495459.0,501755.32999999996,0.07284623696056736,855464.0
Bar 13,2025,soir,0.3,0.4,quart_spread,h_0.6,2.418,2.2715,1.4605,5447.403948969299,797.4038510307005,-1520.005187999981,3053.556577889979,495459.0,496861.86265928,0.020454040984443367,855464.0
Bar 13,2025,soir,0.3,0.4,quart_spread,net_0.6,2.418,2.2715,1.4605,53742.0246132816,4126.659129484632,-7033.38832800003,13746.0,495459.0,499612.17258293513,0.02715151161601037,855464.0
Bar 13,2025,soir,0.3,0.5,mid,h_0.6,2.3955,2.249,1.4605,4876.015719369299,1306.9350806307007,-1097.8420223400242,4169.880715799986,495459.0,497552.46868804,0.039562911089631836,855464.0
Bar 13,2025,soir,0.3,0.5,mid,net_0.6,2.3955,2.249,1.4605,34073.31275811383,5582.531165098628,-1160.7900552994688,13746.0,495459.0,501755.32999999996,0.07438685345606155,855464.0
Bar 13,2025,soir,0.3,0.5,quart_spread,h_0.6,2.3955,2.249,1.4605,5420.0755263693,762.8752736307006,-1520.1770130000368,2916.2549318099964,495459.0,496857.94556516,0.020819772046623886,855464.0
Bar 13,2025,soir,0.3,0.5,quart_spread,net_0.6,2.3955,2.249,1.4605,53693.06649325293,4064.8021294846317,-7033.38832800003,13746.0,495459.0,499592.7805836,0.028355599527017383,855464.0
Bar 13,2025,soir,0.5,0.4,mid,h_0.6,1.6995,1.6995,0.911,3630.7174718058004,1041.5479281942005,0.0,3415.88649840001,495459.0,497155.14636778,0.03310199901913591,855464.0
Bar 13,2025,soir,0.5,0.4,mid,net_0.6,1.6995,1.6995,0.911,29971.090853520684,4644.6593082,0.0,10996.800000000047,495459.0,501426.84500000003,0.06409411744672255,855464.0
Bar 13,2025,soir,0.5,0.4,quart_spread,h_0.6,1.6995,1.6995,0.911,4043.3792648058,628.8861351942005,-351.6694164000219,2200.9990730399873,495459.0,496695.04004224,0.0203328542945167,855464.0
Bar 13,2025,soir,0.5,0.4,quart_spread,net_0.6,1.6995,1.6995,0.911,45811.88835019027,3189.8146963799995,-7033.38832800003,10996.800000000047,495459.0,498310.515,0.026482170271060368,855464.0
Bar 13,2025,soir,0.5,0.5,mid,h_0.6,1.6995,1.6995,0.911,3630.7174718058004,1041.5479281942005,0.0,3415.88649840001,495459.0,497155.14636778,0.03310199901913591,855464.0
Bar 13,2025,soir,0.5,0.5,mid,net_0.6,1.6995,1.6995,0.911,29971.090853520684,4644.6593082,0.0,10996.800000000047,495459.0,501426.84500000003,0.06409411744672255,855464.0
Bar 13,2025,soir,0.5,0.5,quart_spread,h_0.6,1.6995,1.6995,0.911,4043.3792648058,628.8861351942005,-351.6694164000219,2200.9990730399873,495459.0,496695.04004224,0.0203328542945167,855464.0
Bar 13,2025,soir,0.5,0.5,quart_spread,net_0.6,1.6995,1.6995,0.911,45811.88835019027,3189.8146963799995,-7033.38832800003,10996.800000000047,495459.0,498310.515,0.026482170271060368,855464.0
Bar 13,2025,soir,0.7,0.4,mid,h_0.6,1.291,1.291,0.632,2853.451732773,695.7654672270014,0.0,2800.6558141800124,495459.0,496861.0,0.028905367426851458,855464.0
Bar 13,2025,soir,0.7,0.4,mid,net_0.6,1.291,1.291,0.632,27171.762989581923,3521.611108199999,0.0,10813.978200000012,495459.0,500024.84500000003,0.06304031740248628,855464.0
Bar 13,2025,soir,0.7,0.4,quart_spread,h_0.6,1.291,1.291,0.632,3239.8586657729998,309.3585342270015,-351.6694164000219,1386.0091799999936,495459.0,496218.5803803,0.016364259334019193,855464.0
Bar 13,2025,soir,0.7,0.4,quart_spread,net_0.6,1.291,1.291,0.632,42614.48409839047,2066.766496379999,-7033.38832800003,8247.599999999977,495459.0,497559.26,0.027083690229095292,855464.0
Bar 13,2025,soir,0.7,0.5,mid,h_0.6,1.291,1.291,0.632,2853.451732773,695.7654672270014,0.0,2800.6558141800124,495459.0,496861.0,0.028905367426851458,855464.0
Bar 13,2025,soir,0.7,0.5,mid,net_0.6,1.291,1.291,0.632,27171.762989581923,3521.611108199999,0.0,10813.978200000012,495459.0,500024.84500000003,0.06304031740248628,855464.0
Bar 13,2025,soir,0.7,0.5,quart_spread,h_0.6,1.291,1.291,0.632,3239.8586657729998,309.3585342270015,-351.6694164000219,1386.0091799999936,495459.0,496218.5803803,0.016364259334019193,855464.0
Bar 13,2025,soir,0.7,0.5,quart_spread,net_0.6,1.291,1.291,0.632,42614.48409839047,2066.766496379999,-7033.38832800003,8247.599999999977,495459.0,497559.26,0.027083690229095292,855464.0
Bar 13,2025,stricte,0.3,0.4,mid,h_0.6,1.4725,1.4725,1.048,3164.0081772905996,884.1888227094009,0.0,3035.625402000015,495459.0,497223.79185728,0.04013874685824914,855464.0
Bar 13,2025,stricte,0.3,0.4,mid,net_0.6,1.4725,1.4725,1.048,27099.281682062767,4020.5909081999994,0.0,10996.799999999988,495459.0,500844.315,0.08711584836191477,855464.0
Bar 13,2025,stricte,0.3,0.4,quart_spread,h_0.6,1.4725,1.4725,1.048,3467.4923652906,580.7046347094008,0.0,2025.299006910006,495459.0,496688.28957024,0.025024698658748568,855464.0
Bar 13,2025,stricte,0.3,0.4,quart_spread,net_0.6,1.4725,1.4725,1.048,37825.90005274224,3813.0263081999997,0.0,10996.799999999988,495459.0,500844.315,0.08958476334449383,855464.0
Bar 13,2025,stricte,0.3,0.5,mid,h_0.6,1.45,1.45,1.048,3138.2261796906,848.1138203094008,0.0,2911.2710445899456,495459.0,497223.79185728,0.04050588513094611,855464.0
Bar 13,2025,stricte,0.3,0.5,mid,net_0.6,1.45,1.45,1.048,27055.07386724795,3958.7339081999994,0.0,10996.799999999988,495459.0,500844.315,0.08855948305257588,855464.0
Bar 13,2025,stricte,0.3,0.5,quart_spread,h_0.6,1.45,1.45,1.048,3440.1639426906,546.1760573094008,0.0,1876.3559421599768,495459.0,496550.9274029,0.025342298628313942,855464.0
Bar 13,2025,stricte,0.3,0.5,quart_spread,net_0.6,1.45,1.45,1.048,37776.94193271357,3751.1693081999997,0.0,10996.799999999988,495459.0,500844.315,0.0907086674383949,855464.0
Bar 13,2025,stricte,0.5,0.4,mid,h_0.6,0.783,0.783,0.632,1745.4646758246,407.15892417539925,0.0,2515.999109999975,495459.0,496493.38999992004,0.029099561361990434,855464.0
Bar 13,2025,stricte,0.5,0.4,mid,net_0.6,0.783,0.783,0.632,18798.91140024367,2125.017508199999,0.0,8247.599999999977,495459.0,498909.2,0.08483140208145024,855464.0
Bar 13,2025,stricte,0.5,0.4,quart_spread,h_0.6,0.783,0.783,0.632,1921.8396018245999,230.78399817540134,0.0,1210.1291099999798,495459.0,496190.8181045,0.016404774136880795,855464.0
Bar 13,2025,stricte,0.5,0.4,quart_spread,net_0.6,0.783,0.783,0.632,23927.20188389042,1917.4529082000017,0.0,7891.097489999974,495459.0,498793.375,0.08568487287817261,855464.0
Bar 13,2025,stricte,0.5,0.5,mid,h_0.6,0.783,0.783,0.632,1745.4646758246,407.15892417539925,0.0,2515.999109999975,495459.0,496493.38999992004,0.029099561361990434,855464.0
Bar 13,2025,stricte,0.5,0.5,mid,net_0.6,0.783,0.783,0.632,18798.91140024367,2125.017508199999,0.0,8247.599999999977,495459.0,498909.2,0.08483140208145024,855464.0
Bar 13,2025,stricte,0.5,0.5,quart_spread,h_0.6,0.783,0.783,0.632,1921.8396018245999,230.78399817540134,0.0,1210.1291099999798,495459.0,496190.8181045,0.016404774136880795,855464.0
Bar 13,2025,stricte,0.5,0.5,quart_spread,net_0.6,0.783,0.783,0.632,23927.20188389042,1917.4529082000017,0.0,7891.097489999974,495459.0,498793.375,0.08568487287817261,855464.0
Bar 13,2026,aucun,0.0,0.4,mid,h_0.6,10.5835,7.575,3.1895,21207.442709321847,-382.25270932184975,-6876.536210047474,5955.52472487751,416925.0,417632.491062065,0.023176846263089246,743342.0
Bar 13,2026,aucun,0.0,0.4,mid,net_0.6,10.5835,7.575,3.1895,163469.6427995955,2941.1317962536546,-29198.23327713825,25640.159586463647,416925.0,415421.6876699053,-0.5454780476333099,743342.0
Bar 13,2026,aucun,0.0,0.4,quart_spread,h_0.6,10.5835,7.575,3.1895,23262.528129821843,-2437.338129821849,-9709.336168920026,4075.267771012512,416925.0,415421.311167505,0.0061871282375332015,743342.0
Bar 13,2026,aucun,0.0,0.4,quart_spread,net_0.6,10.5835,7.575,3.1895,233077.66081013138,-23342.61504590709,-110984.6088997523,20574.19855619349,416925.0,342140.56753185106,-6.345689448120786,743342.0
Bar 13,2026,aucun,0.0,0.5,mid,h_0.6,8.5155,6.933,3.031,18559.9169361642,500.28666383579946,-5438.690125199995,5408.378476950005,416925.0,419107.28817043995,0.05104568558312572,743342.0
Bar 13,2026,aucun,0.0,0.5,mid,net_0.6,8.5155,6.933,3.031,158508.1947884943,4540.1830307102455,-27651.35988424901,25588.020920999996,416925.0,416973.4958685175,-0.46393498037795644,743342.0
Bar 13,2026,aucun,0.0,0.5,quart_spread,h_0.6,8.5155,6.933,3.031,19566.880166164196,-506.6765661642,-6985.7118390599735,4570.472489850012,416925.0,417439.102153,0.03423047109469313,743342.0
Bar 13,2026,aucun,0.0,0.5,quart_spread,net_0.6,8.5155,6.933,3.031,222355.26986334712,-17917.691495735173,-104901.2620446557,21912.930224399995,416925.0,347062.6799057954,-6.230771100363589,743342.0
Bar 13,2026,soir,0.3,0.4,mid,h_0.6,5.982,5.3545,3.1895,13129.066854779248,1591.5245452207505,-2689.085511690019,5545.730588032487,416925.0,419639.710667815,0.05509501747226131,743342.0
Bar 13,2026,soir,0.3,0.4,mid,net_0.6,5.982,5.3545,3.1895,115584.17698985995,7997.471941829216,-15084.311003424868,23025.333521999943,416925.0,423759.58673276845,-0.060623157817680795,743342.0
Bar 13,2026,soir,0.3,0.4,quart_spread,h_0.6,5.982,5.3545,3.1895,13747.540632779248,973.05076722075,-3471.031945169998,4684.7042756775,416925.0,418510.61550382,0.030364155682926164,743342.0
Bar 13,2026,soir,0.3,0.4,quart_spread,net_0.6,5.982,5.3545,3.1895,156840.18058424734,-675.058796999964,-53157.46092863178,19456.829309399996,416925.0,387786.81141623633,-2.097034662983272,743342.0
Bar 13,2026,soir,0.3,0.5,mid,h_0.6,5.8235,5.196,3.031,12927.6255819606,1357.2176180394003,-2800.4646760500123,5054.567158830002,416925.0,419255.95553216,0.04955927112258085,743342.0
Bar 13,2026,soir,0.3,0.5,mid,net_0.6,5.8235,5.196,3.031,115209.55011436642,7561.723741829214,-15084.311003424868,22193.4077495415,416925.0,423461.136723333,-0.0676373185389827,743342.0
Bar 13,2026,soir,0.3,0.5,quart_spread,h_0.6,5.8235,5.196,3.031,13460.0390904606,824.8041095394001,-3594.695084969979,4533.181585020004,416925.0,418323.49367276,0.026481105362946677,743342.0
Bar 13,2026,soir,0.3,0.5,quart_spread,net_0.6,5.8235,5.196,3.031,155995.11411514788,-1110.806996999964,-54014.39948489301,19244.400000000023,416925.0,387345.3606788,-2.101269930254864,743342.0
Bar 13,2026,soir,0.5,0.4,mid,h_0.6,4.454,3.992,2.7075,10211.906044730398,762.9003552696004,-2743.8350049300147,3352.082789880016,416925.0,418695.5438317,0.04123228800923551,743342.0
Bar 13,2026,soir,0.5,0.4,mid,net_0.6,4.454,3.992,2.7075,101290.13504120099,5447.688764643064,-15582.862234482902,17518.672176000022,416925.0,421578.9487334288,-0.036974359753111585,743342.0
Bar 13,2026,soir,0.5,0.4,quart_spread,h_0.6,4.454,3.992,2.7075,10606.3646972304,368.44170276960034,-3441.7370885400205,2896.082608080018,416925.0,418065.68178562005,0.023315766293190876,743342.0
Bar 13,2026,soir,0.5,0.4,quart_spread,net_0.6,4.454,3.992,2.7075,134964.52491137083,-2223.2244633581845,-53522.96515199996,14894.010935999977,416925.0,387560.21317811165,-2.0111831093963395,743342.0
Bar 13,2026,soir,0.5,0.5,mid,h_0.6,4.454,3.992,2.7075,10211.906044730398,762.9003552696004,-2743.8350049300147,3352.082789880016,416925.0,418695.5438317,0.04123228800923551,743342.0
Bar 13,2026,soir,0.5,0.5,mid,net_0.6,4.454,3.992,2.7075,101290.13504120099,5447.688764643064,-15582.862234482902,17518.672176000022,416925.0,421578.9487334288,-0.036974359753111585,743342.0
Bar 13,2026,soir,0.5,0.5,quart_spread,h_0.6,4.454,3.992,2.7075,10606.3646972304,368.44170276960034,-3441.7370885400205,2896.082608080018,416925.0,418065.68178562005,0.023315766293190876,743342.0
Bar 13,2026,soir,0.5,0.5,quart_spread,net_0.6,4.454,3.992,2.7075,134964.52491137083,-2223.2244633581845,-53522.96515199996,14894.010935999977,416925.0,387560.21317811165,-2.0111831093963395,743342.0
Bar 13,2026,soir,0.7,0.4,mid,h_0.6,2.7115,2.7115,2.0735,6568.8037884444,885.6520115556007,0.0,2308.2696954600246,416925.0,418555.32717,0.02370004740101772,743342.0
Bar 13,2026,soir,0.7,0.4,mid,net_0.6,2.7115,2.7115,2.0735,75638.01580596835,5952.815707872004,0.0,13746.0,416925.0,425301.7614596,0.12464994762081194,743342.0
Bar 13,2026,soir,0.7,0.4,quart_spread,h_0.6,2.7115,2.7115,2.0735,6809.1835269444,645.2722730555987,-40.64540994000417,1916.3612008800187,416925.0,418226.65740164,0.01388882973790706,743342.0
Bar 13,2026,soir,0.7,0.4,quart_spread,net_0.6,2.7115,2.7115,2.0735,97061.25805769113,4294.4015510160025,-1586.2636572000222,11371.07608800003,416925.0,422522.8498672,0.07105029290082743,743342.0
Bar 13,2026,soir,0.7,0.5,mid,h_0.6,2.7115,2.7115,2.0735,6568.8037884444,885.6520115556007,0.0,2308.2696954600246,416925.0,418555.32717,0.02370004740101772,743342.0
Bar 13,2026,soir,0.7,0.5,mid,net_0.6,2.7115,2.7115,2.0735,75638.01580596835,5952.815707872004,0.0,13746.0,416925.0,425301.7614596,0.12464994762081194,743342.0
Bar 13,2026,soir,0.7,0.5,quart_spread,h_0.6,2.7115,2.7115,2.0735,6809.1835269444,645.2722730555987,-40.64540994000417,1916.3612008800187,416925.0,418226.65740164,0.01388882973790706,743342.0
Bar 13,2026,soir,0.7,0.5,quart_spread,net_0.6,2.7115,2.7115,2.0735,97061.25805769113,4294.4015510160025,-1586.2636572000222,11371.07608800003,416925.0,422522.8498672,0.07105029290082743,743342.0
Bar 13,2026,stricte,0.3,0.4,mid,h_0.6,3.211,3.0565,2.0865,7046.218774639049,1356.7110253609499,-1035.4189620599761,3937.09139822252,416925.0,419229.190359255,0.04355522627666275,743342.0
Bar 13,2026,stricte,0.3,0.4,mid,net_0.6,3.211,3.0565,2.0865,66662.26702034991,6560.139792176584,-199.42383419687394,14270.529490199935,416925.0,426303.0618044,0.14739399115533713,743342.0
Bar 13,2026,stricte,0.3,0.4,quart_spread,h_0.6,3.211,3.0565,2.0865,7376.380512139051,1026.5492878609496,-1402.5098784000147,3281.1845645699846,416925.0,418823.97620470496,0.032565509116886715,743342.0
Bar 13,2026,stricte,0.3,0.4,quart_spread,net_0.6,3.211,3.0565,2.0865,85899.16793828127,4816.78890421563,-2863.1870426929904,13746.0,416925.0,423684.5937756,0.08834938967221906,743342.0
Bar 13,2026,stricte,0.3,0.5,mid,h_0.6,3.0525,2.898,1.928,6844.777501820399,1122.4040981796002,-1061.4936120000202,3394.2205343100013,416925.0,418752.09018322,0.03755643461754676,743342.0
Bar 13,2026,stricte,0.3,0.5,mid,net_0.6,3.0525,2.898,1.928,66287.6401448564,6124.391592176585,-199.42383419687394,14257.736088000005,416925.0,425926.4686088,0.13721485932065647,743342.0
Bar 13,2026,stricte,0.3,0.5,quart_spread,h_0.6,3.0525,2.898,1.928,7088.8789698204,878.3026301795996,-1518.2166959400245,3078.916779480013,416925.0,418551.9198295,0.028402611571768932,743342.0
Bar 13,2026,stricte,0.3,0.5,quart_spread,net_0.6,3.0525,2.898,1.928,85054.1014691818,4381.04070421563,-2880.560612093017,12154.167838199972,416925.0,423176.2178155907,0.07856170647045979,743342.0
Bar 13,2026,stricte,0.5,0.4,mid,h_0.6,1.782,1.6275,1.3225,4156.2979509246,318.0250490754013,-1422.7110000000102,1770.4243175999727,416925.0,417798.14207192004,0.0190675663893366,743342.0
Bar 13,2026,stricte,0.5,0.4,mid,net_0.6,1.782,1.6275,1.3225,46132.59262918459,2962.6776511525895,-2948.6238341968856,9271.072175999987,416925.0,422231.39608800004,0.08470478276726079,743342.0
Bar 13,2026,stricte,0.5,0.4,quart_spread,h_0.6,1.782,1.6275,1.3225,4336.020027924599,138.3029720754006,-1567.0439999999944,1438.485703409992,416925.0,417777.86672191997,0.012141720194344119,743342.0
Bar 13,2026,stricte,0.5,0.4,quart_spread,net_0.6,1.782,1.6275,1.3225,60129.00100330647,1644.44655599163,-3951.245279204633,8247.599999999977,416925.0,420044.6057299907,0.041589654795207265,743342.0
Bar 13,2026,stricte,0.5,0.5,mid,h_0.6,1.782,1.6275,1.3225,4156.2979509246,318.0250490754013,-1422.7110000000102,1770.4243175999727,416925.0,417798.14207192004,0.0190675663893366,743342.0
Bar 13,2026,stricte,0.5,0.5,mid,net_0.6,1.782,1.6275,1.3225,46132.59262918459,2962.6776511525895,-2948.6238341968856,9271.072175999987,416925.0,422231.39608800004,0.08470478276726079,743342.0
Bar 13,2026,stricte,0.5,0.5,quart_spread,h_0.6,1.782,1.6275,1.3225,4336.020027924599,138.3029720754006,-1567.0439999999944,1438.485703409992,416925.0,417777.86672191997,0.012141720194344119,743342.0
Bar 13,2026,stricte,0.5,0.5,quart_spread,net_0.6,1.782,1.6275,1.3225,60129.00100330647,1644.44655599163,-3951.245279204633,8247.599999999977,416925.0,420044.6057299907,0.041589654795207265,743342.0
Watermark (Pier 15),2025,aucun,0.0,0.4,mid,h_0.6,3.9725,3.1355,1.45,60715.24368863625,7434.848811363738,-20872.3470873754,35531.79482278154,4522142.75,4530588.49283,0.04291452435717624,6592950.0
Watermark (Pier 15),2025,aucun,0.0,0.4,mid,net_0.6,3.9725,3.1355,1.45,378412.2936333959,49783.17379813088,-30912.1322027985,132388.7083439948,4522142.75,4565975.0,0.04124406928792557,6592950.0
Watermark (Pier 15),2025,aucun,0.0,0.4,quart_spread,h_0.6,3.9725,3.1355,1.45,67722.49901363626,427.59348636373227,-29794.54461834384,24866.179826906286,4522142.75,4521145.249434313,0.021946836831432948,6592950.0
Watermark (Pier 15),2025,aucun,0.0,0.4,quart_spread,net_0.6,3.9725,3.1355,1.45,590344.8608929365,23794.641887350463,-103651.30937368423,130410.0,4522142.75,4532393.009481713,-0.11356129557115158,6592950.0
Watermark (Pier 15),2025,aucun,0.0,0.5,mid,h_0.6,3.3825,3.114,1.45,54776.09210275125,12906.697897248741,-11247.862499999814,38414.07480290666,4522142.75,4535559.709260687,0.04552264956851926,6592950.0
Watermark (Pier 15),2025,aucun,0.0,0.5,mid,net_0.6,3.3825,3.114,1.45,367244.06498736737,60150.129296011226,-9177.1322027985,150699.6224999996,4522142.75,4580465.0,0.06157945200384285,6592950.0
Watermark (Pier 15),2025,aucun,0.0,0.5,quart_spread,h_0.6,3.3825,3.114,1.45,60841.651384001256,6841.138615998736,-16572.9375,26709.26327015666,4522142.75,4527566.92681925,0.026435361250211176,6592950.0
Watermark (Pier 15),2025,aucun,0.0,0.5,quart_spread,net_0.6,3.3825,3.114,1.45,572082.5310136529,41219.81214642618,-69780.7894736845,130410.0,4522142.75,4560553.318368515,-0.03285214276430781,6592950.0
Watermark (Pier 15),2025,soir,0.3,0.4,mid,h_0.6,2.442,2.3005,1.45,38980.04786715375,11021.319632846225,-10108.38339000009,33821.89435800031,4522142.75,4533528.917648187,0.03904104745397896,6592950.0
Watermark (Pier 15),2025,soir,0.3,0.4,mid,net_0.6,2.442,2.3005,1.45,268662.978863863,45429.28407580397,-9177.1322027985,108675.0,4522142.75,4565975.0,0.06690890911717695,6592950.0
Watermark (Pier 15),2025,soir,0.3,0.4,quart_spread,h_0.6,2.442,2.3005,1.45,43556.56946715375,6444.798032846222,-12071.401650000364,24206.106895031382,4522142.75,4527572.768462749,0.021233696876830854,6592950.0
Watermark (Pier 15),2025,soir,0.3,0.4,quart_spread,net_0.6,2.442,2.3005,1.45,431868.8853165224,32400.54990958409,-46876.43501365278,108675.0,4522142.75,4553839.4801,0.012312943146790878,6592950.0
Watermark (Pier 15),2025,soir,0.3,0.5,mid,h_0.6,2.4205,2.279,1.45,38785.27618515375,10748.788814846224,-10108.38339000009,33515.8909607815,4522142.75,4533528.917648187,0.04008868824090717,6592950.0
Watermark (Pier 15),2025,soir,0.3,0.5,mid,net_0.6,2.4205,2.279,1.45,268329.0082157148,44961.98157580396,-9177.1322027985,108675.0,4522142.75,4565975.0,0.06920312147959806,6592950.0
Watermark (Pier 15),2025,soir,0.3,0.5,quart_spread,h_0.6,2.4205,2.279,1.45,43350.11522265375,6183.949777346222,-12071.401650000364,23746.071763968885,4522142.75,4527572.768462749,0.022253265490154273,6592950.0
Watermark (Pier 15),2025,soir,0.3,0.5,quart_spread,net_0.6,2.4205,2.279,1.45,431499.0281963145,31933.24740958409,-46876.43501365278,108675.0,4522142.75,4553839.4801,0.014910674833781168,6592950.0
Watermark (Pier 15),2025,soir,0.5,0.4,mid,h_0.6,1.7525,1.7525,0.9235,29415.831484252496,8674.756015747444,0.0,28220.180625000037,4522142.75,4531114.420421001,0.031369258034869785,6592950.0
Watermark (Pier 15),2025,soir,0.5,0.4,mid,net_0.6,1.7525,1.7525,0.9235,238233.77996492683,37892.570782499955,0.0,107229.62249999959,4522142.75,4565975.0,0.05604314733782578,6592950.0
Watermark (Pier 15),2025,soir,0.5,0.4,quart_spread,h_0.6,1.7525,1.7525,0.9235,32987.1636717525,5103.423828247465,-2780.2759950002655,17547.578370000236,4522142.75,4525598.478794,0.018381274908449874,6592950.0
Watermark (Pier 15),2025,soir,0.5,0.4,quart_spread,net_0.6,1.7525,1.7525,0.9235,374390.83402523724,25344.02893679998,-55605.51989999972,86940.0,4522142.75,4544240.0,0.007969614977460737,6592950.0
Watermark (Pier 15),2025,soir,0.5,0.5,mid,h_0.6,1.7525,1.7525,0.9235,29415.831484252496,8674.756015747444,0.0,28220.180625000037,4522142.75,4531114.420421001,0.031369258034869785,6592950.0
Watermark (Pier 15),2025,soir,0.5,0.5,mid,net_0.6,1.7525,1.7525,0.9235,238233.77996492683,37892.570782499955,0.0,107229.62249999959,4522142.75,4565975.0,0.05604314733782578,6592950.0
Watermark (Pier 15),2025,soir,0.5,0.5,quart_spread,h_0.6,1.7525,1.7525,0.9235,32987.1636717525,5103.423828247465,-2780.2759950002655,17547.578370000236,4522142.75,4525598.478794,0.018381274908449874,6592950.0
Watermark (Pier 15),2025,soir,0.5,0.5,quart_spread,net_0.6,1.7525,1.7525,0.9235,374390.83402523724,25344.02893679998,-55605.51989999972,86940.0,4522142.75,4544240.0,0.007969614977460737,6592950.0
Watermark (Pier 15),2025,soir,0.7,0.4,mid,h_0.6,1.3535,1.3535,0.6585,23443.836944062503,5974.485555937407,0.0,22133.2286700001,4522142.75,4525722.7396002505,0.02873058639976167,6592950.0
Watermark (Pier 15),2025,soir,0.7,0.4,mid,net_0.6,1.3535,1.3535,0.6585,217026.79540936262,29220.305782499945,0.0,86940.0,4522142.75,4551485.0,0.06207125094285171,6592950.0
Watermark (Pier 15),2025,soir,0.7,0.4,quart_spread,h_0.6,1.3535,1.3535,0.6585,26812.653269062503,2605.6692309374444,-2780.2759950002655,10957.700249999762,4522142.75,4522505.0,0.015666850754599837,6592950.0
Watermark (Pier 15),2025,soir,0.7,0.4,quart_spread,net_0.6,1.3535,1.3535,0.6585,350203.1083226856,16671.76393679998,-55605.51989999972,65205.0,4522142.75,4536995.0,0.011102572914616471,6592950.0
Watermark (Pier 15),2025,soir,0.7,0.5,mid,h_0.6,1.3535,1.3535,0.6585,23443.836944062503,5974.485555937407,0.0,22133.2286700001,4522142.75,4525722.7396002505,0.02873058639976167,6592950.0
Watermark (Pier 15),2025,soir,0.7,0.5,mid,net_0.6,1.3535,1.3535,0.6585,217026.79540936262,29220.305782499945,0.0,86940.0,4522142.75,4551485.0,0.06207125094285171,6592950.0
Watermark (Pier 15),2025,soir,0.7,0.5,quart_spread,h_0.6,1.3535,1.3535,0.6585,26812.653269062503,2605.6692309374444,-2780.2759950002655,10957.700249999762,4522142.75,4522505.0,0.015666850754599837,6592950.0
Watermark (Pier 15),2025,soir,0.7,0.5,quart_spread,net_0.6,1.3535,1.3535,0.6585,350203.1083226856,16671.76393679998,-55605.51989999972,65205.0,4522142.75,4536995.0,0.011102572914616471,6592950.0
Watermark (Pier 15),2025,stricte,0.3,0.4,mid,h_0.6,1.497,1.497,1.0625,25268.865579247496,7268.429420752486,0.0,24873.78775612518,4522142.75,4531080.5985875,0.0392771970741389,6592950.0
Watermark (Pier 15),2025,stricte,0.3,0.4,mid,net_0.6,1.497,1.497,1.0625,212720.54953633685,32339.278282499945,0.0,86940.0,4522142.75,4565975.0,0.08530349986200847,6592950.0
Watermark (Pier 15),2025,stricte,0.3,0.4,quart_spread,h_0.6,1.497,1.497,1.0625,27850.9835792475,4686.311420752491,0.0,16508.474750250058,4522142.75,4526991.9875277495,0.02452853177000458,6592950.0
Watermark (Pier 15),2025,stricte,0.3,0.4,quart_spread,net_0.6,1.497,1.497,1.0625,302870.28107087704,30850.430782499945,0.0,86940.0,4522142.75,4565975.0,0.08628850590412673,6592950.0
Watermark (Pier 15),2025,stricte,0.3,0.5,mid,h_0.6,1.4755,1.4755,1.0625,25074.0938972475,6995.898602752487,0.0,24102.510413624823,4522142.75,4531080.5985875,0.040380706703345814,6592950.0
Watermark (Pier 15),2025,stricte,0.3,0.5,mid,net_0.6,1.4755,1.4755,1.0625,212386.57888818873,31871.975782499947,0.0,86940.0,4522142.75,4565975.0,0.08796069733314649,6592950.0
Watermark (Pier 15),2025,stricte,0.3,0.5,quart_spread,h_0.6,1.4755,1.4755,1.0625,27644.5293347475,4425.463165252493,0.0,15854.42186999973,4522142.75,4526991.9875277495,0.025586010527145486,6592950.0
Watermark (Pier 15),2025,stricte,0.3,0.5,quart_spread,net_0.6,1.4755,1.4755,1.0625,302500.42395066924,30383.128282499947,0.0,86940.0,4522142.75,4565975.0,0.08857338310308127,6592950.0
Watermark (Pier 15),2025,stricte,0.5,0.4,mid,h_0.6,0.7955,0.7955,0.6585,13796.3893726575,3493.8031273424504,0.0,19891.328625000082,4522142.75,4524650.869019,0.02857839559291897,6592950.0
Watermark (Pier 15),2025,stricte,0.5,0.4,mid,net_0.6,0.7955,0.7955,0.6585,143661.3842130777,17092.175782499948,0.0,65205.0,4522142.75,4544240.0,0.08090542332234585,6592950.0
Watermark (Pier 15),2025,stricte,0.5,0.4,quart_spread,h_0.6,0.7955,0.7955,0.6585,15343.3236601575,1946.8688398424304,0.0,9567.203625000082,4522142.75,4522505.0,0.01606811017527765,6592950.0
Watermark (Pier 15),2025,stricte,0.5,0.4,quart_spread,net_0.6,0.7955,0.7955,0.6585,186427.661495937,15603.328282499948,0.0,65205.0,4522142.75,4544240.0,0.08104014129609527,6592950.0
Watermark (Pier 15),2025,stricte,0.5,0.5,mid,h_0.6,0.7955,0.7955,0.6585,13796.3893726575,3493.8031273424504,0.0,19891.328625000082,4522142.75,4524650.869019,0.02857839559291897,6592950.0
Watermark (Pier 15),2025,stricte,0.5,0.5,mid,net_0.6,0.7955,0.7955,0.6585,143661.3842130777,17092.175782499948,0.0,65205.0,4522142.75,4544240.0,0.08090542332234585,6592950.0
Watermark (Pier 15),2025,stricte,0.5,0.5,quart_spread,h_0.6,0.7955,0.7955,0.6585,15343.3236601575,1946.8688398424304,0.0,9567.203625000082,4522142.75,4522505.0,0.01606811017527765,6592950.0
Watermark (Pier 15),2025,stricte,0.5,0.5,quart_spread,net_0.6,0.7955,0.7955,0.6585,186427.661495937,15603.328282499948,0.0,65205.0,4522142.75,4544240.0,0.08104014129609527,6592950.0
Watermark (Pier 15),2026,aucun,0.0,0.4,mid,h_0.6,10.52,7.555,3.175,166901.09145113247,-2693.166451132494,-55229.70083006257,44736.37619062537,3813390.0,3819411.480339,0.017236539153306585,5723550.0
Watermark (Pier 15),2026,aucun,0.0,0.4,mid,net_0.6,10.52,7.555,3.175,1291619.1858155113,25635.94352465108,-220956.43480223906,198226.5838850997,3813390.0,3800508.963374518,-0.5250487464104514,5723550.0
Watermark (Pier 15),2026,aucun,0.0,0.4,quart_spread,h_0.6,10.52,7.555,3.175,182912.09769488248,-18704.172694882494,-76037.01027693751,30857.03482640629,3813390.0,3802417.562152125,-0.0008141322713000054,5723550.0
Watermark (Pier 15),2026,aucun,0.0,0.4,quart_spread,net_0.6,10.52,7.555,3.175,1830897.5788815476,-175295.70524612983,-875117.8984978579,161229.4560808426,3813390.0,3238376.819005518,-6.438263992472844,5723550.0
Watermark (Pier 15),2026,aucun,0.0,0.5,mid,h_0.6,8.4805,6.9375,3.017,146263.825657215,4522.736842785002,-39742.16277149981,43801.53753937513,3813390.0,3831775.09058925,0.05929475534820572,5723550.0
Watermark (Pier 15),2026,aucun,0.0,0.5,mid,net_0.6,8.4805,6.9375,3.017,1252954.455707696,38754.96201842512,-212166.94131145516,203706.50579999993,3813390.0,3820824.6899915775,-0.4314695526408272,5723550.0
Watermark (Pier 15),2026,aucun,0.0,0.5,quart_spread,h_0.6,8.4805,6.9375,3.017,154126.815100965,-3340.252600964997,-51129.15698362516,37449.24253087479,3813390.0,3820955.78360475,0.043481202514173756,5723550.0
Watermark (Pier 15),2026,aucun,0.0,0.5,quart_spread,net_0.6,8.4805,6.9375,3.017,1747502.826990163,-132184.45279823305,-829180.8500845262,175762.61414251715,3813390.0,3270946.3802833026,-6.310766054630319,5723550.0
Watermark (Pier 15),2026,soir,0.3,0.4,mid,h_0.6,5.9935,5.3745,3.175,104258.6729898525,12556.0845101475,-21049.88291437507,42848.23038693735,3813390.0,3835882.903163063,0.07217067895626439,5723550.0
Watermark (Pier 15),2026,soir,0.3,0.4,mid,net_0.6,5.9935,5.3745,3.175,926623.6966810392,63410.12524549474,-111244.85774403562,177925.7529000002,3813390.0,3891424.211459378,0.003371630727324937,5723550.0
Watermark (Pier 15),2026,soir,0.3,0.4,quart_spread,h_0.6,5.9935,5.3745,3.175,109084.3591961025,7730.398303897501,-27164.997995624784,36867.87366412504,3813390.0,3831164.39722275,0.05137259888540402,5723550.0
Watermark (Pier 15),2026,soir,0.3,0.4,quart_spread,net_0.6,5.9935,5.3745,3.175,1246757.7332049937,-4395.330961443184,-421573.34665026877,152154.55253249995,3813390.0,3622620.5216894415,-1.9807470370756386,5723550.0
Watermark (Pier 15),2026,soir,0.3,0.5,mid,h_0.6,5.8355,5.2165,3.017,102671.11504188,10709.512458120005,-21881.67267037509,39757.225126500154,3813390.0,3833481.6916357502,0.06795231715373484,5723550.0
Watermark (Pier 15),2026,soir,0.3,0.5,mid,net_0.6,5.8355,5.2165,3.017,923671.2636200683,59975.99524549474,-113633.7045331045,173880.0,3813390.0,3884081.0306186634,-0.004372171210827114,5723550.0
Watermark (Pier 15),2026,soir,0.3,0.5,quart_spread,h_0.6,5.8355,5.2165,3.017,106818.56057313002,6562.066926869999,-27651.954369374937,34773.48363037503,3813390.0,3829139.343288,0.04831249225784906,5723550.0
Watermark (Pier 15),2026,soir,0.3,0.5,quart_spread,net_0.6,5.8355,5.2165,3.017,1240097.7673955455,-7829.460961443184,-423184.6337452795,152145.0,3813390.0,3619614.0547936046,-1.9879504269180583,5723550.0
Watermark (Pier 15),2026,soir,0.5,0.4,mid,h_0.6,4.4615,4.004,2.7115,81048.93674298748,5978.003257012504,-20459.32448962488,26654.41893712515,3813390.0,3827959.56857475,0.05771696774397217,5723550.0
Watermark (Pier 15),2026,soir,0.5,0.4,mid,net_0.6,4.4615,4.004,2.7115,811863.4311504725,42849.28987321666,-121724.72228133632,138501.50579999993,3813390.0,3866624.2444759333,0.026704997589705348,5723550.0
Watermark (Pier 15),2026,soir,0.5,0.4,quart_spread,h_0.6,4.4615,4.004,2.7115,84185.7862804875,2841.1537195125015,-24553.22910862494,22565.210708249877,3813390.0,3823703.0405122503,0.042429611331013306,5723550.0
Watermark (Pier 15),2026,soir,0.5,0.4,quart_spread,net_0.6,4.4615,4.004,2.7115,1078878.056267175,-17816.509843987442,-420070.1714999997,116420.61501000004,3813390.0,3613016.1150180525,-1.8819927430264887,5723550.0
Watermark (Pier 15),2026,soir,0.5,0.5,mid,h_0.6,4.4615,4.004,2.7115,81048.93674298748,5978.003257012504,-20459.32448962488,26654.41893712515,3813390.0,3827959.56857475,0.05771696774397217,5723550.0
Watermark (Pier 15),2026,soir,0.5,0.5,mid,net_0.6,4.4615,4.004,2.7115,811863.4311504725,42849.28987321666,-121724.72228133632,138501.50579999993,3813390.0,3866624.2444759333,0.026704997589705348,5723550.0
Watermark (Pier 15),2026,soir,0.5,0.5,quart_spread,h_0.6,4.4615,4.004,2.7115,84185.7862804875,2841.1537195125015,-24553.22910862494,22565.210708249877,3813390.0,3823703.0405122503,0.042429611331013306,5723550.0
Watermark (Pier 15),2026,soir,0.5,0.5,quart_spread,net_0.6,4.4615,4.004,2.7115,1078878.056267175,-17816.509843987442,-420070.1714999997,116420.61501000004,3813390.0,3613016.1150180525,-1.8819927430264887,5723550.0
Watermark (Pier 15),2026,soir,0.7,0.4,mid,h_0.6,2.7155,2.7155,2.0675,52037.97498191249,6983.417518087503,0.0,17911.217417624877,3813390.0,3825141.773985,0.02623742773294324,5723550.0
Watermark (Pier 15),2026,soir,0.7,0.4,mid,net_0.6,2.7155,2.7155,2.0675,603668.1085423968,46754.37063360004,0.0,108675.0,3813390.0,3875395.7529,0.13777093211561797,5723550.0
Watermark (Pier 15),2026,soir,0.7,0.4,quart_spread,h_0.6,2.7155,2.7155,2.0675,53952.7198069125,5068.672693087496,-626.9460749998689,15187.683357000173,3813390.0,3821082.36462225,0.016517193368560057,5723550.0
Watermark (Pier 15),2026,soir,0.7,0.4,quart_spread,net_0.6,2.7155,2.7155,2.0675,772849.1929561159,33811.24029570003,-12621.036329999717,89899.0029000002,3813390.0,3858556.525425,0.08301508047280737,5723550.0
Watermark (Pier 15),2026,soir,0.7,0.5,mid,h_0.6,2.7155,2.7155,2.0675,52037.97498191249,6983.417518087503,0.0,17911.217417624877,3813390.0,3825141.773985,0.02623742773294324,5723550.0
Watermark (Pier 15),2026,soir,0.7,0.5,mid,net_0.6,2.7155,2.7155,2.0675,603668.1085423968,46754.37063360004,0.0,108675.0,3813390.0,3875395.7529,0.13777093211561797,5723550.0
Watermark (Pier 15),2026,soir,0.7,0.5,quart_spread,h_0.6,2.7155,2.7155,2.0675,53952.7198069125,5068.672693087496,-626.9460749998689,15187.683357000173,3813390.0,3821082.36462225,0.016517193368560057,5723550.0
Watermark (Pier 15),2026,soir,0.7,0.5,quart_spread,net_0.6,2.7155,2.7155,2.0675,772849.1929561159,33811.24029570003,-12621.036329999717,89899.0029000002,3813390.0,3858556.525425,0.08301508047280737,5723550.0
Watermark (Pier 15),2026,stricte,0.3,0.4,mid,h_0.6,3.1585,3.0065,2.0695,54939.541003515005,10406.736496484998,-9009.00535500003,32125.192471968727,3813390.0,3831546.60429975,0.05364422244217404,5723550.0
Watermark (Pier 15),2026,stricte,0.3,0.4,mid,net_0.6,3.1585,3.0065,2.0695,526861.8021749591,50481.79127309848,-1576.6321243522689,116766.50579999993,3813390.0,3882640.7529,0.17473756540906005,5723550.0
Watermark (Pier 15),2026,stricte,0.3,0.4,quart_spread,h_0.6,3.1585,3.0065,2.0695,57533.694759765,7812.582740235004,-11935.393800750211,26216.191754156196,3813390.0,3829471.358454,0.04373957191562472,5723550.0
Watermark (Pier 15),2026,stricte,0.3,0.4,quart_spread,net_0.6,3.1585,3.0065,2.0695,677996.4746839642,36889.056875658185,-24281.32904790707,108675.0,3813390.0,3864105.0,0.11925962209610452,5723550.0
Watermark (Pier 15),2026,stricte,0.3,0.5,mid,h_0.6,3.0005,2.8485,1.9115,53351.9830555425,8560.164444457503,-9641.466686250013,27783.049565250087,3813390.0,3831313.75362225,0.049481430528690806,5723550.0
Watermark (Pier 15),2026,stricte,0.3,0.5,mid,net_0.6,3.0005,2.8485,1.9115,523909.3691139882,47047.661273098485,-1576.6321243522689,112720.7529000002,3813390.0,3878595.0,0.16832141457993743,5723550.0
Watermark (Pier 15),2026,stricte,0.3,0.5,quart_spread,h_0.6,3.0005,2.8485,1.9115,55267.89613679249,6644.251363207504,-12240.999854999594,25015.913464499856,3813390.0,3829040.801145,0.04068030333438133,5723550.0
Watermark (Pier 15),2026,stricte,0.3,0.5,quart_spread,net_0.6,3.0005,2.8485,1.9115,671336.508874516,33454.92687565818,-25852.508727906737,95821.9860150001,3813390.0,3861290.57832,0.11331024551443702,5723550.0
Watermark (Pier 15),2026,stricte,0.5,0.4,mid,h_0.6,1.769,1.617,1.293,32637.2417999775,2508.2532000225165,-11247.862499999814,13027.111335000023,3813390.0,3821779.35390825,0.025440644342818564,5723550.0
Watermark (Pier 15),2026,stricte,0.5,0.4,mid,net_0.6,1.769,1.617,1.293,364635.9042918683,23040.531320698487,-23311.63212435227,73296.50579999993,3813390.0,3853660.7529,0.10637756943829413,5723550.0
Watermark (Pier 15),2026,stricte,0.5,0.4,quart_spread,h_0.6,1.769,1.617,1.293,34067.4319687275,1078.06303127249,-12388.950000000186,11334.324330000207,3813390.0,3819570.1538085,0.0191194909209923,5723550.0
Watermark (Pier 15),2026,stricte,0.5,0.4,quart_spread,net_0.6,1.769,1.617,1.293,476073.70990551286,12666.511338258173,-28811.511627906933,65205.0,3813390.0,3836872.9706536047,0.06664365064174693,5723550.0
Watermark (Pier 15),2026,stricte,0.5,0.5,mid,h_0.6,1.769,1.617,1.293,32637.2417999775,2508.2532000225165,-11247.862499999814,13027.111335000023,3813390.0,3821779.35390825,0.025440644342818564,5723550.0
Watermark (Pier 15),2026,stricte,0.5,0.5,mid,net_0.6,1.769,1.617,1.293,364635.9042918683,23040.531320698487,-23311.63212435227,73296.50579999993,3813390.0,3853660.7529,0.10637756943829413,5723550.0
Watermark (Pier 15),2026,stricte,0.5,0.5,quart_spread,h_0.6,1.769,1.617,1.293,34067.4319687275,1078.06303127249,-12388.950000000186,11334.324330000207,3813390.0,3819570.1538085,0.0191194909209923,5723550.0
Watermark (Pier 15),2026,stricte,0.5,0.5,quart_spread,net_0.6,1.769,1.617,1.293,476073.70990551286,12666.511338258173,-28811.511627906933,65205.0,3813390.0,3836872.9706536047,0.06664365064174693,5723550.0
