nom,saison,contrat,information,perimetre,k,execution,couvertes,engagement,gain_moyen,ic_bas,ic_haut,pire5_sans,pire5_avec,ederington_e,R_saison
230 Fifth,2025,reel,constante (FP moyen),toutes les soirees,0.6,mid,69.2075,138968.34950359917,342.44809640078665,-32860.22062856001,36226.85701609026,6645620.0,6662616.22716688,0.08579348337139614,9494400.0
230 Fifth,2025,parfait,constante (FP moyen),toutes les soirees,0.6,mid,69.2075,143427.67816886067,80502.43783113932,-29288.99512073868,204057.34999554924,6645620.0,6776566.935125672,0.3997342383014447,9494400.0
230 Fifth,2025,reel,constante (FP moyen),toutes les soirees,0.6,quart_spread,69.2075,158252.73782159918,-18941.940221599205,-52554.75440163007,16786.26969279028,6645620.0,6639757.111595499,0.07059228846772225,9494400.0
230 Fifth,2025,reel,constante (FP moyen),toutes les soirees,1.0,mid,69.2075,231613.91583933198,570.7468273346619,-54767.034380933364,60378.09502681648,6645620.0,6668143.040957667,0.12837686529089076,9494400.0
230 Fifth,2025,parfait,constante (FP moyen),toutes les soirees,1.0,mid,69.2075,239046.13028143448,134170.72971856553,-48814.99186789722,340095.5833259157,6645620.0,6847624.255773526,0.49722177920287525,9494400.0
230 Fifth,2025,reel,constante (FP moyen),toutes les soirees,1.0,quart_spread,69.2075,263754.56303599867,-31569.900369331994,-87591.25733605011,27977.11615465015,6645620.0,6631293.398512834,0.10318769861392152,9494400.0
230 Fifth,2025,reel,constante (FP moyen),20 grosses soirees,0.6,mid,9.116,32402.184480431995,205.55951956799532,-16091.45755620019,19582.038691800153,6645620.0,6654748.6703944,0.02702849685841091,9494400.0
230 Fifth,2025,parfait,constante (FP moyen),20 grosses soirees,0.6,mid,9.116,33441.59432070897,21024.245679291038,-36096.7726518536,100125.03441135566,6645620.0,6684940.468022702,0.13637607531489238,9494400.0
230 Fifth,2025,reel,constante (FP moyen),20 grosses soirees,0.6,quart_spread,9.116,37029.412800431994,-4421.668800431993,-22100.826352799544,14480.422473400331,6645620.0,6648384.3141008,0.021442163067919684,9494400.0
230 Fifth,2025,reel,constante (FP moyen),20 grosses soirees,1.0,mid,9.116,54003.64080072001,342.5991992800147,-26819.0959270003,32636.731152999935,6645620.0,6652618.309084,0.04126982914499755,9494400.0
230 Fifth,2025,parfait,constante (FP moyen),20 grosses soirees,1.0,mid,9.116,55735.99053451496,35040.409465485034,-60161.28775308931,166875.05735225943,6645620.0,6711007.670893379,0.1696517195657714,9494400.0
230 Fifth,2025,reel,constante (FP moyen),20 grosses soirees,1.0,quart_spread,9.116,61715.68800072,-7369.448000719997,-36834.710587999856,24134.037455666326,6645620.0,6646065.7401686665,0.03178864478149124,9494400.0
230 Fifth,2025,reel,cote,toutes les soirees,0.6,mid,69.2075,150733.46860469587,18081.36877991954,-6675.919668346411,44189.26939382856,6645620.0,6678613.856200735,0.07523232247383638,9494400.0
230 Fifth,2025,reel,cote,toutes les soirees,0.6,quart_spread,69.2075,167426.6153039266,1388.2220806887606,-21154.23285120004,22997.842565278963,6645620.0,6659021.559957523,0.05697106984524092,9494400.0
230 Fifth,2025,reel,cote,toutes les soirees,1.0,mid,69.2075,251222.44767449307,30135.61463319924,-11126.532780577336,73648.7823230485,6645620.0,6694708.850303635,0.11746428072138415,9494400.0
230 Fifth,2025,reel,cote,toutes les soirees,1.0,quart_spread,69.2075,279044.35883987765,2313.7034678146115,-35257.05475200005,38329.737608798285,6645620.0,6661616.319531385,0.08898973189807535,9494400.0
230 Fifth,2025,reel,cote,20 grosses soirees,0.6,mid,9.116,35248.31775300461,4423.073016226159,-8452.823280923138,18943.039961654133,6645620.0,6657441.188383076,0.023771792151872195,9494400.0
230 Fifth,2025,reel,cote,20 grosses soirees,0.6,quart_spread,9.116,39278.61412223539,392.77664699538985,-11947.66224092329,13392.486119423145,6645620.0,6652575.033848001,0.016778887058445657,9494400.0
230 Fifth,2025,reel,cote,20 grosses soirees,1.0,mid,9.116,58747.19625500769,7371.7883603769205,-14088.038801538245,31571.733269422966,6645620.0,6660071.465092308,0.03728767754253137,9494400.0
230 Fifth,2025,reel,cote,20 grosses soirees,1.0,quart_spread,9.116,65464.35687039231,654.6277449923087,-19912.770401538208,22320.810199038275,6645620.0,6653134.018898462,0.025972141056635256,9494400.0
230 Fifth,2025,reel,prevision soir,toutes les soirees,0.6,mid,69.2075,126551.22706911637,27558.37198088362,3942.985253234999,58816.77206341151,6645620.0,6691945.229147675,0.09353128046903758,9494400.0
230 Fifth,2025,reel,prevision soir,toutes les soirees,0.6,quart_spread,69.2075,140507.00200386636,13602.597046133626,-4072.1908095034305,33470.343029748765,6645620.0,6673211.158887559,0.0612021404671258,9494400.0
230 Fifth,2025,reel,prevision soir,toutes les soirees,1.0,mid,69.2075,210918.71178186065,45930.61996813936,6571.642088725325,98027.95343901828,6645620.0,6717324.715836099,0.14646377120552723,9494400.0
230 Fifth,2025,reel,prevision soir,toutes les soirees,1.0,quart_spread,69.2075,234178.33667311064,22670.995076889372,-6786.984682505997,55783.90504958157,6645620.0,6687334.369462715,0.09755391799308966,9494400.0
230 Fifth,2025,reel,prevision soir,20 grosses soirees,0.6,mid,9.116,30161.29197569175,6692.332524308231,-5469.367455000058,23041.476918900174,6645620.0,6658912.43180135,0.028691813844454517,9494400.0
230 Fifth,2025,reel,prevision soir,20 grosses soirees,0.6,quart_spread,9.116,33692.72991569175,3160.8945843082365,-7333.42123162502,14388.555227099918,6645620.0,6655556.93734775,0.016893886138400482,9494400.0
230 Fifth,2025,reel,prevision soir,20 grosses soirees,1.0,mid,9.116,50268.819959486245,11153.887540513759,-9115.612425000407,38402.46153150028,6645620.0,6663237.75337675,0.04541517576927123,9494400.0
230 Fifth,2025,reel,prevision soir,20 grosses soirees,1.0,quart_spread,9.116,56154.54985948625,5268.157640513754,-12222.36871937532,23980.925378500182,6645620.0,6656733.861905313,0.026717602677881813,9494400.0
230 Fifth,2025,reel,cote + prevision soir,toutes les soirees,0.6,mid,69.2075,136064.33208720485,32913.9942673406,8797.840701143234,62594.38908945195,6645620.0,6695090.437370026,0.0858594918440524,9494400.0
230 Fifth,2025,reel,cote + prevision soir,toutes les soirees,0.6,quart_spread,69.2075,148961.96069856847,20016.365655976966,2800.0371800489957,39492.681525201435,6645620.0,6677479.572285126,0.0554942825337702,9494400.0
230 Fifth,2025,reel,cote + prevision soir,toutes les soirees,1.0,mid,69.2075,226773.88681200807,54856.657112234345,14663.067835239042,104323.98181575417,6645620.0,6724045.3438711045,0.1338940956935658,9494400.0
230 Fifth,2025,reel,cote + prevision soir,toutes les soirees,1.0,quart_spread,69.2075,248269.93449761416,33360.60942662828,4666.728633414675,65821.13587533572,6645620.0,6695794.427555192,0.08819075903330509,9494400.0
230 Fifth,2025,reel,cote + prevision soir,20 grosses soirees,0.6,mid,9.116,32509.934623662084,7980.87119451972,-4147.631860000081,23648.11597963651,6645620.0,6660352.715922182,0.02569525790953142,9494400.0
230 Fifth,2025,reel,cote + prevision soir,20 grosses soirees,0.6,quart_spread,9.116,35789.74821457118,4701.057603610626,-6720.477690599602,16726.16532222687,6645620.0,6656089.241463454,0.015159394098222312,9494400.0
230 Fifth,2025,reel,cote + prevision soir,20 grosses soirees,1.0,mid,9.116,54183.22437277015,13301.451990866202,-6912.719766667113,39413.52663272693,6645620.0,6664537.3586266665,0.0403722668860077,9494400.0
230 Fifth,2025,reel,cote + prevision soir,20 grosses soirees,1.0,quart_spread,9.116,59649.58035761864,7835.096006017731,-11200.796150999633,27876.942203712348,6645620.0,6660820.10522,0.023778544123289613,9494400.0
230 Fifth,2025,reel,"cote + prevision soir, en echantillon",toutes les soirees,0.6,mid,69.2075,156293.4401243995,27945.52056990621,1772.2853402379671,60947.52168062166,6645620.0,6694477.554666087,0.1070665699736375,9494400.0
230 Fifth,2025,reel,"cote + prevision soir, en echantillon",toutes les soirees,0.6,quart_spread,69.2075,172644.68147874263,11594.279215563045,-9230.292983744153,33829.85334705673,6645620.0,6672434.828730453,0.07446121440246023,9494400.0
230 Fifth,2025,reel,"cote + prevision soir, en echantillon",toutes les soirees,1.0,mid,69.2075,260489.06687399917,46575.867616510346,2953.808900397528,101579.20280103611,6645620.0,6717355.8469661055,0.16730106335151462,9494400.0
230 Fifth,2025,reel,"cote + prevision soir, en echantillon",toutes les soirees,1.0,quart_spread,69.2075,287741.1357979044,19323.79869260508,-15383.8216395739,56383.0889117615,6645620.0,6686393.420470888,0.11832692346602969,9494400.0
230 Fifth,2025,reel,"cote + prevision soir, en echantillon",20 grosses soirees,0.6,mid,9.116,37351.56936416548,7084.226599870488,-7603.168776402739,25634.271081002982,6645620.0,6659653.325167305,0.03466698092898235,9494400.0
230 Fifth,2025,reel,"cote + prevision soir, en echantillon",20 grosses soirees,0.6,quart_spread,9.116,41459.631961667976,2976.164002367974,-10600.68181700646,17256.09135225947,6645620.0,6655947.846010941,0.02234028521510778,9494400.0
230 Fifth,2025,reel,"cote + prevision soir, en echantillon",20 grosses soirees,1.0,mid,9.116,62252.615606942476,11807.04433311747,-12671.947960670315,42723.78513500436,6645620.0,6668363.19241807,0.05446554128779135,9494400.0
230 Fifth,2025,reel,"cote + prevision soir, en echantillon",20 grosses soirees,1.0,quart_spread,9.116,69099.38660277997,4960.273337279972,-17667.803028344388,28760.15225376609,6645620.0,6659150.065751341,0.03501323373639109,9494400.0
230 Fifth,2026,reel,constante (FP moyen),toutes les soirees,0.6,mid,127.7495,317900.48946604517,23342.208023316532,-26537.4821448667,72767.07237915466,5612700.0,5644377.073929357,0.07840200190332203,8224800.0
230 Fifth,2026,parfait,constante (FP moyen),toutes les soirees,0.6,mid,127.7495,329355.9323787306,73511.60762126937,-81898.89746488724,247858.37845145675,5612700.0,5826102.671837519,0.7129207110756564,8224800.0
230 Fifth,2026,reel,constante (FP moyen),toutes les soirees,0.6,quart_spread,127.7495,362562.36267636425,-21319.665187002593,-73200.6061682408,30432.830419498423,5612700.0,5601670.785117304,0.07743076854620812,8224800.0
230 Fifth,2026,reel,constante (FP moyen),toutes les soirees,1.0,mid,127.7495,529834.1491100753,38903.680038860904,-44229.13690811147,121278.45396525775,5612700.0,5665781.454477079,0.10298685717887046,8224800.0
230 Fifth,2026,parfait,constante (FP moyen),toutes les soirees,1.0,mid,127.7495,548926.553964551,122519.34603544894,-136498.16244147933,413097.2974190949,5612700.0,5928544.460775788,0.881758183834903,8224800.0
230 Fifth,2026,reel,constante (FP moyen),toutes les soirees,1.0,quart_spread,127.7495,604270.6044606073,-35532.77531167099,-122001.01028040133,50721.38403249766,5612700.0,5596024.226055751,0.09950062560155548,8224800.0
230 Fifth,2026,reel,constante (FP moyen),20 grosses soirees,0.6,mid,19.247,85800.08949966574,6492.137734376809,-24691.528941702494,36968.21836697877,5612700.0,5623464.310172617,0.024878358093897268,8224800.0
230 Fifth,2026,parfait,constante (FP moyen),20 grosses soirees,0.6,mid,19.247,88906.0731960431,22228.086803956874,-65863.33244873474,124324.05909611181,5612700.0,5684323.653759514,0.2582897569588066,8224800.0
230 Fifth,2026,reel,constante (FP moyen),20 grosses soirees,0.6,quart_spread,19.247,97768.55247200615,-5476.325237963615,-37598.624032978456,26176.28787679821,5612700.0,5611261.298296979,0.023923776727978296,8224800.0
230 Fifth,2026,reel,constante (FP moyen),20 grosses soirees,1.0,mid,19.247,143000.1491661096,10820.22955729469,-41152.548236169925,61613.69727829766,5612700.0,5629421.346561064,0.030643909250206436,8224800.0
230 Fifth,2026,parfait,constante (FP moyen),20 grosses soirees,1.0,mid,19.247,148176.78866007188,37046.811339928136,-109772.22074789186,207206.76516018633,5612700.0,5705575.339617898,0.3224020641191372,8224800.0
230 Fifth,2026,reel,constante (FP moyen),20 grosses soirees,1.0,quart_spread,19.247,162947.58745334364,-9127.208729939364,-62664.373388298016,43627.146461330056,5612700.0,5608532.801110213,0.02859017695041255,8224800.0
230 Fifth,2026,reel,cote,toutes les soirees,0.6,mid,127.7495,371594.95285079215,33493.19246349354,-31490.221027754807,99191.76254961843,5612700.0,5658684.302265827,0.08009564297677318,8224800.0
230 Fifth,2026,reel,cote,toutes les soirees,0.6,quart_spread,127.7495,426551.91530407785,-21463.76998979214,-88570.64668869395,45652.72369668658,5612700.0,5604003.722977132,0.08136818267349599,8224800.0
230 Fifth,2026,reel,cote,toutes les soirees,1.0,mid,127.7495,619324.9214179869,55821.987439155935,-52483.70171292529,165319.60424936438,5612700.0,5682110.331081236,0.08708636887225785,8224800.0
230 Fifth,2026,reel,cote,toutes les soirees,1.0,quart_spread,127.7495,710919.8588401297,-35772.949982986895,-147617.74448115745,76087.87282781067,5612700.0,5597569.20761335,0.08646269527954142,8224800.0
230 Fifth,2026,reel,cote,20 grosses soirees,0.6,mid,19.247,100104.56170905342,9332.90800523229,-30873.99593258558,48629.840994728234,5612700.0,5626822.8185522575,0.022960495643830292,8224800.0
230 Fifth,2026,reel,cote,20 grosses soirees,0.6,quart_spread,19.247,114813.08332905344,-5375.613614767713,-45799.775210871805,34382.93509187121,5612700.0,5609995.836751714,0.023131733530144638,8224800.0
230 Fifth,2026,reel,cote,20 grosses soirees,1.0,mid,19.247,166840.9361817557,15554.84667538716,-51456.65988764293,81049.73499121463,5612700.0,5633493.242962714,0.020350861396873365,8224800.0
230 Fifth,2026,reel,cote,20 grosses soirees,1.0,quart_spread,19.247,191355.1388817557,-8959.356024612855,-76332.95868478573,57304.89181978595,5612700.0,5608068.864916429,0.02007411723164798,8224800.0
230 Fifth,2026,reel,prevision soir,toutes les soirees,0.6,mid,127.7495,292585.12842333055,61134.31187666945,17357.5482129222,105458.20525629527,5612700.0,5685573.924787328,0.09910807498171559,8224800.0
230 Fifth,2026,reel,prevision soir,toutes les soirees,0.6,quart_spread,127.7495,317930.74583845556,35788.694461544466,-4923.302904625609,77895.6377630447,5612700.0,5658325.132673296,0.08095809267304954,8224800.0
230 Fifth,2026,reel,prevision soir,toutes les soirees,1.0,mid,127.7495,487641.8807055509,101890.51979444911,28929.2470215376,175763.6754271597,5612700.0,5732524.897348225,0.14267052483420972,8224800.0
230 Fifth,2026,reel,prevision soir,toutes les soirees,1.0,quart_spread,127.7495,529884.5763974258,59647.824102574115,-8205.504841042402,129826.06293840811,5612700.0,5687445.84082145,0.11572877694761596,8224800.0
230 Fifth,2026,reel,prevision soir,20 grosses soirees,0.6,mid,19.247,79674.18507398812,16563.806426011888,-10467.521728049614,46418.36635981838,5612700.0,5635213.9874577,0.03496693657369554,8224800.0
230 Fifth,2026,reel,prevision soir,20 grosses soirees,0.6,quart_spread,19.247,86460.24330398813,9777.748196011882,-16649.28857887457,36631.51443495047,5612700.0,5626420.561149562,0.026554760206918604,8224800.0
230 Fifth,2026,reel,prevision soir,20 grosses soirees,1.0,mid,19.247,132790.3084566469,27606.344043353132,-17445.86954675028,77363.94393303155,5612700.0,5648758.350681063,0.0500719575059253,8224800.0
230 Fifth,2026,reel,prevision soir,20 grosses soirees,1.0,quart_spread,19.247,144100.40550664687,16296.246993353125,-27748.81429812489,61052.52405824957,5612700.0,5634832.66185225,0.03689708458024876,8224800.0
230 Fifth,2026,reel,cote + prevision soir,toutes les soirees,0.6,mid,127.7495,351295.5040250092,48975.17957499075,-13649.19382218034,112225.19649114016,5612700.0,5673504.7752933595,0.10515665141462027,8224800.0
230 Fifth,2026,reel,cote + prevision soir,toutes les soirees,0.6,quart_spread,127.7495,389643.6568985092,10627.026701490764,-48457.36357401756,70887.80916390035,5612700.0,5632130.908268834,0.09265125008724617,8224800.0
230 Fifth,2026,reel,cote + prevision soir,toutes les soirees,1.0,mid,127.7495,585492.5067083488,81625.29929165124,-22748.656370300265,187041.99415189933,5612700.0,5712470.7502288,0.13213959333672198,8224800.0
230 Fifth,2026,reel,cote + prevision soir,toutes les soirees,1.0,quart_spread,127.7495,649406.0948308487,17711.711169151284,-80762.2726233623,118146.34860650031,5612700.0,5650587.172015499,0.11468274989075355,8224800.0
230 Fifth,2026,reel,cote + prevision soir,20 grosses soirees,0.6,mid,19.247,95625.68505391499,13400.110946085011,-23377.32686339973,51056.94019499994,5612700.0,5631349.640491201,0.03792442700830767,8224800.0
230 Fifth,2026,reel,cote + prevision soir,20 grosses soirees,0.6,quart_spread,19.247,105866.68368391499,3159.112316085004,-33093.056824799816,38443.17429840041,5612700.0,5621995.2172377,0.03154253300573573,8224800.0
230 Fifth,2026,reel,cote + prevision soir,20 grosses soirees,1.0,mid,19.247,159376.141756525,22333.51824347499,-38962.211439000166,85094.90032500021,5612700.0,5644324.6441440005,0.048852677902223696,8224800.0
230 Fifth,2026,reel,cote + prevision soir,20 grosses soirees,1.0,quart_spread,19.247,176444.47280652498,5265.187193474999,-55155.09470800031,64071.957164000356,5612700.0,5625724.472292,0.03888560146000375,8224800.0
230 Fifth,2026,reel,"cote + prevision soir, en echantillon",toutes les soirees,0.6,mid,127.7495,370052.7708698283,53989.65389840345,-2203.697197189158,107980.90949038234,5612700.0,5688184.927128526,0.13634438042476738,8224800.0
230 Fifth,2026,reel,"cote + prevision soir, en echantillon",toutes les soirees,0.6,quart_spread,127.7495,399016.0749713643,25026.349796867504,-27501.11605063467,77158.22449312963,5612700.0,5653481.405995151,0.10891724875986253,8224800.0
230 Fifth,2026,reel,"cote + prevision soir, en echantillon",toutes les soirees,1.0,mid,127.7495,616754.6181163804,89982.7564973391,-3672.828661981317,179968.1824839709,5612700.0,5729841.563817217,0.19400872122707558,8224800.0
230 Fifth,2026,reel,"cote + prevision soir, en echantillon",toutes les soirees,1.0,quart_spread,127.7495,665026.7916189404,41710.582994779186,-45835.19341772415,128597.04082188243,5612700.0,5676755.80911445,0.1521726478929759,8224800.0
230 Fifth,2026,reel,"cote + prevision soir, en echantillon",20 grosses soirees,0.6,mid,19.247,100928.18976800256,14879.305996233197,-18156.425062392675,46450.368106522685,5612700.0,5635015.906593478,0.05029418124506535,8224800.0
230 Fifth,2026,reel,"cote + prevision soir, en echantillon",20 grosses soirees,0.6,quart_spread,19.247,108675.31867844213,7132.177085793639,-26408.516023938497,37207.45279938956,5612700.0,5625773.895300673,0.03777723002509059,8224800.0
230 Fifth,2026,reel,"cote + prevision soir, en echantillon",20 grosses soirees,1.0,mid,19.247,168213.64961333765,24798.843327055325,-30260.708437321104,77417.2801775378,5612700.0,5650206.604228089,0.07305357843352367,8224800.0
230 Fifth,2026,reel,"cote + prevision soir, en echantillon",20 grosses soirees,1.0,quart_spread,19.247,181125.5311307369,11886.96180965606,-44014.19337323052,62012.42133231595,5612700.0,5633440.028815116,0.0527577349742927,8224800.0
Elsewhere Rooftop,2025,reel,constante (FP moyen),toutes les soirees,0.6,mid,40.5135,29821.971773975416,-61.84258730875177,-6265.8669341960285,6798.250301438878,1128988.0,1131633.9682187622,0.09587023333237565,1891041.0
Elsewhere Rooftop,2025,parfait,constante (FP moyen),toutes les soirees,0.6,mid,40.5135,30814.516470567138,10988.892029432862,-12624.55857469758,38926.73395050064,1128988.0,1156159.9021228699,0.5158284989969812,1891041.0
Elsewhere Rooftop,2025,reel,constante (FP moyen),toutes les soirees,0.6,quart_spread,40.5135,34152.60709835875,-4392.477911692085,-11226.83388567589,2017.1931890689684,1128988.0,1126866.5646953385,0.07588227794704294,1891041.0
Elsewhere Rooftop,2025,reel,constante (FP moyen),toutes les soirees,1.0,mid,40.5135,49703.286289959025,-103.07097884792218,-10443.11155699308,11330.417169064953,1128988.0,1133252.5272604725,0.14708012685635352,1891041.0
Elsewhere Rooftop,2025,parfait,constante (FP moyen),toutes les soirees,1.0,mid,40.5135,51357.52745094523,18314.82004905477,-21040.93095782915,64877.88991750083,1128988.0,1170407.1229571828,0.6554892793380213,1891041.0
Elsewhere Rooftop,2025,reel,constante (FP moyen),toutes les soirees,1.0,quart_spread,40.5135,56921.01183059792,-7320.796519486813,-18711.38980945989,3361.988648448205,1128988.0,1125322.758524919,0.11384847194813352,1891041.0
Elsewhere Rooftop,2025,reel,constante (FP moyen),20 grosses soirees,0.6,mid,9.185,9257.656513444623,-14.22101344462391,-3922.181724743778,4191.76264849054,1128988.0,1129682.0200234186,0.03089790202835563,1891041.0
Elsewhere Rooftop,2025,parfait,constante (FP moyen),20 grosses soirees,0.6,mid,9.185,9566.017932535833,3700.6120674641634,-11457.798548039182,22764.319177940062,1128988.0,1137925.2399504408,0.1694653285911324,1891041.0
Elsewhere Rooftop,2025,reel,constante (FP moyen),20 grosses soirees,0.6,quart_spread,9.185,10603.565022194623,-1360.1295221946239,-5733.186067781196,2966.729134606139,1128988.0,1128014.651664925,0.02182970792739447,1891041.0
Elsewhere Rooftop,2025,reel,constante (FP moyen),20 grosses soirees,1.0,mid,9.185,15429.427522407706,-23.701689074376947,-6536.969541239482,6986.271080817721,1128988.0,1130242.2494811874,0.0466585840274385,1891041.0
Elsewhere Rooftop,2025,parfait,constante (FP moyen),20 grosses soirees,1.0,mid,9.185,15943.363220893056,6167.686779106943,-19096.33091339856,37940.53196323351,1128988.0,1141106.1419991897,0.19026496824451655,1891041.0
Elsewhere Rooftop,2025,reel,constante (FP moyen),20 grosses soirees,1.0,quart_spread,9.185,17672.608370324375,-2266.882536991042,-9555.310112968733,4944.548557677119,1128988.0,1127441.079803448,0.031076524435475705,1891041.0
Elsewhere Rooftop,2025,reel,cote,toutes les soirees,0.6,mid,40.5135,33519.21385428749,3363.9743014817345,-1863.650770261261,9009.918281473172,1128988.0,1135427.1626276139,0.0922749717544541,1891041.0
Elsewhere Rooftop,2025,reel,cote,toutes les soirees,0.6,quart_spread,40.5135,37395.235807595185,-512.0476518259545,-4944.77073406126,3614.4925201182987,1128988.0,1130734.68444624,0.06431633270949444,1891041.0
Elsewhere Rooftop,2025,reel,cote,toutes les soirees,1.0,mid,40.5135,55865.356423812496,5606.623835802892,-3106.0846171019484,15016.530469122179,1128988.0,1138679.7106237183,0.14498411888405593,1891041.0
Elsewhere Rooftop,2025,reel,cote,toutes les soirees,1.0,quart_spread,40.5135,62325.39301265865,-853.4127530432576,-8241.284556768846,6024.154200197158,1128988.0,1131238.9460336058,0.10158928682465518,1891041.0
Elsewhere Rooftop,2025,reel,cote,20 grosses soirees,0.6,mid,9.185,10409.089137210865,1042.2105743275959,-2192.1575140817963,4244.631867540947,1128988.0,1130425.4729114857,0.03217167116700226,1891041.0
Elsewhere Rooftop,2025,reel,cote,20 grosses soirees,0.6,quart_spread,9.185,11615.602818701249,-164.30310716278734,-3187.052586194704,2784.798005538427,1128988.0,1128923.6124699374,0.020136322538940044,1891041.0
Elsewhere Rooftop,2025,reel,cote,20 grosses soirees,1.0,mid,9.185,17348.481895351444,1737.0176238793283,-3653.5958568029164,7074.386445901499,1128988.0,1132023.7198653845,0.05041718579019017,1891041.0
Elsewhere Rooftop,2025,reel,cote,20 grosses soirees,1.0,quart_spread,9.185,19359.33803116875,-273.83851193798205,-5311.754310324427,4641.330009230789,1128988.0,1129038.0215029567,0.03084036569533366,1891041.0
Elsewhere Rooftop,2025,reel,prevision soir,toutes les soirees,0.6,mid,40.5135,24482.31615434797,4196.260256277024,-1888.8382585564918,11784.89768042339,1128988.0,1135703.8578501693,0.09540673667951138,1891041.0
Elsewhere Rooftop,2025,reel,prevision soir,toutes les soirees,0.6,quart_spread,40.5135,27842.308151390152,836.2682592348386,-3917.045589717879,5659.764120477019,1128988.0,1131916.8289289137,0.049797791150463455,1891041.0
Elsewhere Rooftop,2025,reel,prevision soir,toutes les soirees,1.0,mid,40.5135,40803.86025724661,6993.767093795046,-3148.0637642609713,19641.496134039127,1128988.0,1140016.1880439387,0.14527450142628384,1891041.0
Elsewhere Rooftop,2025,reel,prevision soir,toutes les soirees,1.0,quart_spread,40.5135,46403.8469189836,1393.7804320580663,-6528.409316196316,9432.940200795028,1128988.0,1132740.308096313,0.0759880572679198,1891041.0
Elsewhere Rooftop,2025,reel,prevision soir,20 grosses soirees,0.6,mid,9.185,7610.656758151732,1344.7400387232635,-2120.9167533585687,6135.798838649894,1128988.0,1131371.5001153634,0.03412790860553172,1891041.0
Elsewhere Rooftop,2025,reel,prevision soir,20 grosses soirees,0.6,quart_spread,9.185,8678.202912643921,277.19388423107785,-2789.358374707005,3652.208796462799,1128988.0,1129771.5340719,0.01749735885392789,1891041.0
Elsewhere Rooftop,2025,reel,prevision soir,20 grosses soirees,1.0,mid,9.185,12684.42793025289,2241.2333978721067,-3534.8612555976842,10226.331397749978,1128988.0,1131840.7403664414,0.05201903956835274,1891041.0
Elsewhere Rooftop,2025,reel,prevision soir,20 grosses soirees,1.0,quart_spread,9.185,14463.671521073204,461.9898070517981,-4648.9306245117505,6087.014660771561,1128988.0,1129302.470689379,0.026356608057299447,1891041.0
Elsewhere Rooftop,2025,reel,cote + prevision soir,toutes les soirees,0.6,mid,40.5135,24974.910445518202,5047.367859103004,-1407.7651183892099,12538.3069736987,1128988.0,1136287.7804533117,0.08343627791049935,1891041.0
Elsewhere Rooftop,2025,reel,cote + prevision soir,toutes les soirees,0.6,quart_spread,40.5135,27786.40194326347,2235.8763613577385,-2691.137053109845,7086.076134774447,1128988.0,1132782.3340553776,0.045733725955390714,1891041.0
Elsewhere Rooftop,2025,reel,cote + prevision soir,toutes les soirees,1.0,mid,40.5135,41624.85074253035,8412.279765171674,-2346.2751973151985,20897.17828949791,1128988.0,1140818.9142515068,0.1250379484762646,1891041.0
Elsewhere Rooftop,2025,reel,cote + prevision soir,toutes les soirees,1.0,quart_spread,40.5135,46310.66990543912,3726.4606022628996,-4485.228421849745,11810.126891290749,1128988.0,1134644.3125930126,0.06916456860197973,1891041.0
Elsewhere Rooftop,2025,reel,cote + prevision soir,20 grosses soirees,0.6,mid,9.185,7746.575174924045,1596.5053421214088,-2226.422913749935,6231.544525274482,1128988.0,1131003.62532275,0.028938299442303306,1891041.0
Elsewhere Rooftop,2025,reel,cote + prevision soir,20 grosses soirees,0.6,quart_spread,9.185,8641.406555889955,701.6739611554966,-2469.6841258124914,3854.7722040622275,1128988.0,1129521.7072243523,0.014721600722050754,1891041.0
Elsewhere Rooftop,2025,reel,cote + prevision soir,20 grosses soirees,1.0,mid,9.185,12910.958624873407,2660.842236869015,-3710.7048562499695,10385.90754212429,1128988.0,1131995.75,0.04328959389325626,1891041.0
Elsewhere Rooftop,2025,reel,cote + prevision soir,20 grosses soirees,1.0,quart_spread,9.185,14402.344259816591,1169.456601925838,-4116.140209687408,6424.620340103718,1128988.0,1129961.8617277541,0.02151141132523915,1891041.0
Elsewhere Rooftop,2025,reel,"cote + prevision soir, en echantillon",toutes les soirees,0.6,mid,40.5135,29777.577325462713,4317.438844521466,-2445.4334665641477,12116.702914863177,1128988.0,1136997.1570935464,0.12955622364366937,1891041.0
Elsewhere Rooftop,2025,reel,"cote + prevision soir, en echantillon",toutes les soirees,0.6,quart_spread,40.5135,33644.416828592526,450.59934139166063,-4824.278457793535,5290.9292608238065,1128988.0,1132369.6041718225,0.08303232665114257,1891041.0
Elsewhere Rooftop,2025,reel,"cote + prevision soir, en echantillon",toutes les soirees,1.0,mid,40.5135,49629.29554243786,7195.731407535776,-4075.722444273578,20194.504858105447,1128988.0,1141533.5601420922,0.2001580865316258,1891041.0
Elsewhere Rooftop,2025,reel,"cote + prevision soir, en echantillon",toutes les soirees,1.0,quart_spread,40.5135,56074.02804765421,750.9989023194352,-8040.464096322411,8818.215434706342,1128988.0,1133879.0560783218,0.1307339190218817,1891041.0
Elsewhere Rooftop,2025,reel,"cote + prevision soir, en echantillon",20 grosses soirees,0.6,mid,9.185,9223.064534050003,1359.0985228930572,-2961.6396312480038,6327.925410413889,1128988.0,1131405.3652974998,0.044277696995358884,1891041.0
Elsewhere Rooftop,2025,reel,"cote + prevision soir, en echantillon",20 grosses soirees,0.6,quart_spread,9.185,10442.353214063738,139.80984287931793,-3478.5651783461567,3401.3460146036523,1128988.0,1129391.7296915655,0.026384605832118546,1891041.0
Elsewhere Rooftop,2025,reel,"cote + prevision soir, en echantillon",20 grosses soirees,1.0,mid,9.185,15371.774223416669,2265.164204821761,-4936.06605208001,10546.542350689815,1128988.0,1132186.5615955647,0.06778567210191533,1891041.0
Elsewhere Rooftop,2025,reel,"cote + prevision soir, en echantillon",20 grosses soirees,1.0,quart_spread,9.185,17403.922023439565,233.01640479886404,-5797.608630577003,5668.9100243394205,1128988.0,1129777.910391028,0.0403571256012909,1891041.0
Elsewhere Rooftop,2026,reel,constante (FP moyen),toutes les soirees,0.6,mid,72.763,71163.78947852194,-2318.1175928836333,-16958.420459735757,12881.641302841368,885054.0,883924.0132079569,0.08151714372492258,1627546.0
Elsewhere Rooftop,2026,parfait,constante (FP moyen),toutes les soirees,0.6,mid,72.763,73648.99318446935,15915.007815530651,-23448.965227932415,56944.16547098925,885054.0,929266.7487822137,0.7055010834513806,1627546.0
Elsewhere Rooftop,2026,reel,constante (FP moyen),toutes les soirees,0.6,quart_spread,72.763,80581.36727317619,-11735.695387537886,-26867.31561094436,3558.1145766148484,885054.0,873557.0580935912,0.05724449998335435,1627546.0
Elsewhere Rooftop,2026,reel,constante (FP moyen),toutes les soirees,1.0,mid,72.763,118606.31579753655,-3863.529321472724,-28264.03409955967,21469.402171402355,885054.0,882909.6215336368,0.0902485263989381,1627546.0
Elsewhere Rooftop,2026,parfait,constante (FP moyen),toutes les soirees,1.0,mid,72.763,122748.32197411558,26525.013025884415,-39081.608713220696,94906.94245164882,885054.0,948610.1531781071,0.8486355044783549,1627546.0
Elsewhere Rooftop,2026,reel,constante (FP moyen),toutes les soirees,1.0,quart_spread,72.763,134302.27878862698,-19559.492312563143,-44778.85935157396,5930.190961024709,885054.0,865064.6096981423,0.04801204449165253,1627546.0
Elsewhere Rooftop,2026,reel,constante (FP moyen),20 grosses soirees,0.6,mid,19.136,25616.376893940527,-867.5119471320181,-10394.831706661678,8412.043061089917,885054.0,883465.5116586259,0.03841398205760138,1627546.0
Elsewhere Rooftop,2026,parfait,constante (FP moyen),20 grosses soirees,0.6,mid,19.136,26512.632843664076,5602.640906335922,-19537.100848282593,32637.3416754584,885054.0,897731.2747420705,0.2630638937754771,1627546.0
Elsewhere Rooftop,2026,reel,constante (FP moyen),20 grosses soirees,0.6,quart_spread,19.136,29019.156303514996,-4270.291356706486,-14225.91926501577,5395.416951741518,885054.0,879791.6803441972,0.028969178782732197,1627546.0
Elsewhere Rooftop,2026,reel,constante (FP moyen),20 grosses soirees,1.0,mid,19.136,42693.96148990089,-1445.8532452200297,-17324.719511102947,14020.071768483156,885054.0,883489.1709983543,0.04626754844467662,1627546.0
Elsewhere Rooftop,2026,parfait,constante (FP moyen),20 grosses soirees,1.0,mid,19.136,44187.7214061068,9337.734843893204,-32561.8347471377,54395.56945909741,885054.0,901502.8376440775,0.3060501619277989,1627546.0
Elsewhere Rooftop,2026,reel,constante (FP moyen),20 grosses soirees,1.0,quart_spread,19.136,48365.26050585833,-7117.152261177474,-23709.86544169295,8992.361586235824,885054.0,877313.146844262,0.029047295819482177,1627546.0
Elsewhere Rooftop,2026,reel,cote,toutes les soirees,0.6,mid,72.763,84536.11461662942,-1736.2387987723052,-20822.5031036494,18525.74509471214,885054.0,884371.9747057406,0.08141492727426936,1627546.0
Elsewhere Rooftop,2026,reel,cote,toutes les soirees,0.6,quart_spread,72.763,95913.03355095266,-13113.157733095515,-33129.90606151456,7082.546865448525,885054.0,872214.3319474328,0.05823222210177503,1627546.0
Elsewhere Rooftop,2026,reel,cote,toutes les soirees,1.0,mid,72.763,140893.5243610491,-2893.7313312871765,-34704.17183941578,30876.241824520348,885054.0,883634.6881190083,0.05745381817399764,1627546.0
Elsewhere Rooftop,2026,reel,cote,toutes les soirees,1.0,quart_spread,72.763,159855.0559182544,-21855.26288849253,-55216.5101025243,11804.244775747502,885054.0,862399.1066839776,0.016126809372431716,1627546.0
Elsewhere Rooftop,2026,reel,cote,20 grosses soirees,0.6,mid,19.136,30372.723888751752,-652.3600494660393,-12908.14498877338,11539.37857498859,885054.0,883820.3213037527,0.040253955777446504,1627546.0
Elsewhere Rooftop,2026,reel,cote,20 grosses soirees,0.6,quart_spread,19.136,34479.971187457115,-4759.607348171396,-17782.303497895984,8007.76175975824,885054.0,879512.6038310468,0.031109622267049164,1627546.0
Elsewhere Rooftop,2026,reel,cote,20 grosses soirees,1.0,mid,19.136,50621.20648125292,-1087.2667491100658,-21513.574981289043,19232.29762498106,885054.0,884700.5641748303,0.037057465576782134,1627546.0
Elsewhere Rooftop,2026,reel,cote,20 grosses soirees,1.0,quart_spread,19.136,57466.618645761846,-7932.678913618993,-29637.172496493302,13346.269599597108,885054.0,877539.6601965959,0.019557795286580415,1627546.0
Elsewhere Rooftop,2026,reel,prevision soir,toutes les soirees,0.6,mid,72.763,66861.70371394286,6461.436881057138,-6096.36701933851,19918.66600592881,885054.0,894088.8339854373,0.1264916301681246,1627546.0
Elsewhere Rooftop,2026,reel,prevision soir,toutes les soirees,0.6,quart_spread,72.763,72797.70110533739,525.439489662609,-11571.694052743542,13150.352754472678,885054.0,886677.9166358572,0.08531489945241255,1627546.0
Elsewhere Rooftop,2026,reel,prevision soir,toutes les soirees,1.0,mid,72.763,111436.17285657143,10769.061468428561,-10160.611698897479,33197.77667654795,885054.0,900793.6772580686,0.17707597885150395,1627546.0
Elsewhere Rooftop,2026,reel,prevision soir,toutes les soirees,1.0,quart_spread,72.763,121329.50184222897,875.7324827710152,-19286.156754572534,21917.254590787914,885054.0,888285.109105073,0.11282011323503527,1627546.0
Elsewhere Rooftop,2026,reel,prevision soir,20 grosses soirees,0.6,mid,19.136,24007.542457939646,2262.342385810354,-5576.69419087616,9789.148554364781,885054.0,887851.124988051,0.05964440732846776,1627546.0
Elsewhere Rooftop,2026,reel,prevision soir,20 grosses soirees,0.6,quart_spread,19.136,26139.533831455272,130.351012294729,-7632.394058607426,7293.562118150097,885054.0,885306.5381939001,0.042705287574983264,1627546.0
Elsewhere Rooftop,2026,reel,prevision soir,20 grosses soirees,1.0,mid,19.136,40012.57076323274,3770.570643017256,-9294.49031812693,16315.247590607893,885054.0,890331.7232267188,0.0868055867663543,1627546.0
Elsewhere Rooftop,2026,reel,prevision soir,20 grosses soirees,1.0,quart_spread,19.136,43565.88971909211,217.25168715788132,-12720.656764345706,12155.936863583454,885054.0,885445.8726091592,0.059451375234635284,1627546.0
Elsewhere Rooftop,2026,reel,cote + prevision soir,toutes les soirees,0.6,mid,72.763,80741.3929280461,3730.18308945388,-13232.26675138458,22132.937662845856,885054.0,890016.2771997238,0.09940941466921649,1627546.0
Elsewhere Rooftop,2026,reel,cote + prevision soir,toutes les soirees,0.6,quart_spread,72.763,89453.54816383986,-4981.972146339866,-21675.734763887656,12538.604086318539,885054.0,880306.8596953293,0.06017939117936977,1627546.0
Elsewhere Rooftop,2026,reel,cote + prevision soir,toutes les soirees,1.0,mid,72.763,134568.9882134102,6216.9718157564685,-22053.77791897441,36888.22943807643,885054.0,893826.6258511248,0.10331118235929271,1627546.0
Elsewhere Rooftop,2026,reel,cote + prevision soir,toutes les soirees,1.0,quart_spread,72.763,149089.2469397331,-8303.286910566443,-36126.224606479314,20897.6734771976,885054.0,877206.9060257648,0.0425490684034221,1627546.0
Elsewhere Rooftop,2026,reel,cote + prevision soir,20 grosses soirees,0.6,mid,19.136,28927.880813582015,1373.4217489179832,-10173.399323099977,12267.91691968358,885054.0,886359.7291323219,0.05644597770197801,1627546.0
Elsewhere Rooftop,2026,reel,cote + prevision soir,20 grosses soirees,0.6,quart_spread,19.136,32060.51898998826,-1759.2164274882632,-13389.33932707271,8470.609049137453,885054.0,882503.6627887578,0.03993408329641357,1627546.0
Elsewhere Rooftop,2026,reel,cote + prevision soir,20 grosses soirees,1.0,mid,19.136,48213.134689303355,2289.036248196641,-16955.665538500038,20446.528199472596,885054.0,888483.8386308359,0.07027580817841417,1627546.0
Elsewhere Rooftop,2026,reel,cote + prevision soir,20 grosses soirees,1.0,quart_spread,19.136,53434.19831664711,-2932.027379147106,-22315.56554512111,14117.681748562458,885054.0,882298.6003910702,0.0432964879036275,1627546.0
Elsewhere Rooftop,2026,reel,"cote + prevision soir, en echantillon",toutes les soirees,0.6,mid,72.763,84759.07192291494,5965.000574729072,-9962.804965469457,22656.164088473528,885054.0,894461.5878994828,0.14685155605625488,1627546.0
Elsewhere Rooftop,2026,reel,"cote + prevision soir, en echantillon",toutes les soirees,0.6,quart_spread,72.763,92129.14553318158,-1405.0730355375645,-16707.872169027283,14502.570685761324,885054.0,885226.3811247075,0.09714105902268577,1627546.0
Elsewhere Rooftop,2026,reel,"cote + prevision soir, en echantillon",toutes les soirees,1.0,mid,72.763,141265.11987152492,9941.667624548456,-16604.674942449055,37760.27348078932,885054.0,900494.3377941085,0.1907436837228893,1627546.0
Elsewhere Rooftop,2026,reel,"cote + prevision soir, en echantillon",toutes les soirees,1.0,quart_spread,72.763,153548.57588863597,-2341.7883925626056,-27846.453615045473,24170.95114293554,885054.0,886279.9969941895,0.11249704149736972,1627546.0
Elsewhere Rooftop,2026,reel,"cote + prevision soir, en echantillon",20 grosses soirees,0.6,mid,19.136,30327.236136776126,2115.4123481764177,-8991.03420072452,11405.048049735298,885054.0,887633.0936087272,0.06870197405641565,1627546.0
Elsewhere Rooftop,2026,reel,"cote + prevision soir, en echantillon",20 grosses soirees,0.6,quart_spread,19.136,32963.76811978218,-521.1196348296371,-11497.012182319824,8450.253113834284,885054.0,884879.6813477065,0.04795772489417027,1627546.0
Elsewhere Rooftop,2026,reel,"cote + prevision soir, en echantillon",20 grosses soirees,1.0,mid,19.136,50545.39356129355,3525.687246960697,-14985.057001207495,19008.413416225612,885054.0,890175.3533914904,0.0937861313407713,1627546.0
Elsewhere Rooftop,2026,reel,"cote + prevision soir, en echantillon",20 grosses soirees,1.0,quart_spread,19.136,54939.61353297031,-868.5327247160608,-19161.68697053304,14083.755189723728,885054.0,884549.7903952922,0.05942843888404847,1627546.0
The Rooftop at Pier 17,2025,reel,constante (FP moyen),toutes les soirees,0.6,mid,40.934,398499.85615460505,-787.2041946051559,-73868.86045600758,82242.9152491054,13822756.0,13828918.24807246,0.09970927139672903,24899424.0
The Rooftop at Pier 17,2025,parfait,constante (FP moyen),toutes les soirees,0.6,mid,40.934,411790.81305240415,137071.71734759575,-153924.0685880982,477139.09225554735,13822756.0,14133510.607076537,0.5335227643522222,24899424.0
The Rooftop at Pier 17,2025,reel,constante (FP moyen),toutes les soirees,0.6,quart_spread,40.934,455523.93224020506,-57811.28028020512,-134893.27251933012,19231.38949216479,13822756.0,13767422.591054939,0.08058439062394085,24899424.0
The Rooftop at Pier 17,2025,reel,constante (FP moyen),toutes les soirees,1.0,mid,40.934,664166.4269243419,-1312.0069910085685,-123114.76742667929,137071.52541517507,13822756.0,13835502.760242,0.15325635341727273,24899424.0
The Rooftop at Pier 17,2025,parfait,constante (FP moyen),toutes les soirees,1.0,mid,40.934,686318.0217540071,228452.86224599296,-256540.1143134976,795231.8204259117,13822756.0,14296783.133212078,0.6762743604115742,24899424.0
The Rooftop at Pier 17,2025,reel,constante (FP moyen),toutes les soirees,1.0,quart_spread,40.934,759206.5537336753,-96352.13380034191,-224822.12086554957,32052.31582027583,13822756.0,13732714.053919224,0.12180929307167754,24899424.0
The Rooftop at Pier 17,2025,reel,constante (FP moyen),20 grosses soirees,0.6,mid,9.2915,89503.41604996908,125.07875003091246,-38642.22801309698,41582.65539000927,13822756.0,13823557.447333362,0.025065452668130983,24899424.0
The Rooftop at Pier 17,2025,parfait,constante (FP moyen),20 grosses soirees,0.6,mid,9.2915,92477.11711096835,35783.21128903166,-105578.10986331636,230818.44676288648,13822756.0,13873598.504562587,0.12962112730012443,24899424.0
The Rooftop at Pier 17,2025,reel,constante (FP moyen),20 grosses soirees,0.6,quart_spread,9.2915,102590.34109336906,-12961.846293369095,-57294.76333570583,30203.887457978086,13822756.0,13810339.845845012,0.01881053083897588,24899424.0
The Rooftop at Pier 17,2025,reel,constante (FP moyen),20 grosses soirees,1.0,mid,9.2915,149172.36008328182,208.46458338486963,-64403.71335516041,69304.42565001544,13822756.0,13824091.745555602,0.038342217965314895,24899424.0
The Rooftop at Pier 17,2025,parfait,constante (FP moyen),20 grosses soirees,1.0,mid,9.2915,154128.52851828063,59638.68548171939,-175963.5164388612,384697.41127147933,13822756.0,13897486.588112868,0.15552685434776803,24899424.0
The Rooftop at Pier 17,2025,reel,constante (FP moyen),20 grosses soirees,1.0,quart_spread,9.2915,170983.90182228177,-21603.07715561515,-95491.27222617697,50339.812429962854,13822756.0,13802062.409741685,0.027653990021231922,24899424.0
The Rooftop at Pier 17,2025,reel,cote,toutes les soirees,0.6,mid,40.934,448537.55257603014,44795.88869320057,-20956.13522265181,113654.35816766313,13822756.0,13877305.801804136,0.09785360350344319,24899424.0
The Rooftop at Pier 17,2025,reel,cote,toutes les soirees,0.6,quart_spread,40.934,499603.7219473763,-6270.280678145565,-57691.499305583304,45288.525662864595,13822756.0,13822637.842384353,0.06945446534873556,24899424.0
The Rooftop at Pier 17,2025,reel,cote,toutes les soirees,1.0,mid,40.934,747562.5876267169,74659.81448866763,-34926.89203775241,189423.93027943856,13822756.0,13921399.799120974,0.1535678812037945,24899424.0
The Rooftop at Pier 17,2025,reel,cote,toutes les soirees,1.0,quart_spread,40.934,832672.8699122939,-10450.467796909277,-96152.49884263822,75480.87610477558,13822756.0,13822559.070640588,0.1102505313735963,24899424.0
The Rooftop at Pier 17,2025,reel,cote,20 grosses soirees,0.6,mid,9.2915,100554.10887549641,10489.377855272818,-21754.00173299252,46253.70503897918,13822756.0,13833628.362056466,0.0247867243260802,24899424.0
The Rooftop at Pier 17,2025,reel,cote,20 grosses soirees,0.6,quart_spread,9.2915,112272.84512240025,-1229.3583916310333,-31837.358557519598,29951.4004679636,13822756.0,13822020.01846148,0.016496060782751454,24899424.0
The Rooftop at Pier 17,2025,reel,cote,20 grosses soirees,1.0,mid,9.2915,167590.18145916073,17482.296425454697,-36256.66955498573,77089.50839829736,13822756.0,13840876.603427444,0.03895343543051033,24899424.0
The Rooftop at Pier 17,2025,reel,cote,20 grosses soirees,1.0,quart_spread,9.2915,187121.40853733377,-2048.930652718395,-53062.26426253324,49919.000779939284,13822756.0,13821529.364102464,0.02554162256256276,24899424.0
The Rooftop at Pier 17,2025,reel,prevision soir,toutes les soirees,0.6,mid,40.934,325306.8199282336,55290.336985516355,-18914.760324562572,145064.68854964786,13822756.0,13881339.15552947,0.09408542844567847,24899424.0
The Rooftop at Pier 17,2025,reel,prevision soir,toutes les soirees,0.6,quart_spread,40.934,368717.8365328711,11879.320380878833,-44469.17246195525,75532.55183970173,13822756.0,13837079.042552901,0.047692395276641486,24899424.0
The Rooftop at Pier 17,2025,reel,prevision soir,toutes les soirees,1.0,mid,40.934,542178.0332137228,92150.56164252722,-31524.600540938227,241774.48091608039,13822756.0,13926984.906794343,0.14182903466294472,24899424.0
The Rooftop at Pier 17,2025,reel,prevision soir,toutes les soirees,1.0,quart_spread,40.934,614529.7275547852,19798.86730146471,-74115.28743659267,125887.58639950285,13822756.0,13846627.737588167,0.07210446564690909,24899424.0
The Rooftop at Pier 17,2025,reel,prevision soir,20 grosses soirees,0.6,mid,9.2915,73675.93243636345,13235.259456136568,-20725.442114044865,61166.28318820926,13822756.0,13832983.657285962,0.0278688507810263,24899424.0
The Rooftop at Pier 17,2025,reel,prevision soir,20 grosses soirees,0.6,quart_spread,9.2915,83910.09793306344,3001.093959436543,-28187.507002612576,34965.16407633025,13822756.0,13824251.583416244,0.014138668988919578,24899424.0
The Rooftop at Pier 17,2025,reel,prevision soir,20 grosses soirees,1.0,mid,9.2915,122793.22072727242,22058.765760227594,-34542.40352340811,101943.80531368147,13822756.0,13839802.095476603,0.04311454456913011,24899424.0
The Rooftop at Pier 17,2025,reel,prevision soir,20 grosses soirees,1.0,quart_spread,9.2915,139850.16322177244,5001.823265727537,-46979.17833768763,58275.27346055042,13822756.0,13825248.639027072,0.021698202221477447,24899424.0
The Rooftop at Pier 17,2025,reel,cote + prevision soir,toutes les soirees,0.6,mid,40.934,333501.7440739132,66906.94146381397,-11083.340608559456,156076.50604560162,13822756.0,13889162.098490076,0.08348881895042903,24899424.0
The Rooftop at Pier 17,2025,reel,cote + prevision soir,toutes les soirees,0.6,quart_spread,40.934,369837.92060710647,30570.76493062082,-27749.611071905027,90129.60382131877,13822756.0,13852655.270854281,0.04589016431927251,24899424.0
The Rooftop at Pier 17,2025,reel,cote + prevision soir,toutes les soirees,1.0,mid,40.934,555836.2401231887,111511.56910635666,-18472.23434759788,260127.5100760015,13822756.0,13940336.997558499,0.12382971687889899,24899424.0
The Rooftop at Pier 17,2025,reel,cote + prevision soir,toutes les soirees,1.0,quart_spread,40.934,616396.5343451775,50951.27488436804,-46249.35178650958,150216.0063688652,13822756.0,13873565.153209144,0.06917169455202077,24899424.0
The Rooftop at Pier 17,2025,reel,cote + prevision soir,20 grosses soirees,0.6,mid,9.2915,75389.69494731537,15960.988577230135,-20153.750349088663,59535.93797414363,13822756.0,13834893.28487506,0.024862864488238712,24899424.0
The Rooftop at Pier 17,2025,reel,cote + prevision soir,20 grosses soirees,0.6,quart_spread,9.2915,84005.867749179,7344.815775366392,-23846.340037429192,39170.22412578053,13822756.0,13827513.738257822,0.013106769842974098,24899424.0
The Rooftop at Pier 17,2025,reel,cote + prevision soir,20 grosses soirees,1.0,mid,9.2915,125649.49157885894,26601.647628716833,-33589.58391514718,99226.56329024115,13822756.0,13842984.808125101,0.03814558149428304,24899424.0
The Rooftop at Pier 17,2025,reel,cote + prevision soir,20 grosses soirees,1.0,quart_spread,9.2915,140009.779581965,12241.359625610725,-39743.90006238199,65283.70687630151,13822756.0,13830685.563763037,0.019890322700258256,24899424.0
The Rooftop at Pier 17,2025,reel,"cote + prevision soir, en echantillon",toutes les soirees,0.6,mid,40.934,395572.18160883914,56029.514245856124,-27194.899630039046,150346.17607938638,13822756.0,13898048.707895607,0.13404940703364143,24899424.0
The Rooftop at Pier 17,2025,reel,"cote + prevision soir, en echantillon",toutes les soirees,0.6,quart_spread,40.934,445734.5897166381,5867.10613805716,-55254.9077355851,65666.16342268733,13822756.0,13841476.488547638,0.08692044908015173,24899424.0
The Rooftop at Pier 17,2025,reel,"cote + prevision soir, en echantillon",toutes les soirees,1.0,mid,40.934,659286.9693480653,93382.52374309354,-45324.832716731165,250576.96013230886,13822756.0,13957104.552620698,0.2067917006735711,24899424.0
The Rooftop at Pier 17,2025,reel,"cote + prevision soir, en echantillon",toutes les soirees,1.0,quart_spread,40.934,742890.9828610636,9778.510230095288,-92091.51289264364,109443.60570447944,13822756.0,13853956.814246066,0.13734822240061306,24899424.0
The Rooftop at Pier 17,2025,reel,"cote + prevision soir, en echantillon",20 grosses soirees,0.6,mid,9.2915,89396.07266240365,13721.489862071849,-27741.500187542384,64653.46773484248,13822756.0,13838703.942519346,0.03642851397045743,24899424.0
The Rooftop at Pier 17,2025,reel,"cote + prevision soir, en echantillon",20 grosses soirees,0.6,quart_spread,9.2915,101149.50532241902,1968.0572020565103,-33903.1775961841,35890.85987353967,13822756.0,13825375.633238476,0.022233932949605295,24899424.0
The Rooftop at Pier 17,2025,reel,"cote + prevision soir, en echantillon",20 grosses soirees,1.0,mid,9.2915,148993.4544373394,22869.14977011978,-46235.833645904575,107755.7795580714,13822756.0,13849335.904198911,0.05660232254892894,24899424.0
The Rooftop at Pier 17,2025,reel,"cote + prevision soir, en echantillon",20 grosses soirees,1.0,quart_spread,9.2915,168582.50887069837,3280.09533676083,-56505.29599363958,59818.09978923094,13822756.0,13827122.05539746,0.034627605368922176,24899424.0
The Rooftop at Pier 17,2026,reel,constante (FP moyen),toutes les soirees,0.6,mid,72.8455,942806.120801625,-31759.916112263487,-207148.9787104559,150596.05619111523,10677430.0,10719073.605585668,0.09021112007043586,21504048.0
The Rooftop at Pier 17,2026,parfait,constante (FP moyen),toutes les soirees,0.6,mid,72.8455,975712.8200399939,210843.76536000601,-278240.950082755,735513.3278004396,10677430.0,11316700.24127553,0.7264711591202664,21504048.0
The Rooftop at Pier 17,2026,reel,constante (FP moyen),toutes les soirees,0.6,quart_spread,72.8455,1066484.5258722368,-155438.32118287517,-330758.6525606845,25268.169338118973,10677430.0,10582207.852417847,0.06426552872965197,21504048.0
The Rooftop at Pier 17,2026,reel,constante (FP moyen),toutes les soirees,1.0,mid,72.8455,1571343.5346693755,-52933.19352043918,-345248.2978507598,250993.4269851927,10677430.0,10712154.867009459,0.108954715901047,21504048.0
The Rooftop at Pier 17,2026,parfait,constante (FP moyen),toutes les soirees,1.0,mid,72.8455,1626188.03339999,351406.27560001006,-463734.91680459166,1225855.5463340646,10677430.0,11578156.225785932,0.8739703805442017,21504048.0
The Rooftop at Pier 17,2026,reel,constante (FP moyen),toutes les soirees,1.0,quart_spread,72.8455,1777474.2097870617,-259063.8686381253,-551264.4209344754,42113.615563531625,10677430.0,10480454.904398784,0.06506472539063368,21504048.0
The Rooftop at Pier 17,2026,reel,constante (FP moyen),20 grosses soirees,0.6,mid,19.173,247985.86134438845,-8277.282384814003,-99894.21399795017,83852.57375791839,10677430.0,10714837.148832202,0.02418464922064556,21504048.0
The Rooftop at Pier 17,2026,parfait,constante (FP moyen),20 grosses soirees,0.6,mid,19.173,256627.3451103763,54771.07628962369,-184546.52362295188,318188.5780945274,10677430.0,10847747.459188864,0.19525498788281537,21504048.0
The Rooftop at Pier 17,2026,reel,constante (FP moyen),20 grosses soirees,0.6,quart_spread,19.173,280754.8823236278,-41046.30336405337,-137977.5263541337,52409.68962547407,10677430.0,10679604.735449607,0.016270533393867415,21504048.0
The Rooftop at Pier 17,2026,reel,constante (FP moyen),20 grosses soirees,1.0,mid,19.173,413309.76890731417,-13795.47064135668,-166490.35666324972,139754.28959653125,10677430.0,10708949.878215168,0.029759566254756287,21504048.0
The Rooftop at Pier 17,2026,parfait,constante (FP moyen),20 grosses soirees,1.0,mid,19.173,427712.2418506272,91285.12714937277,-307577.53937158646,530314.2968242123,10677430.0,10899880.779051047,0.24604659430573883,21504048.0
The Rooftop at Pier 17,2026,reel,constante (FP moyen),20 grosses soirees,1.0,quart_spread,19.173,467924.80387271306,-68410.50560675561,-229962.54392355742,87349.48270912401,10677430.0,10643661.611971222,0.015809023288963497,21504048.0
The Rooftop at Pier 17,2026,reel,cote,toutes les soirees,0.6,mid,72.8455,1123473.686190507,-24604.707047650063,-249174.13077711943,209312.0908816558,10677430.0,10729727.669934768,0.09375204916991964,21504048.0
The Rooftop at Pier 17,2026,reel,cote,toutes les soirees,0.6,quart_spread,72.8455,1273197.5146263142,-174328.53548345718,-402759.3007549203,60402.08813694667,10677430.0,10562871.897895575,0.06866180626047746,21504048.0
The Rooftop at Pier 17,2026,reel,cote,toutes les soirees,1.0,mid,72.8455,1872456.1436508456,-41007.84507941678,-415290.2179618657,348853.4848027603,10677430.0,10707255.424536563,0.08611561589468042,21504048.0
The Rooftop at Pier 17,2026,reel,cote,toutes les soirees,1.0,quart_spread,72.8455,2121995.857710524,-290547.55913909525,-671265.5012582017,100670.1468949111,10677430.0,10441728.867137311,0.04344722461118522,21504048.0
The Rooftop at Pier 17,2026,reel,cote,20 grosses soirees,0.6,mid,19.173,296177.2915042889,-6456.931124288918,-129164.64283455409,114868.68238926277,10677430.0,10712659.103687165,0.026346622961424315,21504048.0
The Rooftop at Pier 17,2026,reel,cote,20 grosses soirees,0.6,quart_spread,19.173,335898.9570948389,-46178.59671483893,-171496.6197489426,75779.15623078834,10677430.0,10674805.011137716,0.018249820665361738,21504048.0
The Rooftop at Pier 17,2026,reel,cote,20 grosses soirees,1.0,mid,19.173,493628.8191738149,-10761.551873814891,-215274.40472425747,191447.8039821052,10677430.0,10701468.814744264,0.026106731226323676,21504048.0
The Rooftop at Pier 17,2026,reel,cote,20 grosses soirees,1.0,quart_spread,19.173,559831.5951580649,-76964.32785806489,-285827.69958157104,126298.59371797997,10677430.0,10626579.94193987,0.011443443272018183,21504048.0
The Rooftop at Pier 17,2026,reel,prevision soir,toutes les soirees,0.6,mid,72.8455,890454.5958548994,84505.78249635035,-66772.67858208847,245246.15437591425,10677430.0,10860876.121718511,0.13651009405171377,21504048.0
The Rooftop at Pier 17,2026,reel,prevision soir,toutes les soirees,0.6,quart_spread,72.8455,968587.857459112,6372.520892137893,-135839.09903749288,153432.0929546912,10677430.0,10752630.221356316,0.09226650745433829,21504048.0
The Rooftop at Pier 17,2026,reel,prevision soir,toutes les soirees,1.0,mid,72.8455,1484090.9930914994,140842.97082725063,-111287.79763681293,408743.59062652313,10677430.0,10949941.54979072,0.1956767222234368,21504048.0
The Rooftop at Pier 17,2026,reel,prevision soir,toutes les soirees,1.0,quart_spread,72.8455,1614313.0957651867,10620.868153563202,-226398.49839582024,255720.15492448592,10677430.0,10780868.569521781,0.12708848055259248,21504048.0
The Rooftop at Pier 17,2026,reel,prevision soir,20 grosses soirees,0.6,mid,19.173,234648.7894331596,22951.579250590377,-52142.37152117332,100738.49406683863,10677430.0,10742392.711067202,0.035732109683062174,21504048.0
The Rooftop at Pier 17,2026,reel,prevision soir,20 grosses soirees,0.6,quart_spread,19.173,255282.61273280333,2317.755950946629,-70444.96847172515,76463.81338077325,10677430.0,10714679.151929663,0.02311186602504489,21504048.0
The Rooftop at Pier 17,2026,reel,prevision soir,20 grosses soirees,1.0,mid,19.173,391081.3157219327,38252.632084317294,-86903.95253528826,167897.49011139953,10677430.0,10771702.79162987,0.05208519569570258,21504048.0
The Rooftop at Pier 17,2026,reel,prevision soir,20 grosses soirees,1.0,quart_spread,19.173,425471.02122133895,3862.926584911065,-117408.2807862068,127439.68896795726,10677430.0,10727930.140346961,0.03163250506752002,21504048.0
The Rooftop at Pier 17,2026,reel,cote + prevision soir,toutes les soirees,0.6,mid,72.8455,1075371.8330707033,46799.227559296756,-163352.31813900117,259954.769194675,10677430.0,10793619.17357257,0.10562236527275837,21504048.0
The Rooftop at Pier 17,2026,reel,cote + prevision soir,toutes les soirees,0.6,quart_spread,72.8455,1189827.254108878,-67656.19347887818,-269895.352064269,136722.72754608278,10677430.0,10658500.999676282,0.06182433325182657,21504048.0
The Rooftop at Pier 17,2026,reel,cote + prevision soir,toutes les soirees,1.0,mid,72.8455,1792286.3884511718,77998.71259882794,-272253.86356500315,433257.94865779165,10677430.0,10837681.244700767,0.11760386695482195,21504048.0
The Rooftop at Pier 17,2026,reel,cote + prevision soir,toutes les soirees,1.0,quart_spread,72.8455,1983045.423514797,-112760.32246479699,-449825.586773781,227871.21257680707,10677430.0,10617426.127818873,0.05019140237019859,21504048.0
The Rooftop at Pier 17,2026,reel,cote + prevision soir,20 grosses soirees,0.6,mid,19.173,283520.31496363325,13153.492516366705,-88894.8846770076,122626.50583632155,10677430.0,10737194.595300922,0.029037447307904474,21504048.0
The Rooftop at Pier 17,2026,reel,cote + prevision soir,20 grosses soirees,0.6,quart_spread,19.173,313739.1189214332,-17065.311441433274,-119858.76832613847,86734.0254347238,10677430.0,10694780.805614442,0.01580422031132689,21504048.0
The Rooftop at Pier 17,2026,reel,cote + prevision soir,20 grosses soirees,1.0,mid,19.173,472533.8582727221,21922.487527277874,-148158.1411283454,204377.50972720076,10677430.0,10743015.20471943,0.03498223811633672,21504048.0
The Rooftop at Pier 17,2026,reel,cote + prevision soir,20 grosses soirees,1.0,quart_spread,19.173,522898.5315357221,-28442.185735722087,-199764.61387689807,144556.70905787297,10677430.0,10681697.381946437,0.013287020999557697,21504048.0
The Rooftop at Pier 17,2026,reel,"cote + prevision soir, en echantillon",toutes les soirees,0.6,mid,72.8455,1130882.5120775364,76864.19437955633,-124213.01359505873,272383.3319837392,10677430.0,10856436.168133574,0.16409356327238778,21504048.0
The Rooftop at Pier 17,2026,reel,"cote + prevision soir, en echantillon",toutes les soirees,0.6,quart_spread,72.8455,1227995.1019518576,-20248.39549476477,-209215.57552934656,165730.91663058242,10677430.0,10733304.998455584,0.11143638719168691,21504048.0
The Rooftop at Pier 17,2026,reel,"cote + prevision soir, en echantillon",toutes les soirees,1.0,mid,72.8455,1884804.186795894,128106.99063259386,-207021.6893250973,453972.2199728987,10677430.0,10943559.071617102,0.22245264520834818,21504048.0
The Rooftop at Pier 17,2026,reel,"cote + prevision soir, en echantillon",toutes les soirees,1.0,quart_spread,72.8455,2046658.5032530962,-33747.325824608015,-348692.62588224426,276218.1943843053,10677430.0,10733526.806734394,0.14076265809992305,21504048.0
The Rooftop at Pier 17,2026,reel,"cote + prevision soir, en echantillon",20 grosses soirees,0.6,mid,19.173,298193.96381332097,21046.0497681475,-80187.66663662628,116386.71266852405,10677430.0,10742269.66636956,0.04174255323821341,21504048.0
The Rooftop at Pier 17,2026,reel,"cote + prevision soir, en echantillon",20 grosses soirees,0.6,quart_spread,19.173,323779.7988765856,-4539.785295117094,-105891.42856656476,87050.95721666543,10677430.0,10712612.774487253,0.02621348925068745,21504048.0
The Rooftop at Pier 17,2026,reel,"cote + prevision soir, en echantillon",20 grosses soirees,1.0,mid,19.173,496989.93968886836,35076.749613579166,-133646.11106104386,193977.85444754132,10677430.0,10755339.875064066,0.057432650675457886,21504048.0
The Rooftop at Pier 17,2026,reel,"cote + prevision soir, en echantillon",20 grosses soirees,1.0,quart_spread,19.173,539632.9981276427,-7566.308825195123,-176485.7142776091,145084.92869444238,10677430.0,10713149.906130528,0.03175492516341971,21504048.0
Berry Park,2025,reel,constante (FP moyen),toutes les soirees,0.6,mid,60.3805,26535.4815240383,1589.8164559616926,-4261.612124648231,8027.667363200887,1071903.175,1075581.818233388,0.08900568479101967,1671009.0
Berry Park,2025,parfait,constante (FP moyen),toutes les soirees,0.6,mid,60.3805,27402.13283020959,17026.879119790414,-4326.491924178257,42127.93817209315,1071903.175,1101425.6401733276,0.45206430203433834,1671009.0
Berry Park,2025,reel,constante (FP moyen),toutes les soirees,0.6,quart_spread,60.3805,30247.1598924883,-2121.861912488305,-8344.017103369028,4451.05008757389,1071903.175,1071684.1081317174,0.08181742348062171,1671009.0
Berry Park,2025,reel,constante (FP moyen),toutes les soirees,1.0,mid,60.3805,44225.80254006384,2649.6940932694897,-7102.686874413642,13379.445605334739,1071903.175,1078014.5606466667,0.13221818573181454,1671009.0
Berry Park,2025,parfait,constante (FP moyen),toutes les soirees,1.0,mid,60.3805,45670.22138368265,28378.13186631735,-7210.81987363043,70213.23028682191,1071903.175,1115398.655237551,0.5374327664025071,1671009.0
Berry Park,2025,reel,constante (FP moyen),toutes les soirees,1.0,quart_spread,60.3805,50411.93315414717,-3536.4365208138393,-13906.695172281634,7418.416812623224,1071903.175,1070868.608240744,0.11992698867845475,1671009.0
Berry Park,2025,reel,constante (FP moyen),20 grosses soirees,0.6,mid,9.3095,6366.124907344811,380.1489126551883,-2696.0960664505546,4006.8987295988063,1071903.175,1072701.090883433,0.033203405934574715,1671009.0
Berry Park,2025,parfait,constante (FP moyen),20 grosses soirees,0.6,mid,9.3095,6573.906464314284,4161.826035685718,-7095.183141623589,20331.691679717205,1071903.175,1080112.6445420904,0.1500498478147032,1671009.0
Berry Park,2025,reel,constante (FP moyen),20 grosses soirees,0.6,quart_spread,9.3095,7262.122589469809,-515.8487694698097,-3811.786446010269,3076.6500571602896,1071903.175,1072057.8709792662,0.031216752468687603,1671009.0
Berry Park,2025,reel,constante (FP moyen),20 grosses soirees,1.0,mid,9.3095,10610.208178908017,633.5815210919809,-4493.4934440842535,6678.164549331494,1071903.175,1073979.4184722567,0.05104263522402919,1671009.0
Berry Park,2025,parfait,constante (FP moyen),20 grosses soirees,1.0,mid,9.3095,10956.51077385714,6936.376726142859,-11825.30523603916,33886.152799528754,1071903.175,1084019.8992219463,0.17152397151907062,1671009.0
Berry Park,2025,reel,constante (FP moyen),20 grosses soirees,1.0,quart_spread,9.3095,12103.537649116348,-859.7479491163497,-6352.977410017117,5127.7500952672635,1071903.175,1072906.6491014669,0.04741127282949398,1671009.0
Berry Park,2025,reel,cote,toutes les soirees,0.6,mid,60.3805,29690.798191090948,4430.980310832121,-226.0518663341354,9268.797262519596,1071903.175,1077873.2392647243,0.07640784246920085,1671009.0
Berry Park,2025,reel,cote,toutes les soirees,0.6,quart_spread,60.3805,32953.21769739864,1168.5608045244303,-2865.312377068162,5411.780150524707,1071903.175,1074471.4355752321,0.06507729538469675,1671009.0
Berry Park,2025,reel,cote,toutes les soirees,1.0,mid,60.3805,49484.663651818264,7384.967184720206,-376.7531105568225,15447.995437532813,1071903.175,1081860.7230881,0.11792419800429588,1671009.0
Berry Park,2025,reel,cote,toutes les soirees,1.0,quart_spread,60.3805,54922.029495664414,1947.6013408740498,-4775.5206284471615,9019.633584207924,1071903.175,1075792.1655661021,0.10123577796916894,1671009.0
Berry Park,2025,reel,cote,20 grosses soirees,0.6,mid,9.3095,7120.365052222004,1064.9621766241482,-1434.7655421649513,3878.767782113978,1071903.175,1073228.969450788,0.02720936823133735,1671009.0
Berry Park,2025,reel,cote,20 grosses soirees,0.6,quart_spread,9.3095,7908.652494919121,276.6747339270328,-2123.380152956897,2888.655361122993,1071903.175,1072221.8380195831,0.023670457251197874,1671009.0
Berry Park,2025,reel,cote,20 grosses soirees,1.0,mid,9.3095,11867.275087036674,1774.936961040246,-2391.2759036082484,6464.612970189815,1071903.175,1074856.0727151113,0.04260053712305478,1671009.0
Berry Park,2025,reel,cote,20 grosses soirees,1.0,quart_spread,9.3095,13181.087491531867,461.1245565450547,-3538.9669215947506,4814.425601871661,1071903.175,1073404.6416989027,0.03703284791523098,1671009.0
Berry Park,2025,reel,prevision soir,toutes les soirees,0.6,mid,60.3805,25117.63133667886,5200.0339758211385,728.2171842284267,10931.144536023512,1071903.175,1078741.1574636719,0.07444636639856905,1671009.0
Berry Park,2025,reel,prevision soir,toutes les soirees,0.6,quart_spread,60.3805,27795.335431861677,2522.329880638324,-733.716646229662,6673.534618490014,1071903.175,1075757.8816388496,0.05500482816878072,1671009.0
Berry Park,2025,reel,prevision soir,toutes les soirees,1.0,mid,60.3805,41862.718894464764,8666.723293035231,1213.6953070474497,18218.574226705776,1071903.175,1082272.8631360328,0.1133001555186468,1671009.0
Berry Park,2025,reel,prevision soir,toutes les soirees,1.0,quart_spread,60.3805,46325.55905310279,4203.883134397211,-1222.8610770495143,11122.55769748343,1071903.175,1077477.0585427554,0.08608416876977165,1671009.0
Berry Park,2025,reel,prevision soir,20 grosses soirees,0.6,mid,9.3095,6106.591533244509,1274.1993592554963,-1116.1688803137279,4522.245244626607,1071903.175,1072621.7649866643,0.02452384121495843,1671009.0
Berry Park,2025,reel,prevision soir,20 grosses soirees,0.6,quart_spread,9.3095,6766.5978902812285,614.1930022187679,-1477.624112531304,3273.7337612690253,1071903.175,1072136.9283221744,0.018012487867715476,1671009.0
Berry Park,2025,reel,prevision soir,20 grosses soirees,1.0,mid,9.3095,10177.652555407512,2123.665598759153,-1860.2814671895467,7537.075407711014,1071903.175,1073498.2800003213,0.03784033379884866,1671009.0
Berry Park,2025,reel,prevision soir,20 grosses soirees,1.0,quart_spread,9.3095,11277.663150468712,1023.6550036979578,-2462.7068542189895,5456.2229354484525,1071903.175,1072519.7930653945,0.027940720252140117,1671009.0
Berry Park,2025,reel,cote + prevision soir,toutes les soirees,0.6,mid,60.3805,27063.948004050206,6335.779485608884,1750.2957445919164,11959.290494323046,1071903.175,1079574.2570053923,0.0685247633036965,1671009.0
Berry Park,2025,reel,cote + prevision soir,toutes les soirees,0.6,quart_spread,60.3805,29529.443944388273,3870.2835452708164,624.5323943347031,7901.732086034346,1071903.175,1076942.6787573746,0.05165968836607271,1671009.0
Berry Park,2025,reel,cote + prevision soir,toutes les soirees,1.0,mid,60.3805,45106.580006750344,10559.632476014807,2917.1595743199346,19932.150823871667,1071903.175,1083964.052704104,0.10339652971886826,1671009.0
Berry Park,2025,reel,cote + prevision soir,toutes les soirees,1.0,quart_spread,60.3805,49215.73990731379,6450.472575451357,1040.8873238913948,13169.55347672406,1071903.175,1079618.7169385857,0.08063417789398819,1671009.0
Berry Park,2025,reel,cote + prevision soir,20 grosses soirees,0.6,mid,9.3095,6592.781185809976,1559.5467391142731,-935.326500862604,4599.812141058418,1071903.175,1072540.4621953734,0.0220622624899679,1671009.0
Berry Park,2025,reel,cote + prevision soir,20 grosses soirees,0.6,quart_spread,9.3095,7202.567517556662,949.7604073675772,-1287.090219375916,3509.4320864799474,1071903.175,1072058.3831414483,0.016526326721898243,1671009.0
Berry Park,2025,reel,cote + prevision soir,20 grosses soirees,1.0,mid,9.3095,10987.968643016626,2599.2445651904436,-1558.8775014374405,7666.353568430778,1071903.175,1073746.844721637,0.03372495249049934,1671009.0
Berry Park,2025,reel,cote + prevision soir,20 grosses soirees,1.0,quart_spread,9.3095,12004.27919592777,1582.9340122793005,-2145.1503656266023,5849.053477466581,1071903.175,1073057.4697175606,0.025470728654956365,1671009.0
Berry Park,2025,reel,"cote + prevision soir, en echantillon",toutes les soirees,0.6,mid,60.3805,30567.924661921017,5739.282914157071,604.7538790863299,12192.920256237658,1071903.175,1079343.5945964705,0.10140210676106498,1671009.0
Berry Park,2025,reel,"cote + prevision soir, en echantillon",toutes les soirees,0.6,quart_spread,60.3805,33680.35123760307,2626.8563384750214,-1280.1970153789093,7041.780452343281,1071903.175,1076110.717214141,0.08031504072985107,1671009.0
Berry Park,2025,reel,"cote + prevision soir, en echantillon",toutes les soirees,1.0,mid,60.3805,50946.5411032017,9565.471523595112,1007.9231318106293,20321.533760396167,1071903.175,1084508.7612768675,0.15621391256100403,1671009.0
Berry Park,2025,reel,"cote + prevision soir, en echantillon",toutes les soirees,1.0,quart_spread,60.3805,56133.918729338446,4378.093897458365,-2133.6616922979533,11736.300753905543,1071903.175,1078466.3847190596,0.12679338070588708,1671009.0
Berry Park,2025,reel,"cote + prevision soir, en echantillon",20 grosses soirees,0.6,mid,9.3095,7395.37332635642,1397.5539419835725,-1594.8435160230322,4888.376182518774,1071903.175,1073167.734087691,0.03566851477843602,1671009.0
Berry Park,2025,reel,"cote + prevision soir, en echantillon",20 grosses soirees,0.6,quart_spread,9.3095,8152.79559727981,640.1316710601831,-1993.9737267074465,3618.935036569536,1071903.175,1072295.0497585183,0.027925961556516388,1671009.0
Berry Park,2025,reel,"cote + prevision soir, en echantillon",20 grosses soirees,1.0,mid,9.3095,12325.622210594036,2329.2565699726183,-2658.0725267050557,8147.293637531291,1071903.175,1074949.5188961967,0.05548113775142294,1671009.0
Berry Park,2025,reel,"cote + prevision soir, en echantillon",20 grosses soirees,1.0,quart_spread,9.3095,13587.992662133016,1066.886118433639,-3323.289544512337,6031.558394282635,1071903.175,1073638.4429810643,0.04363151364611706,1671009.0
Berry Park,2026,reel,constante (FP moyen),toutes les soirees,0.6,mid,108.7745,55859.71178455311,2916.334243106466,-6306.510241146045,12845.4999307578,904842.0,910109.2965195529,0.12885060270641813,1449948.0
Berry Park,2026,parfait,constante (FP moyen),toutes les soirees,0.6,mid,108.7745,57815.83836716162,13675.916332838382,-16171.623225695706,46361.666056182454,904842.0,942832.9216275812,0.7414128231455577,1449948.0
Berry Park,2026,reel,constante (FP moyen),toutes les soirees,0.6,quart_spread,108.7745,64067.07100425258,-5291.024976593002,-14424.154922027283,4747.3370072076095,904842.0,901640.8195212979,0.1205809137482482,1449948.0
Berry Park,2026,reel,constante (FP moyen),toutes les soirees,1.0,mid,108.7745,93099.51964092186,4860.55707184411,-10510.850401910036,21409.166551262962,904842.0,912942.8380456134,0.18206568345887775,1449948.0
Berry Park,2026,parfait,constante (FP moyen),toutes les soirees,1.0,mid,108.7745,96359.73061193603,22793.193888063972,-26952.70537615951,77269.44342697083,904842.0,961858.7493448248,0.902681237783309,1449948.0
Berry Park,2026,reel,constante (FP moyen),toutes les soirees,1.0,quart_spread,108.7745,106778.4516737543,-8818.374960988336,-24040.258203378842,7912.228345345942,904842.0,898741.7833470579,0.16808377517343231,1449948.0
Berry Park,2026,reel,constante (FP moyen),20 grosses soirees,0.6,mid,19.107,15555.766485691167,766.8257648407482,-5185.152259315088,6893.5935093554635,904842.0,907117.9354196449,0.03262809931310262,1449948.0
Berry Park,2026,parfait,constante (FP moyen),20 grosses soirees,0.6,mid,19.107,16101.603345610494,3812.424404389506,-12111.052159548373,22821.36456474264,904842.0,916982.3215069358,0.26863705061604914,1449948.0
Berry Park,2026,reel,constante (FP moyen),20 grosses soirees,0.6,quart_spread,19.107,17825.298245023616,-1502.7059944916991,-7796.317249072131,4567.143441500194,904842.0,905144.2524510222,0.030780389200858016,1449948.0
Berry Park,2026,reel,constante (FP moyen),20 grosses soirees,1.0,mid,19.107,25926.277476151947,1278.042941401247,-8641.920432191848,11489.322515592363,904842.0,907842.0792917582,0.04161963412944003,1449948.0
Berry Park,2026,parfait,constante (FP moyen),20 grosses soirees,1.0,mid,19.107,26836.00557601749,6354.040673982508,-20185.08693258062,38035.60760790436,904842.0,921340.8362689384,0.3402980836868622,1449948.0
Berry Park,2026,reel,constante (FP moyen),20 grosses soirees,1.0,quart_spread,19.107,29708.830408372694,-2504.509990819498,-12993.862081786885,7611.905735833657,904842.0,903970.898531859,0.03790280421203851,1449948.0
Berry Park,2026,reel,cote,toutes les soirees,0.6,mid,108.7745,66605.60046404006,4696.599960245636,-7320.0029955157925,17522.578973944503,904842.0,911893.4660199812,0.1516102392925196,1449948.0
Berry Park,2026,reel,cote,toutes les soirees,0.6,quart_spread,108.7745,76715.09758555616,-5412.89716127043,-17552.73017399833,7958.868450792217,904842.0,901552.1122700769,0.14479012368624078,1449948.0
Berry Park,2026,reel,cote,toutes les soirees,1.0,mid,108.7745,111009.33410673345,7827.666600409396,-12200.004992526321,29204.298289907394,904842.0,916351.9411182221,0.196730026524509,1449948.0
Berry Park,2026,reel,cote,toutes les soirees,1.0,quart_spread,108.7745,127858.49597592691,-9021.495268784054,-29254.550289997256,13264.780751320435,904842.0,900116.0085565299,0.18437905098276575,1449948.0
Berry Park,2026,reel,cote,20 grosses soirees,0.6,mid,19.107,18539.765490341953,1260.4102125151883,-6463.256387373185,9253.43536900352,904842.0,907851.3773401056,0.037153938562013544,1449948.0
Berry Park,2026,reel,cote,20 grosses soirees,0.6,quart_spread,19.107,21335.193949590168,-1535.0182467330249,-9631.41561185363,6485.457213090053,904842.0,905214.1266005582,0.03642658927447695,1449948.0
Berry Park,2026,reel,cote,20 grosses soirees,1.0,mid,19.107,30899.60915056992,2100.683687525315,-10772.093978955385,15422.392281672575,904842.0,908550.9663175266,0.040602516962366275,1449948.0
Berry Park,2026,reel,cote,20 grosses soirees,1.0,quart_spread,19.107,35558.65658265028,-2558.3637445550407,-16052.359353089272,10809.095355149977,904842.0,903654.5172874972,0.03841082443059951,1449948.0
Berry Park,2026,reel,prevision soir,toutes les soirees,0.6,mid,108.7745,51134.02114891757,10448.827877332431,1701.036544864226,19466.930037675465,904842.0,919157.4417427217,0.14359552795757535,1449948.0
Berry Park,2026,reel,prevision soir,toutes les soirees,0.6,quart_spread,108.7745,56127.130047995684,5455.718978254307,-2630.574150283396,13309.073123287082,904842.0,913307.1884488859,0.1198586121504619,1449948.0
Berry Park,2026,reel,prevision soir,toutes les soirees,1.0,mid,108.7745,85223.36858152927,17414.713128887386,2835.060908107119,32444.88339612585,904842.0,927383.3476823812,0.212102572628867,1449948.0
Berry Park,2026,reel,prevision soir,toutes les soirees,1.0,quart_spread,108.7745,93545.21674665948,9092.864963757182,-4384.290250472366,22181.78853881184,904842.0,918060.3510287827,0.1774614743082097,1449948.0
Berry Park,2026,reel,prevision soir,20 grosses soirees,0.6,mid,19.107,14227.592066600539,2863.7507762119594,-2283.5948331247664,8219.25440966552,904842.0,908972.9503561752,0.04035145968744369,1449948.0
Berry Park,2026,reel,prevision soir,20 grosses soirees,0.6,quart_spread,19.107,15608.812316611476,1482.5305262010222,-3453.1569812326634,6409.440844182517,904842.0,907679.7432572854,0.03252673735688494,1449948.0
Berry Park,2026,reel,prevision soir,20 grosses soirees,1.0,mid,19.107,23712.653444334235,4772.917960353267,-3805.9913885413525,13698.757349442649,904842.0,911394.603805342,0.05766528518610614,1449948.0
Berry Park,2026,reel,prevision soir,20 grosses soirees,1.0,quart_spread,19.107,26014.68719435246,2470.884210335039,-5755.261635387811,10682.401406970976,904842.0,909037.010196616,0.04568584319734237,1449948.0
Berry Park,2026,reel,cote + prevision soir,toutes les soirees,0.6,mid,108.7745,61475.981314280434,7521.055973219564,-4606.804522624702,19876.29386855252,904842.0,915918.7440673704,0.1535809767682409,1449948.0
Berry Park,2026,reel,cote + prevision soir,toutes les soirees,0.6,quart_spread,108.7745,68720.72385342419,276.31343407581716,-11156.266522524984,12021.605336555362,904842.0,908432.7019577952,0.1339020240403117,1449948.0
Berry Park,2026,reel,cote + prevision soir,toutes les soirees,1.0,mid,108.7745,102459.96885713408,12535.093288699276,-7678.007537707951,33127.15644758761,904842.0,922666.4946673583,0.20400773435736608,1449948.0
Berry Park,2026,reel,cote + prevision soir,toutes les soirees,1.0,quart_spread,108.7745,114534.53975570697,460.5223901263617,-18593.777537541562,20036.008894258975,904842.0,909511.79075845,0.17750403738475728,1449948.0
Berry Park,2026,reel,cote + prevision soir,20 grosses soirees,0.6,mid,19.107,17160.866384942845,2049.9456850571532,-4831.562503631122,9273.590169946043,904842.0,908832.1937272478,0.05012089487399485,1449948.0
Berry Park,2026,reel,cote + prevision soir,20 grosses soirees,0.6,quart_spread,19.107,19168.147081499093,42.66498850090575,-6888.601281543757,6855.983822814465,904842.0,906458.3068357143,0.043329403563153845,1449948.0
Berry Park,2026,reel,cote + prevision soir,20 grosses soirees,1.0,mid,19.107,28601.443974904745,3416.5761417619224,-8052.604172718498,15455.98361657678,904842.0,910483.0332016749,0.06640804744439277,1449948.0
Berry Park,2026,reel,cote + prevision soir,20 grosses soirees,1.0,quart_spread,19.107,31946.911802498493,71.10831416817219,-11481.002135906261,11426.639704690851,904842.0,906472.6185085191,0.05609172062748258,1449948.0
Berry Park,2026,reel,"cote + prevision soir, en echantillon",toutes les soirees,0.6,mid,108.7745,64807.30335097158,9056.026620019928,-1592.822713273161,19651.701236645302,904842.0,918491.2283129295,0.1828622029878756,1449948.0
Berry Park,2026,reel,"cote + prevision soir, en echantillon",toutes les soirees,0.6,quart_spread,108.7745,70515.4784212012,3347.8515497903163,-7042.483735584901,13015.088071939737,904842.0,911733.3776648086,0.1505551813232936,1449948.0
Berry Park,2026,reel,"cote + prevision soir, en echantillon",toutes les soirees,1.0,mid,108.7745,108012.1722516193,15093.377700033214,-2654.704522122012,32752.83539440872,904842.0,926182.9926682494,0.2641011965353566,1449948.0
Berry Park,2026,reel,"cote + prevision soir, en echantillon",toutes les soirees,1.0,quart_spread,108.7745,117525.79736866866,5579.752582983862,-11737.472892641428,21691.81345323297,904842.0,915638.8352599584,0.21594568271308112,1449948.0
Berry Park,2026,reel,"cote + prevision soir, en echantillon",20 grosses soirees,0.6,mid,19.107,18045.645549343622,2468.4362994325966,-3789.78508714583,8485.537499643497,904842.0,909300.4846609591,0.05818010053163769,1449948.0
Berry Park,2026,reel,"cote + prevision soir, en echantillon",20 grosses soirees,0.6,quart_spread,19.107,19627.733671205315,886.3481775709056,-5658.462756846051,6557.677477463936,904842.0,907504.217325161,0.04661464373637014,1449948.0
Berry Park,2026,reel,"cote + prevision soir, en echantillon",20 grosses soirees,1.0,mid,19.107,30076.07591557271,4114.060499054327,-6316.308478576343,14142.562499405863,904842.0,911852.9210686823,0.08366568482272718,1449948.0
Berry Park,2026,reel,"cote + prevision soir, en echantillon",20 grosses soirees,1.0,quart_spread,19.107,32712.88945200886,1477.2469626181785,-9430.771261410124,10929.462462439971,904842.0,908634.5454396539,0.06505751853268005,1449948.0
Time Out Market rooftop,2025,reel,constante (FP moyen),toutes les soirees,0.6,mid,70.3155,50450.72209390141,141.0904760985833,-11283.86757959826,12863.361816789455,2387632.0,2390811.74657829,0.09089916681579724,3393501.0
Time Out Market rooftop,2025,parfait,constante (FP moyen),toutes les soirees,0.6,mid,70.3155,52070.42774465352,28282.312505346483,-8812.510086387967,67500.90185956382,2387632.0,2435354.3407085044,0.39971186298271166,3393501.0
Time Out Market rooftop,2025,reel,constante (FP moyen),toutes les soirees,0.6,quart_spread,70.3155,57409.66539625141,-6817.852826251418,-18446.86897912931,5562.169670395061,2387632.0,2382910.916903505,0.07767514836130096,3393501.0
Time Out Market rooftop,2025,reel,constante (FP moyen),toutes les soirees,1.0,mid,70.3155,84084.53682316902,235.15079349764505,-18806.445965996954,21438.9363613153,2387632.0,2394081.8547662017,0.1355196388394282,3393501.0
Time Out Market rooftop,2025,parfait,constante (FP moyen),toutes les soirees,1.0,mid,70.3155,86784.04624108919,47137.18750891079,-14687.51681064691,112501.5030992729,2387632.0,2459840.149136965,0.4944282833056677,3393501.0
Time Out Market rooftop,2025,reel,constante (FP moyen),toutes les soirees,1.0,quart_spread,70.3155,95682.77566041902,-11363.088043752357,-30744.781631882324,9270.282783991466,2387632.0,2381326.386922458,0.11367449552488473,3393501.0
Time Out Market rooftop,2025,reel,constante (FP moyen),20 grosses soirees,0.6,mid,9.2635,10857.768105469055,138.77290453093966,-5305.043097592657,6421.9433852777465,2387632.0,2389274.091176284,0.029692713392186487,3393501.0
Time Out Market rooftop,2025,parfait,constante (FP moyen),20 grosses soirees,0.6,mid,9.2635,11206.240140914324,6738.431009085676,-12564.604431235337,31213.828143235824,2387632.0,2401211.3724266556,0.12094227030369986,3393501.0
Time Out Market rooftop,2025,reel,constante (FP moyen),20 grosses soirees,0.6,quart_spread,9.2635,12430.386885019056,-1433.845875019061,-7195.3771266534695,4707.418485246913,2387632.0,2387122.5642308546,0.023679057363538702,3393501.0
Time Out Market rooftop,2025,reel,constante (FP moyen),20 grosses soirees,1.0,mid,9.2635,18096.28017578176,231.28817421823717,-8841.738495988062,10703.238975462911,2387632.0,2390623.838272434,0.04572866322290914,3393501.0
Time Out Market rooftop,2025,parfait,constante (FP moyen),20 grosses soirees,1.0,mid,9.2635,18677.06690152388,11230.718348476119,-20941.007385392382,52023.04690539334,2387632.0,2406567.4888418275,0.14266313810780962,3393501.0
Time Out Market rooftop,2025,reel,constante (FP moyen),20 grosses soirees,1.0,quart_spread,9.2635,20717.311475031758,-2389.743125031766,-11992.295211089577,7845.697475411371,2387632.0,2387647.510052704,0.03558363699089939,3393501.0
Time Out Market rooftop,2025,reel,cote,toutes les soirees,0.6,mid,70.3155,54764.53747095442,6562.465527122502,-1560.8959420967963,15589.317819668908,2387632.0,2397220.1183199547,0.07583458588306946,3393501.0
Time Out Market rooftop,2025,reel,cote,toutes les soirees,0.6,quart_spread,70.3155,60800.006160815,526.996837261918,-6891.569784617796,8273.616965804682,2387632.0,2390042.1138107833,0.05937006162042857,3393501.0
Time Out Market rooftop,2025,reel,cote,toutes les soirees,1.0,mid,70.3155,91274.22911825737,10937.44254520417,-2601.4932368280015,25982.196366115153,2387632.0,2403733.130151596,0.11786742297099806,3393501.0
Time Out Market rooftop,2025,reel,cote,toutes les soirees,1.0,quart_spread,70.3155,101333.34360135833,878.3280621032079,-11485.949641029361,13789.361609674463,2387632.0,2391998.7223274335,0.0925656974661142,3393501.0
Time Out Market rooftop,2025,reel,cote,20 grosses soirees,0.6,mid,9.2635,11793.135007253915,1491.6175658230086,-2933.8683256515533,6250.982773133914,2387632.0,2390579.962488289,0.024386239606912108,3393501.0
Time Out Market rooftop,2025,reel,cote,20 grosses soirees,0.6,quart_spread,9.2635,13152.165551999107,132.58702107780869,-4038.1170252776124,4528.831009324442,2387632.0,2388946.0686050146,0.01732034900469437,3393501.0
Time Out Market rooftop,2025,reel,cote,20 grosses soirees,1.0,mid,9.2635,19655.225012089864,2486.029276371672,-4889.780542752449,10418.304621889849,2387632.0,2392137.862153338,0.038265972679265126,3393501.0
Time Out Market rooftop,2025,reel,cote,20 grosses soirees,1.0,quart_spread,9.2635,21920.275919998512,220.97836846301985,-6730.195042129199,7548.051682207104,2387632.0,2389444.305348397,0.026859281241715327,3393501.0
Time Out Market rooftop,2025,reel,prevision soir,toutes les soirees,0.6,mid,70.3155,45738.25457421652,9955.350206408482,1282.3207297707443,20789.62643234868,2387632.0,2401791.9545914666,0.09336936924396733,3393501.0
Time Out Market rooftop,2025,reel,prevision soir,toutes les soirees,0.6,quart_spread,70.3155,50772.786438359486,4920.818342265509,-1217.555851811089,11821.364317260519,2387632.0,2394676.0798121276,0.06047890977599546,3393501.0
Time Out Market rooftop,2025,reel,prevision soir,toutes les soirees,1.0,mid,70.3155,76230.42429036087,16592.250344014137,2137.2012162847213,34649.3773872481,2387632.0,2410811.821649762,0.1451956234617352,3393501.0
Time Out Market rooftop,2025,reel,prevision soir,toutes les soirees,1.0,quart_spread,70.3155,84621.31073059913,8201.363903775857,-2029.2597530184776,19702.27386210101,2387632.0,2400085.8505355436,0.09590763885151743,3393501.0
Time Out Market rooftop,2025,reel,prevision soir,20 grosses soirees,0.6,mid,9.2635,10125.79111895968,2270.14979416531,-1934.5485896524508,7751.239121705387,2387632.0,2391007.0598343643,0.028567474596698395,3393501.0
Time Out Market rooftop,2025,reel,prevision soir,20 grosses soirees,0.6,quart_spread,9.2635,11333.835722984679,1062.1051901403187,-2516.6525813799353,4929.163553185382,2387632.0,2389617.8776004254,0.01678467940470052,3393501.0
Time Out Market rooftop,2025,reel,prevision soir,20 grosses soirees,1.0,mid,9.2635,16876.318531599467,3783.582990275524,-3224.2476494207513,12918.731869509138,2387632.0,2394035.0958601786,0.044934037735177235,3393501.0
Time Out Market rooftop,2025,reel,prevision soir,20 grosses soirees,1.0,quart_spread,9.2635,18889.726204974464,1770.1753169005437,-4194.420968966408,8215.272588642454,2387632.0,2391304.859496258,0.026444604540542538,3393501.0
Time Out Market rooftop,2025,reel,cote + prevision soir,toutes les soirees,0.6,mid,70.3155,49308.89246500687,11916.559575902202,3202.516207408905,22083.01084067157,2387632.0,2403681.637223734,0.0838885907651239,3393501.0
Time Out Market rooftop,2025,reel,cote + prevision soir,toutes les soirees,0.6,quart_spread,70.3155,53969.07027442023,7256.381766488857,1265.1955197171076,13887.477734152506,2387632.0,2397961.5368124633,0.053240177660925814,3393501.0
Time Out Market rooftop,2025,reel,cote + prevision soir,toutes les soirees,1.0,mid,70.3155,82181.48744167814,19860.932626503676,5337.52701234849,36805.018067785786,2387632.0,2412883.2426656606,0.12960392507569085,3393501.0
Time Out Market rooftop,2025,reel,cote + prevision soir,toutes les soirees,1.0,quart_spread,70.3155,89948.45045736706,12093.96961081476,2108.6591995285244,23145.79622358766,2387632.0,2403025.278120273,0.08405187616211507,3393501.0
Time Out Market rooftop,2025,reel,cote + prevision soir,20 grosses soirees,0.6,mid,9.2635,10903.24592867359,2675.5861284854886,-1869.0390233142068,8115.485255479553,2387632.0,2391527.0197386644,0.024711658983187612,3393501.0
Time Out Market rooftop,2025,reel,cote + prevision soir,20 grosses soirees,0.6,quart_spread,9.2635,12021.967919184954,1556.8641379741352,-2503.4083995376714,5533.0101250663165,2387632.0,2390057.5994452885,0.014280067281395525,3393501.0
Time Out Market rooftop,2025,reel,cote + prevision soir,20 grosses soirees,1.0,mid,9.2635,18172.076547789315,4459.310214142497,-3115.065038857015,13525.808759132586,2387632.0,2394638.1567033436,0.03845790206256816,3393501.0
Time Out Market rooftop,2025,reel,cote + prevision soir,20 grosses soirees,1.0,quart_spread,9.2635,20036.613198641586,2594.7735632902327,-4172.34733256232,9221.683541777356,2387632.0,2391565.3152927877,0.022201746443661685,3393501.0
Time Out Market rooftop,2025,reel,"cote + prevision soir, en echantillon",toutes les soirees,0.6,mid,70.3155,56336.61512136091,10011.336402702518,549.3744930906687,21431.02495220481,2387632.0,2402932.639575018,0.10876358600364777,3393501.0
Time Out Market rooftop,2025,reel,"cote + prevision soir, en echantillon",toutes les soirees,0.6,quart_spread,70.3155,62212.104085489445,4135.847438573994,-2980.483101022965,11442.624357998526,2387632.0,2395111.2785856575,0.07565732153564364,3393501.0
Time Out Market rooftop,2025,reel,"cote + prevision soir, en echantillon",toutes les soirees,1.0,mid,70.3155,93894.35853560152,16685.560671170868,915.6241551506682,35718.37492034137,2387632.0,2412285.295112195,0.16908549926559302,3393501.0
Time Out Market rooftop,2025,reel,"cote + prevision soir, en echantillon",toutes les soirees,1.0,quart_spread,70.3155,103686.8401424824,6893.079064289986,-4967.471835038438,19071.04059666452,2387632.0,2399860.793883833,0.11993894832569152,3393501.0
Time Out Market rooftop,2025,reel,"cote + prevision soir, en echantillon",20 grosses soirees,0.6,mid,9.2635,12510.84493014259,2393.2026117280366,-2844.467372517241,8420.93699607132,2387632.0,2391779.5834389613,0.03352847227589972,3393501.0
Time Out Market rooftop,2025,reel,"cote + prevision soir, en echantillon",20 grosses soirees,0.6,quart_spread,9.2635,13909.29114040636,994.7564014642755,-3574.1718498019736,5638.156313439035,2387632.0,2389593.9405069742,0.021480208899085973,3393501.0
Time Out Market rooftop,2025,reel,"cote + prevision soir, en echantillon",20 grosses soirees,1.0,mid,9.2635,20851.408216904318,3988.6710195467317,-4740.778954195545,14034.894993452353,2387632.0,2394433.926526526,0.05229365135888164,3393501.0
Time Out Market rooftop,2025,reel,"cote + prevision soir, en echantillon",20 grosses soirees,1.0,quart_spread,9.2635,23182.151900677265,1657.9273357737832,-5956.953083002986,9396.927189064916,2387632.0,2391812.772144003,0.03345717720392749,3393501.0
Time Out Market rooftop,2026,reel,constante (FP moyen),toutes les soirees,0.6,mid,127.729,114088.42426435581,8814.34170638888,-7989.471472217015,26053.994971843535,2022114.5,2036617.4485184196,0.08960917991583683,2948733.0
Time Out Market rooftop,2026,parfait,constante (FP moyen),toutes les soirees,0.6,mid,127.729,118200.95340702854,28390.94444297146,-27055.449902709468,89579.4896415501,2022114.5,2098089.5419484316,0.7115810386733936,2948733.0
Time Out Market rooftop,2026,reel,constante (FP moyen),toutes les soirees,0.6,quart_spread,127.729,130246.29785598478,-7343.531885240106,-25010.830312089645,10890.695414397816,2022114.5,2019465.9409703517,0.08282039238494165,2948733.0
Time Out Market rooftop,2026,reel,constante (FP moyen),toutes les soirees,1.0,mid,127.729,190147.37377392635,14690.56951064813,-13315.785787027911,43423.32495307263,2022114.5,2044114.1142348007,0.12199623387729663,2948733.0
Time Out Market rooftop,2026,parfait,constante (FP moyen),toutes les soirees,1.0,mid,127.729,197001.5890117142,47318.240738285764,-45092.41650451564,149299.1494025835,2022114.5,2135239.9756369498,0.8788646590592205,2948733.0
Time Out Market rooftop,2026,reel,constante (FP moyen),toutes les soirees,1.0,quart_spread,127.729,217077.16309330802,-12239.219808733504,-41684.71718681607,18151.15902399643,2022114.5,2016861.587171085,0.10912048729068002,2948733.0
Time Out Market rooftop,2026,reel,constante (FP moyen),20 grosses soirees,0.6,mid,19.2355,28272.75455422975,2209.937229280889,-7785.975455724424,13437.651341995519,2022114.5,2027964.5704777946,0.035125795725267084,2948733.0
Time Out Market rooftop,2026,parfait,constante (FP moyen),20 grosses soirees,0.6,mid,19.2355,29296.421672132426,7667.092677867573,-21346.079289783993,43356.39905257229,2022114.5,2043993.770160277,0.23375129778924253,2948733.0
Time Out Market rooftop,2026,reel,constante (FP moyen),20 grosses soirees,0.6,quart_spread,19.2355,32239.169362969107,-1756.4775794584687,-12073.907701168855,9277.857053132198,2022114.5,2023551.69182716,0.031089263356606778,2948733.0
Time Out Market rooftop,2026,reel,constante (FP moyen),20 grosses soirees,1.0,mid,19.2355,47121.25759038292,3683.2287154681444,-12976.625759540568,22396.085569992534,2022114.5,2030434.6906430467,0.04806092691231634,2948733.0
Time Out Market rooftop,2026,parfait,constante (FP moyen),20 grosses soirees,1.0,mid,19.2355,48827.36945355404,12778.487796445957,-35576.7988163065,72260.66508762096,2022114.5,2050600.573266441,0.2929125670554712,2948733.0
Time Out Market rooftop,2026,reel,constante (FP moyen),20 grosses soirees,1.0,quart_spread,19.2355,53731.94893828186,-2927.462632430783,-20123.17950194794,15463.09508855381,2022114.5,2023431.5112255898,0.041002103372478005,2948733.0
Time Out Market rooftop,2026,reel,cote,toutes les soirees,0.6,mid,127.729,133266.65929526667,12492.958660447632,-10269.839116443181,35204.71208404688,2022114.5,2041015.5386792123,0.09657768766303598,2948733.0
Time Out Market rooftop,2026,reel,cote,toutes les soirees,0.6,quart_spread,127.729,153139.74738455773,-7380.129428843437,-30321.72799120627,16302.76864565224,2022114.5,2020500.142729465,0.09141455860571623,2948733.0
Time Out Market rooftop,2026,reel,cote,toutes les soirees,1.0,mid,127.729,222111.09882544444,20821.597767412713,-17116.398527404992,58674.52014007844,2022114.5,2050516.568893647,0.11496108678328754,2948733.0
Time Out Market rooftop,2026,reel,cote,toutes les soirees,1.0,quart_spread,127.729,255232.9123075962,-12300.215714739059,-50536.21331867742,27171.281076087293,2022114.5,2017259.4136373892,0.10363448907455453,2948733.0
Time Out Market rooftop,2026,reel,cote,20 grosses soirees,0.6,mid,19.2355,33015.85066743553,3126.858102564466,-10293.39723999601,17260.05292097665,2022114.5,2029217.2808692653,0.03655570956254739,2948733.0
Time Out Market rooftop,2026,reel,cote,20 grosses soirees,0.6,quart_spread,19.2355,37891.96283722302,-1749.2540672230298,-15285.555436978873,12343.645991602549,2022114.5,2023516.3724566977,0.03292895802549811,2948733.0
Time Out Market rooftop,2026,reel,cote,20 grosses soirees,1.0,mid,19.2355,55026.417779059215,5211.430170940785,-17155.66206665987,28766.75486829472,2022114.5,2032461.6753583644,0.04348144440967161,2948733.0
Time Out Market rooftop,2026,reel,cote,20 grosses soirees,1.0,quart_spread,19.2355,63153.27139537172,-2915.4234453717163,-25475.92572829767,20572.74331933774,2022114.5,2023059.3263097613,0.036998311102636294,2948733.0
Time Out Market rooftop,2026,reel,prevision soir,toutes les soirees,0.6,mid,127.729,105395.64741684914,22030.928904088356,5852.268765040009,36949.99998111495,2022114.5,2049439.5214372312,0.09946387540234314,2948733.0
Time Out Market rooftop,2026,reel,prevision soir,toutes les soirees,0.6,quart_spread,127.729,114687.74338389444,12738.83293704305,-1617.6633552992016,26881.468779851537,2022114.5,2039239.4241672817,0.07904570149546786,2948733.0
Time Out Market rooftop,2026,reel,prevision soir,toutes les soirees,1.0,mid,127.729,175659.41236141528,36718.21484014725,9753.781275066523,61583.33330185825,2022114.5,2066912.0543488925,0.14347778793041266,2948733.0
Time Out Market rooftop,2026,reel,prevision soir,toutes les soirees,1.0,quart_spread,127.729,191146.2389731574,21231.388228405074,-2696.1055921653283,44802.447966419386,2022114.5,2049993.757273509,0.112754877658655,2948733.0
Time Out Market rooftop,2026,reel,prevision soir,20 grosses soirees,0.6,mid,19.2355,26333.680325485213,5422.019369202282,-3055.093131683464,14987.920712606343,2022114.5,2030648.9520316052,0.0385946823733172,2948733.0
Time Out Market rooftop,2026,reel,prevision soir,20 grosses soirees,0.6,quart_spread,19.2355,28620.58569052584,3135.114004161657,-5098.538192509732,11907.47959482478,2022114.5,2028010.3039923492,0.030010482308528985,2948733.0
Time Out Market rooftop,2026,reel,prevision soir,20 grosses soirees,1.0,mid,19.2355,43889.46720914203,9036.69894867047,-5091.821886139112,24979.867854343607,2022114.5,2034900.4041432638,0.05682763835932225,2948733.0
Time Out Market rooftop,2026,reel,prevision soir,20 grosses soirees,1.0,quart_spread,19.2355,47700.976150876406,5225.1900069361,-8497.563654182886,19845.799324707958,2022114.5,2030152.1817622506,0.04335141605228365,2948733.0
Time Out Market rooftop,2026,reel,cote + prevision soir,toutes les soirees,0.6,mid,127.729,126287.49170769045,17605.389977309547,-4130.568127242417,38627.86729099089,2022114.5,2047130.0732949574,0.10635553002102194,2948733.0
Time Out Market rooftop,2026,reel,cote + prevision soir,toutes les soirees,0.6,quart_spread,127.729,140237.9314338342,3654.9502511658047,-17660.868113337165,24621.103771529735,2022114.5,2031812.1083474194,0.0892532814836452,2948733.0
Time Out Market rooftop,2026,reel,cote + prevision soir,toutes les soirees,1.0,mid,127.729,210479.15284615077,29342.316628849254,-6884.280212070839,64379.778818318155,2022114.5,2060108.2950108498,0.13400707166934067,2948733.0
Time Out Market rooftop,2026,reel,cote + prevision soir,toutes les soirees,1.0,quart_spread,127.729,233729.885723057,6091.583751943009,-29434.780188895053,41035.172952549634,2022114.5,2036920.4910069066,0.10890427683977699,2948733.0
Time Out Market rooftop,2026,reel,cote + prevision soir,20 grosses soirees,0.6,mid,19.2355,31644.088817086227,4439.004312913772,-6948.3455105872645,17041.94506999691,2022114.5,2030265.4285634395,0.043689851677447544,2948733.0
Time Out Market rooftop,2026,reel,cote + prevision soir,20 grosses soirees,0.6,quart_spread,19.2355,35070.25462877372,1012.8385012262703,-10296.108632362424,13031.928566952674,2022114.5,2026316.7755767615,0.03540516467800492,2948733.0
Time Out Market rooftop,2026,reel,cote + prevision soir,20 grosses soirees,1.0,mid,19.2355,52740.148028477044,7398.3405215229595,-11580.575850978767,28403.24178332811,2022114.5,2034730.5547379863,0.05933955865988916,2948733.0
Time Out Market rooftop,2026,reel,cote + prevision soir,20 grosses soirees,1.0,quart_spread,19.2355,58450.424381289544,1688.0641687104555,-17160.181053937227,21719.880944921355,2022114.5,2029323.5022396275,0.046292563420648136,2948733.0
Time Out Market rooftop,2026,reel,"cote + prevision soir, en echantillon",toutes les soirees,0.6,mid,127.729,133413.3385736337,19470.739402702453,403.10192687193074,38189.39939990574,2022114.5,2048114.3326775432,0.13643583078728727,2948733.0
Time Out Market rooftop,2026,reel,"cote + prevision soir, en echantillon",toutes les soirees,0.6,quart_spread,127.729,144012.6691753627,8871.408800973437,-9183.804870963853,26034.716471212312,2022114.5,2036226.326930748,0.10632998030896013,2948733.0
Time Out Market rooftop,2026,reel,"cote + prevision soir, en echantillon",toutes les soirees,1.0,mid,127.729,222355.56428938953,32451.23233783743,671.8365447862544,63648.9989998429,2022114.5,2065964.0307356059,0.19407925376833313,2948733.0
Time Out Market rooftop,2026,reel,"cote + prevision soir, en echantillon",toutes les soirees,1.0,quart_spread,127.729,240021.1152922712,14785.681334955732,-15306.341451606282,43391.19411868725,2022114.5,2046479.9851699243,0.14799797413312454,2948733.0
Time Out Market rooftop,2026,reel,"cote + prevision soir, en echantillon",20 grosses soirees,0.6,mid,19.2355,33459.07602692377,4862.345180244055,-5650.072202588863,15346.430605967518,2022114.5,2029975.8425509224,0.05124952471899735,2948733.0
Time Out Market rooftop,2026,reel,"cote + prevision soir, en echantillon",20 grosses soirees,0.6,quart_spread,19.2355,36069.71302145917,2251.7081857086614,-8138.92690692828,11864.767082357552,2022114.5,2026848.645175586,0.03905745725279619,2948733.0
Time Out Market rooftop,2026,reel,"cote + prevision soir, en echantillon",20 grosses soirees,1.0,mid,19.2355,55765.12671153962,8103.9086337400995,-9416.787004314469,25577.384343278896,2022114.5,2036340.6975781475,0.07554436245081697,2948733.0
Time Out Market rooftop,2026,reel,"cote + prevision soir, en echantillon",20 grosses soirees,1.0,quart_spread,19.2355,60116.18836909862,3752.8469761810984,-13564.878178213805,19774.611803929256,2022114.5,2030367.8062890728,0.05581709845885985,2948733.0
Sultan Room Rooftop,2025,reel,constante (FP moyen),toutes les soirees,0.6,mid,60.1115,17510.2221841135,974.7495158865003,-2976.6383491579472,5258.479252329908,673640.0,676059.9298815615,0.0898570958323881,1105285.0
Sultan Room Rooftop,2025,parfait,constante (FP moyen),toutes les soirees,0.6,mid,60.1115,18082.852987942977,10971.908362057024,-2527.4948217465976,27367.509365742615,673640.0,691995.5806802337,0.431384646406471,1105285.0
Sultan Room Rooftop,2025,reel,constante (FP moyen),toutes les soirees,0.6,quart_spread,60.1115,19961.8957048385,-1476.9240048385009,-5621.780640464104,2948.113422402971,673640.0,673700.234881408,0.081704374088444,1105285.0
Sultan Room Rooftop,2025,reel,constante (FP moyen),toutes les soirees,1.0,mid,60.1115,29183.703640189167,1624.5825264774983,-4961.063915263209,8764.132087216403,673640.0,677645.0290585165,0.13430293214710087,1105285.0
Sultan Room Rooftop,2025,parfait,constante (FP moyen),toutes les soirees,1.0,mid,60.1115,30138.088313238295,18286.5139367617,-4212.49136957766,45612.51560957114,673640.0,701173.8983703282,0.5186670648168016,1105285.0
Sultan Room Rooftop,2025,reel,constante (FP moyen),toutes les soirees,1.0,quart_spread,60.1115,33269.82617473083,-2461.5400080641693,-9369.63440077343,4913.52237067154,673640.0,673728.0177087643,0.12048271201181637,1105285.0
Sultan Room Rooftop,2025,reel,constante (FP moyen),20 grosses soirees,0.6,mid,9.322,4311.947180623658,243.60685270967502,-1729.9930224092036,2611.0275655857895,673640.0,674092.405040455,0.028964351758600237,1105285.0
Sultan Room Rooftop,2025,parfait,constante (FP moyen),20 grosses soirees,0.6,mid,9.322,4452.779724655191,2649.735275344809,-4707.8443111198085,13262.452888310143,673640.0,679133.2336876965,0.13205768729146727,1105285.0
Sultan Room Rooftop,2025,reel,constante (FP moyen),20 grosses soirees,0.6,quart_spread,9.322,4920.62541745699,-365.0713841236579,-2550.497635386512,1997.3601312817043,673640.0,673534.8756565613,0.026812074119478946,1105285.0
Sultan Room Rooftop,2025,reel,constante (FP moyen),20 grosses soirees,1.0,mid,9.322,7186.578634372762,406.01142118279114,-2883.3217040153045,4351.712609309726,673640.0,674790.9490217826,0.044129949830250204,1105285.0
Sultan Room Rooftop,2025,parfait,constante (FP moyen),20 grosses soirees,1.0,mid,9.322,7421.299541091984,4416.225458908015,-7846.407185199752,22104.088147183647,673640.0,680995.9912818167,0.14623835682353548,1105285.0
Sultan Room Rooftop,2025,reel,constante (FP moyen),20 grosses soirees,1.0,quart_spread,9.322,8201.04236242832,-608.4523068727632,-4250.829392310741,3328.9335521361354,673640.0,673740.0377224167,0.040223930669300856,1105285.0
Sultan Room Rooftop,2025,reel,cote,toutes les soirees,0.6,mid,60.1115,19614.88564727363,2889.156725803293,-211.86023487978383,6202.560980919825,673640.0,677748.0428546518,0.07797123670085815,1105285.0
Sultan Room Rooftop,2025,reel,cote,toutes les soirees,0.6,quart_spread,60.1115,21770.833290023627,733.2090830532939,-2057.689705636111,3627.895808609747,673640.0,675496.6483484666,0.06615704908378839,1105285.0
Sultan Room Rooftop,2025,reel,cote,toutes les soirees,1.0,mid,60.1115,32691.476078789383,4815.261209672157,-353.1003914663073,10337.601634866374,673640.0,680272.0678010769,0.12049264461610354,1105285.0
Sultan Room Rooftop,2025,reel,cote,toutes les soirees,1.0,quart_spread,60.1115,36284.722150039386,1222.015138422157,-3429.4828427268485,6046.493014349539,673640.0,676820.2885786373,0.1031853691497382,1105285.0
Sultan Room Rooftop,2025,reel,cote,20 grosses soirees,0.6,mid,9.322,4826.427954755885,712.8389683210378,-896.6530546312482,2563.8420764855437,673640.0,674554.3296120549,0.024289869256537422,1105285.0
Sultan Room Rooftop,2025,reel,cote,20 grosses soirees,0.6,quart_spread,9.322,5362.467891510692,176.79903156623047,-1406.0007831187831,1896.3320961476413,673640.0,673962.9867602183,0.02077790479662145,1105285.0
Sultan Room Rooftop,2025,reel,cote,20 grosses soirees,1.0,mid,9.322,8044.046591259808,1188.0649472017292,-1494.4217577187082,4273.070127475983,673640.0,675349.6791207307,0.037794239384705275,1105285.0
Sultan Room Rooftop,2025,reel,cote,20 grosses soirees,1.0,quart_spread,9.322,8937.446485851153,294.66505261038344,-2343.3346385313052,3160.553493579325,673640.0,674378.4935731455,0.03228482377316555,1105285.0
Sultan Room Rooftop,2025,reel,prevision soir,toutes les soirees,0.6,mid,60.1115,16547.4203002248,3381.793519462698,416.8586331271974,7229.574095470865,673640.0,678171.7261694415,0.07359541347257903,1105285.0
Sultan Room Rooftop,2025,reel,prevision soir,toutes les soirees,0.6,quart_spread,60.1115,18315.448082883395,1613.7657368041046,-662.5609001022706,4277.526342552997,673640.0,676216.6264099119,0.05307167766898613,1105285.0
Sultan Room Rooftop,2025,reel,prevision soir,toutes les soirees,1.0,mid,60.1115,27579.033833708,5636.322532437831,694.7643885452911,12049.290159118033,673640.0,681074.0494914084,0.11194176615434781,1105285.0
Sultan Room Rooftop,2025,reel,prevision soir,toutes les soirees,1.0,quart_spread,60.1115,30525.746804805658,2689.6095613401726,-1104.2681668371574,7129.210570921702,673640.0,677883.066363749,0.08305338544127128,1105285.0
Sultan Room Rooftop,2025,reel,prevision soir,20 grosses soirees,0.6,mid,9.322,4070.826551382357,832.8125845551411,-706.9498761445284,2823.41766492332,673640.0,674887.1575460833,0.021710731808710748,1105285.0
Sultan Room Rooftop,2025,reel,prevision soir,20 grosses soirees,0.6,quart_spread,9.322,4513.96252498392,389.6766109535802,-991.0674177468318,1984.9496291592534,673640.0,674102.4991076703,0.01538040669571561,1105285.0
Sultan Room Rooftop,2025,reel,prevision soir,20 grosses soirees,1.0,mid,9.322,6784.710918970596,1388.0209742585696,-1178.2497935741762,4705.696108205574,673640.0,675817.4616299479,0.0332065758873783,1105285.0
Sultan Room Rooftop,2025,reel,prevision soir,20 grosses soirees,1.0,quart_spread,9.322,7523.2708749732,649.4610182559661,-1651.7790295780926,3308.2493819319775,673640.0,674760.9548924024,0.023633412508936802,1105285.0
Sultan Room Rooftop,2025,reel,cote + prevision soir,toutes les soirees,0.6,mid,60.1115,17846.2123065769,4152.439618385219,1053.0824298128196,7982.901910833858,673640.0,678917.302348175,0.06911700717268221,1105285.0
Sultan Room Rooftop,2025,reel,cote + prevision soir,toutes les soirees,0.6,quart_spread,60.1115,19474.3057256787,2524.346199283419,332.33986747529997,5218.812317875499,673640.0,677122.465937488,0.051083167636814975,1105285.0
Sultan Room Rooftop,2025,reel,cote + prevision soir,toutes les soirees,1.0,mid,60.1115,29743.687177628166,6920.7326973087,1755.13738302133,13304.836518056467,673640.0,682294.4772853565,0.10416680162615921,1105285.0
Sultan Room Rooftop,2025,reel,cote + prevision soir,toutes les soirees,1.0,quart_spread,60.1115,32457.1762094645,4207.243665472369,553.8997791255009,8698.020529792493,673640.0,679256.2469971757,0.07963375656153171,1105285.0
Sultan Room Rooftop,2025,reel,cote + prevision soir,20 grosses soirees,0.6,mid,9.322,4392.683589737825,1019.8883848833882,-679.4260997045785,2992.8658082594648,673640.0,674966.1130413873,0.020164931711745493,1105285.0
Sultan Room Rooftop,2025,reel,cote + prevision soir,20 grosses soirees,0.6,quart_spread,9.322,4800.636886906386,611.9350877148279,-901.0667009166209,2192.843635968247,673640.0,674309.9994147902,0.014646364710101167,1105285.0
Sultan Room Rooftop,2025,reel,cote + prevision soir,20 grosses soirees,1.0,mid,9.322,7321.139316229708,1699.8139748056465,-1132.3768328409642,4988.109680432403,673640.0,675750.7110072153,0.030503969652020513,1105285.0
Sultan Room Rooftop,2025,reel,cote + prevision soir,20 grosses soirees,1.0,quart_spread,9.322,8001.061478177309,1019.8918128580453,-1501.7778348610736,3654.7393932804493,673640.0,675097.7616686862,0.02234855795814361,1105285.0
Sultan Room Rooftop,2025,reel,"cote + prevision soir, en echantillon",toutes les soirees,0.6,mid,60.1115,20130.23684384376,3750.801893739492,298.9835593076714,7744.4120466285485,673640.0,679420.3055225641,0.10180887398293215,1105285.0
Sultan Room Rooftop,2025,reel,"cote + prevision soir, en echantillon",toutes les soirees,0.6,quart_spread,60.1115,22182.34470675575,1698.6940308274968,-895.7210421900264,4564.9584603955755,673640.0,676815.9445097225,0.07925325669767513,1105285.0
Sultan Room Rooftop,2025,reel,"cote + prevision soir, en echantillon",toutes les soirees,1.0,mid,60.1115,33550.3947397396,6251.33648956582,498.30593217945426,12907.353411047618,673640.0,682308.9163779351,0.15692590846583,1105285.0
Sultan Room Rooftop,2025,reel,"cote + prevision soir, en echantillon",toutes les soirees,1.0,quart_spread,60.1115,36970.57451125958,2831.1567180458296,-1492.868403650043,7608.2641006593285,673640.0,678523.0034975064,0.12518133905893047,1105285.0
Sultan Room Rooftop,2025,reel,"cote + prevision soir, en echantillon",20 grosses soirees,0.6,mid,9.322,4945.944351707987,917.4223802267444,-964.0738908685423,3245.527156608831,673640.0,675131.2383538103,0.03251236630297749,1105285.0
Sultan Room Rooftop,2025,reel,"cote + prevision soir, en echantillon",20 grosses soirees,0.6,quart_spread,9.322,5457.042913273765,406.3238186609649,-1352.301155779889,2352.7575209712695,673640.0,674232.113191343,0.02490011880451448,1105285.0
Sultan Room Rooftop,2025,reel,"cote + prevision soir, en echantillon",20 grosses soirees,1.0,mid,9.322,8243.24058617998,1529.0373003779064,-1606.789818114275,5409.211927681348,673640.0,675707.4417971125,0.05027502473680501,1105285.0
Sultan Room Rooftop,2025,reel,"cote + prevision soir, en echantillon",20 grosses soirees,1.0,quart_spread,9.322,9095.071522122942,677.206364434944,-2253.8352596332234,3921.2625349521168,673640.0,674805.5340291148,0.03868884394940064,1105285.0
Sultan Room Rooftop,2026,reel,constante (FP moyen),toutes les soirees,0.6,mid,108.7695,36970.7832163548,1832.9326208792386,-4538.952052516246,8484.236222983407,566277.5,570625.2284611495,0.11974678384879411,957767.0
Sultan Room Rooftop,2026,parfait,constante (FP moyen),toutes les soirees,0.6,mid,108.7695,38265.47985889501,9153.527841104999,-9979.476035302281,30797.375145055954,566277.5,591321.009755025,0.7345709327871641,957767.0
Sultan Room Rooftop,2026,reel,constante (FP moyen),toutes les soirees,0.6,quart_spread,108.7695,42378.026362127406,-3574.3105248933657,-10089.011268907158,3291.5019452962515,566277.5,564947.5127042284,0.11665841264576948,957767.0
Sultan Room Rooftop,2026,reel,constante (FP moyen),toutes les soirees,1.0,mid,108.7695,61617.97202725801,3054.8877014653985,-7564.920087526965,14140.393704972457,566277.5,572909.5386364268,0.16616106423793797,957767.0
Sultan Room Rooftop,2026,parfait,constante (FP moyen),toutes les soirees,1.0,mid,108.7695,63775.799764825,15255.879735174998,-16632.460058837176,51328.9585750933,566277.5,603411.0316378187,0.8947197747700165,957767.0
Sultan Room Rooftop,2026,reel,constante (FP moyen),toutes les soirees,1.0,quart_spread,108.7695,70630.04393687902,-5957.18420815561,-16815.01878151182,5485.836575493865,566277.5,563460.0141941187,0.159981986499816,957767.0
Sultan Room Rooftop,2026,reel,constante (FP moyen),20 grosses soirees,0.6,mid,19.064,10564.522781057269,424.2192109640068,-3516.2122231645308,4678.265571516656,566277.5,567659.7763647073,0.031219757368780354,957767.0
Sultan Room Rooftop,2026,parfait,constante (FP moyen),20 grosses soirees,0.6,mid,19.064,10934.737882201549,2654.4671177984524,-8455.071306105147,15306.917752601461,566277.5,572799.3453936068,0.2505925444216255,957767.0
Sultan Room Rooftop,2026,reel,constante (FP moyen),20 grosses soirees,0.6,quart_spread,19.064,12101.189593291312,-1112.4476012700345,-5238.319952710794,3218.5295050655645,566277.5,566363.1956151574,0.030752794770919523,957767.0
Sultan Room Rooftop,2026,reel,constante (FP moyen),20 grosses soirees,1.0,mid,19.064,17607.537968428784,707.0320182733435,-5860.353705274218,7797.109285861021,566277.5,567944.6328097486,0.03894015251174421,957767.0
Sultan Room Rooftop,2026,parfait,constante (FP moyen),20 grosses soirees,1.0,mid,19.064,18224.56313700258,4424.111862997418,-14091.785510175285,25511.529587669105,566277.5,576449.4502761624,0.31050952608907856,957767.0
Sultan Room Rooftop,2026,reel,constante (FP moyen),20 grosses soirees,1.0,quart_spread,19.064,20168.64932215219,-1854.0793354500602,-8730.533254517912,5364.215841775901,566277.5,565443.8192145047,0.03725708180628762,957767.0
Sultan Room Rooftop,2026,reel,cote,toutes les soirees,0.6,mid,108.7695,44113.89558801389,2974.087149843252,-5335.5301726413245,11539.62661400065,566277.5,572473.0541297387,0.14043811089365454,957767.0
Sultan Room Rooftop,2026,reel,cote,toutes les soirees,0.6,quart_spread,108.7695,50776.41324332282,-3688.4305054656757,-12127.907375245606,5139.436400522863,566277.5,565479.8276866766,0.1388452457196322,957767.0
Sultan Room Rooftop,2026,reel,cote,toutes les soirees,1.0,mid,108.7695,73523.15931335649,4956.81191640542,-8892.550287735541,19232.711023334457,566277.5,574863.8240839035,0.1772369738522347,957767.0
Sultan Room Rooftop,2026,reel,cote,toutes les soirees,1.0,quart_spread,108.7695,84627.35540553802,-6147.384175776126,-20213.178958742712,8565.727334204774,566277.5,563747.1162628175,0.17245416727338658,957767.0
Sultan Room Rooftop,2026,reel,cote,20 grosses soirees,0.6,mid,19.064,12607.078860875763,730.2928141242376,-4377.8998013462315,6281.54669979682,566277.5,568012.2143740888,0.035842714588710134,957767.0
Sultan Room Rooftop,2026,reel,cote,20 grosses soirees,0.6,quart_spread,19.064,14498.011018250761,-1160.6393432507614,-6485.460763325367,4471.462610571536,566277.5,566105.5354233325,0.03650575855155691,957767.0
Sultan Room Rooftop,2026,reel,cote,20 grosses soirees,1.0,mid,19.064,21011.798101459604,1217.1546902070615,-7296.499668910462,10469.244499661441,566277.5,568555.4439811042,0.03748306415776004,957767.0
Sultan Room Rooftop,2026,reel,cote,20 grosses soirees,1.0,quart_spread,19.064,24163.351697084607,-1934.398905417936,-10809.101272208873,7452.437684285933,566277.5,564832.8841946428,0.03725764449627533,957767.0
Sultan Room Rooftop,2026,reel,prevision soir,toutes les soirees,0.6,mid,108.7695,33804.54138394488,6930.484361367616,1202.7675945093536,12947.600691879345,566277.5,575665.3203344494,0.1323525474720123,957767.0
Sultan Room Rooftop,2026,reel,prevision soir,toutes les soirees,0.6,quart_spread,108.7695,37093.94570508785,3641.0800402246487,-1611.2888948213513,9120.825486171894,566277.5,572297.9233181872,0.11176039947300853,957767.0
Sultan Room Rooftop,2026,reel,prevision soir,toutes les soirees,1.0,mid,108.7695,56340.902306574804,11550.807268946026,2004.6126575155504,21579.334486465574,566277.5,581512.3529080673,0.19307486580870603,957767.0
Sultan Room Rooftop,2026,reel,prevision soir,toutes les soirees,1.0,quart_spread,108.7695,61823.24284181309,6068.466733707746,-2685.4814913689565,15201.375810286416,566277.5,575542.2138882467,0.1632998360885608,957767.0
Sultan Room Rooftop,2026,reel,prevision soir,20 grosses soirees,0.6,mid,19.064,9616.426902041823,1924.5997432706756,-1599.1796550258791,5713.138659086193,566277.5,569383.4544403211,0.042457519064951765,957767.0
Sultan Room Rooftop,2026,reel,prevision soir,20 grosses soirees,0.6,quart_spread,19.064,10544.38266430354,996.6439810089586,-2459.629112506597,4498.590658610788,566277.5,568362.1349000046,0.0344135980365079,957767.0
Sultan Room Rooftop,2026,reel,prevision soir,20 grosses soirees,1.0,mid,19.064,16027.378170069705,3207.66623878446,-2665.2994250430957,9521.89776514373,566277.5,570644.2040046128,0.06055349820410594,957767.0
Sultan Room Rooftop,2026,reel,prevision soir,20 grosses soirees,1.0,quart_spread,19.064,17573.971107172572,1661.0733016815977,-4099.381854177549,7497.651097684687,566277.5,569091.5269880146,0.04812325396541928,957767.0
Sultan Room Rooftop,2026,reel,cote + prevision soir,toutes les soirees,0.6,mid,108.7695,40589.859133149985,4973.296704350022,-2813.714319675433,13393.26680847115,566277.5,573929.731138404,0.1395758825670662,957767.0
Sultan Room Rooftop,2026,reel,cote + prevision soir,toutes les soirees,0.6,quart_spread,108.7695,45355.91282923747,207.2430082625223,-7329.883973606743,8085.80721830092,566277.5,568793.2521243007,0.12383964784043855,957767.0
Sultan Room Rooftop,2026,reel,cote + prevision soir,toutes les soirees,1.0,mid,108.7695,67649.76522191663,8288.827840583368,-4689.523866125685,22322.111347452028,566277.5,578177.2938966433,0.18052096975056453,957767.0
Sultan Room Rooftop,2026,reel,cote + prevision soir,toutes les soirees,1.0,quart_spread,108.7695,75593.18804872912,345.4050137708709,-12216.473289344533,13476.34536383483,566277.5,570045.3522130001,0.15989238181923837,957767.0
Sultan Room Rooftop,2026,reel,cote + prevision soir,20 grosses soirees,0.6,mid,19.064,11549.042097054546,1355.8444779454535,-3290.2397932075137,6568.900690808772,566277.5,568639.53494128,0.04436105589564243,957767.0
Sultan Room Rooftop,2026,reel,cote + prevision soir,20 grosses soirees,0.6,quart_spread,19.064,12899.088302210797,5.798272789203503,-4634.530142103703,4844.290843905628,566277.5,567245.4417614653,0.038192654396201675,957767.0
Sultan Room Rooftop,2026,reel,cote + prevision soir,20 grosses soirees,1.0,mid,19.064,19248.403495090908,2259.7407965757566,-5483.732988679153,10948.167818014617,566277.5,569710.9996096188,0.05571597011950624,957767.0
Sultan Room Rooftop,2026,reel,cote + prevision soir,20 grosses soirees,1.0,quart_spread,19.064,21498.480503684663,9.66378798200772,-7724.216903506211,8073.818073176045,566277.5,567475.3602520485,0.046221605146877565,957767.0
Sultan Room Rooftop,2026,reel,"cote + prevision soir, en echantillon",toutes les soirees,0.6,mid,108.7695,42793.94815716488,6015.46311263199,-1015.7328285812574,13168.963095294046,566277.5,575405.83929599,0.16870325754463478,957767.0
Sultan Room Rooftop,2026,reel,"cote + prevision soir, en echantillon",toutes les soirees,0.6,quart_spread,108.7695,46549.0242266974,2260.3870430994707,-4289.560704266597,8972.881956058736,566277.5,571280.8821647716,0.13936375769756137,957767.0
Sultan Room Rooftop,2026,reel,"cote + prevision soir, en echantillon",toutes les soirees,1.0,mid,108.7695,71323.24692860813,10025.77185438665,-1692.888047635503,21948.27182549023,566277.5,581122.3027730733,0.24043291161640656,957767.0
Sultan Room Rooftop,2026,reel,"cote + prevision soir, en echantillon",toutes les soirees,1.0,quart_spread,108.7695,77581.70704449568,3767.3117384991197,-7149.267840444363,14954.803260097931,566277.5,574082.050918891,0.19649844661859683,957767.0
Sultan Room Rooftop,2026,reel,"cote + prevision soir, en echantillon",20 grosses soirees,0.6,mid,19.064,12191.754896457509,1673.1208825343317,-2678.1012810613465,5934.866422338804,566277.5,569129.2198841417,0.05796104268444702,957767.0
Sultan Room Rooftop,2026,reel,"cote + prevision soir, en echantillon",20 grosses soirees,0.6,quart_spread,19.064,13253.825285746187,611.0504932456536,-3750.3645804700473,4634.493969594322,566277.5,567856.1028591956,0.04591214619150319,957767.0
Sultan Room Rooftop,2026,reel,"cote + prevision soir, en echantillon",20 grosses soirees,1.0,mid,19.064,20319.591494095846,2788.534804223887,-4463.502135102206,9891.444037231378,566277.5,570501.7237338895,0.08233150364580555,957767.0
Sultan Room Rooftop,2026,reel,"cote + prevision soir, en echantillon",20 grosses soirees,1.0,quart_spread,19.064,22089.70880957698,1018.417488742755,-6250.607634116709,7724.156615990538,566277.5,568589.3894159035,0.06280270187513748,957767.0
Eagle NYC,2025,reel,constante (FP moyen),toutes les soirees,0.6,mid,69.321,30170.56819265983,98.10968400683743,-6278.481523910957,6943.36641772259,1354179.0,1357934.6167703937,0.08447072685295065,2053194.0
Eagle NYC,2025,parfait,constante (FP moyen),toutes les soirees,0.6,mid,69.321,31140.1038628499,16714.311987150097,-4843.212121892395,42978.16877872997,1354179.0,1383699.9360867748,0.37268459119083597,2053194.0
Eagle NYC,2025,reel,constante (FP moyen),toutes les soirees,0.6,quart_spread,69.321,34326.022446043164,-4057.3445693764975,-10534.08879856452,2639.9641667900855,1354179.0,1353658.9701895607,0.07133743622305544,2053194.0
Eagle NYC,2025,reel,constante (FP moyen),toutes les soirees,1.0,mid,69.321,50284.280321099715,163.51614001139555,-10464.135873184772,11572.277362870907,1354179.0,1359407.0495652482,0.1259643756513641,2053194.0
Eagle NYC,2025,parfait,constante (FP moyen),toutes les soirees,1.0,mid,69.321,51900.17310474985,27857.186645250156,-8072.020203154063,71630.28129788335,1354179.0,1397636.391811954,0.44327812679817613,2053194.0
Eagle NYC,2025,reel,constante (FP moyen),toutes les soirees,1.0,quart_spread,69.321,57210.03741007193,-6762.240948960826,-17556.814664274054,4399.94027798355,1354179.0,1352526.7606880984,0.1041770200109905,2053194.0
Eagle NYC,2025,reel,constante (FP moyen),20 grosses soirees,0.6,mid,9.1725,6508.604676922378,12.323069744289038,-3351.923875974922,3477.3711884881363,1354179.0,1355173.3385335847,0.02839780429232941,2053194.0
Eagle NYC,2025,parfait,constante (FP moyen),20 grosses soirees,0.6,mid,9.1725,6717.937300658038,3783.0979993419637,-7649.658642920986,18557.90372086961,1354179.0,1362515.150863843,0.11272592918060265,2053194.0
Eagle NYC,2025,reel,constante (FP moyen),20 grosses soirees,0.6,quart_spread,9.1725,7433.100106355711,-912.1723596890478,-4472.041264493845,2561.3761486342632,1354179.0,1354407.4002958625,0.023018017942594282,2053194.0
Eagle NYC,2025,reel,constante (FP moyen),20 grosses soirees,1.0,mid,9.1725,10847.674461537294,20.53844957381417,-5586.539793291607,5795.618647480377,1354179.0,1356499.2525862837,0.0436219607158459,2053194.0
Eagle NYC,2025,parfait,constante (FP moyen),20 grosses soirees,1.0,mid,9.1725,11196.562167763395,6305.163332236603,-12749.431071535055,30929.839534782834,1354179.0,1366934.0960944076,0.12772148941853678,2053194.0
Eagle NYC,2025,reel,constante (FP moyen),20 grosses soirees,1.0,quart_spread,9.1725,12388.50017725952,-1520.2872661484082,-7453.402107489668,4268.9602477238495,1354179.0,1354992.4301348298,0.03442494297290999,2053194.0
Eagle NYC,2025,reel,cote,toutes les soirees,0.6,mid,69.321,32758.169867582023,3931.1243362641244,-798.7518096912652,9132.03459143721,1354179.0,1360236.7043749264,0.07080113938346255,2053194.0
Eagle NYC,2025,reel,cote,toutes les soirees,0.6,quart_spread,69.321,36364.56628132241,324.7279225237415,-3925.9560076211405,4688.280478579054,1354179.0,1356062.3151874226,0.05483557368166825,2053194.0
Eagle NYC,2025,reel,cote,toutes les soirees,1.0,mid,69.321,54596.94977930338,6551.873893773542,-1331.2530161518837,15220.057652395204,1354179.0,1364381.8668351178,0.10993288709039373,2053194.0
Eagle NYC,2025,reel,cote,toutes les soirees,1.0,quart_spread,69.321,60607.610468870684,541.2132042062341,-6543.2600127019805,7813.80079763153,1354179.0,1357846.4610656544,0.0853437547969833,2053194.0
Eagle NYC,2025,reel,cote,20 grosses soirees,0.6,mid,9.1725,7069.208264642899,846.9821853571004,-1752.6499774228955,3571.909200991584,1354179.0,1355920.376195157,0.024399956399950407,2053194.0
Eagle NYC,2025,reel,cote,20 grosses soirees,0.6,quart_spread,9.1725,7872.152104835207,44.03834516479448,-2579.0263224963796,2491.612651976496,1354179.0,1355111.3626460773,0.01759165934595719,2053194.0
Eagle NYC,2025,reel,cote,20 grosses soirees,1.0,mid,9.1725,11782.013774404832,1411.6369755951719,-2921.0832957047505,5953.182001652718,1354179.0,1357426.2327931419,0.03834016363361681,2053194.0
Eagle NYC,2025,reel,cote,20 grosses soirees,1.0,quart_spread,9.1725,13120.253508058679,73.39724194132408,-4298.377204160631,4152.687753294162,1354179.0,1355728.5963734423,0.02732462622642451,2053194.0
Eagle NYC,2025,reel,prevision soir,toutes les soirees,0.6,mid,69.321,27443.836038161317,5919.424284026181,1117.8516227322805,12136.633434784664,1354179.0,1362194.5731742196,0.08504185361085281,2053194.0
Eagle NYC,2025,reel,prevision soir,toutes les soirees,0.6,quart_spread,69.321,30462.515356562875,2900.74496562462,-730.7495425754344,7205.075868150325,1354179.0,1358472.22917584,0.05451152641298984,2053194.0
Eagle NYC,2025,reel,prevision soir,toutes les soirees,1.0,mid,69.321,45739.72673026886,9865.707140043638,1863.0860378872835,20227.722391307772,1354179.0,1367592.629146265,0.13167947143566028,2053194.0
Eagle NYC,2025,reel,prevision soir,toutes les soirees,1.0,quart_spread,69.321,50770.85892760479,4834.574942707702,-1217.9159042926156,12008.459780250545,1354179.0,1361545.1831001553,0.08597517068574878,2053194.0
Eagle NYC,2025,reel,prevision soir,20 grosses soirees,0.6,mid,9.1725,6041.783967632271,1310.17103174273,-1174.2613954640226,4612.008206983568,1354179.0,1356220.6749311234,0.027389541762022462,2053194.0
Eagle NYC,2025,reel,prevision soir,20 grosses soirees,0.6,quart_spread,9.1725,6756.159998718209,595.7950006567951,-1614.309161915799,3020.327507016579,1354179.0,1355402.2157866678,0.016122286837221167,2053194.0
Eagle NYC,2025,reel,prevision soir,20 grosses soirees,1.0,mid,9.1725,10069.639946053789,2183.6183862378834,-1957.1023257733673,7686.680344972387,1354179.0,1357660.7469815242,0.04292438725214209,2053194.0
Eagle NYC,2025,reel,prevision soir,20 grosses soirees,1.0,quart_spread,9.1725,11260.26666453035,992.9916677613164,-2690.5152698598163,5033.8791783609695,1354179.0,1355849.4145112224,0.02525424046574154,2053194.0
Eagle NYC,2025,reel,cote + prevision soir,toutes les soirees,0.6,mid,69.321,29537.703622273562,7083.02498140068,2279.3241274663715,13209.95142291501,1354179.0,1363232.9496121763,0.07559807767462912,2053194.0
Eagle NYC,2025,reel,cote + prevision soir,toutes les soirees,0.6,quart_spread,69.321,32328.3034083711,4292.42519530314,926.7486560786667,8346.206077372392,1354179.0,1359555.198947073,0.04720438643814939,2053194.0
Eagle NYC,2025,reel,cote + prevision soir,toutes les soirees,1.0,mid,69.321,49229.5060371226,11805.041635667802,3798.8735457772855,22016.585704858357,1354179.0,1370025.926785734,0.11613236159126428,2053194.0
Eagle NYC,2025,reel,cote + prevision soir,toutes les soirees,1.0,quart_spread,69.321,53880.505680618495,7154.041992171904,1544.5810934646695,13910.343462287246,1354179.0,1363497.729286659,0.0740152752699409,2053194.0
Eagle NYC,2025,reel,cote + prevision soir,20 grosses soirees,0.6,mid,9.1725,6497.892974103038,1552.8182783969573,-1022.28440535377,4792.09242612647,1354179.0,1356314.467919951,0.024229252974894866,2053194.0
Eagle NYC,2025,reel,cote + prevision soir,20 grosses soirees,0.6,quart_spread,9.1725,7157.675848814211,893.0354036857875,-1427.214486833429,3278.448064247239,1354179.0,1355841.7249972094,0.01441871235590686,2053194.0
Eagle NYC,2025,reel,cote + prevision soir,20 grosses soirees,1.0,mid,9.1725,10829.821623505064,2588.0304639949345,-1703.807342256361,7986.820710210629,1354179.0,1357932.4868419932,0.03762042770462026,2053194.0
Eagle NYC,2025,reel,cote + prevision soir,20 grosses soirees,1.0,quart_spread,9.1725,11929.459748023688,1488.3923394763162,-2378.690811388893,5464.0801070786565,1354179.0,1356440.3463758563,0.022377525720428615,2053194.0
Eagle NYC,2025,reel,"cote + prevision soir, en echantillon",toutes les soirees,0.6,mid,69.321,33829.46961902059,5981.54286888317,798.4501182792476,12761.24464287628,1354179.0,1362155.2431010308,0.09961540682089054,2053194.0
Eagle NYC,2025,reel,"cote + prevision soir, en echantillon",toutes les soirees,0.6,quart_spread,69.321,37361.55309317787,2449.4593947258913,-1594.242947616597,6916.070864870645,1354179.0,1358546.5368694824,0.0688573170291894,2053194.0
Eagle NYC,2025,reel,"cote + prevision soir, en echantillon",toutes les soirees,1.0,mid,69.321,56382.449365034314,9969.238114805288,1330.7501971323102,21268.74107146047,1354179.0,1369072.7974898978,0.1546205161699763,2053194.0
Eagle NYC,2025,reel,"cote + prevision soir, en echantillon",toutes les soirees,1.0,quart_spread,69.321,62269.25515529645,4082.432324543153,-2657.0715793607696,11526.784774784555,1354179.0,1361304.6697131055,0.1089445853643235,2053194.0
Eagle NYC,2025,reel,"cote + prevision soir, en echantillon",20 grosses soirees,0.6,mid,9.1725,7438.759913490718,1362.536330914875,-1675.6898710186301,5001.972330478115,1354179.0,1356164.9153775373,0.033239822429134036,2053194.0
Eagle NYC,2025,reel,"cote + prevision soir, en echantillon",20 grosses soirees,0.6,quart_spread,9.1725,8260.802576001499,540.4936684040968,-2162.7793810589237,3337.3080640357507,1354179.0,1355552.98940747,0.021688986743710004,2053194.0
Eagle NYC,2025,reel,"cote + prevision soir, en echantillon",20 grosses soirees,1.0,mid,9.1725,12397.933189151196,2270.893884858127,-2792.816451697721,8336.620550796784,1354179.0,1358586.3078436835,0.05176001826367371,2053194.0
Eagle NYC,2025,reel,"cote + prevision soir, en echantillon",20 grosses soirees,1.0,quart_spread,9.1725,13768.00429333583,900.8227806734905,-3604.632301764877,5562.180106726404,1354179.0,1356157.3224821321,0.03373451789256354,2053194.0
Eagle NYC,2026,reel,constante (FP moyen),toutes les soirees,0.6,mid,127.7985,68921.41722277417,5361.736192119464,-4507.5149995743295,16320.770371239641,1148641.5,1155210.2682733976,0.09471472265299241,1784092.0
Eagle NYC,2026,parfait,constante (FP moyen),toutes les soirees,0.6,mid,127.7985,71404.5548436582,16553.9162063418,-16212.015583393566,52337.0000020145,1148641.5,1192214.060507181,0.7149399130057853,1784092.0
Eagle NYC,2026,reel,constante (FP moyen),toutes les soirees,0.6,quart_spread,127.7985,78695.90530417973,-4412.751889286122,-15024.941874598642,6459.953609095656,1148641.5,1144659.1534607816,0.08920811340834045,1784092.0
Eagle NYC,2026,reel,constante (FP moyen),toutes les soirees,1.0,mid,127.7985,114869.0287046236,8936.226986865773,-7512.524999290553,27201.283952065998,1148641.5,1160596.6468900363,0.12915818498247433,1784092.0
Eagle NYC,2026,parfait,constante (FP moyen),toutes les soirees,1.0,mid,127.7985,119007.591406097,27589.860343902998,-27020.02597232261,87228.33333669083,1148641.5,1212642.2349862552,0.8812804744579771,1784092.0
Eagle NYC,2026,reel,constante (FP moyen),toutes les soirees,1.0,quart_spread,127.7985,131159.8421736329,-7354.586482143531,-25041.569790997735,10766.589348492831,1148641.5,1143640.0160072153,0.11792147975026745,1784092.0
Eagle NYC,2026,reel,constante (FP moyen),20 grosses soirees,0.6,mid,19.253,17002.256560815506,1387.1374200355606,-4704.873442852037,7618.883881646741,1148641.5,1149909.141376585,0.036451166813392444,1784092.0
Eagle NYC,2026,parfait,constante (FP moyen),20 grosses soirees,0.6,mid,19.253,17615.547478977038,4171.708921022958,-13855.14881018608,25402.812014113653,1148641.5,1159426.9882697444,0.23320145229901712,1784092.0
Eagle NYC,2026,reel,constante (FP moyen),20 grosses soirees,0.6,quart_spread,19.253,19421.720774270292,-1032.3267934192277,-7510.4639719711795,5268.347866272697,1148641.5,1147307.6279249205,0.03327894173867818,1784092.0
Eagle NYC,2026,reel,constante (FP moyen),20 grosses soirees,1.0,mid,19.253,28337.09426802584,2311.895700059267,-7841.455738086952,12698.139802744648,1148641.5,1151840.2843341662,0.050423138746958585,1784092.0
Eagle NYC,2026,parfait,constante (FP moyen),20 grosses soirees,1.0,mid,19.253,29359.24579829507,6952.848201704931,-23091.914683643543,42338.020023522826,1148641.5,1164632.8853918673,0.289228009943306,1784092.0
Eagle NYC,2026,reel,constante (FP moyen),20 grosses soirees,1.0,quart_spread,19.253,32369.53462378382,-1720.5446556987106,-12517.439953285077,8780.579777121306,1148641.5,1147457.3930864255,0.044656719990482485,1784092.0
Eagle NYC,2026,reel,cote,toutes les soirees,0.6,mid,127.7985,80486.95275755577,7587.259713158512,-5517.721833024401,21908.38098673537,1148641.5,1157791.5685192018,0.10224030140237417,1784092.0
Eagle NYC,2026,reel,cote,toutes les soirees,0.6,quart_spread,127.7985,92520.73491810399,-4446.522447389698,-17791.03799648743,9674.598509982055,1148641.5,1145159.7499826406,0.09776121293742335,1784092.0
Eagle NYC,2026,reel,cote,toutes les soirees,1.0,mid,127.7985,134144.92126259295,12645.432855264187,-9196.203055040742,36513.968311225464,1148641.5,1165058.2025947922,0.12246735861894209,1784092.0
Eagle NYC,2026,reel,cote,toutes les soirees,1.0,quart_spread,127.7985,154201.22486350665,-7410.870745649496,-29651.72999414564,16124.330849970316,1148641.5,1144082.219712417,0.11155178529296084,1784092.0
Eagle NYC,2026,reel,cote,20 grosses soirees,0.6,mid,19.253,19908.45009296986,2006.5914470301382,-5830.212662212929,10085.559364423218,1148641.5,1150684.2660099058,0.03835916199124645,1784092.0
Eagle NYC,2026,reel,cote,20 grosses soirees,0.6,quart_spread,19.253,22888.820114469858,-973.7785744698604,-9373.124437077775,7283.747257239667,1148641.5,1147290.176287734,0.03551855890723721,1784092.0
Eagle NYC,2026,reel,cote,20 grosses soirees,1.0,mid,19.253,33180.75015494977,3344.3190783835676,-9717.021103688137,16809.265607372028,1148641.5,1153001.498517796,0.0470571350665725,1784092.0
Eagle NYC,2026,reel,cote,20 grosses soirees,1.0,quart_spread,19.253,38148.03352411643,-1622.9642907830994,-15621.87406179629,12139.578762066187,1148641.5,1147691.92352019,0.041686292906143674,1784092.0
Eagle NYC,2026,reel,prevision soir,toutes les soirees,0.6,mid,127.7985,63546.55782833955,13232.945190097944,4204.07232266395,22729.928717400657,1148641.5,1164182.2310652554,0.10657831259027484,1784092.0
Eagle NYC,2026,reel,prevision soir,toutes les soirees,0.6,quart_spread,127.7985,69093.94343512002,7685.5595833174775,-576.4411000559921,16520.167600486642,1148641.5,1157541.5632303376,0.08602240669482686,1784092.0
Eagle NYC,2026,reel,prevision soir,toutes les soirees,1.0,mid,127.7985,105910.92971389926,22054.90865016324,7006.787204439688,37883.21452900117,1148641.5,1174000.9950802554,0.1548490210813359,1784092.0
Eagle NYC,2026,reel,prevision soir,toutes les soirees,1.0,quart_spread,127.7985,115156.57239186669,12809.265972195793,-960.7351667599112,27533.612667477668,1148641.5,1164647.9390226786,0.1238195604929796,1784092.0
Eagle NYC,2026,reel,prevision soir,20 grosses soirees,0.6,mid,19.253,15760.674274259667,3284.13651949033,-2001.5438506447535,9320.475039095827,1148641.5,1151897.559412792,0.04011836172569738,1784092.0
Eagle NYC,2026,reel,prevision soir,20 grosses soirees,0.6,quart_spread,19.253,17128.405306508106,1916.4054872418953,-3097.3479702601035,7377.27798303518,1148641.5,1150551.5814600002,0.03249697496667059,1784092.0
Eagle NYC,2026,reel,prevision soir,20 grosses soirees,1.0,mid,19.253,26267.790457099447,5473.560865817219,-3335.906417741405,15534.125065159558,1148641.5,1155066.9417964472,0.059123500654573946,1784092.0
Eagle NYC,2026,reel,prevision soir,20 grosses soirees,1.0,quart_spread,19.253,28547.34217751351,3194.009145403158,-5162.246617099951,12295.463305058634,1148641.5,1151998.5571773539,0.04732601425083538,1784092.0
Eagle NYC,2026,reel,cote + prevision soir,toutes les soirees,0.6,mid,127.7985,76105.44554761877,10552.352239881218,-1774.8055702098004,23752.094246432738,1148641.5,1161945.9297101474,0.11110316975550194,1784092.0
Eagle NYC,2026,reel,cote + prevision soir,toutes les soirees,0.6,quart_spread,127.7985,84500.19924406253,2157.598543437473,-9903.598600108555,14660.79432159579,1148641.5,1152237.2780721649,0.09501712122598382,1784092.0
Eagle NYC,2026,reel,cote + prevision soir,toutes les soirees,1.0,mid,127.7985,126842.4092460313,17587.253733135363,-2958.0092836830763,39586.82374405456,1148641.5,1170275.056387613,0.14187847472548532,1784092.0
Eagle NYC,2026,reel,cote + prevision soir,toutes les soirees,1.0,quart_spread,127.7985,140833.6654067709,3595.9975723957896,-16505.997666847747,24434.657202659422,1148641.5,1155086.966456186,0.11799971184444702,1784092.0
Eagle NYC,2026,reel,cote + prevision soir,20 grosses soirees,0.6,mid,19.253,18932.63357056667,2683.6194794333223,-4110.6411249731555,10405.08050156712,1148641.5,1151397.1072233906,0.04444066873939212,1784092.0
Eagle NYC,2026,reel,cote + prevision soir,20 grosses soirees,0.6,quart_spread,19.253,21011.041277466677,605.2117725333242,-6044.01756689495,8046.981197940039,1148641.5,1149364.1725066958,0.037825981755163385,1784092.0
Eagle NYC,2026,reel,cote + prevision soir,20 grosses soirees,1.0,mid,19.253,31554.389284277797,4472.699132388871,-6851.068541622156,17341.80083594505,1148641.5,1154856.0930986358,0.06061600411681334,1784092.0
Eagle NYC,2026,reel,cote + prevision soir,20 grosses soirees,1.0,quart_spread,19.253,35018.40212911113,1008.686287555538,-10073.362611491659,13411.635329900222,1148641.5,1150879.6463113374,0.05031683893897143,1784092.0
Eagle NYC,2026,reel,"cote + prevision soir, en echantillon",toutes les soirees,0.6,mid,127.7985,80429.40254473053,11686.739475923805,439.0835187818797,22974.059183407968,1148641.5,1163551.3790689285,0.1425517377711779,1784092.0
Eagle NYC,2026,reel,"cote + prevision soir, en echantillon",toutes les soirees,0.6,quart_spread,127.7985,86762.07140960965,5354.070611044688,-5251.516550496523,15797.780418418088,1148641.5,1156128.6442671716,0.11267349537894056,1784092.0
Eagle NYC,2026,reel,"cote + prevision soir, en echantillon",toutes les soirees,1.0,mid,127.7985,134049.00424121757,19477.899126539676,731.8058646364661,38290.0986390132,1148641.5,1173454.1298778935,0.20446295644631396,1784092.0
Eagle NYC,2026,reel,"cote + prevision soir, en echantillon",toutes les soirees,1.0,quart_spread,127.7985,144603.45234934945,8923.451018407814,-8752.527584160725,26329.63403069659,1148641.5,1161919.1774172068,0.15849339504454352,1784092.0
Eagle NYC,2026,reel,"cote + prevision soir, en echantillon",20 grosses soirees,0.6,mid,19.253,20012.639831438853,2948.9786182114967,-3191.102381350787,9402.140922706561,1148641.5,1151717.0512410651,0.05288219826455354,1784092.0
Eagle NYC,2026,reel,"cote + prevision soir, en echantillon",20 grosses soirees,0.6,quart_spread,19.253,21573.201139754117,1388.4173098962285,-4836.666168675944,7582.9223926609375,1148641.5,1149854.994777287,0.042018896185832544,1784092.0
Eagle NYC,2026,reel,"cote + prevision soir, en echantillon",20 grosses soirees,1.0,mid,19.253,33354.39971906475,4914.964363685827,-5318.503968917828,15670.234871177376,1148641.5,1155465.250130415,0.07813289884665464,1784092.0
Eagle NYC,2026,reel,"cote + prevision soir, en echantillon",20 grosses soirees,1.0,quart_spread,19.253,35955.33523292353,2314.028849827053,-8061.110281126574,12638.2039877683,1148641.5,1151899.4880023985,0.060639412649086344,1784092.0
City Vineyard (Pier 26),2025,reel,constante (FP moyen),toutes les soirees,0.6,mid,69.6535,25328.760815605863,94.13278439413337,-5358.428204436734,6156.400893954942,1127567.0,1129204.2970740532,0.08955513227220269,1717640.0
City Vineyard (Pier 26),2025,parfait,constante (FP moyen),toutes les soirees,0.6,mid,69.6535,26141.974718485544,13534.957281514455,-3599.8113499011088,32624.646418268814,1127567.0,1149207.4409323905,0.39321416539501286,1717640.0
City Vineyard (Pier 26),2025,reel,constante (FP moyen),toutes les soirees,0.6,quart_spread,69.6535,28800.8677179392,-3377.974117939199,-9052.130346566672,2552.7889946649184,1127567.0,1125763.0939516732,0.07714440308181658,1717640.0
City Vineyard (Pier 26),2025,reel,constante (FP moyen),toutes les soirees,1.0,mid,69.6535,42214.601359343105,156.88797399022081,-8930.713674061,10260.668156591571,1127567.0,1130602.9377948388,0.13238285150504392,1717640.0
City Vineyard (Pier 26),2025,parfait,constante (FP moyen),toutes les soirees,1.0,mid,69.6535,43569.95786414258,22558.262135857425,-5999.6855831685125,54374.410697114465,1127567.0,1160229.8394200506,0.4837667183463058,1717640.0
City Vineyard (Pier 26),2025,reel,constante (FP moyen),toutes les soirees,1.0,quart_spread,69.6535,48001.44619656533,-5629.956863231998,-15086.883910944447,4254.648324441604,1127567.0,1124038.83893785,0.11167702426926951,1717640.0
City Vineyard (Pier 26),2025,reel,constante (FP moyen),20 grosses soirees,0.6,mid,9.1525,4634.608469276499,81.73779739016877,-2237.0364243282647,2717.903829138427,1127567.0,1127153.02305405,0.02091810477161704,1717640.0
City Vineyard (Pier 26),2025,parfait,constante (FP moyen),20 grosses soirees,0.6,mid,9.1525,4784.366541005852,2858.9014589941453,-5230.670862020017,13882.518640694921,1127567.0,1130323.984242845,0.09856516521647363,1717640.0
City Vineyard (Pier 26),2025,reel,constante (FP moyen),20 grosses soirees,0.6,quart_spread,9.1525,5290.296831609832,-573.9505649431665,-3099.7712695084338,1972.146121573354,1127567.0,1126324.3614023167,0.015960145387714175,1717640.0
City Vineyard (Pier 26),2025,reel,constante (FP moyen),20 grosses soirees,1.0,mid,9.1525,7724.347448794166,136.2296623169434,-3728.394040547259,4529.8397152305615,1127567.0,1126707.1768037612,0.031737500381578965,1717640.0
City Vineyard (Pier 26),2025,parfait,constante (FP moyen),20 grosses soirees,1.0,mid,9.1525,7973.944235009754,4764.8357649902455,-8717.784770033362,23137.53106782502,1127567.0,1132717.2063119453,0.11467726388363797,1717640.0
City Vineyard (Pier 26),2025,reel,constante (FP moyen),20 grosses soirees,1.0,quart_spread,9.1525,8817.161386016387,-956.5842749052789,-5166.285449180566,3286.9102026221094,1127567.0,1125912.011581911,0.023388762178931488,1717640.0
City Vineyard (Pier 26),2025,reel,cote,toutes les soirees,0.6,mid,69.6535,27472.107920393362,3292.460310375867,-794.1441725884331,7535.456174541426,1127567.0,1132252.1466098095,0.07478399176396378,1717640.0
City Vineyard (Pier 26),2025,reel,cote,toutes les soirees,0.6,quart_spread,69.6535,30483.246437508747,281.32179326048015,-3324.7732076826155,3814.0669774644493,1127567.0,1128819.0405739232,0.05894817487111115,1717640.0
City Vineyard (Pier 26),2025,reel,cote,toutes les soirees,1.0,mid,69.6535,45786.84653398894,5487.433850626443,-1323.573620980722,12559.093624235627,1127567.0,1135591.0572941923,0.11583751387773333,1717640.0
City Vineyard (Pier 26),2025,reel,cote,toutes les soirees,1.0,quart_spread,69.6535,50805.41072918125,468.8696554341362,-5541.288679471176,6356.778295774082,1127567.0,1129893.7874692692,0.09160470692783285,1717640.0
City Vineyard (Pier 26),2025,reel,cote,20 grosses soirees,0.6,mid,9.1525,5073.411839680846,656.1517757037666,-1147.0561950577714,2691.28681661245,1127567.0,1127816.8742336538,0.017794954575494626,1717640.0
City Vineyard (Pier 26),2025,reel,cote,20 grosses soirees,0.6,quart_spread,9.1525,5646.951091988538,82.61252339607839,-1690.3907966192405,1856.135921068209,1127567.0,1127011.1349324463,0.011626728633133743,1717640.0
City Vineyard (Pier 26),2025,reel,cote,20 grosses soirees,1.0,mid,9.1525,8455.686399468077,1093.5862928396175,-1911.7603250961342,4485.478027687494,1127567.0,1128130.401079654,0.027739943264563083,1717640.0
City Vineyard (Pier 26),2025,reel,cote,20 grosses soirees,1.0,quart_spread,9.1525,9411.58515331423,137.68753899346234,-2817.317994365323,3093.559868447172,1127567.0,1126996.174019654,0.017767042563726076,1717640.0
City Vineyard (Pier 26),2025,reel,prevision soir,toutes les soirees,0.6,mid,69.6535,23049.289237830704,4943.70687466929,999.2497073320789,10173.86225134129,1127567.0,1133534.352059844,0.0942056461357017,1717640.0
City Vineyard (Pier 26),2025,reel,prevision soir,toutes les soirees,0.6,quart_spread,69.6535,25540.334496486954,2452.661616013039,-361.4253432440222,5864.410432022699,1127567.0,1130566.3759885465,0.061835929104683385,1717640.0
City Vineyard (Pier 26),2025,reel,prevision soir,toutes les soirees,1.0,mid,69.6535,38415.48206305118,8239.51145778215,1665.4161788867962,16956.437085568898,1127567.0,1137983.765401015,0.14654270378931666,1717640.0
City Vineyard (Pier 26),2025,reel,prevision soir,toutes les soirees,1.0,quart_spread,69.6535,42567.2241608116,4087.7693600217335,-602.3755720733723,9774.017386704574,1127567.0,1132355.5212938443,0.098020461569708,1717640.0
City Vineyard (Pier 26),2025,reel,prevision soir,20 grosses soirees,0.6,mid,9.1525,4397.469860648187,959.2643518518096,-774.8270561250392,3481.0970308599553,1127567.0,1128337.3489656125,0.023937673783483437,1717640.0
City Vineyard (Pier 26),2025,reel,prevision soir,20 grosses soirees,0.6,quart_spread,9.1525,4911.954552023188,444.77966047681565,-1055.134982578497,2184.4628019626475,1127567.0,1127365.0590666889,0.012725139099539096,1717640.0
City Vineyard (Pier 26),2025,reel,prevision soir,20 grosses soirees,1.0,mid,9.1525,7329.116434413645,1598.7739197530225,-1291.3784268749878,5801.82838476667,1127567.0,1128866.8475794978,0.037676897170749846,1717640.0
City Vineyard (Pier 26),2025,reel,prevision soir,20 grosses soirees,1.0,quart_spread,9.1525,8186.590920038645,741.2994341280244,-1758.5583042976505,3640.7713366044145,1127567.0,1127447.3588200335,0.01994430902378308,1717640.0
City Vineyard (Pier 26),2025,reel,cote + prevision soir,toutes les soirees,0.6,mid,69.6535,24805.34074372032,5937.150441128165,1909.2547592996737,10990.013258496252,1127567.0,1134860.8588416176,0.08471817307424467,1717640.0
City Vineyard (Pier 26),2025,reel,cote + prevision soir,toutes les soirees,0.6,quart_spread,69.6535,27104.590100822592,3637.9010840258925,898.665471549955,6908.46773331812,1127567.0,1131681.1148987361,0.05435021870947432,1717640.0
City Vineyard (Pier 26),2025,reel,cote + prevision soir,toutes les soirees,1.0,mid,69.6535,41342.2345728672,9895.250735213607,3182.0912654993067,18316.68876416027,1127567.0,1139098.0615700514,0.1309737541216116,1717640.0
City Vineyard (Pier 26),2025,reel,cote + prevision soir,toutes les soirees,1.0,quart_spread,69.6535,45174.316834704325,6063.168473376488,1497.77578591652,11514.112888863681,1127567.0,1134393.3008268909,0.0858626431889592,1717640.0
City Vineyard (Pier 26),2025,reel,cote + prevision soir,20 grosses soirees,0.6,mid,9.1525,4768.761864666017,1141.3293216976235,-725.5843694999348,3485.342148606919,1127567.0,1128484.51076405,0.021440323930362326,1717640.0
City Vineyard (Pier 26),2025,reel,cote + prevision soir,20 grosses soirees,0.6,quart_spread,9.1525,5247.716218681167,662.374967682472,-1023.1145031332853,2406.635204009381,1127567.0,1127632.3612289636,0.011587031549339377,1717640.0
City Vineyard (Pier 26),2025,reel,cote + prevision soir,20 grosses soirees,1.0,mid,9.1525,7947.936441110028,1902.2155361627038,-1209.307282499969,5808.903581011385,1127567.0,1128890.7470037416,0.0335154500809699,1717640.0
City Vineyard (Pier 26),2025,reel,cote + prevision soir,20 grosses soirees,1.0,quart_spread,9.1525,8746.193697801948,1103.958279470783,-1705.1908385555494,4011.058673349044,1127567.0,1127627.1252595473,0.01804167758235753,1717640.0
City Vineyard (Pier 26),2025,reel,"cote + prevision soir, en echantillon",toutes les soirees,0.6,mid,69.6535,28350.530593570507,4965.0758666359525,527.8348628561828,10342.941854068415,1127567.0,1134148.2331669992,0.10731001811355045,1717640.0
City Vineyard (Pier 26),2025,reel,"cote + prevision soir, en echantillon",toutes les soirees,0.6,quart_spread,69.6535,31265.18656022802,2050.4198999784394,-1293.2516342597373,5532.32718657422,1127567.0,1130848.5717648903,0.07533650165873496,1717640.0
City Vineyard (Pier 26),2025,reel,"cote + prevision soir, en echantillon",toutes les soirees,1.0,mid,69.6535,47250.884322617516,8275.12644439325,879.7247714268975,17238.236423447204,1127567.0,1138264.16961379,0.16689122077955731,1717640.0
City Vineyard (Pier 26),2025,reel,"cote + prevision soir, en echantillon",toutes les soirees,1.0,quart_spread,69.6535,52108.64426704671,3417.3664999640673,-2155.419390432897,9220.54531095719,1127567.0,1132817.029242257,0.11952276678339357,1717640.0
City Vineyard (Pier 26),2025,reel,"cote + prevision soir, en echantillon",20 grosses soirees,0.6,mid,9.1525,5411.688192504265,1016.4858516182759,-1076.4554859185591,3656.422315046925,1127567.0,1128334.5315421738,0.02770262571799631,1717640.0
City Vineyard (Pier 26),2025,reel,"cote + prevision soir, en echantillon",20 grosses soirees,0.6,quart_spread,9.1525,6002.570255508344,425.6037886141975,-1522.779622582969,2476.6104931030227,1127567.0,1127428.3895121147,0.0168686625800607,1717640.0
City Vineyard (Pier 26),2025,reel,"cote + prevision soir, en echantillon",20 grosses soirees,1.0,mid,9.1525,9019.480320840445,1694.1430860304624,-1794.092476530932,6094.037191744652,1127567.0,1129032.0028067634,0.043311499166679535,1717640.0
City Vineyard (Pier 26),2025,reel,"cote + prevision soir, en echantillon",20 grosses soirees,1.0,quart_spread,9.1525,10004.283759180576,709.3396476903318,-2537.966037638055,4127.68415517185,1127567.0,1127476.9823106518,0.02626223431461705,1717640.0
City Vineyard (Pier 26),2026,reel,constante (FP moyen),toutes les soirees,0.6,mid,127.7455,58028.48684007027,4464.421181206323,-3784.981816962798,12435.711559630832,960089.0,966967.4725697393,0.09006787966987417,1500520.0
City Vineyard (Pier 26),2026,parfait,constante (FP moyen),toutes les soirees,0.6,mid,127.7455,60116.2907230037,14332.087276996303,-11880.623746333602,42764.124192112366,960089.0,994875.0970748543,0.701336642411087,1500520.0
City Vineyard (Pier 26),2026,reel,constante (FP moyen),toutes les soirees,0.6,quart_spread,127.7455,66245.68654145325,-3752.778520176653,-11991.976267940478,4936.216878780311,960089.0,959092.7132868208,0.09129740717377133,1500520.0
City Vineyard (Pier 26),2026,reel,constante (FP moyen),toutes les soirees,1.0,mid,127.7455,96714.14473345048,7440.701968677209,-6308.303028271292,20726.18593271813,960089.0,971504.8598472553,0.12356254803647815,1500520.0
City Vineyard (Pier 26),2026,parfait,constante (FP moyen),toutes les soirees,1.0,mid,127.7455,100193.81787167283,23886.81212832717,-19801.039577222557,71273.54032018739,960089.0,1013328.2848012411,0.8725681844618973,1500520.0
City Vineyard (Pier 26),2026,reel,constante (FP moyen),toutes les soirees,1.0,quart_spread,127.7455,110409.47756908876,-6254.630866961085,-19986.627113234055,8227.028131300522,960089.0,958029.1629039308,0.12321788335185879,1500520.0
City Vineyard (Pier 26),2026,reel,constante (FP moyen),20 grosses soirees,0.6,mid,19.1765,12107.27241226752,850.2096941154564,-3635.46314685962,5413.59289757867,960089.0,962513.5048670431,0.026536214058917817,1500520.0
City Vineyard (Pier 26),2026,parfait,constante (FP moyen),20 grosses soirees,0.6,mid,19.1765,12544.088734982945,2878.515265017055,-9238.174315988785,18207.654271983763,960089.0,967608.2335694449,0.18853170432099509,1500520.0
City Vineyard (Pier 26),2026,reel,constante (FP moyen),20 grosses soirees,0.6,quart_spread,19.1765,13823.138122533477,-865.6560161505002,-5422.9590230552885,3827.8675631512974,960089.0,960633.2321015208,0.024993168253762854,1500520.0
City Vineyard (Pier 26),2026,reel,constante (FP moyen),20 grosses soirees,1.0,mid,19.1765,20178.787353779204,1417.0161568590959,-6059.105244765917,9022.65482929786,960089.0,963692.9735790931,0.036106480328452206,1500520.0
City Vineyard (Pier 26),2026,parfait,constante (FP moyen),20 grosses soirees,1.0,mid,19.1765,20906.81455830491,4797.525441695088,-15396.957193314642,30346.090453306195,960089.0,971268.7679672186,0.24105012027236306,1500520.0
City Vineyard (Pier 26),2026,reel,constante (FP moyen),20 grosses soirees,1.0,quart_spread,19.1765,23038.5635375558,-1442.7600269174986,-9038.265038425558,6379.7792719188665,960089.0,960889.4393471277,0.03320199216635056,1500520.0
City Vineyard (Pier 26),2026,reel,cote,toutes les soirees,0.6,mid,127.7455,67866.84895375624,6327.5781605294815,-4096.908940147172,16621.633835194996,960089.0,968957.8665879571,0.09804005968014906,1500520.0
City Vineyard (Pier 26),2026,reel,cote,toutes les soirees,0.6,quart_spread,127.7455,77982.13055632767,-3787.703442041946,-14588.900161837906,7338.632747328559,960089.0,959158.8975766822,0.10204598046731694,1500520.0
City Vineyard (Pier 26),2026,reel,cote,toutes les soirees,1.0,mid,127.7455,113111.41492292707,10545.963600882465,-6828.181566911874,27702.72305865833,960089.0,974498.6822741786,0.119205081759587,1500520.0
City Vineyard (Pier 26),2026,reel,cote,toutes les soirees,1.0,quart_spread,127.7455,129970.21759387942,-6312.839070069913,-24314.8336030631,12231.05457888093,960089.0,957297.8991381011,0.1221021617216026,1500520.0
City Vineyard (Pier 26),2026,reel,cote,20 grosses soirees,0.6,mid,19.1765,14167.722895226214,1204.2633619166434,-4511.628300254987,7132.17481357932,960089.0,962708.5631645065,0.027450091768472906,1500520.0
City Vineyard (Pier 26),2026,reel,cote,20 grosses soirees,0.6,quart_spread,19.1765,16281.75739736907,-909.7711402262132,-6867.348911317196,5078.431332012818,960089.0,960686.8789359842,0.02642392686053119,1500520.0
City Vineyard (Pier 26),2026,reel,cote,20 grosses soirees,1.0,mid,19.1765,23612.871492043698,2007.105603194405,-7519.380500425017,11886.958022632163,960089.0,964072.0413919358,0.032377450287172316,1500520.0
City Vineyard (Pier 26),2026,reel,cote,20 grosses soirees,1.0,quart_spread,19.1765,27136.262328948455,-1516.285233710357,-11445.581518861878,8464.052220021436,960089.0,960318.4055100738,0.030199042609410864,1500520.0
City Vineyard (Pier 26),2026,reel,prevision soir,toutes les soirees,0.6,mid,127.7455,53542.613875914634,11248.137436585366,4280.26864478286,18725.14186953548,960089.0,973696.8524781672,0.09725227629983724,1500520.0
City Vineyard (Pier 26),2026,reel,prevision soir,toutes les soirees,0.6,quart_spread,127.7455,58200.11026922713,6590.641043272871,79.2173881596741,13381.244426832041,960089.0,968567.3184107138,0.08012095022308041,1500520.0
City Vineyard (Pier 26),2026,reel,prevision soir,toutes les soirees,1.0,mid,127.7455,89237.68979319105,18746.895727642284,7133.781074637949,31208.569782559138,960089.0,982363.4333013641,0.14062115167792488,1500520.0
City Vineyard (Pier 26),2026,reel,prevision soir,toutes les soirees,1.0,quart_spread,127.7455,97000.18378204522,10984.401738788121,132.02898026612252,22302.074044719993,960089.0,974459.1409880156,0.11525147229715127,1500520.0
City Vineyard (Pier 26),2026,reel,prevision soir,20 grosses soirees,0.6,mid,19.1765,11197.817136911475,2301.799988088526,-1478.3204554299446,6409.949422956674,960089.0,963825.6922799912,0.028938293698848594,1500520.0
City Vineyard (Pier 26),2026,reel,prevision soir,20 grosses soirees,0.6,quart_spread,19.1765,12160.835633255225,1338.7814917447752,-2361.775655739411,4965.997452944526,960089.0,962747.7617611199,0.02325555522613032,1500520.0
City Vineyard (Pier 26),2026,reel,prevision soir,20 grosses soirees,1.0,mid,19.1765,18663.028561519124,3836.3333134808754,-2463.8674257166886,10683.249038261201,960089.0,965232.1585989416,0.04231490572084817,1500520.0
City Vineyard (Pier 26),2026,reel,prevision soir,20 grosses soirees,1.0,quart_spread,19.1765,20268.05938875871,2231.3024862412926,-3936.292759565686,8276.662421574209,960089.0,963404.1809464792,0.03342960504528969,1500520.0
City Vineyard (Pier 26),2026,reel,cote + prevision soir,toutes les soirees,0.6,mid,127.7455,64232.713418228246,9010.07358177175,-1118.3253886549471,19432.958716362467,960089.0,971190.642730675,0.10425453221726144,1500520.0
City Vineyard (Pier 26),2026,reel,cote + prevision soir,toutes les soirees,0.6,quart_spread,127.7455,71279.73836522823,1963.048634771753,-7863.275648936239,12018.816585204979,960089.0,964046.08098758,0.09500097832691756,1500520.0
City Vineyard (Pier 26),2026,reel,cote + prevision soir,toutes les soirees,1.0,mid,127.7455,107054.52236371374,15016.789302952915,-1863.875647758282,32388.26452727078,960089.0,978160.8085205584,0.13099909194373738,1500520.0
City Vineyard (Pier 26),2026,reel,cote + prevision soir,toutes les soirees,1.0,quart_spread,127.7455,118799.56394204708,3271.7477246195867,-13105.459414893734,20031.360975341628,960089.0,966279.3808475292,0.11885372659142801,1500520.0
City Vineyard (Pier 26),2026,reel,cote + prevision soir,20 grosses soirees,0.6,mid,19.1765,13439.2709090538,1798.7028909462017,-3316.653676020022,6941.908944575049,960089.0,962815.26309446,0.03275950940626171,1500520.0
City Vineyard (Pier 26),2026,reel,cote + prevision soir,20 grosses soirees,0.6,quart_spread,19.1765,14894.815622303799,343.15817769620224,-4743.67558246502,5343.74478194998,960089.0,961455.5077331,0.02824822573612562,1500520.0
City Vineyard (Pier 26),2026,reel,cote + prevision soir,20 grosses soirees,1.0,mid,19.1765,22398.784848422998,2997.8381515769997,-5527.7561267000365,11569.8482409583,960089.0,964474.5976048666,0.04399534846472941,1500520.0
City Vineyard (Pier 26),2026,reel,cote + prevision soir,20 grosses soirees,1.0,quart_spread,19.1765,24824.692703839664,571.9302961603343,-7906.125970774959,8906.241303250004,960089.0,962042.0358969833,0.03691013093650819,1500520.0
City Vineyard (Pier 26),2026,reel,"cote + prevision soir, en echantillon",toutes les soirees,0.6,mid,127.7455,67790.94595487535,9975.145894608493,1224.3490186427662,19124.787650229664,960089.0,973502.2667282595,0.1353967060419743,1500520.0
City Vineyard (Pier 26),2026,reel,"cote + prevision soir, en echantillon",toutes les soirees,0.6,quart_spread,127.7455,73109.5187900227,4656.573059461143,-3627.0009720652743,13098.816227444055,960089.0,966703.62624923,0.10876670420878076,1500520.0
City Vineyard (Pier 26),2026,reel,"cote + prevision soir, en echantillon",toutes les soirees,1.0,mid,127.7455,112984.90992479226,16625.243157680823,2040.5816977379816,31874.646083716067,960089.0,982548.0376373144,0.19314444834885391,1500520.0
City Vineyard (Pier 26),2026,reel,"cote + prevision soir, en echantillon",toutes les soirees,1.0,quart_spread,127.7455,121849.19798337117,7760.955099101907,-6045.001620108864,21831.3603790735,960089.0,971910.2738371319,0.15280578019838498,1500520.0
City Vineyard (Pier 26),2026,reel,"cote + prevision soir, en echantillon",20 grosses soirees,0.6,mid,19.1765,14250.952030920203,2056.562895653218,-2679.2320234492304,6740.325110007829,960089.0,963533.0310633492,0.03815485113821937,1500520.0
City Vineyard (Pier 26),2026,reel,"cote + prevision soir, en echantillon",20 grosses soirees,0.6,quart_spread,19.1765,15349.63343440672,957.8814921667066,-3844.7049324349878,5225.241346371835,960089.0,962210.0822105124,0.029912722497705713,1500520.0
City Vineyard (Pier 26),2026,reel,"cote + prevision soir, en echantillon",20 grosses soirees,1.0,mid,19.1765,23751.586718200346,3427.6048260886987,-4465.386705748717,11233.875183346381,960089.0,964820.6683202289,0.05547813100564969,1500520.0
City Vineyard (Pier 26),2026,reel,"cote + prevision soir, en echantillon",20 grosses soirees,1.0,quart_spread,19.1765,25582.72239067787,1596.4691536111766,-6407.841554058276,8708.735577286314,960089.0,962717.3622854411,0.04209753559610474,1500520.0
Bar 13,2025,reel,constante (FP moyen),toutes les soirees,0.6,mid,70.111,12673.638915292442,17.400961374224977,-3056.29299213278,3058.7768380335774,495459.0,496918.72663273395,0.08429460781168518,855464.0
Bar 13,2025,parfait,constante (FP moyen),toutes les soirees,0.6,mid,70.111,13080.224704180515,6934.278445819486,-2158.2988408180418,17400.529413158645,495459.0,506663.75660710887,0.3925823210659313,855464.0
Bar 13,2025,reel,constante (FP moyen),toutes les soirees,0.6,quart_spread,70.111,14413.39896654244,-1722.3590898757743,-4874.909691739727,1278.958117686177,495459.0,494944.7590669147,0.06965168849942693,855464.0
Bar 13,2025,reel,constante (FP moyen),toutes les soirees,1.0,mid,70.111,21122.731525487405,29.00160229037481,-5093.821653554635,5097.961396722647,495459.0,496913.0080791081,0.12502404873118655,855464.0
Bar 13,2025,parfait,constante (FP moyen),toutes les soirees,1.0,mid,70.111,21800.374506967524,11557.130743032474,-3597.1647346966975,29000.882355264333,495459.0,512972.9383234844,0.4854785022441771,855464.0
Bar 13,2025,reel,constante (FP moyen),toutes les soirees,1.0,quart_spread,70.111,24022.331610904068,-2870.5984831262917,-8124.849486232934,2131.596862810257,495459.0,494028.6741453411,0.10067002006558012,855464.0
Bar 13,2025,reel,constante (FP moyen),20 grosses soirees,0.6,mid,9.2245,2710.863490941233,22.421695725432482,-1273.5539256851102,1602.9218691048686,495459.0,496018.1203039783,0.024628321424127853,855464.0
Bar 13,2025,parfait,constante (FP moyen),20 grosses soirees,0.6,mid,9.2245,2798.0871056537117,1666.6136943462877,-2853.0206338775124,8123.373183136988,495459.0,498023.8111564464,0.12680630158957584,855464.0
Bar 13,2025,reel,constante (FP moyen),20 grosses soirees,0.6,quart_spread,9.2245,3093.3228782078995,-360.0376915412338,-1765.1613911620311,1217.3159972371257,495459.0,495507.308914016,0.018487844241577345,855464.0
Bar 13,2025,reel,constante (FP moyen),20 grosses soirees,1.0,mid,9.2245,4518.105818235389,37.369492875722,-2122.5898761418894,2671.5364485079995,495459.0,496111.8669677689,0.03766607499509689,855464.0
Bar 13,2025,parfait,constante (FP moyen),20 grosses soirees,1.0,mid,9.2245,4663.478509422854,2777.6894905771464,-4755.0343897958355,13538.955305228348,495459.0,499723.99879257806,0.1572415735908843,855464.0
Bar 13,2025,reel,constante (FP moyen),20 grosses soirees,1.0,quart_spread,9.2245,5155.538130346499,-600.0628192353901,-2941.9356519367184,2028.8599953953221,495459.0,495431.75880687276,0.027320642244175297,855464.0
Bar 13,2025,reel,cote,toutes les soirees,0.6,mid,70.111,13748.261795533523,1624.3858583126314,-556.908293965862,3900.5721198476135,495459.0,498110.00578011444,0.07308021837399759,855464.0
Bar 13,2025,reel,cote,toutes les soirees,0.6,quart_spread,70.111,15257.041948293136,115.60570555301747,-1859.9947248626486,1947.8840931358513,495459.0,496354.0126935249,0.05575292391961362,855464.0
Bar 13,2025,reel,cote,toutes les soirees,1.0,mid,70.111,22913.769659222537,2707.3097638543863,-928.1804899431415,6500.953533079319,495459.0,499605.3914811404,0.11337104166388579,855464.0
Bar 13,2025,reel,cote,toutes les soirees,1.0,quart_spread,70.111,25428.403247155227,192.67617592169464,-3099.9912081044517,3246.473488559752,495459.0,496786.17954867985,0.08653289929491503,855464.0
Bar 13,2025,reel,cote,20 grosses soirees,0.6,mid,9.2245,2954.3574770610808,359.4330383235338,-712.6638046280787,1558.431376291753,495459.0,496280.25276383926,0.022265579528684354,855464.0
Bar 13,2025,reel,cote,20 grosses soirees,0.6,quart_spread,9.2245,3286.229005484158,27.561509900457896,-983.0550395376835,1116.145786203435,495459.0,495824.9235132798,0.01506531847725534,855464.0
Bar 13,2025,reel,cote,20 grosses soirees,1.0,mid,9.2245,4923.929128435135,599.055063872557,-1187.7730077134822,2597.385627152866,495459.0,496518.49251721054,0.03493637254348203,855464.0
Bar 13,2025,reel,cote,20 grosses soirees,1.0,quart_spread,9.2245,5477.048342473597,45.93584983409595,-1638.4250658961378,1860.2429770057613,495459.0,495807.429904151,0.02326037840876849,855464.0
Bar 13,2025,reel,prevision soir,toutes les soirees,0.6,mid,70.111,11524.63261368501,2481.419368814988,314.7339166164442,5331.047062294568,495459.0,499089.4188212031,0.10010862381077523,855464.0
Bar 13,2025,reel,prevision soir,toutes les soirees,0.6,quart_spread,70.111,12783.724766382666,1222.3272161173325,-374.7084514215094,3158.24182807828,495459.0,497416.38527571963,0.06659341622015913,855464.0
Bar 13,2025,reel,prevision soir,toutes les soirees,1.0,mid,70.111,19207.72102280835,4135.698948024981,524.5565276940179,8885.078437157592,495459.0,501202.54561527015,0.15644585941719824,855464.0
Bar 13,2025,reel,prevision soir,toutes les soirees,1.0,quart_spread,70.111,21306.207943971112,2037.212026862221,-624.5140857024031,5263.736380130429,495459.0,498480.3376323953,0.10583030502901247,855464.0
Bar 13,2025,reel,prevision soir,20 grosses soirees,0.6,mid,9.2245,2529.4717557452896,545.0044242547095,-470.48124915000517,1945.2765511763805,495459.0,496442.1873154267,0.02979043986328278,855464.0
Bar 13,2025,reel,prevision soir,20 grosses soirees,0.6,quart_spread,9.2245,2824.248611639039,250.2275683609599,-647.2531115189646,1277.0913996367915,495459.0,495927.08669145085,0.017841630466421954,855464.0
Bar 13,2025,reel,prevision soir,20 grosses soirees,1.0,mid,9.2245,4215.786259575482,908.3407070911843,-784.1354152499698,3242.1275852940043,495459.0,496956.95442474453,0.04713961039388648,855464.0
Bar 13,2025,reel,prevision soir,20 grosses soirees,1.0,quart_spread,9.2245,4707.081019398399,417.0459472682677,-1078.7551858649792,2128.485666061339,495459.0,496221.7555976681,0.028283007802541893,855464.0
Bar 13,2025,reel,cote + prevision soir,toutes les soirees,0.6,mid,70.111,12398.189517905734,2961.991800162447,787.8830392832548,5598.078695604102,495459.0,499528.296393969,0.08923421259327047,855464.0
Bar 13,2025,reel,cote + prevision soir,toutes les soirees,0.6,quart_spread,70.111,13561.48512322723,1798.6961948409498,239.40241701769557,3601.163208033688,495459.0,498056.80133246677,0.057586973914887984,855464.0
Bar 13,2025,reel,cote + prevision soir,toutes les soirees,1.0,mid,70.111,20663.64919650956,4936.653000270744,1313.1383988054238,9330.131159340115,495459.0,501919.48548867385,0.1387795869842623,855464.0
Bar 13,2025,reel,cote + prevision soir,toutes les soirees,1.0,quart_spread,70.111,22602.47520537872,2997.826991401584,399.004028362826,6001.938680056145,495459.0,499476.34034565423,0.09117267090563208,855464.0
Bar 13,2025,reel,cote + prevision soir,20 grosses soirees,0.6,mid,9.2245,2737.713575610793,644.6938316619344,-471.0772757100058,1985.9777860099043,495459.0,496344.34875827463,0.026925217132133028,855464.0
Bar 13,2025,reel,cote + prevision soir,20 grosses soirees,0.6,quart_spread,9.2245,3010.7732749327633,371.6341323399626,-631.103259149997,1418.982425226303,495459.0,495943.944447259,0.016020493329809593,855464.0
Bar 13,2025,reel,cote + prevision soir,20 grosses soirees,1.0,mid,9.2245,4562.855959351323,1074.489719436556,-785.1287928500096,3309.962976683229,495459.0,497074.97731690045,0.04231482404923692,855464.0
Bar 13,2025,reel,cote + prevision soir,20 grosses soirees,1.0,quart_spread,9.2245,5017.955458221272,619.3902205666069,-1051.838765249995,2364.970708710505,495459.0,496370.7151439502,0.025164556415151695,855464.0
Bar 13,2025,reel,"cote + prevision soir, en echantillon",toutes les soirees,0.6,mid,70.111,14190.549393857858,2483.5479985497313,167.12464181133547,5372.622381785059,495459.0,499241.4159264879,0.10994743946723429,855464.0
Bar 13,2025,reel,"cote + prevision soir, en echantillon",toutes les soirees,0.6,quart_spread,70.111,15661.77400243014,1012.3233899774498,-819.1156753275397,3008.245387383309,495459.0,497546.1011886857,0.07579582935457874,855464.0
Bar 13,2025,reel,"cote + prevision soir, en echantillon",toutes les soirees,1.0,mid,70.111,23650.915656429766,4139.246664249555,278.54106968552225,8954.370636308395,495459.0,501443.4978357466,0.17144223704500372,855464.0
Bar 13,2025,reel,"cote + prevision soir, en echantillon",toutes les soirees,1.0,quart_spread,70.111,26102.956670716903,1687.2056499624173,-1365.1927922126401,5013.742312305517,495459.0,498524.2450735925,0.12018373911929547,855464.0
Bar 13,2025,reel,"cote + prevision soir, en echantillon",20 grosses soirees,0.6,mid,9.2245,3125.9215408587934,567.7726953716426,-742.9179659105241,2139.19759534203,495459.0,496418.50231403497,0.0344160757052665,855464.0
Bar 13,2025,reel,"cote + prevision soir, en echantillon",20 grosses soirees,0.6,quart_spread,9.2245,3466.974893002483,226.71934322795246,-937.1931449722367,1479.2371711482886,495459.0,495980.16336383444,0.02180643517489811,855464.0
Bar 13,2025,reel,"cote + prevision soir, en echantillon",20 grosses soirees,1.0,mid,9.2245,5209.8692347646565,946.2878256194032,-1238.196609850874,3565.329325570069,495459.0,497034.1953623724,0.054007370103757446,855464.0
Bar 13,2025,reel,"cote + prevision soir, en echantillon",20 grosses soirees,1.0,quart_spread,9.2245,5778.291488337474,377.8655720465874,-1561.988574953709,2465.395285247146,495459.0,496368.42602144764,0.03413753203481995,855464.0
Bar 13,2026,reel,constante (FP moyen),toutes les soirees,0.6,mid,127.7065,28663.71824888896,2248.541911749338,-2056.11651512903,6713.90991490218,417463.5,421045.5704425641,0.09813085625501605,743342.0
Bar 13,2026,parfait,constante (FP moyen),toutes les soirees,0.6,mid,127.7065,29694.378552986003,6878.806847013995,-6711.948123728001,21802.177153533718,417463.5,435770.9634877155,0.7101417170162301,743342.0
Bar 13,2026,reel,constante (FP moyen),toutes les soirees,0.6,quart_spread,127.7065,32754.982039035236,-1842.7218783969377,-6427.519854028726,2752.0376323565356,417463.5,416737.92181835324,0.09337584419327816,743342.0
Bar 13,2026,reel,constante (FP moyen),toutes les soirees,1.0,mid,127.7065,47772.86374814827,3747.5698529155625,-3426.8608585484035,11189.849858170319,417463.5,422865.83943298564,0.13489767477393777,743342.0
Bar 13,2026,parfait,constante (FP moyen),toutes les soirees,1.0,mid,127.7065,49490.63092164334,11464.678078356661,-11186.580206213353,36336.96192255621,417463.5,444766.5926980103,0.8839465288615428,743342.0
Bar 13,2026,reel,constante (FP moyen),toutes les soirees,1.0,quart_spread,127.7065,54591.6367317254,-3071.2031306615636,-10712.533090047931,4586.729387260856,417463.5,415829.3601322315,0.12493659965622228,743342.0
Bar 13,2026,reel,constante (FP moyen),20 grosses soirees,0.6,mid,19.205,7108.103592404626,513.3368607868623,-2039.3839264215362,3120.9227926285876,417463.5,418422.61456915503,0.0319503432546846,743342.0
Bar 13,2026,parfait,constante (FP moyen),20 grosses soirees,0.6,mid,19.205,7364.609625204513,1894.695974795486,-5331.591157460095,10921.81424213267,417463.5,422036.3448785051,0.23423018910679427,743342.0
Bar 13,2026,reel,constante (FP moyen),20 grosses soirees,0.6,quart_spread,19.205,8117.612793643989,-496.172340452499,-3184.6066091581247,2057.8257206961935,417463.5,417360.51248750504,0.029683066510344802,743342.0
Bar 13,2026,reel,constante (FP moyen),20 grosses soirees,1.0,mid,19.205,11846.839320674379,855.5614346447715,-3398.9732107025034,5201.53798771435,417463.5,418819.60664316517,0.04361606380332883,743342.0
Bar 13,2026,parfait,constante (FP moyen),20 grosses soirees,1.0,mid,19.205,12274.349375340853,3157.8266246591443,-8885.98526243351,18203.023736887728,417463.5,424518.80994124664,0.2951485505183613,743342.0
Bar 13,2026,reel,constante (FP moyen),20 grosses soirees,1.0,quart_spread,19.205,13529.354656073316,-826.9539007541653,-5307.6776819301695,3429.709534493618,417463.5,417281.6398549553,0.039391168427665546,743342.0
Bar 13,2026,reel,cote,toutes les soirees,0.6,mid,127.7065,33534.96175188707,3177.2102631129233,-2447.9962136951713,9016.052365856298,417463.5,422130.9974358878,0.10731557843651418,743342.0
Bar 13,2026,reel,cote,toutes les soirees,0.6,quart_spread,127.7065,38572.33282014957,-1860.1608051495753,-7792.7351220736355,4130.632975504334,417463.5,416710.73498439067,0.10495520016334381,743342.0
Bar 13,2026,reel,cote,toutes les soirees,1.0,mid,127.7065,55891.6029198118,5295.35043852154,-4079.9936894919897,15026.753943093885,417463.5,424362.5501173118,0.13071709456126435,743342.0
Bar 13,2026,reel,cote,toutes les soirees,1.0,quart_spread,127.7065,64287.221366915954,-3100.268008582626,-12987.891870122763,6884.388292507223,417463.5,415628.02165278746,0.12350267044951879,743342.0
Bar 13,2026,reel,cote,20 grosses soirees,0.6,mid,19.205,8315.559611658247,736.7050454846101,-2570.884679721489,4024.4010705454402,417463.5,418575.585532235,0.03271798989834496,743342.0
Bar 13,2026,reel,cote,20 grosses soirees,0.6,quart_spread,19.205,9557.46976821539,-505.20511107253265,-4056.282185527956,2834.1143671022064,417463.5,417415.3893416727,0.031369295185809,743342.0
Bar 13,2026,reel,cote,20 grosses soirees,1.0,mid,19.205,13859.266019430412,1227.8417424743507,-4284.807799535777,6707.335117575772,417463.5,419217.8107260781,0.03856192209411824,743342.0
Bar 13,2026,reel,cote,20 grosses soirees,1.0,quart_spread,19.205,15929.116280358981,-842.0085184542211,-6760.4703092132795,4723.523945170345,417463.5,417036.63430361036,0.035686050442995665,743342.0
Bar 13,2026,reel,prevision soir,toutes les soirees,0.6,mid,127.7065,26405.94137377488,5598.72110653762,1858.818593474565,9578.990198109967,417463.5,424269.65398548555,0.10105422680717024,743342.0
Bar 13,2026,reel,prevision soir,toutes les soirees,0.6,quart_spread,127.7065,28733.058474005345,3271.604006307153,-289.92895679739297,6962.366884633143,417463.5,421749.3058818084,0.07852932689991643,743342.0
Bar 13,2026,reel,prevision soir,toutes les soirees,1.0,mid,127.7065,44009.902289624806,9331.201844229367,3098.0309891242564,15964.98366351659,417463.5,428490.0636537539,0.1455573164160756,743342.0
Bar 13,2026,reel,prevision soir,toutes les soirees,1.0,quart_spread,127.7065,47888.43079000891,5452.673343845254,-483.2149279956167,11603.944807721868,417463.5,424137.3974344903,0.11136229137056763,743342.0
Bar 13,2026,reel,prevision soir,20 grosses soirees,0.6,mid,19.205,6627.561968226552,1336.8704317734469,-926.2844645160018,3698.4860336382053,417463.5,419132.653159067,0.03701214229890348,743342.0
Bar 13,2026,reel,prevision soir,20 grosses soirees,0.6,quart_spread,19.205,7209.283939470302,755.1484605296971,-1413.5227301483042,2908.4137515229345,417463.5,418539.2864805439,0.027825727124479616,743342.0
Bar 13,2026,reel,prevision soir,20 grosses soirees,1.0,mid,19.205,11045.936613710921,2228.1173862890782,-1543.8074408600035,6164.1433893969715,417463.5,420319.09841145604,0.05392996609892231,743342.0
Bar 13,2026,reel,prevision soir,20 grosses soirees,1.0,quart_spread,19.205,12015.473232450504,1258.5807675494962,-2355.87121691386,4847.356252538206,417463.5,419276.23425427545,0.039511345562380895,743342.0
Bar 13,2026,reel,cote + prevision soir,toutes les soirees,0.6,mid,127.7065,31676.364643603272,4474.358981396723,-851.1908844423727,10158.72904839987,417463.5,423079.1623674342,0.10455943388079891,743342.0
Bar 13,2026,reel,cote + prevision soir,toutes les soirees,0.6,quart_spread,127.7065,35189.44581964702,961.2778053529745,-4090.895211439028,6310.727205685128,417463.5,419530.8975114206,0.08850115757531474,743342.0
Bar 13,2026,reel,cote + prevision soir,toutes les soirees,1.0,mid,127.7065,52793.941072672125,7457.264968994538,-1418.6514740706407,16931.215080666432,417463.5,426555.64068807405,0.12986573496788933,743342.0
Bar 13,2026,reel,cote + prevision soir,toutes les soirees,1.0,quart_spread,127.7065,58649.07636607838,1602.1296755882909,-6818.158685731696,10517.8786761419,417463.5,420203.91803455533,0.1066339767118234,743342.0
Bar 13,2026,reel,cote + prevision soir,20 grosses soirees,0.6,mid,19.205,7950.299514024627,1058.599785975373,-1955.3399633040012,4065.9413139115118,417463.5,418977.878440122,0.044253700782900696,743342.0
Bar 13,2026,reel,cote + prevision soir,20 grosses soirees,0.6,quart_spread,19.205,8822.776748399627,186.12255160037282,-2803.2289302110175,3007.074945394889,417463.5,418131.36235292,0.036399507693280375,743342.0
Bar 13,2026,reel,cote + prevision soir,20 grosses soirees,1.0,mid,19.205,13250.499190041046,1764.3329766256206,-3258.899938839984,6776.568856519169,417463.5,419725.3140213854,0.06024576149544514,743342.0
Bar 13,2026,reel,cote + prevision soir,20 grosses soirees,1.0,quart_spread,19.205,14704.627913999379,310.2042526672882,-4672.048217018343,5011.791575658129,417463.5,418151.4321218233,0.04788415490092024,743342.0
Bar 13,2026,reel,"cote + prevision soir, en echantillon",toutes les soirees,0.6,mid,127.7065,33396.398523834214,4950.354047203083,137.98460491373845,9709.578269406264,417463.5,423995.9536058134,0.13649947967675768,743342.0
Bar 13,2026,reel,"cote + prevision soir, en echantillon",toutes les soirees,0.6,quart_spread,127.7065,36049.57802472191,2297.1745463153875,-2174.6201683962017,6824.014783042163,417463.5,420820.34475093626,0.10400753510388416,743342.0
Bar 13,2026,reel,"cote + prevision soir, en echantillon",toutes les soirees,1.0,mid,127.7065,55660.66420639035,8250.590078671805,229.9743415228979,16182.630449010401,417463.5,427704.1540119906,0.19392429614541384,743342.0
Bar 13,2026,reel,"cote + prevision soir, en echantillon",toutes les soirees,1.0,quart_spread,127.7065,60082.63004120318,3828.6242438589816,-3624.366947326985,11373.357971736881,417463.5,422687.10282071825,0.14383870369475982,743342.0
Bar 13,2026,reel,"cote + prevision soir, en echantillon",20 grosses soirees,0.6,mid,19.205,8387.14902960903,1173.9262435677922,-1591.2587739461887,3846.713633220813,417463.5,419100.1692067581,0.05393414190244261,743342.0
Bar 13,2026,reel,"cote + prevision soir, en echantillon",20 grosses soirees,0.6,quart_spread,19.205,9050.821124866314,510.25414831050784,-2342.2055297739194,2993.278922101528,417463.5,418414.57498719293,0.04062730076825882,743342.0
Bar 13,2026,reel,"cote + prevision soir, en echantillon",20 grosses soirees,1.0,mid,19.205,13978.581716015053,1956.5437392796541,-2652.097956576945,6411.189388701373,417463.5,420031.87992170075,0.07946360241211692,743342.0
Bar 13,2026,reel,"cote + prevision soir, en echantillon",20 grosses soirees,1.0,quart_spread,19.205,15084.70187477719,850.4235805175136,-3903.6758829564947,4988.798203502546,417463.5,418917.4502381038,0.057952983081843934,743342.0
Watermark (Pier 15),2025,reel,constante (FP moyen),toutes les soirees,0.6,mid,69.279,96360.79428927996,94.69211072001373,-21093.33723076093,23788.459740727063,4515260.0,4523094.732573238,0.08142634738528098,6592950.0
Watermark (Pier 15),2025,parfait,constante (FP moyen),toutes les soirees,0.6,mid,69.279,99454.72113639643,54163.911863603564,-18722.826101470528,135363.55905686523,4515260.0,4599961.474042947,0.3767331830021934,6592950.0
Watermark (Pier 15),2025,reel,constante (FP moyen),toutes les soirees,0.6,quart_spread,69.279,109665.99999852997,-13210.513598529968,-35535.65433872994,10472.10527454005,4515260.0,4507949.22281405,0.06613546883695287,6592950.0
Watermark (Pier 15),2025,reel,constante (FP moyen),toutes les soirees,1.0,mid,69.279,160601.3238154666,157.82018453336974,-35155.56205126913,39647.4329012124,4515260.0,4523313.425176388,0.12079805907884211,6592950.0
Watermark (Pier 15),2025,parfait,constante (FP moyen),toutes les soirees,1.0,mid,69.279,165757.86856066078,90273.18643933925,-31204.710169118152,225605.93176144114,4515260.0,4643315.923838535,0.4656478766194958,6592950.0
Watermark (Pier 15),2025,reel,constante (FP moyen),toutes les soirees,1.0,quart_spread,69.279,182776.6666642166,-22017.52266421662,-59226.09056454957,17453.508790900083,4515260.0,4498213.265899975,0.09515837496695934,6592950.0
Watermark (Pier 15),2025,reel,constante (FP moyen),20 grosses soirees,0.6,mid,9.134,21241.572380778744,135.2831192212547,-10961.326864556457,12088.347674812445,4515260.0,4520254.673929437,0.026741722759284325,6592950.0
Watermark (Pier 15),2025,parfait,constante (FP moyen),20 grosses soirees,0.6,mid,9.134,21924.19078301783,13253.906716982168,-24704.762816915336,60266.39292932096,4515260.0,4537706.228556541,0.12043558023101253,6592950.0
Watermark (Pier 15),2025,reel,constante (FP moyen),20 grosses soirees,0.6,quart_spread,9.134,24276.856678278746,-2900.0011782787437,-14382.611352768425,8729.668937193986,4515260.0,4515912.77302685,0.021167236718309,6592950.0
Watermark (Pier 15),2025,reel,constante (FP moyen),20 grosses soirees,1.0,mid,9.134,35402.62063463125,225.47186536875645,-18268.87810759379,20147.246124687703,4515260.0,4519840.002098001,0.04107320153540861,6592950.0
Watermark (Pier 15),2025,parfait,constante (FP moyen),20 grosses soirees,1.0,mid,9.134,36540.31797169639,22089.84452830361,-41174.604694858586,100443.98821553493,4515260.0,4546075.391642982,0.1476453813749391,6592950.0
Watermark (Pier 15),2025,reel,constante (FP moyen),20 grosses soirees,1.0,quart_spread,9.134,40461.42779713124,-4833.3352971312515,-23971.018921281327,14549.448228656644,4515260.0,4514429.528310751,0.03166513508303559,6592950.0
Watermark (Pier 15),2025,reel,cote,toutes les soirees,0.6,mid,69.279,104449.53990384506,12314.89271153955,-3653.6434872702694,29592.431600484426,4515260.0,4534341.407644442,0.07165913047658867,6592950.0
Watermark (Pier 15),2025,reel,cote,toutes les soirees,0.6,quart_spread,69.279,115943.90342764315,820.5291877414681,-13279.607183193857,15698.26761727046,4515260.0,4522560.569881466,0.05376525773848739,6592950.0
Watermark (Pier 15),2025,reel,cote,toutes les soirees,1.0,mid,69.279,174082.56650640845,20524.821185899244,-6089.40581211741,49320.719334140726,4515260.0,4547243.091034344,0.11157753724712693,6592950.0
Watermark (Pier 15),2025,reel,cote,toutes les soirees,1.0,quart_spread,69.279,193239.83904607192,1367.548646235784,-22132.67863865581,26163.77936211802,4515260.0,4525288.291499844,0.08354193675763455,6592950.0
Watermark (Pier 15),2025,reel,cote,20 grosses soirees,0.6,mid,9.134,23095.325705972016,2804.852659412607,-5761.375991740054,12293.548982480515,4515260.0,4522479.343751729,0.023760370762604843,6592950.0
Watermark (Pier 15),2025,reel,cote,20 grosses soirees,0.6,quart_spread,9.134,25733.379982414324,166.7983829702842,-8109.731370764622,8508.295418083737,4515260.0,4518090.187388656,0.017051115518054605,6592950.0
Watermark (Pier 15),2025,reel,cote,20 grosses soirees,1.0,mid,9.134,38492.20950995336,4674.754432354317,-9602.293319567363,20489.24830413451,4515260.0,4525284.318679712,0.03740501778184491,6592950.0
Watermark (Pier 15),2025,reel,cote,20 grosses soirees,1.0,quart_spread,9.134,42888.96663735721,277.99730495048317,-13516.218951273779,14180.492363473491,4515260.0,4518142.084877152,0.026572790817052327,6592950.0
Watermark (Pier 15),2025,reel,prevision soir,toutes les soirees,0.6,mid,69.279,87165.56040280331,18653.936050321663,3123.0243287377994,38661.44227134112,4515260.0,4541955.399141821,0.09188879268927497,6592950.0
Watermark (Pier 15),2025,reel,prevision soir,toutes les soirees,0.6,quart_spread,69.279,96750.092245233,9069.404207891983,-2525.906374153844,21990.77928428809,4515260.0,4530412.408721459,0.05893221468785692,6592950.0
Watermark (Pier 15),2025,reel,prevision soir,toutes les soirees,1.0,mid,69.279,145275.9340046722,31089.89341720278,5205.040547896921,64435.73711890095,4515260.0,4559930.09711164,0.14358068934686719,6592950.0
Watermark (Pier 15),2025,reel,prevision soir,toutes les soirees,1.0,quart_spread,69.279,161250.15374205503,15115.673679819974,-4209.8439569233915,36651.29880714682,4515260.0,4539354.798564315,0.09369620350456742,6592950.0
Watermark (Pier 15),2025,reel,prevision soir,20 grosses soirees,0.6,mid,9.134,19959.57877441401,4263.965522460982,-3906.706633593887,14897.773142437072,4515260.0,4524628.977354931,0.02815419671589936,6592950.0
Watermark (Pier 15),2025,reel,prevision soir,20 grosses soirees,0.6,quart_spread,9.134,22315.123210195263,1908.4210866797384,-4987.998346816841,9630.051454061315,4515260.0,4521032.845181502,0.016762676369030727,6592950.0
Watermark (Pier 15),2025,reel,prevision soir,20 grosses soirees,1.0,mid,9.134,33265.96462402336,7106.609204101643,-6511.177722656168,24829.6219040627,4515260.0,4530325.980798928,0.04443236513225002,6592950.0
Watermark (Pier 15),2025,reel,prevision soir,20 grosses soirees,1.0,quart_spread,9.134,37191.87201699211,3180.701811132907,-8313.330578027759,16050.085756769167,4515260.0,4523519.83634886,0.026472410633474386,6592950.0
Watermark (Pier 15),2025,reel,cote + prevision soir,toutes les soirees,0.6,mid,69.279,93714.90698730067,22327.02361838116,6474.747754059523,42657.85726860453,4515260.0,4546370.270312039,0.08314280504145033,6592950.0
Watermark (Pier 15),2025,reel,cote + prevision soir,toutes les soirees,0.6,quart_spread,69.279,102574.50985609328,13467.420749588531,2358.7471592117104,26471.18536738474,4515260.0,4534985.067733473,0.052004116406809464,6592950.0
Watermark (Pier 15),2025,reel,cote + prevision soir,toutes les soirees,1.0,mid,69.279,156191.51164550113,37211.70603063525,10791.24625676528,71096.42878100726,4515260.0,4564929.702205181,0.1293206568127201,6592950.0
Watermark (Pier 15),2025,reel,cote + prevision soir,toutes les soirees,1.0,quart_spread,69.279,170957.5164268221,22445.701249314225,3931.2452653531454,44118.64227897425,4515260.0,4546209.304645532,0.08238392933603078,6592950.0
Watermark (Pier 15),2025,reel,cote + prevision soir,20 grosses soirees,0.6,mid,9.134,21430.75584854173,5096.358838958252,-3071.7585405937393,15707.691692540315,4515260.0,4525981.023345501,0.025325782120545592,6592950.0
Watermark (Pier 15),2025,reel,cote + prevision soir,20 grosses soirees,0.6,quart_spread,9.134,23608.86630308719,2918.2483844128033,-4366.661722499877,10494.583805514825,4515260.0,4522320.678692614,0.015140451015227652,6592950.0
Watermark (Pier 15),2025,reel,cote + prevision soir,20 grosses soirees,1.0,mid,9.134,35717.926414236215,8493.931398263805,-5119.5975676565195,26179.48615423418,4515260.0,4531032.543322137,0.039719715402147804,6592950.0
Watermark (Pier 15),2025,reel,cote + prevision soir,20 grosses soirees,1.0,quart_spread,9.134,39348.11050514531,4863.747307354706,-7277.769537500106,17490.97300919229,4515260.0,4525047.896739688,0.023778801258444338,6592950.0
Watermark (Pier 15),2025,reel,"cote + prevision soir, en echantillon",toutes les soirees,0.6,mid,69.279,107632.09077148435,18876.36761924991,1325.9717597204494,40820.12276971193,4515260.0,4545155.312894717,0.10331887283616004,6592950.0
Watermark (Pier 15),2025,reel,"cote + prevision soir, en echantillon",toutes les soirees,0.6,quart_spread,69.279,118892.47980380514,7615.978586929105,-6104.750245795842,22301.271468466264,4515260.0,4530682.853757549,0.069973871807674,6592950.0
Watermark (Pier 15),2025,reel,"cote + prevision soir, en echantillon",toutes les soirees,1.0,mid,69.279,179386.81795247388,31460.612698749854,2209.952932867734,68033.53794951928,4515260.0,4560785.640690024,0.16118303235398057,6592950.0
Watermark (Pier 15),2025,reel,"cote + prevision soir, en echantillon",toutes les soirees,1.0,quart_spread,69.279,198154.1330063419,12693.297644881843,-10174.58374299337,37168.78578077708,4515260.0,4539650.315530846,0.11101773007140281,6592950.0
Watermark (Pier 15),2025,reel,"cote + prevision soir, en echantillon",20 grosses soirees,0.6,mid,9.134,24590.397217604335,4527.8521836194395,-5505.875084243715,16303.235941436129,4515260.0,4524617.001640109,0.03300413191227891,6592950.0
Watermark (Pier 15),2025,reel,"cote + prevision soir, en echantillon",20 grosses soirees,0.6,quart_spread,9.134,27308.995592123567,1809.2538091002164,-7038.715414052992,10900.746546652092,4515260.0,4520498.751477756,0.021181994590838915,6592950.0
Watermark (Pier 15),2025,reel,"cote + prevision soir, en echantillon",20 grosses soirees,1.0,mid,9.134,40983.99536267389,7546.420306032394,-9176.458473739516,27172.059902393867,4515260.0,4529516.244045113,0.05177891305315696,6592950.0
Watermark (Pier 15),2025,reel,"cote + prevision soir, en echantillon",20 grosses soirees,1.0,quart_spread,9.134,45514.99265353929,3015.4230151670026,-11731.192356754374,18167.910911086492,4515260.0,4521325.359015121,0.03317451569865004,6592950.0
Watermark (Pier 15),2026,reel,constante (FP moyen),toutes les soirees,0.6,mid,127.628,221181.7513980019,16477.363234976823,-15953.143715205288,51338.77220524663,3820635.0,3845405.0583382174,0.08716959059642648,5723550.0
Watermark (Pier 15),2026,parfait,constante (FP moyen),toutes les soirees,0.6,mid,127.628,229147.38149972865,53811.88950027134,-50902.56473276617,170106.99578451988,3820635.0,3958184.4028460947,0.7063699024927668,5723550.0
Watermark (Pier 15),2026,reel,constante (FP moyen),toutes les soirees,0.6,quart_spread,127.628,252602.08665559496,-14942.972022616244,-48510.27887380187,20683.671215614097,3820635.0,3811522.3894038876,0.08512988219037021,5723550.0
Watermark (Pier 15),2026,reel,constante (FP moyen),toutes les soirees,1.0,mid,127.628,368636.25233000313,27462.272058294715,-26588.572858675336,85564.62034207786,3820635.0,3856936.933011387,0.11786675195071383,5723550.0
Watermark (Pier 15),2026,parfait,constante (FP moyen),toutes les soirees,1.0,mid,127.628,381912.3024995477,89686.48250045226,-84837.60788794362,283511.6596408666,3820635.0,4031501.465960626,0.8780711093086472,5723550.0
Watermark (Pier 15),2026,reel,constante (FP moyen),toutes les soirees,1.0,quart_spread,127.628,421003.477759325,-24904.953371027077,-80850.46478967009,34472.78535935698,3820635.0,3800871.9748536763,0.11245670691057885,5723550.0
Watermark (Pier 15),2026,reel,constante (FP moyen),20 grosses soirees,0.6,mid,19.185,55964.64567337205,4215.06047024497,-16157.995876612875,26303.074600066095,3820635.0,3829587.3359544436,0.036398404903989934,5723550.0
Watermark (Pier 15),2026,parfait,constante (FP moyen),20 grosses soirees,0.6,mid,19.185,57982.08831353193,14362.859186468067,-43685.13267360255,81822.5486477193,3820635.0,3854066.277878145,0.2348584661665678,5723550.0
Watermark (Pier 15),2026,reel,constante (FP moyen),20 grosses soirees,0.6,quart_spread,19.185,63929.75551166992,-3750.0493680528934,-24626.991316859087,18862.557720199333,3820635.0,3821986.667268126,0.03543837091377844,5723550.0
Watermark (Pier 15),2026,reel,constante (FP moyen),20 grosses soirees,1.0,mid,19.185,93274.40945562009,7025.100783741622,-26929.99312768768,43838.45766677698,3820635.0,3834577.8923509507,0.04977907754943678,5723550.0
Watermark (Pier 15),2026,parfait,constante (FP moyen),20 grosses soirees,1.0,mid,19.185,96636.81385588655,23938.09864411345,-72808.5544560038,136370.91441286582,3820635.0,3865136.9258782,0.29524168907251447,5723550.0
Watermark (Pier 15),2026,reel,constante (FP moyen),20 grosses soirees,1.0,quart_spread,19.185,106549.59251944986,-6250.082280088161,-41044.985528098616,31437.59620033253,3820635.0,3819140.823961466,0.047673321597620055,5723550.0
Watermark (Pier 15),2026,reel,cote,toutes les soirees,0.6,mid,127.628,258274.3704830938,23481.547416906193,-19253.170351529912,67335.85448798632,3820635.0,3853302.834029051,0.09344021619424292,5723550.0
Watermark (Pier 15),2026,reel,cote,toutes les soirees,0.6,quart_spread,127.628,296947.6597228438,-15191.741822843807,-57210.68630543074,29784.83026838075,3820635.0,3812365.800942255,0.09407706678107275,5723550.0
Watermark (Pier 15),2026,reel,cote,toutes les soirees,1.0,mid,127.628,430457.28413848975,39135.91236151031,-32088.617252549855,112226.42414664372,3820635.0,3867424.485940669,0.11004766953297429,5723550.0
Watermark (Pier 15),2026,reel,cote,toutes les soirees,1.0,quart_spread,127.628,494912.7662047397,-25319.569704739668,-95351.14384238458,49641.383780634285,3820635.0,3801640.43999385,0.1077555754837487,5723550.0
Watermark (Pier 15),2026,reel,cote,20 grosses soirees,0.6,mid,19.185,65470.56794011125,5999.804559888747,-19838.568774852938,35086.11470119702,3820635.0,3833901.830511844,0.0384404351740647,5723550.0
Watermark (Pier 15),2026,reel,cote,20 grosses soirees,0.6,quart_spread,19.185,75288.75725386124,-3818.384753861252,-30510.527493374982,26103.499075631484,3820635.0,3823868.585372625,0.038552698581755696,5723550.0
Watermark (Pier 15),2026,reel,cote,20 grosses soirees,1.0,mid,19.185,109117.61323351874,9999.674266481248,-33064.28129142172,58476.85783532805,3820635.0,3835343.700047531,0.04610373239545906,5723550.0
Watermark (Pier 15),2026,reel,cote,20 grosses soirees,1.0,quart_spread,19.185,125481.26208976874,-6363.974589768745,-50850.87915562482,43505.831792718534,3820635.0,3818342.518467844,0.04558195668312626,5723550.0
Watermark (Pier 15),2026,reel,prevision soir,toutes les soirees,0.6,mid,127.628,203029.05242909194,42461.555455283094,13306.481760383398,74302.48931515847,3820635.0,3874499.475537561,0.09309884700616455,5723550.0
Watermark (Pier 15),2026,reel,prevision soir,toutes les soirees,0.6,quart_spread,127.628,220836.7630561466,24653.844828228415,-2595.413307650445,53064.20294699571,3820635.0,3852752.990354671,0.07298950882899269,5723550.0
Watermark (Pier 15),2026,reel,prevision soir,toutes les soirees,1.0,mid,127.628,338381.7540484865,70769.2590921385,22177.469600639142,123837.48219193061,3820635.0,3904059.5184682957,0.13394723874013537,5723550.0
Watermark (Pier 15),2026,reel,prevision soir,toutes les soirees,1.0,quart_spread,127.628,368061.27176024433,41089.74138038071,-4325.68884608423,88440.338244993,3820635.0,3870133.082188841,0.10347704667449364,5723550.0
Watermark (Pier 15),2026,reel,prevision soir,20 grosses soirees,0.6,mid,19.185,51614.15021020494,10720.222305420068,-5546.572917588579,29604.338788549157,3820635.0,3835295.083390764,0.035192517747003826,5723550.0
Watermark (Pier 15),2026,reel,prevision soir,20 grosses soirees,0.6,quart_spread,19.185,56097.30492918932,6237.067586435682,-9820.487664385,23582.066043805647,3820635.0,3829999.8772373623,0.027971540883690915,5723550.0
Watermark (Pier 15),2026,reel,prevision soir,20 grosses soirees,1.0,mid,19.185,86023.58368367491,17867.03717570009,-9244.288195980655,49340.564647582236,3820635.0,3842928.116443951,0.05137231788819119,5723550.0
Watermark (Pier 15),2026,reel,prevision soir,20 grosses soirees,1.0,quart_spread,19.185,93495.50821531552,10395.112644059478,-16367.479440641508,39303.44340634289,3820635.0,3833745.4501398285,0.04016332573379311,5723550.0
Watermark (Pier 15),2026,reel,cote + prevision soir,toutes les soirees,0.6,mid,127.628,243312.40423589203,33637.10303910796,-6848.818176079506,75952.23785460283,3820635.0,3864445.2577726147,0.10141397842018418,5723550.0
Watermark (Pier 15),2026,reel,cote + prevision soir,toutes les soirees,0.6,quart_spread,127.628,270248.786981017,6700.720293982977,-32398.628358462116,48298.15264469322,3820635.0,3833336.887236242,0.0872032095166303,5723550.0
Watermark (Pier 15),2026,reel,cote + prevision soir,toutes les soirees,1.0,mid,127.628,405520.6737264867,56061.838398513275,-11414.696960132638,126587.06309100486,3820635.0,3886025.388866644,0.12813016744628514,5723550.0
Watermark (Pier 15),2026,reel,cote + prevision soir,toutes les soirees,1.0,quart_spread,127.628,450414.6449683617,11167.8671566383,-53997.71393077019,80496.92107448884,3820635.0,3837051.6358276596,0.1075537164909749,5723550.0
Watermark (Pier 15),2026,reel,cote + prevision soir,20 grosses soirees,0.6,mid,19.185,62055.590878033596,8697.63012196641,-13301.964655481255,34932.087835410974,3820635.0,3834976.3611996374,0.04276214789461763,5723550.0
Watermark (Pier 15),2026,reel,cote + prevision soir,20 grosses soirees,0.6,quart_spread,19.185,68883.67010803359,1869.5508919664076,-20385.190996143676,26794.709172295086,3820635.0,3826409.7317455406,0.03718191425336137,5723550.0
Watermark (Pier 15),2026,reel,cote + prevision soir,20 grosses soirees,1.0,mid,19.185,103425.98479672265,14496.050203277346,-22169.94109246875,58220.146392351766,3820635.0,3839962.9223848595,0.05794261989063565,5723550.0
Watermark (Pier 15),2026,reel,cote + prevision soir,20 grosses soirees,1.0,quart_spread,19.185,114806.11684672267,3115.9181532773487,-33975.31832690611,44657.84862049195,3820635.0,3826998.5478142034,0.04945839304751476,5723550.0
Watermark (Pier 15),2026,reel,"cote + prevision soir, en echantillon",toutes les soirees,0.6,mid,127.628,256854.03436500236,37716.732693564074,366.3542933547988,74726.74244762577,3820635.0,3870283.287790018,0.12708365807831123,5723550.0
Watermark (Pier 15),2026,reel,"cote + prevision soir, en echantillon",toutes les soirees,0.6,quart_spread,127.628,277148.33551163255,17422.43154693383,-17113.883012618207,51636.224011838865,3820635.0,3844436.726125436,0.09724941509376162,5723550.0
Watermark (Pier 15),2026,reel,"cote + prevision soir, en echantillon",toutes les soirees,1.0,mid,127.628,428090.0572750039,62861.22115594012,610.5904889249829,124544.57074604297,3820635.0,3898220.4700451246,0.18076554962908054,5723550.0
Watermark (Pier 15),2026,reel,"cote + prevision soir, en echantillon",toutes les soirees,1.0,quart_spread,127.628,461913.8925193877,29037.38591155639,-28523.138354363815,86060.37335306493,3820635.0,3858220.922300092,0.13462813681841257,5723550.0
Watermark (Pier 15),2026,reel,"cote + prevision soir, en echantillon",20 grosses soirees,0.6,mid,19.185,65531.677810384215,9668.000839091306,-10858.442020355618,30621.346086880912,3820635.0,3834904.2982006837,0.04629736466868062,5723550.0
Watermark (Pier 15),2026,reel,"cote + prevision soir, en echantillon",20 grosses soirees,0.6,quart_spread,19.185,70627.8109988676,4571.86765060791,-15989.8944551802,24747.251633649747,3820635.0,3827337.792202349,0.03567298804703256,5723550.0
Watermark (Pier 15),2026,reel,"cote + prevision soir, en echantillon",20 grosses soirees,1.0,mid,19.185,109219.46301730705,16113.334731818833,-18097.40336725982,51035.576811468345,3820635.0,3842886.3233819106,0.06748122958081071,5723550.0
Watermark (Pier 15),2026,reel,"cote + prevision soir, en echantillon",20 grosses soirees,1.0,quart_spread,19.185,117713.018331446,7619.77941767986,-26649.82409196746,41245.41938941655,3820635.0,3832836.804617471,0.05041674273630514,5723550.0
