nom,saison,critere,seuil,h,trou_max,pire_5pct,moyenne,n_soirees,n_couvrables
230 Fifth,2025,aucune,0.0,0.0,-350497.5996688742,6645620.0,6902613.26,151,71
230 Fifth,2025,grosses,0.0,0.1,-350341.5986066342,6659026.142894,6903585.111291081,151,71
230 Fifth,2025,grosses,0.0,0.2,-350185.59754439414,6666202.553444,6904556.962582161,151,71
230 Fifth,2025,grosses,0.0,0.3,-350029.59648215416,6672723.245816001,6905528.81387324,151,71
230 Fifth,2025,grosses,0.0,0.4,-349873.59541991417,6673454.759528,6906500.66516432,151,71
230 Fifth,2025,grosses,0.0,0.5,-349717.59435767424,6668485.4063,6907472.516455401,151,71
230 Fifth,2025,grosses,0.0,0.6,-349561.5932954342,6663769.4241080005,6908444.36774648,151,71
230 Fifth,2025,grosses,0.0,0.7,-349405.59223319415,6653909.277326,6909416.21903756,151,71
230 Fifth,2025,grosses,0.0,0.8,-349249.59117095417,6645580.499984,6910388.07032864,151,71
230 Fifth,2025,grosses,0.0,0.9,-349093.5901087141,6628882.196384001,6911359.92161972,151,71
230 Fifth,2025,grosses,0.0,1.0,-348937.5890464742,6615962.11778,6912331.7729108,151,71
230 Fifth,2025,grosses,0.2,0.1,-350395.9160524742,6659454.912482,6903019.466879179,151,71
230 Fifth,2025,grosses,0.2,0.2,-350294.23243607424,6665336.954516,6903425.67375836,151,71
230 Fifth,2025,grosses,0.2,0.3,-350192.5488196741,6670576.512296,6903831.880637539,151,71
230 Fifth,2025,grosses,0.2,0.4,-350090.8652032742,6678719.40764,6904238.0875167195,151,71
230 Fifth,2025,grosses,0.2,0.5,-349989.1815868742,6678896.34986,6904644.294395899,151,71
230 Fifth,2025,grosses,0.2,0.6,-349887.4979704741,6677334.083324,6905050.501275079,151,71
230 Fifth,2025,grosses,0.2,0.7,-349785.8143540742,6672293.004458,6905456.708154259,151,71
230 Fifth,2025,grosses,0.2,0.8,-349684.1307376742,6667409.618191999,6905862.915033439,151,71
230 Fifth,2025,grosses,0.2,0.9,-349582.4471212742,6655949.575862,6906269.121912621,151,71
230 Fifth,2025,grosses,0.2,1.0,-349480.7635048742,6647498.53328,6906675.3287918,151,71
230 Fifth,2025,grosses,0.3,0.1,-350305.76362775423,6663624.232514,6907871.78169998,151,71
230 Fifth,2025,grosses,0.3,0.2,-350113.9275866342,6675862.59788,6913130.30339996,151,71
230 Fifth,2025,grosses,0.3,0.3,-349922.0915455142,6683786.816216,6918388.8250999395,151,71
230 Fifth,2025,grosses,0.3,0.4,-349730.2555043942,6696163.125415999,6923647.34679992,151,71
230 Fifth,2025,grosses,0.3,0.5,-349538.4194632742,6703479.6671,6928905.868499901,151,71
230 Fifth,2025,grosses,0.3,0.6,-349346.5834221542,6711292.551176,6934164.390199879,151,71
230 Fifth,2025,grosses,0.3,0.7,-349154.74738103413,6713281.50626,6939422.91189986,151,71
230 Fifth,2025,grosses,0.3,0.8,-348962.9113399142,6712154.117744,6944681.43359984,151,71
230 Fifth,2025,grosses,0.3,0.9,-348771.07529879414,6710611.175486,6949939.95529982,151,71
230 Fifth,2025,grosses,0.3,1.0,-348579.2392576742,6706581.3951200005,6955198.4769998,151,71
230 Fifth,2025,grosses,0.4,0.1,-350240.0313311342,6666218.54861,6912509.5465187,151,71
230 Fifth,2025,grosses,0.4,0.2,-349982.46299339423,6681426.974264,6922405.8330374,151,71
230 Fifth,2025,grosses,0.4,0.3,-349724.8946556542,6698925.31796,6932302.1195561,151,71
230 Fifth,2025,grosses,0.4,0.4,-349467.3263179142,6711598.678784,6942198.4060748005,151,71
230 Fifth,2025,grosses,0.4,0.5,-349209.7579801742,6726058.05824,6952094.6925935,151,71
230 Fifth,2025,grosses,0.4,0.6,-348952.1896424342,6737149.69232,6961990.9791121995,151,71
230 Fifth,2025,grosses,0.4,0.7,-348694.62130469416,6748260.958142,6971887.265630899,151,71
230 Fifth,2025,grosses,0.4,0.8,-348437.05296695424,6750074.660816,6981783.5521496,151,71
230 Fifth,2025,grosses,0.4,0.9,-348179.48462921416,6750540.159794001,6991679.838668301,151,71
230 Fifth,2025,grosses,0.4,1.0,-347921.91629147425,6750509.57168,7001576.125187,151,71
230 Fifth,2025,grosses,0.5,0.1,-350118.41851649416,6676354.50647,6919780.28267414,151,71
230 Fifth,2025,grosses,0.5,0.2,-349739.23736411415,6697679.357636,6936947.30534828,151,71
230 Fifth,2025,grosses,0.5,0.3,-349360.0562117342,6720072.412016001,6954114.3280224195,151,71
230 Fifth,2025,grosses,0.5,0.4,-348980.8750593542,6741232.28432,6971281.35069656,151,71
230 Fifth,2025,grosses,0.5,0.5,-348601.6939069742,6762076.61852,6988448.3733707,151,71
230 Fifth,2025,grosses,0.5,0.6,-348222.5127545942,6783638.58446,7005615.39604484,151,71
230 Fifth,2025,grosses,0.5,0.7,-347843.3316022142,6801393.866906,7022782.41871898,151,71
230 Fifth,2025,grosses,0.5,0.8,-347464.1504498342,6815672.3271200005,7039949.44139312,151,71
230 Fifth,2025,grosses,0.5,0.9,-347084.96929745417,6827811.527342,7057116.464067261,151,71
230 Fifth,2025,grosses,0.5,1.0,-346705.78814507416,6841389.6717799995,7074283.486741399,151,71
230 Fifth,2025,grosses,0.6,0.1,-350220.9145264742,6664109.354816,6915583.6907964805,151,71
230 Fifth,2025,grosses,0.6,0.2,-349944.2293840742,6676445.528096,6928554.12159296,151,71
230 Fifth,2025,grosses,0.6,0.3,-349667.5442416742,6689012.57372,6941524.552389439,151,71
230 Fifth,2025,grosses,0.6,0.4,-349390.85909927415,6700214.718752,6954494.983185921,151,71
230 Fifth,2025,grosses,0.6,0.5,-349114.17395687423,6710620.5944,6967465.4139824,151,71
230 Fifth,2025,grosses,0.6,0.6,-348837.48881447414,6721639.65704,6980435.84477888,151,71
230 Fifth,2025,grosses,0.6,0.7,-348560.8036720742,6732875.653472,6993406.27557536,151,71
230 Fifth,2025,grosses,0.6,0.8,-348284.1185296742,6743763.603968,7006376.706371839,151,71
230 Fifth,2025,grosses,0.6,0.9,-348007.43338727416,6761248.316576,7019347.13716832,151,71
230 Fifth,2025,grosses,0.6,1.0,-347730.7482448741,6774311.82272,7032317.5679648,151,71
230 Fifth,2025,toutes,0.0,0.1,-350341.5986066342,6664598.386789099,6903008.392418925,151,71
230 Fifth,2025,toutes,0.0,0.2,-350185.59754439414,6673764.8651102,6903403.524837849,151,71
230 Fifth,2025,toutes,0.0,0.3,-350029.59648215416,6678398.6916449,6903798.657256771,151,71
230 Fifth,2025,toutes,0.0,0.4,-349873.59541991417,6675978.7421852,6904193.789675697,151,71
230 Fifth,2025,toutes,0.0,0.5,-349717.59435767424,6674068.7085905,6904588.92209462,151,71
230 Fifth,2025,toutes,0.0,0.6,-349561.5932954342,6658207.5604004,6904984.054513544,151,71
230 Fifth,2025,toutes,0.0,0.7,-349405.59223319415,6642849.8712347,6905379.186932469,151,71
230 Fifth,2025,toutes,0.0,0.8,-349249.59117095417,6631368.9590888,6905774.319351392,151,71
230 Fifth,2025,toutes,0.0,0.9,-349093.5901087141,6615701.0532164,6906169.451770315,151,71
230 Fifth,2025,toutes,0.0,1.0,-348937.5890464742,6597537.51905,6906564.58418924,151,71
230 Fifth,2025,toutes,0.2,0.1,-350395.9160524742,6662465.773739601,6901943.613756689,151,71
230 Fifth,2025,toutes,0.2,0.2,-350294.23243607424,6668155.7456486,6901273.967513378,151,71
230 Fifth,2025,toutes,0.2,0.3,-350192.5488196741,6676504.2475514,6900604.321270067,151,71
230 Fifth,2025,toutes,0.2,0.4,-350090.8652032742,6680272.1036551995,6899934.675026757,151,71
230 Fifth,2025,toutes,0.2,0.5,-349989.1815868742,6679515.480512,6899265.028783445,151,71
230 Fifth,2025,toutes,0.2,0.6,-349887.4979704741,6678195.724757,6898595.382540135,151,71
230 Fifth,2025,toutes,0.2,0.7,-349785.8143540742,6671000.3337215,6897925.736296823,151,71
230 Fifth,2025,toutes,0.2,0.8,-349684.1307376742,6658630.251392,6897256.090053512,151,71
230 Fifth,2025,toutes,0.2,0.9,-349582.4471212742,6646322.2717466,6896586.4438102,151,71
230 Fifth,2025,toutes,0.2,1.0,-349480.7635048742,6632959.790576,6895916.797566891,151,71
230 Fifth,2025,toutes,0.3,0.1,-350305.76362775423,6667715.217680899,6910198.749534101,151,71
230 Fifth,2025,toutes,0.3,0.2,-350113.9275866342,6684196.7701526,6917784.239068201,151,71
230 Fifth,2025,toutes,0.3,0.3,-349922.0915455142,6699504.012859399,6925369.728602302,151,71
230 Fifth,2025,toutes,0.3,0.4,-349730.2555043942,6708971.7953504,6932955.218136404,151,71
230 Fifth,2025,toutes,0.3,0.5,-349538.4194632742,6714442.1167235,6940540.707670505,151,71
230 Fifth,2025,toutes,0.3,0.6,-349346.5834221542,6719788.83899,6948126.197204606,151,71
230 Fifth,2025,toutes,0.3,0.7,-349154.74738103413,6726118.8949811,6955711.686738706,151,71
230 Fifth,2025,toutes,0.3,0.8,-348962.9113399142,6727971.4877456,6963297.176272808,151,71
230 Fifth,2025,toutes,0.3,0.9,-348771.07529879414,6723111.7656368,6970882.66580691,151,71
230 Fifth,2025,toutes,0.3,1.0,-348579.2392576742,6717928.2635119995,6978468.155341011,151,71
230 Fifth,2025,toutes,0.4,0.1,-350240.0313311342,6676269.6271481,6918905.1661553085,151,71
230 Fifth,2025,toutes,0.4,0.2,-349982.46299339423,6700425.8381485995,6935197.072310618,151,71
230 Fifth,2025,toutes,0.4,0.3,-349724.8946556542,6719896.0177664,6951488.978465927,151,71
230 Fifth,2025,toutes,0.4,0.4,-349467.3263179142,6739645.48718,6967780.884621236,151,71
230 Fifth,2025,toutes,0.4,0.5,-349209.7579801742,6754940.4830285,6984072.790776545,151,71
230 Fifth,2025,toutes,0.4,0.6,-348952.1896424342,6771826.0822226,7000364.696931854,151,71
230 Fifth,2025,toutes,0.4,0.7,-348694.62130469416,6784604.5413557,7016656.603087163,151,71
230 Fifth,2025,toutes,0.4,0.8,-348437.05296695424,6793473.9735728,7032948.509242471,151,71
230 Fifth,2025,toutes,0.4,0.9,-348179.48462921416,6801661.4523974,7049240.415397781,151,71
230 Fifth,2025,toutes,0.4,1.0,-347921.91629147425,6806503.592078,7065532.32155309,151,71
230 Fifth,2025,toutes,0.5,0.1,-350118.41851649416,6688399.0768214,6929940.836837732,151,71
230 Fifth,2025,toutes,0.5,0.2,-349739.23736411415,6719911.2857414,6957268.413675464,151,71
230 Fifth,2025,toutes,0.5,0.3,-349360.0562117342,6752763.8476133,6984595.990513196,151,71
230 Fifth,2025,toutes,0.5,0.4,-348980.8750593542,6783922.954215201,7011923.567350929,151,71
230 Fifth,2025,toutes,0.5,0.5,-348601.6939069742,6815134.666424001,7039251.144188659,151,71
230 Fifth,2025,toutes,0.5,0.6,-348222.5127545942,6846650.6460698,7066578.721026392,151,71
230 Fifth,2025,toutes,0.5,0.7,-347843.3316022142,6871659.847497201,7093906.297864124,151,71
230 Fifth,2025,toutes,0.5,0.8,-347464.1504498342,6894707.0412800005,7121233.874701857,151,71
230 Fifth,2025,toutes,0.5,0.9,-347084.96929745417,6918779.6568692,7148561.451539589,151,71
230 Fifth,2025,toutes,0.5,1.0,-346705.78814507416,6937855.436765,7175889.02837732,151,71
230 Fifth,2025,toutes,0.6,0.1,-350220.9145264742,6673441.609176801,6924742.007317064,151,71
230 Fifth,2025,toutes,0.6,0.2,-349944.2293840742,6694577.3496968,6946870.754634129,151,71
230 Fifth,2025,toutes,0.6,0.3,-349667.5442416742,6715592.946092,6968999.5019511925,151,71
230 Fifth,2025,toutes,0.6,0.4,-349390.85909927415,6737804.7202496,6991128.249268255,151,71
230 Fifth,2025,toutes,0.6,0.5,-349114.17395687423,6758584.767812,7013256.996585321,151,71
230 Fifth,2025,toutes,0.6,0.6,-348837.48881447414,6779398.1043968005,7035385.743902383,151,71
230 Fifth,2025,toutes,0.6,0.7,-348560.8036720742,6798925.2295628,7057514.491219448,151,71
230 Fifth,2025,toutes,0.6,0.8,-348284.1185296742,6820585.1070272,7079643.2385365125,151,71
230 Fifth,2025,toutes,0.6,0.9,-348007.43338727416,6839507.2882724,7101771.985853577,151,71
230 Fifth,2025,toutes,0.6,1.0,-347730.7482448741,6859530.883784001,7123900.733170641,151,71
230 Fifth,2026,aucune,0.0,0.0,-287402.48261278187,5612700.0,5898814.02,133,128
230 Fifth,2026,grosses,0.0,0.1,-286989.883724022,5637115.164102,5914853.484063479,133,128
230 Fifth,2026,grosses,0.0,0.2,-286577.28483526193,5655503.782368,5930892.948126961,133,128
230 Fifth,2026,grosses,0.0,0.3,-286164.68594650197,5669781.099252,5946932.41219044,133,128
230 Fifth,2026,grosses,0.0,0.4,-285752.08705774194,5671138.8246720005,5962971.87625392,133,128
230 Fifth,2026,grosses,0.0,0.5,-285339.488168982,5670788.71605,5979011.3403174,133,128
230 Fifth,2026,grosses,0.0,0.6,-284926.88928022195,5664778.710204,5995050.80438088,133,128
230 Fifth,2026,grosses,0.0,0.7,-284514.290391462,5651030.019018,6011090.26844436,133,128
230 Fifth,2026,grosses,0.0,0.8,-284101.691502702,5639048.978112,6027129.732507839,133,128
230 Fifth,2026,grosses,0.0,0.9,-283689.092613942,5615329.2266460005,6043169.196571319,133,128
230 Fifth,2026,grosses,0.0,1.0,-283379.11803718196,5593597.36656,6059208.6606348,133,128
230 Fifth,2026,grosses,0.2,0.1,-287350.336970922,5623012.728546,5900224.025239261,133,128
230 Fifth,2026,grosses,0.2,0.2,-287298.191329062,5635687.802916,5901634.030478519,133,128
230 Fifth,2026,grosses,0.2,0.3,-287246.04568720196,5641585.006044,5903044.03571778,133,128
230 Fifth,2026,grosses,0.2,0.4,-287193.9000453419,5631610.138896,5904454.040957041,133,128
230 Fifth,2026,grosses,0.2,0.5,-287141.75440348196,5616192.35427,5905864.046196301,133,128
230 Fifth,2026,grosses,0.2,0.6,-287089.60876162193,5609196.337595999,5907274.05143556,133,128
230 Fifth,2026,grosses,0.2,0.7,-287037.4631197619,5596060.87977,5908684.05667482,133,128
230 Fifth,2026,grosses,0.2,0.8,-286985.31747790193,5578943.711808001,5910094.06191408,133,128
230 Fifth,2026,grosses,0.2,0.9,-286933.1718360419,5551830.653226,5911504.067153339,133,128
230 Fifth,2026,grosses,0.2,1.0,-286983.65050618193,5532405.754319999,5912914.0723926,133,128
230 Fifth,2026,grosses,0.3,0.1,-287228.78123860195,5628922.029582,5905157.9468071805,133,128
230 Fifth,2026,grosses,0.3,0.2,-287055.079864422,5644323.796272,5911501.87361436,133,128
230 Fifth,2026,grosses,0.3,0.3,-286881.3784902419,5655202.3692540005,5917845.80042154,133,128
230 Fifth,2026,grosses,0.3,0.4,-286707.6771160619,5648117.217,5924189.727228721,133,128
230 Fifth,2026,grosses,0.3,0.5,-286533.975741882,5643396.93528,5930533.6540359,133,128
230 Fifth,2026,grosses,0.3,0.6,-286360.2743677019,5635377.500808,5936877.580843081,133,128
230 Fifth,2026,grosses,0.3,0.7,-286186.5729935219,5628566.381639999,5943221.50765026,133,128
230 Fifth,2026,grosses,0.3,0.8,-286012.87161934195,5620766.619984,5949565.434457439,133,128
230 Fifth,2026,grosses,0.3,0.9,-285839.170245162,5609294.075544,5955909.36126462,133,128
230 Fifth,2026,grosses,0.3,1.0,-285768.0931829819,5588237.2713,5962253.2880718,133,128
230 Fifth,2026,grosses,0.4,0.1,-287374.03026820195,5618548.578137999,5895604.688222939,133,128
230 Fifth,2026,grosses,0.4,0.2,-287345.5779236219,5624279.693988,5892395.35644588,133,128
230 Fifth,2026,grosses,0.4,0.3,-287317.12557904195,5622766.228254001,5889186.024668819,133,128
230 Fifth,2026,grosses,0.4,0.4,-287288.673234462,5618563.034328,5885976.69289176,133,128
230 Fifth,2026,grosses,0.4,0.5,-287260.22088988195,5607476.244600001,5882767.361114699,133,128
230 Fifth,2026,grosses,0.4,0.6,-287231.7685453019,5595175.16334,5879558.02933764,133,128
230 Fifth,2026,grosses,0.4,0.7,-287203.3162007219,5580685.6767,5876348.6975605795,133,128
230 Fifth,2026,grosses,0.4,0.8,-287174.8638561419,5562877.162272,5873139.365783521,133,128
230 Fifth,2026,grosses,0.4,0.9,-287146.41151156195,5539688.348694,5869930.034006461,133,128
230 Fifth,2026,grosses,0.4,1.0,-287220.5834789819,5523016.0287,5866720.702229401,133,128
230 Fifth,2026,grosses,0.5,0.1,-287223.7455040619,5628844.042608,5903421.84744648,133,128
230 Fifth,2026,grosses,0.5,0.2,-287045.00839534187,5641479.833760001,5908029.67489296,133,128
230 Fifth,2026,grosses,0.5,0.3,-286866.2712866219,5650694.68164,5912637.5023394395,133,128
230 Fifth,2026,grosses,0.5,0.4,-286687.5341779019,5652661.38864,5917245.329785919,133,128
230 Fifth,2026,grosses,0.5,0.5,-286508.7970691819,5657890.49292,5921853.1572324,133,128
230 Fifth,2026,grosses,0.5,0.6,-286330.0599604619,5659482.184367999,5926460.984678879,133,128
230 Fifth,2026,grosses,0.5,0.7,-286151.3228517419,5652224.729592,5931068.812125361,133,128
230 Fifth,2026,grosses,0.5,0.8,-285972.585743022,5650921.005504,5935676.63957184,133,128
230 Fifth,2026,grosses,0.5,0.9,-285793.848634302,5639402.233272,5940284.46701832,133,128
230 Fifth,2026,grosses,0.5,1.0,-285717.73583758186,5629296.46512,5944892.2944648,133,128
230 Fifth,2026,grosses,0.6,0.1,-287084.0640071819,5631725.825952,5910719.2096586395,133,128
230 Fifth,2026,grosses,0.6,0.2,-286765.6454015819,5649894.5868959995,5922624.399317279,133,128
230 Fifth,2026,grosses,0.6,0.3,-286447.2267959819,5665102.144944,5934529.588975919,133,128
230 Fifth,2026,grosses,0.6,0.4,-286128.8081903819,5676888.544992,5946434.778634559,133,128
230 Fifth,2026,grosses,0.6,0.5,-285810.3895847819,5689950.29412,5958339.968293199,133,128
230 Fifth,2026,grosses,0.6,0.6,-285491.9709791819,5698724.814912,5970245.157951839,133,128
230 Fifth,2026,grosses,0.6,0.7,-285173.5523735819,5712537.026808,5982150.34761048,133,128
230 Fifth,2026,grosses,0.6,0.8,-284855.1337679819,5718239.317632,5994055.537269119,133,128
230 Fifth,2026,grosses,0.6,0.9,-284536.7151623819,5724876.55956,6005960.726927759,133,128
230 Fifth,2026,grosses,0.6,1.0,-284320.9208687819,5729444.59968,6017865.916586401,133,128
230 Fifth,2026,toutes,0.0,0.1,-286989.883724022,5649332.6962911,5925902.508323355,133,128
230 Fifth,2026,toutes,0.0,0.2,-286577.28483526193,5685550.1072226,5952990.996646711,133,128
230 Fifth,2026,toutes,0.0,0.3,-286164.68594650197,5711058.3335688,5980079.484970064,133,128
230 Fifth,2026,toutes,0.0,0.4,-285752.08705774194,5724244.7701128,6007167.97329342,133,128
230 Fifth,2026,toutes,0.0,0.5,-285339.488168982,5730771.425036999,6034256.461616776,133,128
230 Fifth,2026,toutes,0.0,0.6,-284926.88928022195,5737049.864481,6061344.94994013,133,128
230 Fifth,2026,toutes,0.0,0.7,-284514.290391462,5730680.3723679,6088433.438263485,133,128
230 Fifth,2026,toutes,0.0,0.8,-284101.691502702,5724444.846156,6115521.926586839,133,128
230 Fifth,2026,toutes,0.0,0.9,-283689.092613942,5717709.667008,6142610.414910194,133,128
230 Fifth,2026,toutes,0.0,1.0,-283379.11803718196,5702035.868714999,6169698.9032335505,133,128
230 Fifth,2026,toutes,0.2,0.1,-287350.336970922,5630797.3064001,5900790.284698117,133,128
230 Fifth,2026,toutes,0.2,0.2,-287298.191329062,5646242.2467972,5902766.549396232,133,128
230 Fifth,2026,toutes,0.2,0.3,-287246.04568720196,5648630.8388688,5904742.814094348,133,128
230 Fifth,2026,toutes,0.2,0.4,-287193.9000453419,5643684.1964664,5906719.078792464,133,128
230 Fifth,2026,toutes,0.2,0.5,-287141.75440348196,5633232.472968,5908695.343490579,133,128
230 Fifth,2026,toutes,0.2,0.6,-287089.60876162193,5620241.748783,5910671.608188696,133,128
230 Fifth,2026,toutes,0.2,0.7,-287037.4631197619,5600241.0902376,5912647.872886812,133,128
230 Fifth,2026,toutes,0.2,0.8,-286985.31747790193,5577539.2022351995,5914624.137584928,133,128
230 Fifth,2026,toutes,0.2,0.9,-286933.1718360419,5555901.2808606,5916600.402283044,133,128
230 Fifth,2026,toutes,0.2,1.0,-286983.65050618193,5527850.299524,5918576.666981159,133,128
230 Fifth,2026,toutes,0.3,0.1,-287228.78123860195,5640900.8311758,5909416.698184368,133,128
230 Fifth,2026,toutes,0.3,0.2,-287055.079864422,5662619.0100384,5920019.376368736,133,128
230 Fifth,2026,toutes,0.3,0.3,-286881.3784902419,5672989.8374124,5930622.054553105,133,128
230 Fifth,2026,toutes,0.3,0.4,-286707.6771160619,5678002.955877599,5941224.732737472,133,128
230 Fifth,2026,toutes,0.3,0.5,-286533.975741882,5679010.5710955,5951827.410921841,133,128
230 Fifth,2026,toutes,0.3,0.6,-286360.2743677019,5673411.9026982,5962430.089106209,133,128
230 Fifth,2026,toutes,0.3,0.7,-286186.5729935219,5660999.8208691,5973032.767290576,133,128
230 Fifth,2026,toutes,0.3,0.8,-286012.87161934195,5645782.929888,5983635.445474943,133,128
230 Fifth,2026,toutes,0.3,0.9,-285839.170245162,5633755.6784262,5994238.123659311,133,128
230 Fifth,2026,toutes,0.3,1.0,-285768.0931829819,5615415.23073,6004840.801843681,133,128
230 Fifth,2026,toutes,0.4,0.1,-287374.03026820195,5620908.562554301,5892892.857176485,133,128
230 Fifth,2026,toutes,0.4,0.2,-287345.5779236219,5626263.7185252,5886971.694352969,133,128
230 Fifth,2026,toutes,0.4,0.3,-287317.12557904195,5620726.6804518,5881050.531529453,133,128
230 Fifth,2026,toutes,0.4,0.4,-287288.673234462,5609125.3050492,5875129.368705937,133,128
230 Fifth,2026,toutes,0.4,0.5,-287260.22088988195,5595031.492713,5869208.20588242,133,128
230 Fifth,2026,toutes,0.4,0.6,-287231.7685453019,5576360.0621184,5863287.043058904,133,128
230 Fifth,2026,toutes,0.4,0.7,-287203.3162007219,5555847.7330587,5857365.880235388,133,128
230 Fifth,2026,toutes,0.4,0.8,-287174.8638561419,5533507.2773303995,5851444.717411872,133,128
230 Fifth,2026,toutes,0.4,0.9,-287146.41151156195,5508186.6596588995,5845523.554588356,133,128
230 Fifth,2026,toutes,0.4,1.0,-287220.5834789819,5480424.95967,5839602.39176484,133,128
230 Fifth,2026,toutes,0.5,0.1,-287223.7455040619,5637689.0013048,5906334.682638852,133,128
230 Fifth,2026,toutes,0.5,0.2,-287045.00839534187,5661742.416540001,5913855.345277704,133,128
230 Fifth,2026,toutes,0.5,0.3,-286866.2712866219,5675457.0028476,5921376.007916556,133,128
230 Fifth,2026,toutes,0.5,0.4,-286687.5341779019,5682084.6337104,5928896.670555408,133,128
230 Fifth,2026,toutes,0.5,0.5,-286508.7970691819,5690565.032922001,5936417.33319426,133,128
230 Fifth,2026,toutes,0.5,0.6,-286330.0599604619,5689378.7158944,5943937.995833113,133,128
230 Fifth,2026,toutes,0.5,0.7,-286151.3228517419,5684790.495372,5951458.658471964,133,128
230 Fifth,2026,toutes,0.5,0.8,-285972.585743022,5678829.6808128,5958979.321110817,133,128
230 Fifth,2026,toutes,0.5,0.9,-285793.848634302,5673686.600764801,5966499.983749668,133,128
230 Fifth,2026,toutes,0.5,1.0,-285717.73583758186,5661894.977472,5974020.6463885205,133,128
230 Fifth,2026,toutes,0.6,0.1,-287084.0640071819,5644581.706900801,5919372.442453223,133,128
230 Fifth,2026,toutes,0.6,0.2,-286765.6454015819,5672745.7609248,5939930.864906448,133,128
230 Fifth,2026,toutes,0.6,0.3,-286447.2267959819,5701436.4005376,5960489.287359673,133,128
230 Fifth,2026,toutes,0.6,0.4,-286128.8081903819,5723838.7677648,5981047.709812895,133,128
230 Fifth,2026,toutes,0.6,0.5,-285810.3895847819,5746054.987896,6001606.13226612,133,128
230 Fifth,2026,toutes,0.6,0.6,-285491.9709791819,5763203.6572008,6022164.554719344,133,128
230 Fifth,2026,toutes,0.6,0.7,-285173.5523735819,5777537.8675104,6042722.9771725675,133,128
230 Fifth,2026,toutes,0.6,0.8,-284855.1337679819,5789781.0164256,6063281.399625792,133,128
230 Fifth,2026,toutes,0.6,0.9,-284536.7151623819,5801781.7106844,6083839.822079016,133,128
230 Fifth,2026,toutes,0.6,1.0,-284320.9208687819,5814531.026459999,6104398.24453224,133,128
Elsewhere Rooftop,2025,aucune,0.0,0.0,-55456.22671129259,1128988.0,1182122.6515,88,42
Elsewhere Rooftop,2025,grosses,0.0,0.1,-55434.864715999174,1132001.2484216876,1182087.5301637542,88,42
Elsewhere Rooftop,2025,grosses,0.0,0.2,-55413.502720705736,1134078.9016681875,1182052.408827509,88,42
Elsewhere Rooftop,2025,grosses,0.0,0.3,-55392.1407254123,1135201.5387471875,1182017.2874912631,88,42
Elsewhere Rooftop,2025,grosses,0.0,0.4,-55370.77873011886,1135192.1064696251,1181982.1661550177,88,42
Elsewhere Rooftop,2025,grosses,0.0,0.5,-55349.41673482542,1135179.5479489062,1181947.0448187718,88,42
Elsewhere Rooftop,2025,grosses,0.0,0.6,-55328.05473953198,1134302.92426875,1181911.9234825263,88,42
Elsewhere Rooftop,2025,grosses,0.0,0.7,-55306.69274423854,1132861.0976279376,1181876.8021462807,88,42
Elsewhere Rooftop,2025,grosses,0.0,0.8,-55285.33074894511,1130205.09246025,1181841.680810035,88,42
Elsewhere Rooftop,2025,grosses,0.0,0.9,-55263.96875365168,1127418.07822275,1181806.5594737893,88,42
Elsewhere Rooftop,2025,grosses,0.0,1.0,-55242.60675835823,1122903.78184,1181771.4381375436,88,42
Elsewhere Rooftop,2025,grosses,0.2,0.1,-55445.34778327542,1131858.200465,1181849.8010249666,88,42
Elsewhere Rooftop,2025,grosses,0.2,0.2,-55434.46885525822,1133708.386962375,1181576.9505499338,88,42
Elsewhere Rooftop,2025,grosses,0.2,0.3,-55423.58992724104,1134788.068822375,1181304.1000749005,88,42
Elsewhere Rooftop,2025,grosses,0.2,0.4,-55412.71099922385,1135170.779719,1181031.2495998673,88,42
Elsewhere Rooftop,2025,grosses,0.2,0.5,-55401.83207120667,1135093.0214928123,1180758.3991248345,88,42
Elsewhere Rooftop,2025,grosses,0.2,0.6,-55390.95314318947,1135582.2070508124,1180485.5486498012,88,42
Elsewhere Rooftop,2025,grosses,0.2,0.7,-55380.07421517229,1135060.590078125,1180212.698174768,88,42
Elsewhere Rooftop,2025,grosses,0.2,0.8,-55369.195287155104,1133523.59107725,1179939.8476997348,88,42
Elsewhere Rooftop,2025,grosses,0.2,0.9,-55358.31635913792,1131799.9150847187,1179666.9972247018,88,42
Elsewhere Rooftop,2025,grosses,0.2,1.0,-55347.43743112072,1128738.4508096874,1179394.1467496688,88,42
Elsewhere Rooftop,2025,grosses,0.3,0.1,-55419.13711880292,1132787.8218604063,1183242.0095905093,88,42
Elsewhere Rooftop,2025,grosses,0.3,0.2,-55382.04752631323,1135617.4189891876,1184361.3676810188,88,42
Elsewhere Rooftop,2025,grosses,0.3,0.3,-55344.95793382354,1137696.9704400313,1185480.7257715282,88,42
Elsewhere Rooftop,2025,grosses,0.3,0.4,-55307.86834133385,1139753.385608375,1186600.0838620376,88,42
Elsewhere Rooftop,2025,grosses,0.3,0.5,-55270.77874884416,1141026.2752276564,1187719.441952547,88,42
Elsewhere Rooftop,2025,grosses,0.3,0.6,-55233.68915635448,1141276.0842899375,1188838.8000430565,88,42
Elsewhere Rooftop,2025,grosses,0.3,0.7,-55196.599563864795,1141911.3925806251,1189958.1581335654,88,42
Elsewhere Rooftop,2025,grosses,0.3,0.8,-55159.509971375104,1141720.00502475,1191077.516224075,88,42
Elsewhere Rooftop,2025,grosses,0.3,0.9,-55122.42037888542,1140566.8137496249,1192196.8743145843,88,42
Elsewhere Rooftop,2025,grosses,0.3,1.0,-55085.33078639573,1139273.6311765625,1193316.232405094,88,42
Elsewhere Rooftop,2025,grosses,0.4,0.1,-55409.22753855792,1133669.5754185312,1184118.822467423,88,42
Elsewhere Rooftop,2025,grosses,0.4,0.2,-55362.228365823226,1136924.6159983124,1186114.9934348462,88,42
Elsewhere Rooftop,2025,grosses,0.4,0.3,-55315.22919308854,1140234.581240375,1188111.1644022693,88,42
Elsewhere Rooftop,2025,grosses,0.4,0.4,-55268.230020353854,1142932.413647875,1190107.3353696924,88,42
Elsewhere Rooftop,2025,grosses,0.4,0.5,-55221.23084761916,1145740.1969674998,1192103.5063371158,88,42
Elsewhere Rooftop,2025,grosses,0.4,0.6,-55174.231674884475,1147392.8615185001,1194099.6773045387,88,42
Elsewhere Rooftop,2025,grosses,0.4,0.7,-55127.23250214979,1149291.9191792812,1196095.848271962,88,42
Elsewhere Rooftop,2025,grosses,0.4,0.8,-55080.233329415096,1150551.8801532502,1198092.019239385,88,42
Elsewhere Rooftop,2025,grosses,0.4,0.9,-55033.23415668042,1150101.9506921875,1200088.190206808,88,42
Elsewhere Rooftop,2025,grosses,0.4,1.0,-54986.234983945724,1149869.10905875,1202084.3611742316,88,42
Elsewhere Rooftop,2025,grosses,0.5,0.1,-55375.021157341354,1134468.692502625,1185595.2533486388,88,42
Elsewhere Rooftop,2025,grosses,0.5,0.2,-55293.815603390096,1139479.51243525,1189067.8551972776,88,42
Elsewhere Rooftop,2025,grosses,0.5,0.3,-55212.61004943885,1144188.006355125,1192540.457045916,88,42
Elsewhere Rooftop,2025,grosses,0.5,0.4,-55131.4044954876,1148052.401576,1196013.058894555,88,42
Elsewhere Rooftop,2025,grosses,0.5,0.5,-55050.19894153635,1151636.0566925001,1199485.6607431937,88,42
Elsewhere Rooftop,2025,grosses,0.5,0.6,-54968.993387585106,1154652.3523300001,1202958.2625918326,88,42
Elsewhere Rooftop,2025,grosses,0.5,0.7,-54887.78783363385,1157795.9582051248,1206430.8644404712,88,42
Elsewhere Rooftop,2025,grosses,0.5,0.8,-54806.5822796826,1160531.271314,1209903.4662891102,88,42
Elsewhere Rooftop,2025,grosses,0.5,0.9,-54725.37672573135,1163290.0612095,1213376.0681377486,88,42
Elsewhere Rooftop,2025,grosses,0.5,1.0,-54644.17117178009,1164383.1877,1216848.6699863875,88,42
Elsewhere Rooftop,2025,grosses,0.6,0.1,-55374.88999248135,1134745.782390875,1186069.14780754,88,42
Elsewhere Rooftop,2025,grosses,0.6,0.2,-55293.553273670106,1138759.6314279998,1190015.64411508,88,42
Elsewhere Rooftop,2025,grosses,0.6,0.3,-55212.21655485885,1142591.5763757501,1193962.14042262,88,42
Elsewhere Rooftop,2025,grosses,0.6,0.4,-55130.8798360476,1146864.61452,1197908.63673016,88,42
Elsewhere Rooftop,2025,grosses,0.6,0.5,-55049.543117236346,1151122.131519375,1201855.1330377,88,42
Elsewhere Rooftop,2025,grosses,0.6,0.6,-54968.2063984251,1155752.584325,1205801.62934524,88,42
Elsewhere Rooftop,2025,grosses,0.6,0.7,-54886.86967961385,1159061.7207697502,1209748.12565278,88,42
Elsewhere Rooftop,2025,grosses,0.6,0.8,-54805.5329608026,1162700.910634,1213694.62196032,88,42
Elsewhere Rooftop,2025,grosses,0.6,0.9,-54724.196241991354,1166588.3140523748,1217641.11826786,88,42
Elsewhere Rooftop,2025,grosses,0.6,1.0,-54642.85952318011,1170093.27719625,1221587.6145753998,88,42
Elsewhere Rooftop,2025,toutes,0.0,0.1,-55434.864715999174,1132394.2737109575,1182050.0345571088,88,42
Elsewhere Rooftop,2025,toutes,0.0,0.2,-55413.502720705736,1134284.2131267951,1181977.417614218,88,42
Elsewhere Rooftop,2025,toutes,0.0,0.3,-55392.1407254123,1135932.2094797813,1181904.8006713272,88,42
Elsewhere Rooftop,2025,toutes,0.0,0.4,-55370.77873011886,1136243.6072657849,1181832.183728436,88,42
Elsewhere Rooftop,2025,toutes,0.0,0.5,-55349.41673482542,1135912.249281225,1181759.5667855449,88,42
Elsewhere Rooftop,2025,toutes,0.0,0.6,-55328.05473953198,1134514.5788595702,1181686.9498426542,88,42
Elsewhere Rooftop,2025,toutes,0.0,0.7,-55306.69274423854,1132099.9776468112,1181614.332899763,88,42
Elsewhere Rooftop,2025,toutes,0.0,0.8,-55285.33074894511,1129332.52683104,1181541.7159568723,88,42
Elsewhere Rooftop,2025,toutes,0.0,0.9,-55263.96875365168,1127043.9519232437,1181469.0990139812,88,42
Elsewhere Rooftop,2025,toutes,0.0,1.0,-55242.60675835823,1122720.7059475,1181396.4820710903,88,42
Elsewhere Rooftop,2025,toutes,0.2,0.1,-55445.34778327542,1131685.17411077,1181758.7702897338,88,42
Elsewhere Rooftop,2025,toutes,0.2,0.2,-55434.46885525822,1134777.486850505,1181394.8890794679,88,42
Elsewhere Rooftop,2025,toutes,0.2,0.3,-55423.58992724104,1136068.9616732362,1181031.007869202,88,42
Elsewhere Rooftop,2025,toutes,0.2,0.4,-55412.71099922385,1137047.15258023,1180667.1266589356,88,42
Elsewhere Rooftop,2025,toutes,0.2,0.5,-55401.83207120667,1137830.11042705,1180303.2454486694,88,42
Elsewhere Rooftop,2025,toutes,0.2,0.6,-55390.95314318947,1137068.9964382201,1179939.3642384035,88,42
Elsewhere Rooftop,2025,toutes,0.2,0.7,-55380.07421517229,1136560.399535265,1179575.4830281376,88,42
Elsewhere Rooftop,2025,toutes,0.2,0.8,-55369.195287155104,1135004.30020813,1179211.6018178717,88,42
Elsewhere Rooftop,2025,toutes,0.2,0.9,-55358.31635913792,1131598.8016851812,1178847.7206076053,88,42
Elsewhere Rooftop,2025,toutes,0.2,1.0,-55347.43743112072,1127434.4801386874,1178483.8393973392,88,42
Elsewhere Rooftop,2025,toutes,0.3,0.1,-55419.13711880292,1133523.353832235,1183577.2345353502,88,42
Elsewhere Rooftop,2025,toutes,0.3,0.2,-55382.04752631323,1137097.62138507,1185031.8175707003,88,42
Elsewhere Rooftop,2025,toutes,0.3,0.3,-55344.95793382354,1140156.9347419862,1186486.4006060504,88,42
Elsewhere Rooftop,2025,toutes,0.3,0.4,-55307.86834133385,1141734.0688420949,1187940.9836414007,88,42
Elsewhere Rooftop,2025,toutes,0.3,0.5,-55270.77874884416,1143106.99996705,1189395.5666767512,88,42
Elsewhere Rooftop,2025,toutes,0.3,0.6,-55233.68915635448,1144096.1067705327,1190850.1497121016,88,42
Elsewhere Rooftop,2025,toutes,0.3,0.7,-55196.599563864795,1144718.7729059148,1192304.7327474516,88,42
Elsewhere Rooftop,2025,toutes,0.3,0.8,-55159.509971375104,1144763.3777536,1193759.3157828017,88,42
Elsewhere Rooftop,2025,toutes,0.3,0.9,-55122.42037888542,1143902.92078656,1195213.898818152,88,42
Elsewhere Rooftop,2025,toutes,0.3,1.0,-55085.33078639573,1141812.05019795,1196668.4818535023,88,42
Elsewhere Rooftop,2025,toutes,0.4,0.1,-55409.22753855792,1134368.3581757639,1184766.5853710433,88,42
Elsewhere Rooftop,2025,toutes,0.4,0.2,-55362.228365823226,1138784.80646568,1187410.519242087,88,42
Elsewhere Rooftop,2025,toutes,0.4,0.3,-55315.22919308854,1142914.0516315713,1190054.45311313,88,42
Elsewhere Rooftop,2025,toutes,0.4,0.4,-55268.230020353854,1146903.31797206,1192698.3869841732,88,42
Elsewhere Rooftop,2025,toutes,0.4,0.5,-55221.23084761916,1149926.3843556687,1195342.320855217,88,42
Elsewhere Rooftop,2025,toutes,0.4,0.6,-55174.231674884475,1152703.1084317924,1197986.2547262602,88,42
Elsewhere Rooftop,2025,toutes,0.4,0.7,-55127.23250214979,1153379.0557564648,1200630.1885973033,88,42
Elsewhere Rooftop,2025,toutes,0.4,0.8,-55080.233329415096,1156158.55703384,1203274.122468347,88,42
Elsewhere Rooftop,2025,toutes,0.4,0.9,-55033.23415668042,1156035.0251989663,1205918.0563393903,88,42
Elsewhere Rooftop,2025,toutes,0.4,1.0,-54986.234983945724,1157046.5284158124,1208561.990210434,88,42
Elsewhere Rooftop,2025,toutes,0.5,0.1,-55375.021157341354,1135853.1098749451,1186674.9060646892,88,42
Elsewhere Rooftop,2025,toutes,0.5,0.2,-55293.815603390096,1141700.42723582,1191227.1606293784,88,42
Elsewhere Rooftop,2025,toutes,0.5,0.3,-55212.61004943885,1147153.794278475,1195779.4151940674,88,42
Elsewhere Rooftop,2025,toutes,0.5,0.4,-55131.4044954876,1152334.7727696002,1200331.6697587566,88,42
Elsewhere Rooftop,2025,toutes,0.5,0.5,-55050.19894153635,1156649.22279095,1204883.924323446,88,42
Elsewhere Rooftop,2025,toutes,0.5,0.6,-54968.993387585106,1161817.1770927499,1209436.178888135,88,42
Elsewhere Rooftop,2025,toutes,0.5,0.7,-54887.78783363385,1166133.0768329601,1213988.4334528241,88,42
Elsewhere Rooftop,2025,toutes,0.5,0.8,-54806.5822796826,1169770.0121674,1218540.6880175134,88,42
Elsewhere Rooftop,2025,toutes,0.5,0.9,-54725.37672573135,1172723.9911494248,1223092.9425822024,88,42
Elsewhere Rooftop,2025,toutes,0.5,1.0,-54644.17117178009,1175184.3550194001,1227645.1971468916,88,42
Elsewhere Rooftop,2025,toutes,0.6,0.1,-55374.88999248135,1136240.68948793,1187330.0204166789,88,42
Elsewhere Rooftop,2025,toutes,0.6,0.2,-55293.553273670106,1141173.51089952,1192537.3893333576,88,42
Elsewhere Rooftop,2025,toutes,0.6,0.3,-55212.21655485885,1147517.793164325,1197744.7582500363,88,42
Elsewhere Rooftop,2025,toutes,0.6,0.4,-55130.8798360476,1152290.19498578,1202952.1271667152,88,42
Elsewhere Rooftop,2025,toutes,0.6,0.5,-55049.543117236346,1157970.193032775,1208159.4960833942,88,42
Elsewhere Rooftop,2025,toutes,0.6,0.6,-54968.2063984251,1163727.10547825,1213366.8650000729,88,42
Elsewhere Rooftop,2025,toutes,0.6,0.7,-54886.86967961385,1168304.9336161402,1218574.2339167516,88,42
Elsewhere Rooftop,2025,toutes,0.6,0.8,-54805.5329608026,1172922.71425844,1223781.6028334303,88,42
Elsewhere Rooftop,2025,toutes,0.6,0.9,-54724.196241991354,1177271.6689828502,1228988.9717501092,88,42
Elsewhere Rooftop,2025,toutes,0.6,1.0,-54642.85952318011,1181861.9572126,1234196.3406667882,88,42
Elsewhere Rooftop,2026,aucune,0.0,0.0,-41853.34812623356,882035.5,946035.598,76,73
Elsewhere Rooftop,2026,grosses,0.0,0.1,-41846.141271417306,883267.0638415,943541.5842369137,76,73
Elsewhere Rooftop,2026,grosses,0.0,0.2,-41838.934416601056,880758.4770229375,941047.5704738275,76,73
Elsewhere Rooftop,2026,grosses,0.0,0.3,-41831.727561784806,876377.2360825938,938553.5567107412,76,73
Elsewhere Rooftop,2026,grosses,0.0,0.4,-41824.52070696856,866738.6570006249,936059.542947655,76,73
Elsewhere Rooftop,2026,grosses,0.0,0.5,-41817.31385215229,855887.6436823437,933565.5291845687,76,73
Elsewhere Rooftop,2026,grosses,0.0,0.6,-41810.10699733604,844618.6109673126,931071.5154214826,76,73
Elsewhere Rooftop,2026,grosses,0.0,0.7,-41802.9001425198,831488.33083675,928577.5016583962,76,73
Elsewhere Rooftop,2026,grosses,0.0,0.8,-41798.97255326354,819088.58542475,926083.4878953099,76,73
Elsewhere Rooftop,2026,grosses,0.0,0.9,-41897.8896066423,804341.6716545313,923589.4741322239,76,73
Elsewhere Rooftop,2026,grosses,0.0,1.0,-42011.20300594605,790470.566254375,921095.4603691376,76,73
Elsewhere Rooftop,2026,grosses,0.2,0.1,-41961.42389359886,880247.3134785625,941912.1267928741,76,73
Elsewhere Rooftop,2026,grosses,0.2,0.2,-42069.499660964175,876776.28637475,937788.655585748,76,73
Elsewhere Rooftop,2026,grosses,0.2,0.3,-42177.57542832948,871587.3231352813,933665.1843786223,76,73
Elsewhere Rooftop,2026,grosses,0.2,0.4,-42285.6511956948,862833.009712375,929541.7131714964,76,73
Elsewhere Rooftop,2026,grosses,0.2,0.5,-42393.726963060115,853136.8686240625,925418.2419643704,76,73
Elsewhere Rooftop,2026,grosses,0.2,0.6,-42501.802730425436,840960.2673111875,921294.7707572443,76,73
Elsewhere Rooftop,2026,grosses,0.2,0.7,-42609.87849779074,829407.3279225938,917171.2995501184,76,73
Elsewhere Rooftop,2026,grosses,0.2,0.8,-42721.23353071605,815203.4352575,913047.8283429926,76,73
Elsewhere Rooftop,2026,grosses,0.2,0.9,-42935.433206276364,800748.2133180937,908924.3571358667,76,73
Elsewhere Rooftop,2026,grosses,0.2,1.0,-43164.029227761675,785569.00229,904800.8859287405,76,73
Elsewhere Rooftop,2026,grosses,0.3,0.1,-41930.73508755387,881366.6032026251,943368.0372494791,76,73
Elsewhere Rooftop,2026,grosses,0.3,0.2,-42008.122048874175,879294.071935375,940700.4764989581,76,73
Elsewhere Rooftop,2026,grosses,0.3,0.3,-42085.50901019449,875130.4894635937,938032.9157484372,76,73
Elsewhere Rooftop,2026,grosses,0.3,0.4,-42162.89597151481,868153.847756375,935365.3549979164,76,73
Elsewhere Rooftop,2026,grosses,0.3,0.5,-42240.282932835114,860339.3444795313,932697.7942473952,76,73
Elsewhere Rooftop,2026,grosses,0.3,0.6,-42317.66989415543,850539.0451175625,930030.2334968743,76,73
Elsewhere Rooftop,2026,grosses,0.3,0.7,-42395.05685547574,840182.4675055313,927362.6727463534,76,73
Elsewhere Rooftop,2026,grosses,0.3,0.8,-42475.72308235605,828795.328623,924695.1119958324,76,73
Elsewhere Rooftop,2026,grosses,0.3,0.9,-42659.23395187136,817355.550963375,922027.5512453115,76,73
Elsewhere Rooftop,2026,grosses,0.3,1.0,-42857.141167311675,801516.4868346875,919359.9904947907,76,73
Elsewhere Rooftop,2026,grosses,0.4,0.1,-41961.93866904761,878942.0240782812,941369.6544402654,76,73
Elsewhere Rooftop,2026,grosses,0.4,0.2,-42070.529211861685,874644.1790408124,936703.7108805306,76,73
Elsewhere Rooftop,2026,grosses,0.4,0.3,-42179.11975467575,870139.1565617188,932037.767320796,76,73
Elsewhere Rooftop,2026,grosses,0.4,0.4,-42287.71029748981,861086.47416875,927371.8237610612,76,73
Elsewhere Rooftop,2026,grosses,0.4,0.5,-42396.30084030387,852694.35076125,922705.8802013266,76,73
Elsewhere Rooftop,2026,grosses,0.4,0.6,-42504.89138311793,841725.332550375,918039.936641592,76,73
Elsewhere Rooftop,2026,grosses,0.4,0.7,-42613.48192593199,830083.4443910625,913373.9930818572,76,73
Elsewhere Rooftop,2026,grosses,0.4,0.8,-42725.35173430605,818190.0528375,908708.0495221225,76,73
Elsewhere Rooftop,2026,grosses,0.4,0.9,-42940.06618531512,805402.936531875,904042.1059623878,76,73
Elsewhere Rooftop,2026,grosses,0.4,1.0,-43169.17698224918,792355.3551756251,899376.1624026533,76,73
Elsewhere Rooftop,2026,grosses,0.5,0.1,-41910.257137639805,880290.869781875,943483.722758305,76,73
Elsewhere Rooftop,2026,grosses,0.5,0.2,-41967.166149046054,878337.1846680001,940931.84751661,76,73
Elsewhere Rooftop,2026,grosses,0.5,0.3,-42024.0751604523,875103.280574,938379.972274915,76,73
Elsewhere Rooftop,2026,grosses,0.5,0.4,-42080.98417185856,871019.8852659999,935828.0970332199,76,73
Elsewhere Rooftop,2026,grosses,0.5,0.5,-42137.89318326481,863683.386325625,933276.2217915249,76,73
Elsewhere Rooftop,2026,grosses,0.5,0.6,-42194.80219467105,855939.7371314999,930724.3465498299,76,73
Elsewhere Rooftop,2026,grosses,0.5,0.7,-42251.71120607731,848424.1628626251,928172.4713081351,76,73
Elsewhere Rooftop,2026,grosses,0.5,0.8,-42311.899483043555,840992.0447800001,925620.59606644,76,73
Elsewhere Rooftop,2026,grosses,0.5,0.9,-42474.9324026448,831272.4483795001,923068.7208247449,76,73
Elsewhere Rooftop,2026,grosses,0.5,1.0,-42652.36166817105,820238.20702125,920516.84558305,76,73
Elsewhere Rooftop,2026,grosses,0.6,0.1,-41789.08924051981,885851.3236026249,948411.6283117037,76,73
Elsewhere Rooftop,2026,grosses,0.6,0.2,-41724.83035480606,887734.22531125,950787.6586234075,76,73
Elsewhere Rooftop,2026,grosses,0.6,0.3,-41660.57146909231,890703.047695,953163.6889351112,76,73
Elsewhere Rooftop,2026,grosses,0.6,0.4,-41596.31258337855,891608.406283,955539.719246815,76,73
Elsewhere Rooftop,2026,grosses,0.6,0.5,-41532.05369766481,892510.8099893751,957915.7495585188,76,73
Elsewhere Rooftop,2026,grosses,0.6,0.6,-41467.794811951055,891732.29203725,960291.7798702226,76,73
Elsewhere Rooftop,2026,grosses,0.6,0.7,-41403.53592623731,890182.247407875,962667.8101819262,76,73
Elsewhere Rooftop,2026,grosses,0.6,0.8,-41342.556306083556,889203.9154320001,965043.8404936299,76,73
Elsewhere Rooftop,2026,grosses,0.6,0.9,-41384.42132856481,886794.20706425,967419.8708053337,76,73
Elsewhere Rooftop,2026,grosses,0.6,1.0,-41440.68269697106,884528.018205,969795.9011170375,76,73
Elsewhere Rooftop,2026,toutes,0.0,0.1,-41846.141271417306,881938.9501916263,942928.9422017388,76,73
Elsewhere Rooftop,2026,toutes,0.0,0.2,-41838.934416601056,879135.2876628125,939822.2864034779,76,73
Elsewhere Rooftop,2026,toutes,0.0,0.3,-41831.727561784806,872297.973658045,936715.6306052168,76,73
Elsewhere Rooftop,2026,toutes,0.0,0.4,-41824.52070696856,864094.335217095,933608.9748069558,76,73
Elsewhere Rooftop,2026,toutes,0.0,0.5,-41817.31385215229,853322.9413401687,930502.3190086947,76,73
Elsewhere Rooftop,2026,toutes,0.0,0.6,-41810.10699733604,842547.9759844125,927395.6632104337,76,73
Elsewhere Rooftop,2026,toutes,0.0,0.7,-41802.9001425198,827243.1809066801,924289.0074121726,76,73
Elsewhere Rooftop,2026,toutes,0.0,0.8,-41798.97255326354,811792.48689226,921182.3516139117,76,73
Elsewhere Rooftop,2026,toutes,0.0,0.9,-41897.8896066423,795420.681705115,918075.6958156506,76,73
Elsewhere Rooftop,2026,toutes,0.0,1.0,-42011.20300594605,779038.0649225999,914969.0400173896,76,73
Elsewhere Rooftop,2026,toutes,0.2,0.1,-41961.42389359886,878492.2374344113,940771.8411343687,76,73
Elsewhere Rooftop,2026,toutes,0.2,0.2,-42069.499660964175,873081.3059773375,935508.0842687374,76,73
Elsewhere Rooftop,2026,toutes,0.2,0.3,-42177.57542832948,866644.4891326661,930244.327403106,76,73
Elsewhere Rooftop,2026,toutes,0.2,0.4,-42285.6511956948,859097.0236811,924980.5705374746,76,73
Elsewhere Rooftop,2026,toutes,0.2,0.5,-42393.726963060115,848007.3375254376,919716.8136718433,76,73
Elsewhere Rooftop,2026,toutes,0.2,0.6,-42501.802730425436,835889.383157665,914453.056806212,76,73
Elsewhere Rooftop,2026,toutes,0.2,0.7,-42609.87849779074,822270.8325236912,909189.2999405806,76,73
Elsewhere Rooftop,2026,toutes,0.2,0.8,-42721.23353071605,807828.4652058099,903925.5430749494,76,73
Elsewhere Rooftop,2026,toutes,0.2,0.9,-42935.433206276364,792332.533063545,898661.786209318,76,73
Elsewhere Rooftop,2026,toutes,0.2,1.0,-43164.029227761675,777250.4324053,893398.0293436865,76,73
Elsewhere Rooftop,2026,toutes,0.3,0.1,-41930.73508755387,880628.1600984538,942672.0403885742,76,73
Elsewhere Rooftop,2026,toutes,0.3,0.2,-42008.122048874175,876805.6986234625,939308.4827771485,76,73
Elsewhere Rooftop,2026,toutes,0.3,0.3,-42085.50901019449,872856.6804731576,935944.9251657228,76,73
Elsewhere Rooftop,2026,toutes,0.3,0.4,-42162.89597151481,865528.3639590649,932581.3675542971,76,73
Elsewhere Rooftop,2026,toutes,0.3,0.5,-42240.282932835114,857345.2005679813,929217.8099428713,76,73
Elsewhere Rooftop,2026,toutes,0.3,0.6,-42317.66989415543,848162.79111539,925854.2523314456,76,73
Elsewhere Rooftop,2026,toutes,0.3,0.7,-42395.05685547574,837885.0074219574,922490.6947200198,76,73
Elsewhere Rooftop,2026,toutes,0.3,0.8,-42475.72308235605,825517.87801783,919127.1371085942,76,73
Elsewhere Rooftop,2026,toutes,0.3,0.9,-42659.23395187136,811552.7377926675,915763.5794971684,76,73
Elsewhere Rooftop,2026,toutes,0.3,1.0,-42857.141167311675,797754.8287013001,912400.0218857427,76,73
Elsewhere Rooftop,2026,toutes,0.4,0.1,-41961.93866904761,877123.6128082838,940053.1596546848,76,73
Elsewhere Rooftop,2026,toutes,0.4,0.2,-42070.529211861685,871606.1167384174,934070.7213093694,76,73
Elsewhere Rooftop,2026,toutes,0.4,0.3,-42179.11975467575,865892.2170491712,928088.2829640541,76,73
Elsewhere Rooftop,2026,toutes,0.4,0.4,-42287.71029748981,857370.40618344,922105.8446187389,76,73
Elsewhere Rooftop,2026,toutes,0.4,0.5,-42396.30084030387,847122.5813103375,916123.4062734237,76,73
Elsewhere Rooftop,2026,toutes,0.4,0.6,-42504.89138311793,837706.0779456125,910140.9679281082,76,73
Elsewhere Rooftop,2026,toutes,0.4,0.7,-42613.48192593199,825160.7080614363,904158.529582793,76,73
Elsewhere Rooftop,2026,toutes,0.4,0.8,-42725.35173430605,812224.9680849699,898176.0912374776,76,73
Elsewhere Rooftop,2026,toutes,0.4,0.9,-42940.06618531512,798638.8029661437,892193.6528921624,76,73
Elsewhere Rooftop,2026,toutes,0.4,1.0,-43169.17698224918,785371.4365035625,886211.2145468472,76,73
Elsewhere Rooftop,2026,toutes,0.5,0.1,-41910.257137639805,879663.4879751949,942847.6405855372,76,73
Elsewhere Rooftop,2026,toutes,0.5,0.2,-41967.166149046054,876822.98023799,939659.6831710744,76,73
Elsewhere Rooftop,2026,toutes,0.5,0.3,-42024.0751604523,873032.8273794451,936471.7257566116,76,73
Elsewhere Rooftop,2026,toutes,0.5,0.4,-42080.98417185856,868326.8695425,933283.7683421487,76,73
Elsewhere Rooftop,2026,toutes,0.5,0.5,-42137.89318326481,862382.67951225,930095.8109276859,76,73
Elsewhere Rooftop,2026,toutes,0.5,0.6,-42194.80219467105,854672.62948008,926907.8535132231,76,73
Elsewhere Rooftop,2026,toutes,0.5,0.7,-42251.71120607731,846712.676790335,923719.8960987604,76,73
Elsewhere Rooftop,2026,toutes,0.5,0.8,-42311.899483043555,838597.86308592,920531.9386842976,76,73
Elsewhere Rooftop,2026,toutes,0.5,0.9,-42474.9324026448,828864.1247974301,917343.9812698348,76,73
Elsewhere Rooftop,2026,toutes,0.5,1.0,-42652.36166817105,819598.0540037501,914156.0238553721,76,73
Elsewhere Rooftop,2026,toutes,0.6,0.1,-41789.08924051981,886243.264573935,949283.6742913289,76,73
Elsewhere Rooftop,2026,toutes,0.6,0.2,-41724.83035480606,889380.60924866,952531.7505826579,76,73
Elsewhere Rooftop,2026,toutes,0.6,0.3,-41660.57146909231,892832.39408814,955779.826873987,76,73
Elsewhere Rooftop,2026,toutes,0.6,0.4,-41596.31258337855,894280.56954222,959027.9031653159,76,73
Elsewhere Rooftop,2026,toutes,0.6,0.5,-41532.05369766481,895435.99851285,962275.9794566447,76,73
Elsewhere Rooftop,2026,toutes,0.6,0.6,-41467.794811951055,894405.77748983,965524.0557479737,76,73
Elsewhere Rooftop,2026,toutes,0.6,0.7,-41403.53592623731,894278.815288165,968772.1320393026,76,73
Elsewhere Rooftop,2026,toutes,0.6,0.8,-41342.556306083556,895415.37052588,972020.2083306317,76,73
Elsewhere Rooftop,2026,toutes,0.6,0.9,-41384.42132856481,893869.649539495,975268.2846219606,76,73
Elsewhere Rooftop,2026,toutes,0.6,1.0,-41440.68269697106,892092.2064495,978516.3609132896,76,73
The Rooftop at Pier 17,2025,aucune,0.0,0.0,-738518.3709375,13822756.0,14436116.527,88,42
The Rooftop at Pier 17,2025,grosses,0.0,0.1,-738336.4180181772,13835395.52342158,14436078.497993007,88,42
The Rooftop at Pier 17,2025,grosses,0.0,0.2,-738154.4650988542,13848035.04684316,14436040.468986018,88,42
The Rooftop at Pier 17,2025,grosses,0.0,0.3,-737972.5121795313,13866110.143879795,14436002.439979024,88,42
The Rooftop at Pier 17,2025,grosses,0.0,0.4,-737790.5592602083,13873494.82389184,14435964.410972035,88,42
The Rooftop at Pier 17,2025,grosses,0.0,0.5,-737608.6063408854,13870847.255051576,14435926.381965045,88,42
The Rooftop at Pier 17,2025,grosses,0.0,0.6,-737426.6534215624,13860664.16485204,14435888.352958051,88,42
The Rooftop at Pier 17,2025,grosses,0.0,0.7,-737244.7005022395,13852555.50119449,14435850.323951062,88,42
The Rooftop at Pier 17,2025,grosses,0.0,0.8,-737062.7475829165,13837150.86915028,14435812.294944068,88,42
The Rooftop at Pier 17,2025,grosses,0.0,0.9,-736880.7946635935,13815504.159476051,14435774.265937079,88,42
The Rooftop at Pier 17,2025,grosses,0.0,1.0,-736698.8417442705,13789266.59657335,14435736.236930087,88,42
The Rooftop at Pier 17,2025,grosses,0.2,0.1,-738496.79447957,13841714.07906652,14434031.375841064,88,42
The Rooftop at Pier 17,2025,grosses,0.2,0.2,-738475.21802164,13861376.07828955,14431946.22468213,88,42
The Rooftop at Pier 17,2025,grosses,0.2,0.3,-738453.6415637099,13876946.6466031,14429861.073523197,88,42
The Rooftop at Pier 17,2025,grosses,0.2,0.4,-738432.0651057799,13895394.22947328,14427775.922364261,88,42
The Rooftop at Pier 17,2025,grosses,0.2,0.5,-738410.4886478498,13901379.9915838,14425690.77120533,88,42
The Rooftop at Pier 17,2025,grosses,0.2,0.6,-738388.9121899199,13889187.43828834,14423605.620046394,88,42
The Rooftop at Pier 17,2025,grosses,0.2,0.7,-738367.3357319897,13882102.822508186,14421520.46888746,88,42
The Rooftop at Pier 17,2025,grosses,0.2,0.8,-738345.7592740597,13870017.4835152,14419435.317728525,88,42
The Rooftop at Pier 17,2025,grosses,0.2,0.9,-738324.1828161296,13859531.246718999,14417350.166569592,88,42
The Rooftop at Pier 17,2025,grosses,0.2,1.0,-738302.6063581996,13834236.7707214,14415265.015410656,88,42
The Rooftop at Pier 17,2025,grosses,0.3,0.1,-738202.8013497369,13848395.399512779,14447567.019459458,88,42
The Rooftop at Pier 17,2025,grosses,0.3,0.2,-737887.2317619735,13876618.52736964,14459017.511918915,88,42
The Rooftop at Pier 17,2025,grosses,0.3,0.3,-737571.6621742103,13899674.19853834,14470468.004378371,88,42
The Rooftop at Pier 17,2025,grosses,0.3,0.4,-737256.0925864471,13930208.03396986,14481918.496837828,88,42
The Rooftop at Pier 17,2025,grosses,0.3,0.5,-736940.522998684,13947483.2557558,14493368.989297284,88,42
The Rooftop at Pier 17,2025,grosses,0.3,0.6,-736624.9534109206,13957551.63848245,14504819.481756741,88,42
The Rooftop at Pier 17,2025,grosses,0.3,0.7,-736309.3838231573,13962365.608587895,14516269.974216199,88,42
The Rooftop at Pier 17,2025,grosses,0.3,0.8,-735993.814235394,13959075.66926956,14527720.466675656,88,42
The Rooftop at Pier 17,2025,grosses,0.3,0.9,-735678.244647631,13957565.798968796,14539170.959135111,88,42
The Rooftop at Pier 17,2025,grosses,0.3,1.0,-735362.6750598677,13957330.468641398,14550621.451594567,88,42
The Rooftop at Pier 17,2025,grosses,0.4,0.1,-738076.9927657568,13855652.879544055,14456083.247895716,88,42
The Rooftop at Pier 17,2025,grosses,0.4,0.2,-737635.6145940135,13888549.75908811,14476049.96879143,88,42
The Rooftop at Pier 17,2025,grosses,0.4,0.3,-737194.2364222703,13923381.054368995,14496016.689687148,88,42
The Rooftop at Pier 17,2025,grosses,0.4,0.4,-736752.8582505271,13951387.0327222,14515983.410582865,88,42
The Rooftop at Pier 17,2025,grosses,0.4,0.5,-736311.4800787837,13983320.8128028,14535950.13147858,88,42
The Rooftop at Pier 17,2025,grosses,0.4,0.6,-735870.1019070405,14004913.474457439,14555916.852374295,88,42
The Rooftop at Pier 17,2025,grosses,0.4,0.7,-735428.7237352973,14029846.591905281,14575883.573270014,88,42
The Rooftop at Pier 17,2025,grosses,0.4,0.8,-734987.3455635541,14040087.3260398,14595850.294165727,88,42
The Rooftop at Pier 17,2025,grosses,0.4,0.9,-734545.9673918108,14048990.251259726,14615817.015061444,88,42
The Rooftop at Pier 17,2025,grosses,0.4,1.0,-734104.5892200675,14057876.8185484,14635783.73595716,88,42
The Rooftop at Pier 17,2025,grosses,0.5,0.1,-737787.3223209409,13863999.0027127,14469802.152586918,88,42
The Rooftop at Pier 17,2025,grosses,0.5,0.2,-737056.2737043817,13905242.0054254,14503487.778173838,88,42
The Rooftop at Pier 17,2025,grosses,0.5,0.3,-736325.2250878224,13950045.90447388,14537173.403760757,88,42
The Rooftop at Pier 17,2025,grosses,0.5,0.4,-735594.1764712632,13992511.97679664,14570859.029347675,88,42
The Rooftop at Pier 17,2025,grosses,0.5,0.5,-734863.1278547042,14040742.131375099,14604544.654934593,88,42
The Rooftop at Pier 17,2025,grosses,0.5,0.6,-734132.0792381449,14068136.50736944,14638230.28052151,88,42
The Rooftop at Pier 17,2025,grosses,0.5,0.7,-733401.0306215856,14097362.598172419,14671915.90610843,88,42
The Rooftop at Pier 17,2025,grosses,0.5,0.8,-732669.9820050265,14124036.68759056,14705601.531695347,88,42
The Rooftop at Pier 17,2025,grosses,0.5,0.9,-731938.9333884673,14157827.705804141,14739287.157282267,88,42
The Rooftop at Pier 17,2025,grosses,0.5,1.0,-731207.884771908,14181127.8497038,14772972.782869186,88,42
The Rooftop at Pier 17,2025,grosses,0.6,0.1,-737749.463213613,13860598.50110968,14473838.151705468,88,42
The Rooftop at Pier 17,2025,grosses,0.6,0.2,-736980.555489726,13898441.00221936,14511559.776410934,88,42
The Rooftop at Pier 17,2025,grosses,0.6,0.3,-736211.6477658391,13937662.777211979,14549281.401116401,88,42
The Rooftop at Pier 17,2025,grosses,0.6,0.4,-735442.7400419521,13981359.38331304,14587003.025821868,88,42
The Rooftop at Pier 17,2025,grosses,0.6,0.5,-734673.832318065,14020421.067742001,14624724.650527336,88,42
The Rooftop at Pier 17,2025,grosses,0.6,0.6,-733904.9245941781,14051334.20062648,14662446.275232803,88,42
The Rooftop at Pier 17,2025,grosses,0.6,0.7,-733136.016870291,14095212.83707912,14700167.89993827,88,42
The Rooftop at Pier 17,2025,grosses,0.6,0.8,-732367.1091464041,14133559.58547856,14737889.524643738,88,42
The Rooftop at Pier 17,2025,grosses,0.6,0.9,-731598.2014225171,14179613.612454342,14775611.149349205,88,42
The Rooftop at Pier 17,2025,grosses,0.6,1.0,-730829.2936986301,14208247.948639601,14813332.774054673,88,42
The Rooftop at Pier 17,2025,toutes,0.0,0.1,-738336.4180181772,13854996.718887836,14435035.711074375,88,42
The Rooftop at Pier 17,2025,toutes,0.0,0.2,-738154.4650988542,13881300.30310843,14433954.89514875,88,42
The Rooftop at Pier 17,2025,toutes,0.0,0.3,-737972.5121795313,13897777.657159736,14432874.079223124,88,42
The Rooftop at Pier 17,2025,toutes,0.0,0.4,-737790.5592602083,13903919.138641,14431793.2632975,88,42
The Rooftop at Pier 17,2025,toutes,0.0,0.5,-737608.6063408854,13904614.290592676,14430712.447371876,88,42
The Rooftop at Pier 17,2025,toutes,0.0,0.6,-737426.6534215624,13879034.12730475,14429631.631446252,88,42
The Rooftop at Pier 17,2025,toutes,0.0,0.7,-737244.7005022395,13867314.56403349,14428550.815520626,88,42
The Rooftop at Pier 17,2025,toutes,0.0,0.8,-737062.7475829165,13842252.5885296,14427469.999595001,88,42
The Rooftop at Pier 17,2025,toutes,0.0,0.9,-736880.7946635935,13800350.351991715,14426389.183669377,88,42
The Rooftop at Pier 17,2025,toutes,0.0,1.0,-736698.8417442705,13751060.078617452,14425308.367743751,88,42
The Rooftop at Pier 17,2025,toutes,0.2,0.1,-738496.79447957,13852342.43498416,14431677.40986753,88,42
The Rooftop at Pier 17,2025,toutes,0.2,0.2,-738475.21802164,13881928.86996832,14427238.292735063,88,42
The Rooftop at Pier 17,2025,toutes,0.2,0.3,-738453.6415637099,13912425.667152956,14422799.175602593,88,42
The Rooftop at Pier 17,2025,toutes,0.2,0.4,-738432.0651057799,13931242.93750096,14418360.058470123,88,42
The Rooftop at Pier 17,2025,toutes,0.2,0.5,-738410.4886478498,13942991.884214649,14413920.941337656,88,42
The Rooftop at Pier 17,2025,toutes,0.2,0.6,-738388.9121899199,13928966.25017908,14409481.824205186,88,42
The Rooftop at Pier 17,2025,toutes,0.2,0.7,-738367.3357319897,13920973.261676574,14405042.707072718,88,42
The Rooftop at Pier 17,2025,toutes,0.2,0.8,-738345.7592740597,13909252.96875316,14400603.58994025,88,42
The Rooftop at Pier 17,2025,toutes,0.2,0.9,-738324.1828161296,13872603.790576614,14396164.47280778,88,42
The Rooftop at Pier 17,2025,toutes,0.2,1.0,-738302.6063581996,13836588.0968962,14391725.355675312,88,42
The Rooftop at Pier 17,2025,toutes,0.3,0.1,-738202.8013497369,13871920.91432392,14455995.68457942,88,42
The Rooftop at Pier 17,2025,toutes,0.3,0.2,-737887.2317619735,13921085.828647839,14475874.842158841,88,42
The Rooftop at Pier 17,2025,toutes,0.3,0.3,-737571.6621742103,13969520.857030977,14495753.999738263,88,42
The Rooftop at Pier 17,2025,toutes,0.3,0.4,-737256.0925864471,14002846.75577266,14515633.157317683,88,42
The Rooftop at Pier 17,2025,toutes,0.3,0.5,-736940.522998684,14032834.588924376,14535512.314897103,88,42
The Rooftop at Pier 17,2025,toutes,0.3,0.6,-736624.9534109206,14043332.74030717,14555391.472476525,88,42
The Rooftop at Pier 17,2025,toutes,0.3,0.7,-736309.3838231573,14055425.774071015,14575270.630055942,88,42
The Rooftop at Pier 17,2025,toutes,0.3,0.8,-735993.814235394,14057608.2584542,14595149.787635364,88,42
The Rooftop at Pier 17,2025,toutes,0.3,0.9,-735678.244647631,14059493.40445579,14615028.945214786,88,42
The Rooftop at Pier 17,2025,toutes,0.3,1.0,-735362.6750598677,14045333.4295393,14634908.102794204,88,42
The Rooftop at Pier 17,2025,toutes,0.4,0.1,-738076.9927657568,13884624.373736635,14471637.798869599,88,42
The Rooftop at Pier 17,2025,toutes,0.4,0.2,-737635.6145940135,13950243.8520652,14507159.070739195,88,42
The Rooftop at Pier 17,2025,toutes,0.4,0.3,-737194.2364222703,14008361.121209905,14542680.34260879,88,42
The Rooftop at Pier 17,2025,toutes,0.4,0.4,-736752.8582505271,14065702.01145952,14578201.61447839,88,42
The Rooftop at Pier 17,2025,toutes,0.4,0.5,-736311.4800787837,14108779.381264675,14613722.886347987,88,42
The Rooftop at Pier 17,2025,toutes,0.4,0.6,-735870.1019070405,14144029.55842372,14649244.158217585,88,42
The Rooftop at Pier 17,2025,toutes,0.4,0.7,-735428.7237352973,14161632.074296016,14684765.43008718,88,42
The Rooftop at Pier 17,2025,toutes,0.4,0.8,-734987.3455635541,14186805.36543364,14720286.701956779,88,42
The Rooftop at Pier 17,2025,toutes,0.4,0.9,-734545.9673918108,14208795.19412218,14755807.973826379,88,42
The Rooftop at Pier 17,2025,toutes,0.4,1.0,-734104.5892200675,14220897.294601,14791329.245695975,88,42
The Rooftop at Pier 17,2025,toutes,0.5,0.1,-737787.3223209409,13898009.23630402,14495756.259060357,88,42
The Rooftop at Pier 17,2025,toutes,0.5,0.2,-737056.2737043817,13973262.472608041,14555395.991120717,88,42
The Rooftop at Pier 17,2025,toutes,0.5,0.3,-736325.2250878224,14057452.97942128,14615035.723181073,88,42
The Rooftop at Pier 17,2025,toutes,0.5,0.4,-735594.1764712632,14140040.54903128,14674675.455241429,88,42
The Rooftop at Pier 17,2025,toutes,0.5,0.5,-734863.1278547042,14187673.469704,14734315.187301788,88,42
The Rooftop at Pier 17,2025,toutes,0.5,0.6,-734132.0792381449,14249621.90958988,14793954.919362145,88,42
The Rooftop at Pier 17,2025,toutes,0.5,0.7,-733401.0306215856,14305706.17719454,14853594.6514225,88,42
The Rooftop at Pier 17,2025,toutes,0.5,0.8,-732669.9820050265,14356092.222934721,14913234.38348286,88,42
The Rooftop at Pier 17,2025,toutes,0.5,0.9,-731938.9333884673,14391129.72329062,14972874.115543216,88,42
The Rooftop at Pier 17,2025,toutes,0.5,1.0,-731207.884771908,14434278.9353614,15032513.847603574,88,42
The Rooftop at Pier 17,2025,toutes,0.6,0.1,-737749.463213613,13893560.36143036,14503850.553430086,88,42
The Rooftop at Pier 17,2025,toutes,0.6,0.2,-736980.555489726,13967576.89851916,14571584.579860173,88,42
The Rooftop at Pier 17,2025,toutes,0.6,0.3,-736211.6477658391,14041245.10964308,14639318.606290257,88,42
The Rooftop at Pier 17,2025,toutes,0.6,0.4,-735442.7400419521,14112358.65967096,14707052.632720344,88,42
The Rooftop at Pier 17,2025,toutes,0.6,0.5,-734673.832318065,14178235.5057319,14774786.65915043,88,42
The Rooftop at Pier 17,2025,toutes,0.6,0.6,-733904.9245941781,14252053.3779562,14842520.685580514,88,42
The Rooftop at Pier 17,2025,toutes,0.6,0.7,-733136.016870291,14317397.04105016,14910254.712010602,88,42
The Rooftop at Pier 17,2025,toutes,0.6,0.8,-732367.1091464041,14380928.33449024,14977988.738440685,88,42
The Rooftop at Pier 17,2025,toutes,0.6,0.9,-731598.2014225171,14444736.89291974,15045722.764870772,88,42
The Rooftop at Pier 17,2025,toutes,0.6,1.0,-730829.2936986301,14498497.6764328,15113456.791300857,88,42
The Rooftop at Pier 17,2026,aucune,0.0,0.0,-568842.0823125,10677430.0,11534550.229,76,73
The Rooftop at Pier 17,2026,grosses,0.0,0.1,-568985.2087818725,10722518.50158691,11512504.614909802,76,73
The Rooftop at Pier 17,2026,grosses,0.0,0.2,-569128.3352512453,10701899.18458912,11490459.000819605,76,73
The Rooftop at Pier 17,2026,grosses,0.0,0.3,-569271.461720618,10658518.225373682,11468413.386729408,76,73
The Rooftop at Pier 17,2026,grosses,0.0,0.4,-569414.5881899907,10592375.65294276,11446367.77263921,76,73
The Rooftop at Pier 17,2026,grosses,0.0,0.5,-569557.7146593635,10499691.145493949,11424322.15854901,76,73
The Rooftop at Pier 17,2026,grosses,0.0,0.6,-569700.8411287363,10419133.54174564,11402276.544458812,76,73
The Rooftop at Pier 17,2026,grosses,0.0,0.7,-569843.967598109,10327422.000864414,11380230.930368617,76,73
The Rooftop at Pier 17,2026,grosses,0.0,0.8,-570703.1167486673,10200530.69832448,11358185.31627842,76,73
The Rooftop at Pier 17,2026,grosses,0.0,0.9,-572036.8152931908,10085116.779264702,11336139.702188222,76,73
The Rooftop at Pier 17,2026,grosses,0.0,1.0,-573589.0122910453,9943921.804898052,11314094.088098025,76,73
The Rooftop at Pier 17,2026,grosses,0.2,0.1,-569942.6034229937,10685158.729217906,11497897.669036034,76,73
The Rooftop at Pier 17,2026,grosses,0.2,0.2,-571043.1245334874,10639428.73747489,11461245.109072067,76,73
The Rooftop at Pier 17,2026,grosses,0.2,0.3,-572143.6456439812,10595200.495071355,11424592.5491081,76,73
The Rooftop at Pier 17,2026,grosses,0.2,0.4,-573244.166754475,10534299.782273619,11387939.989144132,76,73
The Rooftop at Pier 17,2026,grosses,0.2,0.5,-574344.6878649688,10440674.3079076,11351287.429180164,76,73
The Rooftop at Pier 17,2026,grosses,0.2,0.6,-575445.2089754627,10347989.454554861,11314634.869216196,76,73
The Rooftop at Pier 17,2026,grosses,0.2,0.7,-576545.7300859564,10266357.551364355,11277982.30925223,76,73
The Rooftop at Pier 17,2026,grosses,0.2,0.8,-578362.2738776358,10153627.25720848,11241329.749288261,76,73
The Rooftop at Pier 17,2026,grosses,0.2,0.9,-580653.3670632802,10020358.24273156,11204677.189324295,76,73
The Rooftop at Pier 17,2026,grosses,0.2,1.0,-583162.9587022559,9917585.7584071,11168024.62936033,76,73
The Rooftop at Pier 17,2026,grosses,0.3,0.1,-569606.9629365347,10693474.71983929,11511780.230302224,76,73
The Rooftop at Pier 17,2026,grosses,0.3,0.2,-570371.8435605695,10670009.1723199,11489010.231604446,76,73
The Rooftop at Pier 17,2026,grosses,0.3,0.3,-571136.7241846041,10642132.398634044,11466240.23290667,76,73
The Rooftop at Pier 17,2026,grosses,0.3,0.4,-571901.604808639,10608151.94921026,11443470.234208895,76,73
The Rooftop at Pier 17,2026,grosses,0.3,0.5,-572666.485432674,10539189.377659451,11420700.235511117,76,73
The Rooftop at Pier 17,2026,grosses,0.3,0.6,-573431.3660567086,10472934.48123886,11397930.23681334,76,73
The Rooftop at Pier 17,2026,grosses,0.3,0.7,-574196.2466807434,10374992.550602125,11375160.238115564,76,73
The Rooftop at Pier 17,2026,grosses,0.3,0.8,-575677.1499859638,10283149.932645159,11352390.239417788,76,73
The Rooftop at Pier 17,2026,grosses,0.3,0.9,-577632.6026851492,10198480.772957185,11329620.240720013,76,73
The Rooftop at Pier 17,2026,grosses,0.3,1.0,-579806.5538376659,10107118.2922909,11306850.242022235,76,73
The Rooftop at Pier 17,2026,grosses,0.4,0.1,-569989.9195154727,10678284.773529025,11492663.339285761,76,73
The Rooftop at Pier 17,2026,grosses,0.4,0.2,-571137.7567184458,10622884.92424366,11450776.449571522,76,73
The Rooftop at Pier 17,2026,grosses,0.4,0.3,-572285.5939214188,10588308.103551852,11408889.55985728,76,73
The Rooftop at Pier 17,2026,grosses,0.4,0.4,-573433.4311243918,10530580.111082379,11367002.670143044,76,73
The Rooftop at Pier 17,2026,grosses,0.4,0.5,-574581.2683273649,10464871.279897526,11325115.780428803,76,73
The Rooftop at Pier 17,2026,grosses,0.4,0.6,-575729.1055303378,10375450.75977649,11283228.890714565,76,73
The Rooftop at Pier 17,2026,grosses,0.4,0.7,-576876.9427333109,10275841.75646704,11241342.001000324,76,73
The Rooftop at Pier 17,2026,grosses,0.4,0.8,-578740.8026174696,10180588.96751284,11199455.111286085,76,73
The Rooftop at Pier 17,2026,grosses,0.4,0.9,-581079.2118955931,10083170.9953846,11157568.221571846,76,73
The Rooftop at Pier 17,2026,grosses,0.4,1.0,-583636.1196270479,9981802.8583801,11115681.331857607,76,73
The Rooftop at Pier 17,2026,grosses,0.5,0.1,-569500.4923204355,10690978.08925594,11513317.441351848,76,73
The Rooftop at Pier 17,2026,grosses,0.5,0.2,-570158.9023283711,10666603.15888984,11492084.653703697,76,73
The Rooftop at Pier 17,2026,grosses,0.5,0.3,-570817.3123363066,10639656.838127201,11470851.866055546,76,73
The Rooftop at Pier 17,2026,grosses,0.5,0.4,-571475.7223442424,10617352.035969282,11449619.078407394,76,73
The Rooftop at Pier 17,2026,grosses,0.5,0.5,-572134.1323521779,10560766.1963482,11428386.290759243,76,73
The Rooftop at Pier 17,2026,grosses,0.5,0.6,-572792.5423601135,10505518.08394048,11407153.503111092,76,73
The Rooftop at Pier 17,2026,grosses,0.5,0.7,-573450.9523680491,10441284.281547042,11385920.71546294,76,73
The Rooftop at Pier 17,2026,grosses,0.5,0.8,-574825.3850571703,10384905.443853281,11364687.927814787,76,73
The Rooftop at Pier 17,2026,grosses,0.5,0.9,-576674.3671402565,10296086.10299416,11343455.140166637,76,73
The Rooftop at Pier 17,2026,grosses,0.5,1.0,-578741.8476766739,10218649.5111808,11322222.352518482,76,73
The Rooftop at Pier 17,2026,grosses,0.6,0.1,-568142.5825818568,10744858.88657794,11559564.732238263,76,73
The Rooftop at Pier 17,2026,grosses,0.6,0.2,-567443.082851214,10760710.4668198,11584579.235476524,76,73
The Rooftop at Pier 17,2026,grosses,0.6,0.3,-566743.5831205709,10779095.096589461,11609593.738714786,76,73
The Rooftop at Pier 17,2026,grosses,0.6,0.4,-566044.0833899279,10811544.44329456,11634608.241953049,76,73
The Rooftop at Pier 17,2026,grosses,0.6,0.5,-565344.5836592849,10825140.478089102,11659622.745191311,76,73
The Rooftop at Pier 17,2026,grosses,0.6,0.6,-564645.0839286419,10822945.49341696,11684637.248429572,76,73
The Rooftop at Pier 17,2026,grosses,0.6,0.7,-563945.5841979987,10812381.110627381,11709651.751667835,76,73
The Rooftop at Pier 17,2026,grosses,0.6,0.8,-563962.1071485415,10806886.88153824,11734666.254906097,76,73
The Rooftop at Pier 17,2026,grosses,0.6,0.9,-564453.1794930492,10791606.87040378,11759680.75814436,76,73
The Rooftop at Pier 17,2026,grosses,0.6,1.0,-565162.7502908878,10780577.5050184,11784695.261382623,76,73
The Rooftop at Pier 17,2026,toutes,0.0,0.1,-568985.2087818725,10702892.938638896,11493768.78623091,76,73
The Rooftop at Pier 17,2026,toutes,0.0,0.2,-569128.3352512453,10681246.08996646,11452987.343461826,76,73
The Rooftop at Pier 17,2026,toutes,0.0,0.3,-569271.461720618,10612480.389036145,11412205.900692737,76,73
The Rooftop at Pier 17,2026,toutes,0.0,0.4,-569414.5881899907,10505221.831725521,11371424.45792365,76,73
The Rooftop at Pier 17,2026,toutes,0.0,0.5,-569557.7146593635,10368417.924895074,11330643.015154565,76,73
The Rooftop at Pier 17,2026,toutes,0.0,0.6,-569700.8411287363,10203894.64516801,11289861.572385477,76,73
The Rooftop at Pier 17,2026,toutes,0.0,0.7,-569843.967598109,10049176.04310739,11249080.12961639,76,73
The Rooftop at Pier 17,2026,toutes,0.0,0.8,-570703.1167486673,9870468.28269124,11208298.686847303,76,73
The Rooftop at Pier 17,2026,toutes,0.0,0.9,-572170.2291182193,9659558.60015596,11167517.244078217,76,73
The Rooftop at Pier 17,2026,toutes,0.0,1.0,-574196.1867632993,9460279.025466999,11126735.801309127,76,73
The Rooftop at Pier 17,2026,toutes,0.2,0.1,-569942.6034229937,10666350.44105416,11467396.818752162,76,73
The Rooftop at Pier 17,2026,toutes,0.2,0.2,-571043.1245334874,10609350.9993646,11400243.408504322,76,73
The Rooftop at Pier 17,2026,toutes,0.2,0.3,-572143.6456439812,10522230.06307129,11333089.998256486,76,73
The Rooftop at Pier 17,2026,toutes,0.2,0.4,-573244.166754475,10426259.451310601,11265936.588008644,76,73
The Rooftop at Pier 17,2026,toutes,0.2,0.5,-574344.6878649688,10299159.324658224,11198783.177760808,76,73
The Rooftop at Pier 17,2026,toutes,0.2,0.6,-575445.2089754627,10146210.58108291,11131629.767512968,76,73
The Rooftop at Pier 17,2026,toutes,0.2,0.7,-576545.7300859564,10004451.495764457,11064476.35726513,76,73
The Rooftop at Pier 17,2026,toutes,0.2,0.8,-578362.2738776358,9832022.9269138,10997322.947017288,76,73
The Rooftop at Pier 17,2026,toutes,0.2,0.9,-580786.7808883088,9648991.748291394,10930169.536769452,76,73
The Rooftop at Pier 17,2026,toutes,0.2,1.0,-583770.1331745097,9469537.0981744,10863016.126521612,76,73
The Rooftop at Pier 17,2026,toutes,0.3,0.1,-569606.9629365347,10689959.32507876,11492513.602797423,76,73
The Rooftop at Pier 17,2026,toutes,0.3,0.2,-570371.8435605695,10665795.562341912,11450476.976594845,76,73
The Rooftop at Pier 17,2026,toutes,0.3,0.3,-571136.7241846041,10603163.098849194,11408440.350392269,76,73
The Rooftop at Pier 17,2026,toutes,0.3,0.4,-571901.604808639,10515930.174213279,11366403.724189691,76,73
The Rooftop at Pier 17,2026,toutes,0.3,0.5,-572666.485432674,10433622.173850477,11324367.097987114,76,73
The Rooftop at Pier 17,2026,toutes,0.3,0.6,-573431.3660567086,10323462.477836741,11282330.471784538,76,73
The Rooftop at Pier 17,2026,toutes,0.3,0.7,-574196.2466807434,10187072.015684951,11240293.84558196,76,73
The Rooftop at Pier 17,2026,toutes,0.3,0.8,-575677.1499859638,10040216.87454508,11198257.219379382,76,73
The Rooftop at Pier 17,2026,toutes,0.3,0.9,-577766.0165101779,9879928.802216846,11156220.593176808,76,73
The Rooftop at Pier 17,2026,toutes,0.3,1.0,-580413.7283099198,9732352.573404249,11114183.96697423,76,73
The Rooftop at Pier 17,2026,toutes,0.4,0.1,-569989.9195154727,10645442.220354656,11457336.615641916,76,73
The Rooftop at Pier 17,2026,toutes,0.4,0.2,-571137.7567184458,10583213.87097661,11380123.002283832,76,73
The Rooftop at Pier 17,2026,toutes,0.4,0.3,-572285.5939214188,10497626.789778655,11302909.38892575,76,73
The Rooftop at Pier 17,2026,toutes,0.4,0.4,-573433.4311243918,10407728.19364312,11225695.775567666,76,73
The Rooftop at Pier 17,2026,toutes,0.4,0.5,-574581.2683273649,10291839.665035525,11148482.162209582,76,73
The Rooftop at Pier 17,2026,toutes,0.4,0.6,-575729.1055303378,10174143.556376321,11071268.5488515,76,73
The Rooftop at Pier 17,2026,toutes,0.4,0.7,-576876.9427333109,10044319.321681255,10994054.935493415,76,73
The Rooftop at Pier 17,2026,toutes,0.4,0.8,-578740.8026174696,9899129.2796518,10916841.322135335,76,73
The Rooftop at Pier 17,2026,toutes,0.4,0.9,-581212.6257206216,9746297.366720425,10839627.708777249,76,73
The Rooftop at Pier 17,2026,toutes,0.4,1.0,-584243.2940993018,9585540.370330751,10762414.095419167,76,73
The Rooftop at Pier 17,2026,toutes,0.5,0.1,-569500.4923204355,10687212.795529181,11495414.503757011,76,73
The Rooftop at Pier 17,2026,toutes,0.5,0.2,-570158.9023283711,10644518.065853922,11456278.778514026,76,73
The Rooftop at Pier 17,2026,toutes,0.5,0.3,-570817.3123363066,10602034.59081442,11417143.053271038,76,73
The Rooftop at Pier 17,2026,toutes,0.5,0.4,-571475.7223442424,10545778.91897032,11378007.32802805,76,73
The Rooftop at Pier 17,2026,toutes,0.5,0.5,-572134.1323521779,10473079.29544,11338871.602785064,76,73
The Rooftop at Pier 17,2026,toutes,0.5,0.6,-572792.5423601135,10386407.812848879,11299735.877542077,76,73
The Rooftop at Pier 17,2026,toutes,0.5,0.7,-573450.9523680491,10273167.405537521,11260600.152299087,76,73
The Rooftop at Pier 17,2026,toutes,0.5,0.8,-574825.3850571703,10170497.986436801,11221464.427056102,76,73
The Rooftop at Pier 17,2026,toutes,0.5,0.9,-576807.780965285,10086308.9169994,11182328.701813115,76,73
The Rooftop at Pier 17,2026,toutes,0.5,1.0,-579349.0221489278,9985472.743455999,11143192.976570128,76,73
The Rooftop at Pier 17,2026,toutes,0.6,0.1,-568142.5825818568,10758353.870738499,11578898.159044167,76,73
The Rooftop at Pier 17,2026,toutes,0.6,0.2,-567443.082851214,10821059.922285998,11623246.089088337,76,73
The Rooftop at Pier 17,2026,toutes,0.6,0.3,-566743.5831205709,10862207.666310279,11667594.019132504,76,73
The Rooftop at Pier 17,2026,toutes,0.6,0.4,-566044.0833899279,10884866.43924568,11711941.949176673,76,73
The Rooftop at Pier 17,2026,toutes,0.6,0.5,-565344.5836592849,10906520.4185614,11756289.87922084,76,73
The Rooftop at Pier 17,2026,toutes,0.6,0.6,-564645.0839286419,10923897.70676464,11800637.809265006,76,73
The Rooftop at Pier 17,2026,toutes,0.6,0.7,-563945.5841979987,10917603.93877924,11844985.739309175,76,73
The Rooftop at Pier 17,2026,toutes,0.6,0.8,-563962.1071485415,10926466.59165664,11889333.669353344,76,73
The Rooftop at Pier 17,2026,toutes,0.6,0.9,-564453.1794930492,10918591.042489959,11933681.599397512,76,73
The Rooftop at Pier 17,2026,toutes,0.6,1.0,-565162.7502908878,10917454.1942092,11978029.52944168,76,73
Berry Park,2025,aucune,0.0,0.0,-55943.49741133719,1073504.0,1117269.8775,129,62
Berry Park,2025,grosses,0.0,0.1,-55905.607604387704,1076370.2678764088,1118382.9000705304,129,62
Berry Park,2025,grosses,0.0,0.2,-55867.71779743822,1079225.0940752148,1119495.9226410608,129,62
Berry Park,2025,grosses,0.0,0.3,-55829.82799048873,1079896.1553073411,1120608.9452115917,129,62
Berry Park,2025,grosses,0.0,0.4,-55791.93818353924,1080813.43095303,1121721.967782122,129,62
Berry Park,2025,grosses,0.0,0.5,-55754.04837658975,1081372.3591402564,1122834.9903526523,129,62
Berry Park,2025,grosses,0.0,0.6,-55716.15856964026,1081548.821444805,1123948.012923183,129,62
Berry Park,2025,grosses,0.0,0.7,-55678.26876269078,1081530.3274983363,1125061.0354937133,129,62
Berry Park,2025,grosses,0.0,0.8,-55640.3789557413,1080185.6418461201,1126174.0580642438,129,62
Berry Park,2025,grosses,0.0,0.9,-55602.48914879181,1078906.7385346137,1127287.0806347742,129,62
Berry Park,2025,grosses,0.0,1.0,-55564.59934184232,1076299.8518982877,1128400.1032053048,129,62
Berry Park,2025,grosses,0.2,0.1,-55911.89670661567,1074779.9047099364,1117932.9352739071,129,62
Berry Park,2025,grosses,0.2,0.2,-55880.296001894145,1076702.8191094275,1118595.9930478144,129,62
Berry Park,2025,grosses,0.2,0.3,-55848.69529717261,1079145.3486518327,1119259.0508217216,129,62
Berry Park,2025,grosses,0.2,0.4,-55817.094592451096,1079786.50527556,1119922.1085956288,129,62
Berry Park,2025,grosses,0.2,0.5,-55785.49388772957,1080102.3161477065,1120585.166369536,129,62
Berry Park,2025,grosses,0.2,0.6,-55753.89318300804,1080531.8595742525,1121248.2241434432,129,62
Berry Park,2025,grosses,0.2,0.7,-55722.29247828652,1079472.212294955,1121911.2819173504,129,62
Berry Park,2025,grosses,0.2,0.8,-55690.69177356499,1078796.6571813,1122574.3396912576,129,62
Berry Park,2025,grosses,0.2,0.9,-55659.09106884347,1078265.3095189526,1123237.3974651648,129,62
Berry Park,2025,grosses,0.2,1.0,-55627.49036412194,1077816.7998314623,1123900.4552390717,129,62
Berry Park,2025,grosses,0.3,0.1,-55898.52591125467,1075844.2905166326,1118767.8891657204,129,62
Berry Park,2025,grosses,0.3,0.2,-55853.55441117214,1078061.0644588275,1120265.9008314412,129,62
Berry Park,2025,grosses,0.3,0.3,-55808.582911089616,1080960.7227925002,1121763.912497162,129,62
Berry Park,2025,grosses,0.3,0.4,-55763.61141100709,1081894.172949245,1123261.9241628824,129,62
Berry Park,2025,grosses,0.3,0.5,-55718.63991092457,1083312.860522175,1124759.9358286029,129,62
Berry Park,2025,grosses,0.3,0.6,-55673.668410842045,1083817.13461133,1126257.9474943234,129,62
Berry Park,2025,grosses,0.3,0.7,-55628.69691075951,1084830.0808090237,1127755.9591600439,129,62
Berry Park,2025,grosses,0.3,0.8,-55583.72541067698,1085118.64946957,1129253.9708257646,129,62
Berry Park,2025,grosses,0.3,0.9,-55538.75391059446,1085420.11788466,1130751.982491485,129,62
Berry Park,2025,grosses,0.3,1.0,-55493.78241051194,1084781.1108726999,1132249.9941572058,129,62
Berry Park,2025,grosses,0.4,0.1,-55882.663818099514,1076939.1300132414,1119849.8311881018,129,62
Berry Park,2025,grosses,0.4,0.2,-55821.83022486184,1080261.2175332024,1122429.7848762034,129,62
Berry Park,2025,grosses,0.4,0.3,-55760.99663162416,1083112.1514889002,1125009.738564305,129,62
Berry Park,2025,grosses,0.4,0.4,-55700.16303838649,1085823.9109778202,1127589.6922524066,129,62
Berry Park,2025,grosses,0.4,0.5,-55639.32944514882,1088408.2803856875,1130169.6459405085,129,62
Berry Park,2025,grosses,0.4,0.6,-55578.495851911146,1090458.7235902227,1132749.59962861,129,62
Berry Park,2025,grosses,0.4,0.7,-55517.66225867347,1092961.3655179401,1135329.5533167117,129,62
Berry Park,2025,grosses,0.4,0.8,-55456.828665435794,1094174.724486,1137909.5070048133,129,62
Berry Park,2025,grosses,0.4,0.9,-55395.995072198115,1096524.239985105,1140489.460692915,129,62
Berry Park,2025,grosses,0.4,1.0,-55335.16147896044,1097476.1107040625,1143069.4143810167,129,62
Berry Park,2025,grosses,0.5,0.1,-55867.94483247532,1078061.280099261,1120444.568356626,129,62
Berry Park,2025,grosses,0.5,0.2,-55792.39225361344,1081585.3356611575,1123619.259213252,129,62
Berry Park,2025,grosses,0.5,0.3,-55716.839674751565,1085408.6187130027,1126793.950069878,129,62
Berry Park,2025,grosses,0.5,0.4,-55641.28709588969,1088415.20348498,1129968.640926504,129,62
Berry Park,2025,grosses,0.5,0.5,-55565.73451702782,1091950.98414705,1133143.33178313,129,62
Berry Park,2025,grosses,0.5,0.6,-55490.18193816594,1095393.8684276475,1136318.022639756,129,62
Berry Park,2025,grosses,0.5,0.7,-55414.62935930406,1097957.8673605863,1139492.7134963819,129,62
Berry Park,2025,grosses,0.5,0.8,-55339.07678044219,1101158.84263112,1142667.4043530081,129,62
Berry Park,2025,grosses,0.5,0.9,-55263.524201580316,1103454.8199269462,1145842.0952096344,129,62
Berry Park,2025,grosses,0.5,1.0,-55187.97162271844,1105856.9204540125,1149016.7860662602,129,62
Berry Park,2025,grosses,0.6,0.1,-55889.32865105599,1076960.666272015,1119948.458907711,129,62
Berry Park,2025,grosses,0.6,0.2,-55835.15989077478,1079595.11658887,1122627.040315422,129,62
Berry Park,2025,grosses,0.6,0.3,-55780.99113049359,1082613.5492344252,1125305.6217231331,129,62
Berry Park,2025,grosses,0.6,0.4,-55726.822370212394,1085351.3680313,1127984.2031308438,129,62
Berry Park,2025,grosses,0.6,0.5,-55672.65360993119,1088163.792649025,1130662.7845385552,129,62
Berry Park,2025,grosses,0.6,0.6,-55618.48484965,1090555.65885936,1133341.365946266,129,62
Berry Park,2025,grosses,0.6,0.7,-55564.31608936879,1093109.951732895,1136019.947353977,129,62
Berry Park,2025,grosses,0.6,0.8,-55510.147329087595,1096044.00167272,1138698.5287616882,129,62
Berry Park,2025,grosses,0.6,0.9,-55455.97856880639,1098104.694465165,1141377.110169399,129,62
Berry Park,2025,grosses,0.6,1.0,-55401.80980852519,1100354.9621801,1144055.6915771097,129,62
Berry Park,2025,toutes,0.0,0.1,-55905.607604387704,1077242.5251282474,1119103.9432711136,129,62
Berry Park,2025,toutes,0.0,0.2,-55867.71779743822,1079473.39476833,1120938.0090422272,129,62
Berry Park,2025,toutes,0.0,0.3,-55829.82799048873,1081473.4219437698,1122772.0748133408,129,62
Berry Park,2025,toutes,0.0,0.4,-55791.93818353924,1083302.3156641698,1124606.1405844546,129,62
Berry Park,2025,toutes,0.0,0.5,-55754.04837658975,1084231.4773927,1126440.2063555685,129,62
Berry Park,2025,toutes,0.0,0.6,-55716.15856964026,1084884.90750121,1128274.2721266819,129,62
Berry Park,2025,toutes,0.0,0.7,-55678.26876269078,1083394.870012735,1130108.3378977955,129,62
Berry Park,2025,toutes,0.0,0.8,-55640.3789557413,1081771.35637935,1131942.403668909,129,62
Berry Park,2025,toutes,0.0,0.9,-55602.48914879181,1079850.6818356176,1133776.4694400225,129,62
Berry Park,2025,toutes,0.0,1.0,-55564.59934184232,1077040.7960403124,1135610.5352111363,129,62
Berry Park,2025,toutes,0.2,0.1,-55911.89670661567,1076120.20047429,1118353.657914629,129,62
Berry Park,2025,toutes,0.2,0.2,-55880.296001894145,1077937.6772968902,1119437.4383292582,129,62
Berry Park,2025,toutes,0.2,0.3,-55848.69529717261,1080253.521187355,1120521.2187438873,129,62
Berry Park,2025,toutes,0.2,0.4,-55817.094592451096,1080367.90035589,1121604.9991585163,129,62
Berry Park,2025,toutes,0.2,0.5,-55785.49388772957,1081599.5322637188,1122688.7795731453,129,62
Berry Park,2025,toutes,0.2,0.6,-55753.89318300804,1080934.4822994275,1123772.5599877744,129,62
Berry Park,2025,toutes,0.2,0.7,-55722.29247828652,1081273.1060787975,1124856.3404024034,129,62
Berry Park,2025,toutes,0.2,0.8,-55690.69177356499,1080826.50429921,1125940.1208170324,129,62
Berry Park,2025,toutes,0.2,0.9,-55659.09106884347,1080342.4323442585,1127023.9012316612,129,62
Berry Park,2025,toutes,0.2,1.0,-55627.49036412194,1078493.2481318626,1128107.6816462905,129,62
Berry Park,2025,toutes,0.3,0.1,-55898.52591125467,1077143.8134879738,1119773.4296233428,129,62
Berry Park,2025,toutes,0.3,0.2,-55853.55441117214,1080395.5828020775,1122276.9817466855,129,62
Berry Park,2025,toutes,0.3,0.3,-55808.582911089616,1083536.1224857015,1124780.5338700283,129,62
Berry Park,2025,toutes,0.3,0.4,-55763.61141100709,1086212.7395825451,1127284.085993371,129,62
Berry Park,2025,toutes,0.3,0.5,-55718.63991092457,1087478.4592914686,1129787.638116714,129,62
Berry Park,2025,toutes,0.3,0.6,-55673.668410842045,1089226.274367665,1132291.1902400565,129,62
Berry Park,2025,toutes,0.3,0.7,-55628.69691075951,1090390.1315897636,1134794.7423633994,129,62
Berry Park,2025,toutes,0.3,0.8,-55583.72541067698,1090383.56055102,1137298.294486742,129,62
Berry Park,2025,toutes,0.3,0.9,-55538.75391059446,1091715.7248034873,1139801.8466100846,129,62
Berry Park,2025,toutes,0.3,1.0,-55493.78241051194,1092898.1043179876,1142305.3987334275,129,62
Berry Park,2025,toutes,0.4,0.1,-55882.663818099514,1079166.7644848886,1121629.9409250335,129,62
Berry Park,2025,toutes,0.4,0.2,-55821.83022486184,1083763.9279576049,1125990.0043500676,129,62
Berry Park,2025,toutes,0.4,0.3,-55760.99663162416,1088250.9859455712,1130350.0677751012,129,62
Berry Park,2025,toutes,0.4,0.4,-55700.16303838649,1092480.93561507,1134710.1312001352,129,62
Berry Park,2025,toutes,0.4,0.5,-55639.32944514882,1095929.7617698312,1139070.1946251688,129,62
Berry Park,2025,toutes,0.4,0.6,-55578.495851911146,1099366.438614255,1143430.2580502026,129,62
Berry Park,2025,toutes,0.4,0.7,-55517.66225867347,1103328.3364293112,1147790.3214752362,129,62
Berry Park,2025,toutes,0.4,0.8,-55456.828665435794,1105687.68934609,1152150.38490027,129,62
Berry Park,2025,toutes,0.4,0.9,-55395.995072198115,1107616.5294106249,1156510.448325304,129,62
Berry Park,2025,toutes,0.4,1.0,-55335.16147896044,1109725.0891186248,1160870.5117503377,129,62
Berry Park,2025,toutes,0.5,0.1,-55867.94483247532,1079752.2846738524,1122622.665485393,129,62
Berry Park,2025,toutes,0.5,0.2,-55792.39225361344,1086349.820019955,1127975.4534707856,129,62
Berry Park,2025,toutes,0.5,0.3,-55716.839674751565,1091356.8611844238,1133328.2414561787,129,62
Berry Park,2025,toutes,0.5,0.4,-55641.28709588969,1097343.6678052952,1138681.0294415718,129,62
Berry Park,2025,toutes,0.5,0.5,-55565.73451702782,1102286.6860725188,1144033.8174269642,129,62
Berry Park,2025,toutes,0.5,0.6,-55490.18193816594,1107549.2240314726,1149386.6054123573,129,62
Berry Park,2025,toutes,0.5,0.7,-55414.62935930406,1111944.6903824762,1154739.39339775,129,62
Berry Park,2025,toutes,0.5,0.8,-55339.07678044219,1116560.9385269,1160092.181383143,129,62
Berry Park,2025,toutes,0.5,0.9,-55263.524201580316,1120878.9427272163,1165444.969368536,129,62
Berry Park,2025,toutes,0.5,1.0,-55187.97162271844,1124499.1719153125,1170797.757353929,129,62
Berry Park,2025,toutes,0.6,0.1,-55889.32865105599,1078834.125195845,1121816.012492315,129,62
Berry Park,2025,toutes,0.6,0.2,-55835.15989077478,1083491.45897939,1126362.1474846292,129,62
Berry Park,2025,toutes,0.6,0.3,-55780.99113049359,1088548.2201117051,1130908.2824769437,129,62
Berry Park,2025,toutes,0.6,0.4,-55726.822370212394,1092550.69844788,1135454.417469258,129,62
Berry Park,2025,toutes,0.6,0.5,-55672.65360993119,1096814.3714451499,1140000.552461573,129,62
Berry Park,2025,toutes,0.6,0.6,-55618.48484965,1101231.07571556,1144546.6874538872,129,62
Berry Park,2025,toutes,0.6,0.7,-55564.31608936879,1105489.9925195202,1149092.8224462017,129,62
Berry Park,2025,toutes,0.6,0.8,-55510.147329087595,1109587.73986712,1153638.9574385167,129,62
Berry Park,2025,toutes,0.6,0.9,-55455.97856880639,1112751.1933968451,1158185.092430831,129,62
Berry Park,2025,toutes,0.6,1.0,-55401.80980852519,1116540.025341,1162731.2274231454,129,62
Berry Park,2026,aucune,0.0,0.0,-45941.571794407864,909111.5,954816.74625,114,109
Berry Park,2026,grosses,0.0,0.1,-45889.830178610784,912433.847115475,956524.6326470091,114,109
Berry Park,2026,grosses,0.0,0.2,-45838.088562813675,914637.46796387,958232.5190440182,114,109
Berry Park,2026,grosses,0.0,0.3,-45786.34694701658,916675.2089611775,959940.4054410275,114,109
Berry Park,2026,grosses,0.0,0.4,-45734.60533121948,915526.710824585,961648.2918380365,114,109
Berry Park,2026,grosses,0.0,0.5,-45682.863715422376,913329.1553692312,963356.1782350458,114,109
Berry Park,2026,grosses,0.0,0.6,-45631.12209962528,911182.7653853775,965064.0646320548,114,109
Berry Park,2026,grosses,0.0,0.7,-45579.38048382819,907089.7479911938,966771.951029064,114,109
Berry Park,2026,grosses,0.0,0.8,-45527.638868031085,903945.09062275,968479.8374260732,114,109
Berry Park,2026,grosses,0.0,0.9,-45484.05049925754,899377.4938845438,970187.7238230823,114,109
Berry Park,2026,grosses,0.0,1.0,-45478.37079979638,893721.969030775,971895.6102200915,114,109
Berry Park,2026,grosses,0.2,0.1,-46000.156916999804,909611.6518623363,953392.743288196,114,109
Berry Park,2026,grosses,0.2,0.2,-46058.74203959173,908718.3665279575,951968.7403263919,114,109
Berry Park,2026,grosses,0.2,0.3,-46117.327162183654,906066.483525945,950544.7373645881,114,109
Berry Park,2026,grosses,0.2,0.4,-46175.91228477558,904872.275018175,949120.734402784,114,109
Berry Park,2026,grosses,0.2,0.5,-46234.4974073675,902868.549308275,947696.73144098,114,109
Berry Park,2026,grosses,0.2,0.6,-46293.082529959436,898496.1262095026,946272.728479176,114,109
Berry Park,2026,grosses,0.2,0.7,-46351.667652551354,892390.08636044,944848.7255173719,114,109
Berry Park,2026,grosses,0.2,0.8,-46410.25277514328,886654.9885882301,943424.722555568,114,109
Berry Park,2026,grosses,0.2,0.9,-46476.99114475875,880363.866340325,942000.719593764,114,109
Berry Park,2026,grosses,0.2,1.0,-46581.63818368663,873980.3516306875,940576.7166319599,114,109
Berry Park,2026,grosses,0.3,0.1,-45983.288674018906,910255.6420829275,954193.3437563591,114,109
Berry Park,2026,grosses,0.3,0.2,-46025.00555362993,909530.8371286575,953569.941262718,114,109
Berry Park,2026,grosses,0.3,0.3,-46066.72243324096,909002.754187955,952946.538769077,114,109
Berry Park,2026,grosses,0.3,0.4,-46108.43931285198,908673.968038865,952323.1362754361,114,109
Berry Park,2026,grosses,0.3,0.5,-46150.156192463,906753.9026018938,951699.7337817953,114,109
Berry Park,2026,grosses,0.3,0.6,-46191.873072074035,903403.1967023525,951076.3312881544,114,109
Berry Park,2026,grosses,0.3,0.7,-46233.58995168505,897474.9913354863,950452.9287945133,114,109
Berry Park,2026,grosses,0.3,0.8,-46275.30683129608,892213.3833288699,949829.5263008724,114,109
Berry Park,2026,grosses,0.3,0.9,-46325.17695793066,886935.0636521913,949206.1238072314,114,109
Berry Park,2026,grosses,0.3,1.0,-46412.95575387763,882147.1501277625,948582.7213135905,114,109
Berry Park,2026,grosses,0.4,0.1,-46000.6476518686,908872.1292015,953245.4823956786,114,109
Berry Park,2026,grosses,0.4,0.2,-46059.72350932933,908236.5739917825,951674.2185413571,114,109
Berry Park,2026,grosses,0.4,0.3,-46118.79936679006,906739.37850363,950102.9546870356,114,109
Berry Park,2026,grosses,0.4,0.4,-46177.875224250776,904544.26541236,948531.6908327142,114,109
Berry Park,2026,grosses,0.4,0.5,-46236.9510817115,902285.6982071062,946960.4269783929,114,109
Berry Park,2026,grosses,0.4,0.6,-46296.026939172225,899066.9018075275,945389.1631240713,114,109
Berry Park,2026,grosses,0.4,0.7,-46355.10279663296,894051.02136144,943817.8992697499,114,109
Berry Park,2026,grosses,0.4,0.8,-46414.17865409368,888738.19297662,942246.6354154284,114,109
Berry Park,2026,grosses,0.4,0.9,-46481.40775857796,883727.8720380962,940675.3715611069,114,109
Berry Park,2026,grosses,0.4,1.0,-46586.54553237463,878601.0555351375,939104.1077067856,114,109
Berry Park,2026,grosses,0.5,0.1,-45960.06793733378,911073.749225775,954826.5948874115,114,109
Berry Park,2026,grosses,0.5,0.2,-45978.56408025968,912012.0279659299,954836.443524823,114,109
Berry Park,2026,grosses,0.5,0.3,-45997.060223185574,912867.240966095,954846.2921622343,114,109
Berry Park,2026,grosses,0.5,0.4,-46015.55636611148,912726.15645558,954856.1407996459,114,109
Berry Park,2026,grosses,0.5,0.5,-46034.05250903738,911121.9546777251,954865.9894370573,114,109
Berry Park,2026,grosses,0.5,0.6,-46052.548651963276,909787.1447791901,954875.8380744688,114,109
Berry Park,2026,grosses,0.5,0.7,-46071.044794889174,907827.35511511,954885.6867118803,114,109
Berry Park,2026,grosses,0.5,0.8,-46089.54093781507,905849.88376264,954895.5353492915,114,109
Berry Park,2026,grosses,0.5,0.9,-46116.190327764525,902302.3402792499,954905.383986703,114,109
Berry Park,2026,grosses,0.5,1.0,-46180.748387026375,899002.1638016499,954915.2326241145,114,109
Berry Park,2026,grosses,0.6,0.1,-45905.864256184475,912277.6185731051,956745.1361370358,114,109
Berry Park,2026,grosses,0.6,0.2,-45870.15671796107,916093.52692661,958673.5260240715,114,109
Berry Park,2026,grosses,0.6,0.3,-45834.44917973768,918704.5154257651,960601.9159111073,114,109
Berry Park,2026,grosses,0.6,0.4,-45798.74164151427,920161.15650868,962530.305798143,114,109
Berry Park,2026,grosses,0.6,0.5,-45763.03410329087,921616.891221375,964458.6956851787,114,109
Berry Park,2026,grosses,0.6,0.6,-45727.32656506747,922641.7467068901,966387.0855722144,114,109
Berry Park,2026,grosses,0.6,0.7,-45691.61902684407,923730.8179680649,968315.4754592502,114,109
Berry Park,2026,grosses,0.6,0.8,-45655.91148862068,924126.95670624,970243.8653462861,114,109
Berry Park,2026,grosses,0.6,0.9,-45628.35719742082,923455.6962126,972172.2552333218,114,109
Berry Park,2026,grosses,0.6,1.0,-45638.71157553337,922858.13877805,974100.6451203575,114,109
Berry Park,2026,toutes,0.0,0.1,-45889.830178610784,916376.5114516212,957926.6037849984,114,109
Berry Park,2026,toutes,0.0,0.2,-45838.088562813675,919741.44073146,961036.4613199969,114,109
Berry Park,2026,toutes,0.0,0.3,-45786.34694701658,921720.5093549376,964146.3188549953,114,109
Berry Park,2026,toutes,0.0,0.4,-45734.60533121948,923015.58968515,967256.1763899936,114,109
Berry Park,2026,toutes,0.0,0.5,-45682.863715422376,922505.2229725937,970366.0339249921,114,109
Berry Park,2026,toutes,0.0,0.6,-45631.12209962528,920210.0025713149,973475.8914599905,114,109
Berry Park,2026,toutes,0.0,0.7,-45579.38048382819,916891.1513160613,976585.748994989,114,109
Berry Park,2026,toutes,0.0,0.8,-45527.638868031085,913022.76137865,979695.6065299873,114,109
Berry Park,2026,toutes,0.0,0.9,-45484.05049925754,908709.7322654863,982805.4640649856,114,109
Berry Park,2026,toutes,0.0,1.0,-45478.37079979638,904548.0577115875,985915.3215999842,114,109
Berry Park,2026,toutes,0.2,0.1,-46000.156916999804,909418.9189418375,952325.2635542656,114,109
Berry Park,2026,toutes,0.2,0.2,-46058.74203959173,907296.0531031875,949833.7808585312,114,109
Berry Park,2026,toutes,0.2,0.3,-46117.327162183654,904434.0498631075,947342.2981627968,114,109
Berry Park,2026,toutes,0.2,0.4,-46175.91228477558,901804.680070865,944850.8154670625,114,109
Berry Park,2026,toutes,0.2,0.5,-46234.4974073675,897178.3608244812,942359.332771328,114,109
Berry Park,2026,toutes,0.2,0.6,-46293.082529959436,891561.1518908276,939867.8500755937,114,109
Berry Park,2026,toutes,0.2,0.7,-46351.667652551354,885183.4410670063,937376.3673798593,114,109
Berry Park,2026,toutes,0.2,0.8,-46410.25277514328,878200.31489477,934884.884684125,114,109
Berry Park,2026,toutes,0.2,0.9,-46476.99114475875,870742.6461700975,932393.4019883905,114,109
Berry Park,2026,toutes,0.2,1.0,-46581.63818368663,863167.491786825,929901.9192926562,114,109
Berry Park,2026,toutes,0.3,0.1,-45983.288674018906,910501.6253053801,953720.7379075285,114,109
Berry Park,2026,toutes,0.3,0.2,-46025.00555362993,910730.33976468,952624.7295650571,114,109
Berry Park,2026,toutes,0.3,0.3,-46066.72243324096,908724.631443675,951528.7212225854,114,109
Berry Park,2026,toutes,0.3,0.4,-46108.43931285198,907698.3214114651,950432.712880114,114,109
Berry Park,2026,toutes,0.3,0.5,-46150.156192463,904743.7825267438,949336.7045376424,114,109
Berry Park,2026,toutes,0.3,0.6,-46191.873072074035,901869.4392171626,948240.6961951711,114,109
Berry Park,2026,toutes,0.3,0.7,-46233.58995168505,896875.9175809562,947144.6878526995,114,109
Berry Park,2026,toutes,0.3,0.8,-46275.30683129608,890309.44343577,946048.6795102281,114,109
Berry Park,2026,toutes,0.3,0.9,-46325.17695793066,883738.9160877637,944952.6711677565,114,109
Berry Park,2026,toutes,0.3,1.0,-46412.95575387763,877710.1091983125,943856.6628252852,114,109
Berry Park,2026,toutes,0.4,0.1,-46000.6476518686,908805.7840398112,952158.6073688486,114,109
Berry Park,2026,toutes,0.4,0.2,-46059.72350932933,906066.532789595,949500.4684876974,114,109
Berry Park,2026,toutes,0.4,0.3,-46118.79936679006,903360.2716301938,946842.3296065462,114,109
Berry Park,2026,toutes,0.4,0.4,-46177.875224250776,900616.647071355,944184.190725395,114,109
Berry Park,2026,toutes,0.4,0.5,-46236.9510817115,895787.8907990563,941526.0518442437,114,109
Berry Park,2026,toutes,0.4,0.6,-46296.026939172225,892255.0064309799,938867.9129630923,114,109
Berry Park,2026,toutes,0.4,0.7,-46355.10279663296,886304.2211265463,936209.7740819409,114,109
Berry Park,2026,toutes,0.4,0.8,-46414.17865409368,880057.64101972,933551.6352007897,114,109
Berry Park,2026,toutes,0.4,0.9,-46481.40775857796,872435.82890856,930893.4963196383,114,109
Berry Park,2026,toutes,0.4,1.0,-46586.54553237463,866411.488747225,928235.357438487,114,109
Berry Park,2026,toutes,0.5,0.1,-45960.06793733378,911758.043293805,954977.9846743632,114,109
Berry Park,2026,toutes,0.5,0.2,-45978.56408025968,913741.94238856,955139.2230987261,114,109
Berry Park,2026,toutes,0.5,0.3,-45997.060223185574,914258.80746499,955300.4615230894,114,109
Berry Park,2026,toutes,0.5,0.4,-46015.55636611148,915273.89135232,955461.6999474523,114,109
Berry Park,2026,toutes,0.5,0.5,-46034.05250903738,913235.2084064,955622.9383718155,114,109
Berry Park,2026,toutes,0.5,0.6,-46052.548651963276,911986.8359291201,955784.1767961786,114,109
Berry Park,2026,toutes,0.5,0.7,-46071.044794889174,910776.62046285,955945.4152205418,114,109
Berry Park,2026,toutes,0.5,0.8,-46089.54093781507,907410.12946468,956106.6536449047,114,109
Berry Park,2026,toutes,0.5,0.9,-46116.190327764525,904321.964157645,956267.892069268,114,109
Berry Park,2026,toutes,0.5,1.0,-46180.748387026375,900667.38565935,956429.1304936309,114,109
Berry Park,2026,toutes,0.6,0.1,-45905.864256184475,914885.23576053,958356.2226336052,114,109
Berry Park,2026,toutes,0.6,0.2,-45870.15671796107,918756.50022416,961895.6990172104,114,109
Berry Park,2026,toutes,0.6,0.3,-45834.44917973768,923382.791855655,965435.1754008157,114,109
Berry Park,2026,toutes,0.6,0.4,-45798.74164151427,927618.79302938,968974.6517844208,114,109
Berry Park,2026,toutes,0.6,0.5,-45763.03410329087,930074.215164275,972514.128168026,114,109
Berry Park,2026,toutes,0.6,0.6,-45727.32656506747,933110.96575339,976053.6045516313,114,109
Berry Park,2026,toutes,0.6,0.7,-45691.61902684407,935494.823482065,979593.0809352364,114,109
Berry Park,2026,toutes,0.6,0.8,-45655.91148862068,937882.80521128,983132.5573188417,114,109
Berry Park,2026,toutes,0.6,0.9,-45628.35719742082,938127.1335834151,986672.0337024468,114,109
Berry Park,2026,toutes,0.6,1.0,-45638.71157553337,938660.78557005,990211.5100860519,114,109
Time Out Market rooftop,2025,aucune,0.0,0.0,-128425.09457150254,2390379.475,2473534.28575,151,71
Time Out Market rooftop,2025,grosses,0.0,0.1,-128418.383643906,2392876.736229629,2473960.425224147,151,71
Time Out Market rooftop,2025,grosses,0.0,0.2,-128411.67271630946,2396319.9095644522,2474386.564698294,151,71
Time Out Market rooftop,2025,grosses,0.0,0.3,-128404.96178871291,2397283.524493844,2474812.7041724403,151,71
Time Out Market rooftop,2025,grosses,0.0,0.4,-128398.25086111638,2397695.364545155,2475238.843646587,151,71
Time Out Market rooftop,2025,grosses,0.0,0.5,-128391.53993351985,2397182.810166681,2475664.9831207343,151,71
Time Out Market rooftop,2025,grosses,0.0,0.6,-128384.8290059233,2396349.0450271,2476091.1225948804,151,71
Time Out Market rooftop,2025,grosses,0.0,0.7,-128378.11807832676,2393528.739666539,2476517.2620690274,151,71
Time Out Market rooftop,2025,grosses,0.0,0.8,-128371.40715073023,2390413.8490735,2476943.401543174,151,71
Time Out Market rooftop,2025,grosses,0.0,0.9,-128364.69622313368,2386213.587562083,2477369.5410173205,151,71
Time Out Market rooftop,2025,grosses,0.0,1.0,-128357.98529553716,2382136.7022343753,2477795.6804914675,151,71
Time Out Market rooftop,2025,grosses,0.2,0.1,-128426.88709247588,2393446.153420555,2473665.454640238,151,71
Time Out Market rooftop,2025,grosses,0.2,0.2,-128428.67961344922,2396359.9299479052,2473796.6235304764,151,71
Time Out Market rooftop,2025,grosses,0.2,0.3,-128430.47213442254,2395553.360366545,2473927.7924207156,151,71
Time Out Market rooftop,2025,grosses,0.2,0.4,-128432.26465539589,2397779.7785535404,2474058.961310954,151,71
Time Out Market rooftop,2025,grosses,0.2,0.5,-128434.05717636921,2398454.4643934313,2474190.130201192,151,71
Time Out Market rooftop,2025,grosses,0.2,0.6,-128435.84969734258,2397874.9362889375,2474321.299091431,151,71
Time Out Market rooftop,2025,grosses,0.2,0.7,-128437.6422183159,2396263.554298525,2474452.4679816687,151,71
Time Out Market rooftop,2025,grosses,0.2,0.8,-128439.43473928924,2394980.35074604,2474583.6368719074,151,71
Time Out Market rooftop,2025,grosses,0.2,0.9,-128441.22726026257,2391501.8017721386,2474714.805762146,151,71
Time Out Market rooftop,2025,grosses,0.2,1.0,-128443.01978123593,2388454.6322743376,2474845.974652384,151,71
Time Out Market rooftop,2025,grosses,0.3,0.1,-128398.54331445353,2394722.5675575924,2475271.7025968595,151,71
Time Out Market rooftop,2025,grosses,0.3,0.2,-128371.99205740452,2398289.286112555,2477009.1194437197,151,71
Time Out Market rooftop,2025,grosses,0.3,0.3,-128345.4408003555,2400974.4949546824,2478746.536290579,151,71
Time Out Market rooftop,2025,grosses,0.3,0.4,-128318.8895433065,2403178.44350539,2480483.9531374387,151,71
Time Out Market rooftop,2025,grosses,0.3,0.5,-128292.33828625748,2405664.6463064314,2482221.3699842985,151,71
Time Out Market rooftop,2025,grosses,0.3,0.6,-128265.78702920846,2407020.517927825,2483958.7868311587,151,71
Time Out Market rooftop,2025,grosses,0.3,0.7,-128239.23577215946,2406939.5445760824,2485696.2036780184,151,71
Time Out Market rooftop,2025,grosses,0.3,0.8,-128212.68451511045,2407656.9159831703,2487433.620524878,151,71
Time Out Market rooftop,2025,grosses,0.3,0.9,-128186.13325806144,2405872.325768031,2489171.0373717374,151,71
Time Out Market rooftop,2025,grosses,0.3,1.0,-128159.58200101242,2405316.2029174375,2490908.4542185976,151,71
Time Out Market rooftop,2025,grosses,0.4,0.1,-128364.91720995046,2395541.573236555,2476791.573463136,151,71
Time Out Market rooftop,2025,grosses,0.4,0.2,-128304.73984839837,2400138.0684938873,2480048.861176272,151,71
Time Out Market rooftop,2025,grosses,0.4,0.3,-128244.56248684628,2405734.2743826066,2483306.148889408,151,71
Time Out Market rooftop,2025,grosses,0.4,0.4,-128184.38512529418,2410102.92902002,2486563.4366025445,151,71
Time Out Market rooftop,2025,grosses,0.4,0.5,-128124.2077637421,2413590.0128749185,2489820.72431568,151,71
Time Out Market rooftop,2025,grosses,0.4,0.6,-128064.03040219002,2417787.47622301,2493078.012028816,151,71
Time Out Market rooftop,2025,grosses,0.4,0.7,-128003.85304063794,2420271.318946356,2496335.2997419517,151,71
Time Out Market rooftop,2025,grosses,0.4,0.8,-127943.67567908583,2421538.82969356,2499592.5874550883,151,71
Time Out Market rooftop,2025,grosses,0.4,0.9,-127883.49831753375,2423114.4889996564,2502849.8751682243,151,71
Time Out Market rooftop,2025,grosses,0.4,1.0,-127823.32095598168,2424201.3269948126,2506107.16288136,151,71
Time Out Market rooftop,2025,grosses,0.5,0.1,-128326.20018424839,2398807.46789782,2479102.7833494195,151,71
Time Out Market rooftop,2025,grosses,0.5,0.2,-128227.30579699422,2407019.22243127,2484671.280948839,151,71
Time Out Market rooftop,2025,grosses,0.5,0.3,-128128.41140974006,2412698.7456034115,2490239.778548259,151,71
Time Out Market rooftop,2025,grosses,0.5,0.4,-128029.51702248589,2419629.060728215,2495808.2761476785,151,71
Time Out Market rooftop,2025,grosses,0.5,0.5,-127930.62263523173,2425502.1642475002,2501376.773747098,151,71
Time Out Market rooftop,2025,grosses,0.5,0.6,-127831.72824797757,2431986.2329399,2506945.2713465174,151,71
Time Out Market rooftop,2025,grosses,0.5,0.7,-127732.8338607234,2437311.11675923,2512513.768945937,151,71
Time Out Market rooftop,2025,grosses,0.5,0.8,-127633.93947346925,2442306.75863251,2518082.2665453567,151,71
Time Out Market rooftop,2025,grosses,0.5,0.9,-127535.04508621508,2447202.165224313,2523650.7641447764,151,71
Time Out Market rooftop,2025,grosses,0.5,1.0,-127436.15069896093,2452314.506299712,2529219.261744195,151,71
Time Out Market rooftop,2025,grosses,0.6,0.1,-128337.57157086335,2394128.0068300753,2477854.5100974366,151,71
Time Out Market rooftop,2025,grosses,0.6,0.2,-128250.04857022414,2399882.6775801103,2482174.734444873,151,71
Time Out Market rooftop,2025,grosses,0.6,0.3,-128162.52556958493,2405775.1021633,2486494.9587923097,151,71
Time Out Market rooftop,2025,grosses,0.6,0.4,-128075.00256894574,2408970.6189112,2490815.183139746,151,71
Time Out Market rooftop,2025,grosses,0.6,0.5,-127987.47956830653,2413346.1699769,2495135.4074871824,151,71
Time Out Market rooftop,2025,grosses,0.6,0.6,-127899.95656766735,2418063.1349286702,2499455.631834619,151,71
Time Out Market rooftop,2025,grosses,0.6,0.7,-127812.43356702814,2421732.34877839,2503775.8561820555,151,71
Time Out Market rooftop,2025,grosses,0.6,0.8,-127724.91056638895,2425582.45866112,2508096.0805294923,151,71
Time Out Market rooftop,2025,grosses,0.6,0.9,-127637.38756574976,2430120.09651895,2512416.304876929,151,71
Time Out Market rooftop,2025,grosses,0.6,1.0,-127549.86456511055,2434042.7296387,2516736.529224365,151,71
Time Out Market rooftop,2025,toutes,0.0,0.1,-128418.383643906,2394556.196214715,2473672.851373587,151,71
Time Out Market rooftop,2025,toutes,0.0,0.2,-128411.67271630946,2398112.18409478,2473811.4169971743,151,71
Time Out Market rooftop,2025,toutes,0.0,0.3,-128404.96178871291,2399945.3799056425,2473949.9826207613,151,71
Time Out Market rooftop,2025,toutes,0.0,0.4,-128398.25086111638,2399221.778712475,2474088.5482443487,151,71
Time Out Market rooftop,2025,toutes,0.0,0.5,-128391.53993351985,2400126.9120222814,2474227.1138679353,151,71
Time Out Market rooftop,2025,toutes,0.0,0.6,-128384.8290059233,2395787.8748335973,2474365.6794915223,151,71
Time Out Market rooftop,2025,toutes,0.0,0.7,-128378.11807832676,2388711.160359381,2474504.2451151093,151,71
Time Out Market rooftop,2025,toutes,0.0,0.8,-128371.40715073023,2383067.15602312,2474642.810738697,151,71
Time Out Market rooftop,2025,toutes,0.0,0.9,-128364.69622313368,2377026.770557105,2474781.3763622837,151,71
Time Out Market rooftop,2025,toutes,0.0,1.0,-128357.98529553716,2370742.484174725,2474919.9419858707,151,71
Time Out Market rooftop,2025,toutes,0.2,0.1,-128426.88709247588,2393740.726596899,2473214.6944048954,151,71
Time Out Market rooftop,2025,toutes,0.2,0.2,-128428.67961344922,2395727.5245869877,2472895.1030597896,151,71
Time Out Market rooftop,2025,toutes,0.2,0.3,-128430.47213442254,2397446.723057395,2472575.5117146843,151,71
Time Out Market rooftop,2025,toutes,0.2,0.4,-128432.26465539589,2398492.505822935,2472255.92036958,151,71
Time Out Market rooftop,2025,toutes,0.2,0.5,-128434.05717636921,2398911.5854486185,2471936.329024475,151,71
Time Out Market rooftop,2025,toutes,0.2,0.6,-128435.84969734258,2397594.294703217,2471616.7376793697,151,71
Time Out Market rooftop,2025,toutes,0.2,0.7,-128437.6422183159,2393005.997735556,2471297.146334265,151,71
Time Out Market rooftop,2025,toutes,0.2,0.8,-128439.43473928924,2389883.14583263,2470977.5549891596,151,71
Time Out Market rooftop,2025,toutes,0.2,0.9,-128441.22726026257,2387460.097093446,2470657.9636440543,151,71
Time Out Market rooftop,2025,toutes,0.2,1.0,-128443.01978123593,2382629.5226962753,2470338.37229895,151,71
Time Out Market rooftop,2025,toutes,0.3,0.1,-128398.54331445353,2396120.2063135416,2476186.9241505815,151,71
Time Out Market rooftop,2025,toutes,0.3,0.2,-128371.99205740452,2401876.1130054323,2478839.562551163,151,71
Time Out Market rooftop,2025,toutes,0.3,0.3,-128345.4408003555,2404938.0725054354,2481492.200951745,151,71
Time Out Market rooftop,2025,toutes,0.3,0.4,-128318.8895433065,2409026.72010505,2484144.8393523265,151,71
Time Out Market rooftop,2025,toutes,0.3,0.5,-128292.33828625748,2413382.8336749626,2486797.477752908,151,71
Time Out Market rooftop,2025,toutes,0.3,0.6,-128265.78702920846,2413100.048758637,2489450.1161534903,151,71
Time Out Market rooftop,2025,toutes,0.3,0.7,-128239.23577215946,2414435.082272095,2492102.7545540724,151,71
Time Out Market rooftop,2025,toutes,0.3,0.8,-128212.68451511045,2413062.2452172204,2494755.392954653,151,71
Time Out Market rooftop,2025,toutes,0.3,0.9,-128186.13325806144,2411500.5899531124,2497408.0313552353,151,71
Time Out Market rooftop,2025,toutes,0.3,1.0,-128159.58200101242,2409339.5263117375,2500060.6697558174,151,71
Time Out Market rooftop,2025,toutes,0.4,0.1,-128364.91720995046,2398667.726130745,2479340.498956703,151,71
Time Out Market rooftop,2025,toutes,0.4,0.2,-128304.73984839837,2407791.379847845,2485146.7121634064,151,71
Time Out Market rooftop,2025,toutes,0.4,0.3,-128244.56248684628,2414120.2666878738,2490952.9253701097,151,71
Time Out Market rooftop,2025,toutes,0.4,0.4,-128184.38512529418,2422273.13972086,2496759.138576813,151,71
Time Out Market rooftop,2025,toutes,0.4,0.5,-128124.2077637421,2427810.460802875,2502565.3517835164,151,71
Time Out Market rooftop,2025,toutes,0.4,0.6,-128064.03040219002,2433863.663801357,2508371.56499022,151,71
Time Out Market rooftop,2025,toutes,0.4,0.7,-128003.85304063794,2435413.4299493236,2514177.7781969234,151,71
Time Out Market rooftop,2025,toutes,0.4,0.8,-127943.67567908583,2438196.81031867,2519983.9914036263,151,71
Time Out Market rooftop,2025,toutes,0.4,0.9,-127883.49831753375,2440727.296073564,2525790.2046103296,151,71
Time Out Market rooftop,2025,toutes,0.4,1.0,-127823.32095598168,2442364.0212866873,2531596.417817033,151,71
Time Out Market rooftop,2025,toutes,0.5,0.1,-128326.20018424839,2402956.41786922,2483208.4369922914,151,71
Time Out Market rooftop,2025,toutes,0.5,0.2,-128227.30579699422,2414858.0710482327,2492882.5882345825,151,71
Time Out Market rooftop,2025,toutes,0.5,0.3,-128128.41140974006,2426182.272571019,2502556.7394768735,151,71
Time Out Market rooftop,2025,toutes,0.5,0.4,-128029.51702248589,2436610.76842558,2512230.8907191637,151,71
Time Out Market rooftop,2025,toutes,0.5,0.5,-127930.62263523173,2448966.751691406,2521905.0419614553,151,71
Time Out Market rooftop,2025,toutes,0.5,0.6,-127831.72824797757,2458760.3398074475,2531579.1932037463,151,71
Time Out Market rooftop,2025,toutes,0.5,0.7,-127732.8338607234,2466688.0736476453,2541253.344446038,151,71
Time Out Market rooftop,2025,toutes,0.5,0.8,-127633.93947346925,2475876.40573108,2550927.4956883285,151,71
Time Out Market rooftop,2025,toutes,0.5,0.9,-127535.04508621508,2485507.26170698,2560601.6469306196,151,71
Time Out Market rooftop,2025,toutes,0.5,1.0,-127436.15069896093,2491898.7775880126,2570275.7981729107,151,71
Time Out Market rooftop,2025,toutes,0.6,0.1,-128337.57157086335,2398277.54155222,2481485.6614001445,151,71
Time Out Market rooftop,2025,toutes,0.6,0.2,-128250.04857022414,2408265.54001384,2489437.037050289,151,71
Time Out Market rooftop,2025,toutes,0.6,0.3,-128162.52556958493,2415226.561073305,2497388.4127004337,151,71
Time Out Market rooftop,2025,toutes,0.6,0.4,-128075.00256894574,2423248.82465086,2505339.7883505793,151,71
Time Out Market rooftop,2025,toutes,0.6,0.5,-127987.47956830653,2431333.93818175,2513291.164000724,151,71
Time Out Market rooftop,2025,toutes,0.6,0.6,-127899.95656766735,2438714.97856801,2521242.5396508686,151,71
Time Out Market rooftop,2025,toutes,0.6,0.7,-127812.43356702814,2445801.56843056,2529193.915301013,151,71
Time Out Market rooftop,2025,toutes,0.6,0.8,-127724.91056638895,2453654.2332242797,2537145.290951158,151,71
Time Out Market rooftop,2025,toutes,0.6,0.9,-127637.38756574976,2461659.084346645,2545096.666601303,151,71
Time Out Market rooftop,2025,toutes,0.6,1.0,-127549.86456511055,2468635.2693028003,2553048.0422514477,151,71
Time Out Market rooftop,2026,aucune,0.0,0.0,-106431.75840049342,2019335.0,2122305.44075,133,128
Time Out Market rooftop,2026,grosses,0.0,0.1,-106241.31530792778,2027941.020720185,2127674.4602303444,133,128
Time Out Market rooftop,2026,grosses,0.0,0.2,-106050.8722153622,2036606.258874635,2133043.479710689,133,128
Time Out Market rooftop,2026,grosses,0.0,0.3,-105860.4291227966,2041667.2916343124,2138412.4991910327,133,128
Time Out Market rooftop,2026,grosses,0.0,0.4,-105669.98603023098,2045666.76031991,2143781.5186713776,133,128
Time Out Market rooftop,2026,grosses,0.0,0.5,-105479.54293766539,2046767.601572994,2149150.538151722,133,128
Time Out Market rooftop,2026,grosses,0.0,0.6,-105289.09984509977,2042745.4459248425,2154519.5576320663,133,128
Time Out Market rooftop,2026,grosses,0.0,0.7,-105098.65675253418,2038595.150725104,2159888.5771124107,133,128
Time Out Market rooftop,2026,grosses,0.0,0.8,-104908.21365996859,2036761.31554592,2165257.5965927555,133,128
Time Out Market rooftop,2026,grosses,0.0,0.9,-104717.77056740299,2030911.2877205226,2170626.616073099,133,128
Time Out Market rooftop,2026,grosses,0.0,1.0,-104579.7836552664,2026090.8470991126,2175995.635553444,133,128
Time Out Market rooftop,2026,grosses,0.2,0.1,-106383.47347760956,2024385.83004077,2122786.3758060625,133,128
Time Out Market rooftop,2026,grosses,0.2,0.2,-106335.18855472571,2026646.8890496327,2123267.310862126,133,128
Time Out Market rooftop,2026,grosses,0.2,0.3,-106286.9036318419,2029926.4433758175,2123748.2459181887,133,128
Time Out Market rooftop,2026,grosses,0.2,0.4,-106238.61870895805,2028538.13565092,2124229.180974251,133,128
Time Out Market rooftop,2026,grosses,0.2,0.5,-106190.33378607422,2024787.550598844,2124710.116030314,133,128
Time Out Market rooftop,2026,grosses,0.2,0.6,-106142.04886319037,2021540.14683899,2125191.051086377,133,128
Time Out Market rooftop,2026,grosses,0.2,0.7,-106093.76394030653,2014920.9786856512,2125671.98614244,133,128
Time Out Market rooftop,2026,grosses,0.2,0.8,-106045.4790174227,2009617.49079953,2126152.9211985026,133,128
Time Out Market rooftop,2026,grosses,0.2,0.9,-105997.19409453886,2003475.2635416575,2126633.8562545655,133,128
Time Out Market rooftop,2026,grosses,0.2,1.0,-106001.36535208403,1996505.552202875,2127114.7913106284,133,128
Time Out Market rooftop,2026,grosses,0.3,0.1,-106352.29768223716,2025598.5575777302,2124367.643444544,133,128
Time Out Market rooftop,2026,grosses,0.3,0.2,-106272.83696398091,2031272.104754975,2126429.8461390883,133,128
Time Out Market rooftop,2026,grosses,0.3,0.3,-106193.37624572468,2035255.3445298537,2128492.0488336324,133,128
Time Out Market rooftop,2026,grosses,0.3,0.4,-106113.91552746845,2035185.383539115,2130554.2515281765,133,128
Time Out Market rooftop,2026,grosses,0.3,0.5,-106034.45480921223,2034820.460632569,2132616.4542227206,133,128
Time Out Market rooftop,2026,grosses,0.3,0.6,-105954.99409095597,2029416.44708906,2134678.6569172647,133,128
Time Out Market rooftop,2026,grosses,0.3,0.7,-105875.53337269973,2026430.9024493499,2136740.859611809,133,128
Time Out Market rooftop,2026,grosses,0.3,0.8,-105796.07265444349,2024020.81660484,2138803.062306353,133,128
Time Out Market rooftop,2026,grosses,0.3,0.9,-105716.61193618727,2017305.00796673,2140865.2650008975,133,128
Time Out Market rooftop,2026,grosses,0.3,1.0,-105689.60739836,2009705.1327162874,2142927.467695441,133,128
Time Out Market rooftop,2026,grosses,0.4,0.1,-106445.11935004036,2021761.3703917286,2121211.5553046046,133,128
Time Out Market rooftop,2026,grosses,0.4,0.2,-106458.4802995873,2022486.87964427,2120117.669859209,133,128
Time Out Market rooftop,2026,grosses,0.4,0.3,-106471.84124913429,2023129.794119525,2119023.784413813,133,128
Time Out Market rooftop,2026,grosses,0.4,0.4,-106485.20219868123,2020482.611077775,2117929.8989684177,133,128
Time Out Market rooftop,2026,grosses,0.4,0.5,-106498.56314822822,2016865.3353931624,2116836.013523022,133,128
Time Out Market rooftop,2026,grosses,0.4,0.6,-106511.92409777519,2014738.4263191575,2115742.1280776267,133,128
Time Out Market rooftop,2026,grosses,0.4,0.7,-106525.28504732213,2011590.1339654739,2114648.2426322307,133,128
Time Out Market rooftop,2026,grosses,0.4,0.8,-106538.64599686909,2005062.4058896701,2113554.3571868353,133,128
Time Out Market rooftop,2026,grosses,0.4,0.9,-106552.00694641606,1997505.4170155525,2112460.47174144,133,128
Time Out Market rooftop,2026,grosses,0.4,1.0,-106617.82407639202,1991185.100009675,2111366.5862960443,133,128
Time Out Market rooftop,2026,grosses,0.5,0.1,-106406.79570531816,2026750.281127265,2123743.6007247726,133,128
Time Out Market rooftop,2026,grosses,0.5,0.2,-106381.83301014289,2031009.0291601701,2125181.760699545,133,128
Time Out Market rooftop,2026,grosses,0.5,0.3,-106356.87031496766,2033882.549692595,2126619.9206743175,133,128
Time Out Market rooftop,2026,grosses,0.5,0.4,-106331.9076197924,2034294.22017818,2128058.08064909,133,128
Time Out Market rooftop,2026,grosses,0.5,0.5,-106306.94492461717,2036815.0490564,2129496.240623863,133,128
Time Out Market rooftop,2026,grosses,0.5,0.6,-106281.98222944191,2035535.26843082,2130934.400598635,133,128
Time Out Market rooftop,2026,grosses,0.5,0.7,-106257.01953426666,2037337.0875161,2132372.5605734074,133,128
Time Out Market rooftop,2026,grosses,0.5,0.8,-106232.05683909138,2033801.75753516,2133810.72054818,133,128
Time Out Market rooftop,2026,grosses,0.5,0.9,-106207.09414391615,2031814.439977955,2135248.8805229524,133,128
Time Out Market rooftop,2026,grosses,0.5,1.0,-106234.5876291699,2030945.72272715,2136687.040497725,133,128
Time Out Market rooftop,2026,grosses,0.6,0.1,-106347.06465452827,2026977.7656474048,2126295.054904416,133,128
Time Out Market rooftop,2026,grosses,0.6,0.2,-106262.37090856311,2033453.6959908202,2130284.669058832,133,128
Time Out Market rooftop,2026,grosses,0.6,0.3,-106177.67716259796,2039033.568121715,2134274.283213247,133,128
Time Out Market rooftop,2026,grosses,0.6,0.4,-106092.98341663281,2043561.8218853602,2138263.8973676628,133,128
Time Out Market rooftop,2026,grosses,0.6,0.5,-106008.28967066765,2048730.373333325,2142253.511522079,133,128
Time Out Market rooftop,2026,grosses,0.6,0.6,-105923.59592470252,2050654.9121985799,2146243.1256764946,133,128
Time Out Market rooftop,2026,grosses,0.6,0.7,-105838.90217873736,2053696.67782493,2150232.7398309107,133,128
Time Out Market rooftop,2026,grosses,0.6,0.8,-105754.20843277221,2057182.5128112799,2154222.353985326,133,128
Time Out Market rooftop,2026,grosses,0.6,0.9,-105669.51468680704,2060084.149607645,2158211.968139742,133,128
Time Out Market rooftop,2026,grosses,0.6,1.0,-105637.27712127089,2059674.35106275,2162201.5822941572,133,128
Time Out Market rooftop,2026,toutes,0.0,0.1,-106241.31530792778,2034868.5062555375,2132102.292909023,133,128
Time Out Market rooftop,2026,toutes,0.0,0.2,-106050.8722153622,2052424.389624965,2141899.145068046,133,128
Time Out Market rooftop,2026,toutes,0.0,0.3,-105860.4291227966,2061570.3606499888,2151695.997227069,133,128
Time Out Market rooftop,2026,toutes,0.0,0.4,-105669.98603023098,2067720.443240375,2161492.8493860923,133,128
Time Out Market rooftop,2026,toutes,0.0,0.5,-105479.54293766539,2072061.4388654938,2171289.7015451146,133,128
Time Out Market rooftop,2026,toutes,0.0,0.6,-105289.09984509977,2070405.5746101425,2181086.553704138,133,128
Time Out Market rooftop,2026,toutes,0.0,0.7,-105098.65675253418,2069497.6651791164,2190883.4058631607,133,128
Time Out Market rooftop,2026,toutes,0.0,0.8,-104908.21365996859,2067937.04567594,2200680.2580221836,133,128
Time Out Market rooftop,2026,toutes,0.0,0.9,-104717.77056740299,2066786.2730875625,2210477.110181207,133,128
Time Out Market rooftop,2026,toutes,0.0,1.0,-104579.7836552664,2063514.4788552874,2220273.96234023,133,128
Time Out Market rooftop,2026,toutes,0.2,0.1,-106383.47347760956,2025425.4373643599,2123008.1961856107,133,128
Time Out Market rooftop,2026,toutes,0.2,0.2,-106335.18855472571,2031857.14073753,2123710.951621222,133,128
Time Out Market rooftop,2026,toutes,0.2,0.3,-106286.9036318419,2031699.2342154277,2124413.7070568325,133,128
Time Out Market rooftop,2026,toutes,0.2,0.4,-106238.61870895805,2033101.96137332,2125116.462492443,133,128
Time Out Market rooftop,2026,toutes,0.2,0.5,-106190.33378607422,2028614.5567248124,2125819.217928054,133,128
Time Out Market rooftop,2026,toutes,0.2,0.6,-106142.04886319037,2022826.1027229652,2126521.973363665,133,128
Time Out Market rooftop,2026,toutes,0.2,0.7,-106093.76394030653,2019167.64321383,2127224.728799276,133,128
Time Out Market rooftop,2026,toutes,0.2,0.8,-106045.4790174227,2011294.3209506602,2127927.4842348867,133,128
Time Out Market rooftop,2026,toutes,0.2,0.9,-105997.19409453886,2001681.0832363437,2128630.2396704974,133,128
Time Out Market rooftop,2026,toutes,0.2,1.0,-106001.36535208403,1992975.5587967376,2129332.995106108,133,128
Time Out Market rooftop,2026,toutes,0.3,0.1,-106352.29768223716,2028290.6215417436,2126090.8450392587,133,128
Time Out Market rooftop,2026,toutes,0.3,0.2,-106272.83696398091,2037527.6033903975,2129876.249328517,133,128
Time Out Market rooftop,2026,toutes,0.3,0.3,-106193.37624572468,2042598.814368721,2133661.653617775,133,128
Time Out Market rooftop,2026,toutes,0.3,0.4,-106113.91552746845,2045117.766926225,2137447.0579070332,133,128
Time Out Market rooftop,2026,toutes,0.3,0.5,-106034.45480921223,2045783.6536713876,2141232.462196292,133,128
Time Out Market rooftop,2026,toutes,0.3,0.6,-105954.99409095597,2043270.1270815725,2145017.86648555,133,128
Time Out Market rooftop,2026,toutes,0.3,0.7,-105875.53337269973,2040513.1144414775,2148803.270774808,133,128
Time Out Market rooftop,2026,toutes,0.3,0.8,-105796.07265444349,2036192.2891124901,2152588.6750640664,133,128
Time Out Market rooftop,2026,toutes,0.3,0.9,-105716.61193618727,2030404.839138095,2156374.079353325,133,128
Time Out Market rooftop,2026,toutes,0.3,1.0,-105689.60739836,2023571.96113235,2160159.483642583,133,128
Time Out Market rooftop,2026,toutes,0.4,0.1,-106445.11935004036,2021094.1801777587,2120267.1426821956,133,128
Time Out Market rooftop,2026,toutes,0.4,0.2,-106458.4802995873,2022320.41800407,2118228.844614391,133,128
Time Out Market rooftop,2026,toutes,0.4,0.3,-106471.84124913429,2019876.6387874398,2116190.546546587,133,128
Time Out Market rooftop,2026,toutes,0.4,0.4,-106485.20219868123,2016800.0466309949,2114152.2484787824,133,128
Time Out Market rooftop,2026,toutes,0.4,0.5,-106498.56314822822,2013230.6209923124,2112113.950410978,133,128
Time Out Market rooftop,2026,toutes,0.4,0.6,-106511.92409777519,2008199.3495721275,2110075.6523431735,133,128
Time Out Market rooftop,2026,toutes,0.4,0.7,-106525.28504732213,2000273.19393845,2108037.3542753696,133,128
Time Out Market rooftop,2026,toutes,0.4,0.8,-106538.64599686909,1992231.43829261,2105999.0562075647,133,128
Time Out Market rooftop,2026,toutes,0.4,0.9,-106552.00694641606,1983212.6858239514,2103960.7581397607,133,128
Time Out Market rooftop,2026,toutes,0.4,1.0,-106617.82407639202,1973657.6889210125,2101922.4600719563,133,128
Time Out Market rooftop,2026,toutes,0.5,0.1,-106406.79570531816,2029459.12774883,2125060.577933417,133,128
Time Out Market rooftop,2026,toutes,0.5,0.2,-106381.83301014289,2034961.2174323301,2127815.7151168347,133,128
Time Out Market rooftop,2026,toutes,0.5,0.3,-106356.87031496766,2040910.230240245,2130570.852300252,133,128
Time Out Market rooftop,2026,toutes,0.5,0.4,-106331.9076197924,2044610.36246558,2133325.9894836694,133,128
Time Out Market rooftop,2026,toutes,0.5,0.5,-106306.94492461717,2048575.6019275251,2136081.1266670865,133,128
Time Out Market rooftop,2026,toutes,0.5,0.6,-106281.98222944191,2049121.33467602,2138836.2638505036,133,128
Time Out Market rooftop,2026,toutes,0.5,0.7,-106257.01953426666,2048560.445285465,2141591.401033921,133,128
Time Out Market rooftop,2026,toutes,0.5,0.8,-106232.05683909138,2048217.15187376,2144346.5382173383,133,128
Time Out Market rooftop,2026,toutes,0.5,0.9,-106207.09414391615,2044674.9260489151,2147101.675400756,133,128
Time Out Market rooftop,2026,toutes,0.5,1.0,-106234.5876291699,2042089.7321354,2149856.8125841734,133,128
Time Out Market rooftop,2026,toutes,0.6,0.1,-106347.06465452827,2032132.840449815,2129726.697561435,133,128
Time Out Market rooftop,2026,toutes,0.6,0.2,-106262.37090856311,2043221.88391967,2137147.9543728693,133,128
Time Out Market rooftop,2026,toutes,0.6,0.3,-106177.67716259796,2054058.397203665,2144569.211184304,133,128
Time Out Market rooftop,2026,toutes,0.6,0.4,-106092.98341663281,2062121.45048108,2151990.467995739,133,128
Time Out Market rooftop,2026,toutes,0.6,0.5,-106008.28967066765,2069679.133513625,2159411.724807174,133,128
Time Out Market rooftop,2026,toutes,0.6,0.6,-105923.59592470252,2075002.82235866,2166832.9816186083,133,128
Time Out Market rooftop,2026,toutes,0.6,0.7,-105838.90217873736,2082267.304287065,2174254.238430043,133,128
Time Out Market rooftop,2026,toutes,0.6,0.8,-105754.20843277221,2086528.83403424,2181675.495241478,133,128
Time Out Market rooftop,2026,toutes,0.6,0.9,-105669.51468680704,2090999.64844355,2189096.7520529125,133,128
Time Out Market rooftop,2026,toutes,0.6,1.0,-105637.27712127089,2094888.6122708,2196518.0088643474,133,128
Sultan Room Rooftop,2025,aucune,0.0,0.0,-35039.369117005815,674948.5,703618.51275,129,62
Sultan Room Rooftop,2025,grosses,0.0,0.1,-35026.48472320513,676360.9950674812,704328.0864109093,129,62
Sultan Room Rooftop,2025,grosses,0.0,0.2,-35013.60032940444,678439.1740629625,705037.6600718186,129,62
Sultan Room Rooftop,2025,grosses,0.0,0.3,-35000.71593560375,679566.985512725,705747.233732728,129,62
Sultan Room Rooftop,2025,grosses,0.0,0.4,-34987.831541803076,679746.7403466001,706456.8073936371,129,62
Sultan Room Rooftop,2025,grosses,0.0,0.5,-34974.947148002386,679470.3974214063,707166.3810545466,129,62
Sultan Room Rooftop,2025,grosses,0.0,0.6,-34962.062754201695,679211.2125572375,707875.9547154558,129,62
Sultan Room Rooftop,2025,grosses,0.0,0.7,-34949.178360401005,678792.7300559062,708585.5283763652,129,62
Sultan Room Rooftop,2025,grosses,0.0,0.8,-34936.293966600315,677937.2210479,709295.1020372745,129,62
Sultan Room Rooftop,2025,grosses,0.0,0.9,-34923.40957279963,677110.7054308001,710004.6756981838,129,62
Sultan Room Rooftop,2025,grosses,0.0,1.0,-34910.52517899895,675988.9361080625,710714.2493590931,129,62
Sultan Room Rooftop,2025,grosses,0.2,0.1,-35031.662852649824,676414.2562440812,704073.8468971043,129,62
Sultan Room Rooftop,2025,grosses,0.2,0.2,-35023.95658829382,677222.8246596624,704529.1810442088,129,62
Sultan Room Rooftop,2025,grosses,0.2,0.3,-35016.25032393782,677967.3910441375,704984.5151913131,129,62
Sultan Room Rooftop,2025,grosses,0.2,0.4,-35008.544059581815,678680.5612297,705439.8493384175,129,62
Sultan Room Rooftop,2025,grosses,0.2,0.5,-35000.837795225816,678354.4696213438,705895.1834855218,129,62
Sultan Room Rooftop,2025,grosses,0.2,0.6,-34993.13153086982,679011.9152319626,706350.5176326263,129,62
Sultan Room Rooftop,2025,grosses,0.2,0.7,-34985.42526651383,678779.518885575,706805.8517797305,129,62
Sultan Room Rooftop,2025,grosses,0.2,0.8,-34977.71900215781,678390.917438,707261.185926835,129,62
Sultan Room Rooftop,2025,grosses,0.2,0.9,-34970.01273780182,677833.5795115562,707716.5200739395,129,62
Sultan Room Rooftop,2025,grosses,0.2,1.0,-34962.30647344582,677152.2983659375,708171.8542210438,129,62
Sultan Room Rooftop,2025,grosses,0.3,0.1,-35020.39808048082,676597.0382559875,704625.6778544586,129,62
Sultan Room Rooftop,2025,grosses,0.3,0.2,-35001.427043955824,678071.2297725,705632.8429589171,129,62
Sultan Room Rooftop,2025,grosses,0.3,0.3,-34982.456007430825,679277.8478656937,706640.0080633758,129,62
Sultan Room Rooftop,2025,grosses,0.3,0.4,-34963.484970905825,680760.8661491501,707647.1731678345,129,62
Sultan Room Rooftop,2025,grosses,0.3,0.5,-34944.51393438082,681515.5305200937,708654.3382722931,129,62
Sultan Room Rooftop,2025,grosses,0.3,0.6,-34925.54289785582,682513.3250634376,709661.5033767517,129,62
Sultan Room Rooftop,2025,grosses,0.3,0.7,-34906.57186133082,683120.0523612937,710668.6684812104,129,62
Sultan Room Rooftop,2025,grosses,0.3,0.8,-34887.60082480582,683213.9961697,711675.833585669,129,62
Sultan Room Rooftop,2025,grosses,0.3,0.9,-34868.62978828082,682893.1164614875,712682.9986901276,129,62
Sultan Room Rooftop,2025,grosses,0.3,1.0,-34849.65875175582,682699.4281000625,713690.1637945863,129,62
Sultan Room Rooftop,2025,grosses,0.4,0.1,-35006.959884666074,677362.888684875,705354.9538269743,129,62
Sultan Room Rooftop,2025,grosses,0.4,0.2,-34974.55065232632,679135.9773699751,707091.3949039483,129,62
Sultan Room Rooftop,2025,grosses,0.4,0.3,-34942.14141998657,681255.894412425,708827.8359809226,129,62
Sultan Room Rooftop,2025,grosses,0.4,0.4,-34909.73218764682,682999.8345970251,710564.2770578967,129,62
Sultan Room Rooftop,2025,grosses,0.4,0.5,-34877.32295530706,684709.2572754063,712300.718134871,129,62
Sultan Room Rooftop,2025,grosses,0.4,0.6,-34844.91372296732,686383.7252937875,714037.1592118451,129,62
Sultan Room Rooftop,2025,grosses,0.4,0.7,-34812.50449062757,687830.0387561312,715773.6002888193,129,62
Sultan Room Rooftop,2025,grosses,0.4,0.8,-34780.095258287816,689265.25276825,717510.0413657934,129,62
Sultan Room Rooftop,2025,grosses,0.4,0.9,-34747.68602594807,689471.075053125,719246.4824427676,129,62
Sultan Room Rooftop,2025,grosses,0.4,1.0,-34715.276793608326,689864.2123076875,720982.9235197419,129,62
Sultan Room Rooftop,2025,grosses,0.5,0.1,-34994.589718083254,677547.5003726,705782.539713665,129,62
Sultan Room Rooftop,2025,grosses,0.5,0.2,-34949.81031916069,680325.3364261375,707946.5666773301,129,62
Sultan Room Rooftop,2025,grosses,0.5,0.3,-34905.03092023814,682817.878578325,710110.593640995,129,62
Sultan Room Rooftop,2025,grosses,0.5,0.4,-34860.251521315564,685320.3188349,712274.62060466,129,62
Sultan Room Rooftop,2025,grosses,0.5,0.5,-34815.472122393,687694.44315825,714438.647568325,129,62
Sultan Room Rooftop,2025,grosses,0.5,0.6,-34770.69272347045,689921.028735575,716602.6745319901,129,62
Sultan Room Rooftop,2025,grosses,0.5,0.7,-34725.91332454789,691753.1729842064,718766.701495655,129,62
Sultan Room Rooftop,2025,grosses,0.5,0.8,-34681.13392562533,693567.6668978,720930.72845932,129,62
Sultan Room Rooftop,2025,grosses,0.5,0.9,-34636.35452670276,694705.081710775,723094.755422985,129,62
Sultan Room Rooftop,2025,grosses,0.5,1.0,-34591.57512778019,696227.8194065001,725258.7823866501,129,62
Sultan Room Rooftop,2025,grosses,0.6,0.1,-35004.40124606082,676897.720692,705414.0414537976,129,62
Sultan Room Rooftop,2025,grosses,0.6,0.2,-34969.43337511582,679138.8360977999,707209.5701575951,129,62
Sultan Room Rooftop,2025,grosses,0.6,0.3,-34934.46550417082,680733.1778042751,709005.0988613925,129,62
Sultan Room Rooftop,2025,grosses,0.6,0.4,-34899.49763322582,682934.1486441001,710800.6275651901,129,62
Sultan Room Rooftop,2025,grosses,0.6,0.5,-34864.52976228082,684613.796794125,712596.1562689876,129,62
Sultan Room Rooftop,2025,grosses,0.6,0.6,-34829.56189133583,686363.24127325,714391.684972785,129,62
Sultan Room Rooftop,2025,grosses,0.6,0.7,-34794.594020390825,688257.7724625,716187.2136765826,129,62
Sultan Room Rooftop,2025,grosses,0.6,0.8,-34759.62614944582,690160.2706362,717982.74238038,129,62
Sultan Room Rooftop,2025,grosses,0.6,0.9,-34724.65827850083,692053.20501425,719778.2710841775,129,62
Sultan Room Rooftop,2025,grosses,0.6,1.0,-34689.69040755582,693631.9177384999,721573.7997879749,129,62
Sultan Room Rooftop,2025,toutes,0.0,0.1,-35026.48472320513,677148.0972429675,704811.0112581535,129,62
Sultan Room Rooftop,2025,toutes,0.0,0.2,-35013.60032940444,679638.77151946,706003.5097663068,129,62
Sultan Room Rooftop,2025,toutes,0.0,0.3,-35000.71593560375,680237.1629008924,707196.0082744603,129,62
Sultan Room Rooftop,2025,toutes,0.0,0.4,-34987.831541803076,680754.393508465,708388.5067826138,129,62
Sultan Room Rooftop,2025,toutes,0.0,0.5,-34974.947148002386,681322.6159071813,709581.0052907672,129,62
Sultan Room Rooftop,2025,toutes,0.0,0.6,-34962.062754201695,680845.20064538,710773.5037989207,129,62
Sultan Room Rooftop,2025,toutes,0.0,0.7,-34949.178360401005,680225.8351270225,711966.002307074,129,62
Sultan Room Rooftop,2025,toutes,0.0,0.8,-34936.293966600315,680130.7438297699,713158.5008152275,129,62
Sultan Room Rooftop,2025,toutes,0.0,0.9,-34923.40957279963,679618.26295868,714350.999323381,129,62
Sultan Room Rooftop,2025,toutes,0.0,1.0,-34910.52517899895,678442.941754275,715543.4978315344,129,62
Sultan Room Rooftop,2025,toutes,0.2,0.1,-35031.662852649824,676697.0081758575,704347.0721618097,129,62
Sultan Room Rooftop,2025,toutes,0.2,0.2,-35023.95658829382,677721.1253350325,705075.6315736192,129,62
Sultan Room Rooftop,2025,toutes,0.2,0.3,-35016.25032393782,678942.5994695238,705804.1909854289,129,62
Sultan Room Rooftop,2025,toutes,0.2,0.4,-35008.544059581815,679912.81624452,706532.7503972385,129,62
Sultan Room Rooftop,2025,toutes,0.2,0.5,-35000.837795225816,680593.3061845126,707261.3098090482,129,62
Sultan Room Rooftop,2025,toutes,0.2,0.6,-34993.13153086982,680630.51206845,707989.8692208577,129,62
Sultan Room Rooftop,2025,toutes,0.2,0.7,-34985.42526651383,680931.9966863362,708718.4286326673,129,62
Sultan Room Rooftop,2025,toutes,0.2,0.8,-34977.71900215781,680512.55876479,709446.988044477,129,62
Sultan Room Rooftop,2025,toutes,0.2,0.9,-34970.01273780182,680057.4184377813,710175.5474562866,129,62
Sultan Room Rooftop,2025,toutes,0.2,1.0,-34962.30647344582,678583.4640763626,710904.1068680964,129,62
Sultan Room Rooftop,2025,toutes,0.3,0.1,-35020.39808048082,677388.872629635,705253.412864039,129,62
Sultan Room Rooftop,2025,toutes,0.3,0.2,-35001.427043955824,679343.328574785,706888.3129780778,129,62
Sultan Room Rooftop,2025,toutes,0.3,0.3,-34982.456007430825,681367.5470769975,708523.2130921166,129,62
Sultan Room Rooftop,2025,toutes,0.3,0.4,-34963.484970905825,682939.940802105,710158.1132061555,129,62
Sultan Room Rooftop,2025,toutes,0.3,0.5,-34944.51393438082,684287.6448764438,711793.0133201942,129,62
Sultan Room Rooftop,2025,toutes,0.3,0.6,-34925.54289785582,685361.55376382,713427.9134342332,129,62
Sultan Room Rooftop,2025,toutes,0.3,0.7,-34906.57186133082,686356.6877144425,715062.8135482721,129,62
Sultan Room Rooftop,2025,toutes,0.3,0.8,-34887.60082480582,686933.09929288,716697.7136623111,129,62
Sultan Room Rooftop,2025,toutes,0.3,0.9,-34868.62978828082,686962.249698825,718332.6137763499,129,62
Sultan Room Rooftop,2025,toutes,0.3,1.0,-34849.65875175582,686803.425189625,719967.5138903888,129,62
Sultan Room Rooftop,2025,toutes,0.4,0.1,-35006.959884666074,678682.3699271325,706478.6873781574,129,62
Sultan Room Rooftop,2025,toutes,0.4,0.2,-34974.55065232632,681503.20118101,709338.8620063146,129,62
Sultan Room Rooftop,2025,toutes,0.4,0.3,-34942.14141998657,684427.2218926175,712199.0366344718,129,62
Sultan Room Rooftop,2025,toutes,0.4,0.4,-34909.73218764682,687641.93549984,715059.2112626291,129,62
Sultan Room Rooftop,2025,toutes,0.4,0.5,-34877.32295530706,689967.2773452437,717919.3858907864,129,62
Sultan Room Rooftop,2025,toutes,0.4,0.6,-34844.91372296732,692013.1285905725,720779.5605189437,129,62
Sultan Room Rooftop,2025,toutes,0.4,0.7,-34812.50449062757,694313.3058885263,723639.7351471009,129,62
Sultan Room Rooftop,2025,toutes,0.4,0.8,-34780.095258287816,696456.07854817,726499.9097752583,129,62
Sultan Room Rooftop,2025,toutes,0.4,0.9,-34747.68602594807,697869.9713737426,729360.0844034157,129,62
Sultan Room Rooftop,2025,toutes,0.4,1.0,-34715.276793608326,698894.2340003875,732220.2590315728,129,62
Sultan Room Rooftop,2025,toutes,0.5,0.1,-34994.589718083254,679297.6084639125,707157.7533366518,129,62
Sultan Room Rooftop,2025,toutes,0.5,0.2,-34949.81031916069,683509.448670465,710696.9939233036,129,62
Sultan Room Rooftop,2025,toutes,0.5,0.3,-34905.03092023814,687139.4327144763,714236.2345099553,129,62
Sultan Room Rooftop,2025,toutes,0.5,0.4,-34860.251521315564,690814.92948318,717775.4750966071,129,62
Sultan Room Rooftop,2025,toutes,0.5,0.5,-34815.472122393,694653.4746681625,721314.7156832588,129,62
Sultan Room Rooftop,2025,toutes,0.5,0.6,-34770.69272347045,698648.154329335,724853.9562699107,129,62
Sultan Room Rooftop,2025,toutes,0.5,0.7,-34725.91332454789,701086.9826282925,728393.1968565624,129,62
Sultan Room Rooftop,2025,toutes,0.5,0.8,-34681.13392562533,703749.1070051499,731932.4374432142,129,62
Sultan Room Rooftop,2025,toutes,0.5,0.9,-34636.35452670276,706398.3036161137,735471.678029866,129,62
Sultan Room Rooftop,2025,toutes,0.5,1.0,-34591.57512778019,708763.8218511374,739010.9186165178,129,62
Sultan Room Rooftop,2025,toutes,0.6,0.1,-35004.40124606082,678381.544341645,706599.0601332707,129,62
Sultan Room Rooftop,2025,toutes,0.6,0.2,-34969.43337511582,681548.64421459,709579.6075165415,129,62
Sultan Room Rooftop,2025,toutes,0.6,0.3,-34934.46550417082,684745.700667415,712560.1548998121,129,62
Sultan Room Rooftop,2025,toutes,0.6,0.4,-34899.49763322582,688038.97165184,715540.7022830829,129,62
Sultan Room Rooftop,2025,toutes,0.6,0.5,-34864.52976228082,691040.6897913,718521.2496663535,129,62
Sultan Room Rooftop,2025,toutes,0.6,0.6,-34829.56189133583,693750.55794703,721501.7970496241,129,62
Sultan Room Rooftop,2025,toutes,0.6,0.7,-34794.594020390825,696537.957784065,724482.344432895,129,62
Sultan Room Rooftop,2025,toutes,0.6,0.8,-34759.62614944582,699328.52975516,727462.8918161656,129,62
Sultan Room Rooftop,2025,toutes,0.6,0.9,-34724.65827850083,701651.431917755,730443.4391994363,129,62
Sultan Room Rooftop,2025,toutes,0.6,1.0,-34689.69040755582,704612.3534115,733423.9865827069,129,62
Sultan Room Rooftop,2026,aucune,0.0,0.0,-28753.101971902408,568994.5,600246.3345,114,109
Sultan Room Rooftop,2026,grosses,0.0,0.1,-28693.050732910342,571254.9377792437,601507.660666264,114,109
Sultan Room Rooftop,2026,grosses,0.0,0.2,-28632.99949391828,572921.2377700625,602768.9868325281,114,109
Sultan Room Rooftop,2026,grosses,0.0,0.3,-28572.948254926217,572441.0989652312,604030.3129987922,114,109
Sultan Room Rooftop,2026,grosses,0.0,0.4,-28512.897015934155,571728.6013858251,605291.6391650562,114,109
Sultan Room Rooftop,2026,grosses,0.0,0.5,-28452.84577694209,570050.8547660625,606552.9653313203,114,109
Sultan Room Rooftop,2026,grosses,0.0,0.6,-28392.794537950027,568361.055522125,607814.2914975843,114,109
Sultan Room Rooftop,2026,grosses,0.0,0.7,-28332.743298957965,565514.0563269312,609075.6176638484,114,109
Sultan Room Rooftop,2026,grosses,0.0,0.8,-28272.692059965902,563018.4648481,610336.9438301125,114,109
Sultan Room Rooftop,2026,grosses,0.0,0.9,-28228.04591790134,560283.819020925,611598.2699963765,114,109
Sultan Room Rooftop,2026,grosses,0.0,1.0,-28196.890467456782,556559.2429736875,612859.5961626406,114,109
Sultan Room Rooftop,2026,grosses,0.2,0.1,-28751.546005706095,569368.200068425,599351.8319740095,114,109
Sultan Room Rooftop,2026,grosses,0.2,0.2,-28749.99003950978,569271.0536146,598457.329448019,114,109
Sultan Room Rooftop,2026,grosses,0.2,0.3,-28748.434073313467,568435.5046390999,597562.8269220286,114,109
Sultan Room Rooftop,2026,grosses,0.2,0.4,-28746.878107117158,567056.61397905,596668.3243960381,114,109
Sultan Room Rooftop,2026,grosses,0.2,0.5,-28745.322140920845,564131.8903809375,595773.8218700476,114,109
Sultan Room Rooftop,2026,grosses,0.2,0.6,-28743.766174724533,560861.34004465,594879.319344057,114,109
Sultan Room Rooftop,2026,grosses,0.2,0.7,-28742.21020852822,557097.3821212063,593984.8168180665,114,109
Sultan Room Rooftop,2026,grosses,0.2,0.8,-28740.654242331908,553532.78853325,593090.314292076,114,109
Sultan Room Rooftop,2026,grosses,0.2,0.9,-28754.503373063097,549762.6678800063,592195.8117660854,114,109
Sultan Room Rooftop,2026,grosses,0.2,1.0,-28781.843195414283,545877.7633984375,591301.309240095,114,109
Sultan Room Rooftop,2026,grosses,0.3,0.1,-28740.41061152709,570017.0766715812,599903.5581172645,114,109
Sultan Room Rooftop,2026,grosses,0.3,0.2,-28727.719251151786,570277.225061575,599560.7817345291,114,109
Sultan Room Rooftop,2026,grosses,0.3,0.3,-28715.02789077647,570255.9444281125,599218.0053517935,114,109
Sultan Room Rooftop,2026,grosses,0.3,0.4,-28702.336530401157,569502.216596475,598875.228969058,114,109
Sultan Room Rooftop,2026,grosses,0.3,0.5,-28689.645170025844,566975.3483942187,598532.4525863226,114,109
Sultan Room Rooftop,2026,grosses,0.3,0.6,-28676.953809650528,564592.5199845126,598189.6762035871,114,109
Sultan Room Rooftop,2026,grosses,0.3,0.7,-28664.26244927522,561792.2940972062,597846.8998208515,114,109
Sultan Room Rooftop,2026,grosses,0.3,0.8,-28651.571088899906,558373.533947,597504.123438116,114,109
Sultan Room Rooftop,2026,grosses,0.3,0.9,-28654.284825452098,554588.6616074251,597161.3470553806,114,109
Sultan Room Rooftop,2026,grosses,0.3,1.0,-28670.489253624284,551494.306094625,596818.570672645,114,109
Sultan Room Rooftop,2026,grosses,0.4,0.1,-28762.37987485884,569260.5417202875,599329.282234717,114,109
Sultan Room Rooftop,2026,grosses,0.4,0.2,-28771.657777815282,568805.4936637875,598412.229969434,114,109
Sultan Room Rooftop,2026,grosses,0.4,0.3,-28780.935680771716,567540.4917493125,597495.1777041509,114,109
Sultan Room Rooftop,2026,grosses,0.4,0.4,-28790.213583728157,566299.0604147749,596578.1254388681,114,109
Sultan Room Rooftop,2026,grosses,0.4,0.5,-28799.491486684594,564541.0175126563,595661.0731735849,114,109
Sultan Room Rooftop,2026,grosses,0.4,0.6,-28808.76938964103,561605.712724025,594744.020908302,114,109
Sultan Room Rooftop,2026,grosses,0.4,0.7,-28818.047292597472,558610.9248761312,593826.968643019,114,109
Sultan Room Rooftop,2026,grosses,0.4,0.8,-28827.325195553905,555627.81408,592909.916377736,114,109
Sultan Room Rooftop,2026,grosses,0.4,0.9,-28852.008195437844,552226.2689895688,591992.864112453,114,109
Sultan Room Rooftop,2026,grosses,0.4,1.0,-28890.181886941784,548468.1401995,591075.81184717,114,109
Sultan Room Rooftop,2026,grosses,0.5,0.1,-28740.439439150658,570552.4255804,600377.8031816626,114,109
Sultan Room Rooftop,2026,grosses,0.5,0.2,-28727.776906398904,571286.701704,600509.271863325,114,109
Sultan Room Rooftop,2026,grosses,0.5,0.3,-28715.114373647157,572388.107745275,600640.7405449875,114,109
Sultan Room Rooftop,2026,grosses,0.5,0.4,-28702.451840895406,572364.0522042001,600772.20922665,114,109
Sultan Room Rooftop,2026,grosses,0.5,0.5,-28689.789308143656,570933.5129386251,600903.6779083125,114,109
Sultan Room Rooftop,2026,grosses,0.5,0.6,-28677.126775391906,570138.54487005,601035.1465899751,114,109
Sultan Room Rooftop,2026,grosses,0.5,0.7,-28664.46424264016,569265.013932075,601166.6152716374,114,109
Sultan Room Rooftop,2026,grosses,0.5,0.8,-28651.801709888405,567848.4621410001,601298.0839533,114,109
Sultan Room Rooftop,2026,grosses,0.5,0.9,-28654.54427406416,565181.190646325,601429.5526349626,114,109
Sultan Room Rooftop,2026,grosses,0.5,1.0,-28670.777529859908,562770.4745205,601561.021316625,114,109
Sultan Room Rooftop,2026,grosses,0.6,0.1,-28714.39218061616,571391.422897825,601654.2370430925,114,109
Sultan Room Rooftop,2026,grosses,0.6,0.2,-28675.682389329908,573047.87555,603062.139586185,114,109
Sultan Room Rooftop,2026,grosses,0.6,0.3,-28636.972598043656,574819.246844375,604470.0421292775,114,109
Sultan Room Rooftop,2026,grosses,0.6,0.4,-28598.262806757404,576322.4225916,605877.94467237,114,109
Sultan Room Rooftop,2026,grosses,0.6,0.5,-28559.553015471156,577826.15227325,607285.8472154625,114,109
Sultan Room Rooftop,2026,grosses,0.6,0.6,-28520.843224184908,578556.93845455,608693.7497585551,114,109
Sultan Room Rooftop,2026,grosses,0.6,0.7,-28482.133432898656,579267.091562075,610101.6523016476,114,109
Sultan Room Rooftop,2026,grosses,0.6,0.8,-28443.42364161241,580289.6124552,611509.55484474,114,109
Sultan Room Rooftop,2026,grosses,0.6,0.9,-28420.11894725366,580161.411541075,612917.4573878326,114,109
Sultan Room Rooftop,2026,grosses,0.6,1.0,-28410.304944514908,580371.7332550001,614325.359930925,114,109
Sultan Room Rooftop,2026,toutes,0.0,0.1,-28693.050732910342,573253.8690969024,602336.737386139,114,109
Sultan Room Rooftop,2026,toutes,0.0,0.2,-28632.99949391828,575680.3839570226,604427.1402722781,114,109
Sultan Room Rooftop,2026,toutes,0.0,0.3,-28572.948254926217,576744.3779259237,606517.5431584171,114,109
Sultan Room Rooftop,2026,toutes,0.0,0.4,-28512.897015934155,576763.9540753351,608607.9460445561,114,109
Sultan Room Rooftop,2026,toutes,0.0,0.5,-28452.84577694209,576374.9044642437,610698.3489306952,114,109
Sultan Room Rooftop,2026,toutes,0.0,0.6,-28392.794537950027,574360.8601550501,612788.7518168343,114,109
Sultan Room Rooftop,2026,toutes,0.0,0.7,-28332.743298957965,572827.71791813,614879.1547029732,114,109
Sultan Room Rooftop,2026,toutes,0.0,0.8,-28272.692059965902,569291.05109761,616969.5575891123,114,109
Sultan Room Rooftop,2026,toutes,0.0,0.9,-28228.04591790134,567287.4218123462,619059.9604752513,114,109
Sultan Room Rooftop,2026,toutes,0.0,1.0,-28196.890467456782,563295.5704930376,621150.3633613903,114,109
Sultan Room Rooftop,2026,toutes,0.2,0.1,-28751.546005706095,568913.7728306487,598665.1278057165,114,109
Sultan Room Rooftop,2026,toutes,0.2,0.2,-28749.99003950978,568449.4864122275,597083.9211114331,114,109
Sultan Room Rooftop,2026,toutes,0.2,0.3,-28748.434073313467,567029.7168804688,595502.7144171495,114,109
Sultan Room Rooftop,2026,toutes,0.2,0.4,-28746.878107117158,565460.932235855,593921.5077228659,114,109
Sultan Room Rooftop,2026,toutes,0.2,0.5,-28745.322140920845,560968.2080510625,592340.3010285826,114,109
Sultan Room Rooftop,2026,toutes,0.2,0.6,-28743.766174724533,556865.8346701701,590759.094334299,114,109
Sultan Room Rooftop,2026,toutes,0.2,0.7,-28742.21020852822,552567.38006419,589177.8876400155,114,109
Sultan Room Rooftop,2026,toutes,0.2,0.8,-28740.654242331908,547517.71318455,587596.6809457322,114,109
Sultan Room Rooftop,2026,toutes,0.2,0.9,-28754.503373063097,542523.7012411713,586015.4742514485,114,109
Sultan Room Rooftop,2026,toutes,0.2,1.0,-28781.843195414283,536837.9321604875,584434.2675571649,114,109
Sultan Room Rooftop,2026,toutes,0.3,0.1,-28740.41061152709,569855.6506244026,599604.738002743,114,109
Sultan Room Rooftop,2026,toutes,0.3,0.2,-28727.719251151786,570408.96515024,598963.141505486,114,109
Sultan Room Rooftop,2026,toutes,0.3,0.3,-28715.02789077647,569892.1276111087,598321.545008229,114,109
Sultan Room Rooftop,2026,toutes,0.3,0.4,-28702.336530401157,568698.1865293699,597679.948510972,114,109
Sultan Room Rooftop,2026,toutes,0.3,0.5,-28689.645170025844,566264.88518995,597038.3520137151,114,109
Sultan Room Rooftop,2026,toutes,0.3,0.6,-28676.953809650528,562527.791121325,596396.7555164581,114,109
Sultan Room Rooftop,2026,toutes,0.3,0.7,-28664.26244927522,559276.2229452862,595755.1590192011,114,109
Sultan Room Rooftop,2026,toutes,0.3,0.8,-28651.571088899906,555090.0976161599,595113.562521944,114,109
Sultan Room Rooftop,2026,toutes,0.3,0.9,-28654.284825452098,551877.44493997,594471.966024687,114,109
Sultan Room Rooftop,2026,toutes,0.3,1.0,-28670.489253624284,547786.6309324501,593830.36952743,114,109
Sultan Room Rooftop,2026,toutes,0.4,0.1,-28762.37987485884,568667.76712801,598613.7154591077,114,109
Sultan Room Rooftop,2026,toutes,0.4,0.2,-28771.657777815282,567853.261290265,596981.0964182152,114,109
Sultan Room Rooftop,2026,toutes,0.4,0.3,-28780.935680771716,566771.6222206412,595348.4773773227,114,109
Sultan Room Rooftop,2026,toutes,0.4,0.4,-28790.213583728157,564968.647122615,593715.8583364303,114,109
Sultan Room Rooftop,2026,toutes,0.4,0.5,-28799.491486684594,561528.8128653937,592083.2392955379,114,109
Sultan Room Rooftop,2026,toutes,0.4,0.6,-28808.76938964103,557576.7427918524,590450.6202546456,114,109
Sultan Room Rooftop,2026,toutes,0.4,0.7,-28818.047292597472,553599.3799064026,588818.0012137532,114,109
Sultan Room Rooftop,2026,toutes,0.4,0.8,-28827.325195553905,548948.27627734,587185.3821728609,114,109
Sultan Room Rooftop,2026,toutes,0.4,0.9,-28852.008195437844,544548.757306025,585552.7631319683,114,109
Sultan Room Rooftop,2026,toutes,0.4,1.0,-28890.181886941784,540236.7365563,583920.1440910759,114,109
Sultan Room Rooftop,2026,toutes,0.5,0.1,-28740.439439150658,570658.26891365,600444.3043975865,114,109
Sultan Room Rooftop,2026,toutes,0.5,0.2,-28727.776906398904,572299.32753067,600642.274295173,114,109
Sultan Room Rooftop,2026,toutes,0.5,0.3,-28715.114373647157,573515.4585440401,600840.2441927595,114,109
Sultan Room Rooftop,2026,toutes,0.5,0.4,-28702.451840895406,573626.9067595,601038.214090346,114,109
Sultan Room Rooftop,2026,toutes,0.5,0.5,-28689.789308143656,573044.571017975,601236.1839879324,114,109
Sultan Room Rooftop,2026,toutes,0.5,0.6,-28677.126775391906,572122.74037158,601434.153885519,114,109
Sultan Room Rooftop,2026,toutes,0.5,0.7,-28664.46424264016,570973.48245688,601632.1237831055,114,109
Sultan Room Rooftop,2026,toutes,0.5,0.8,-28651.801709888405,569064.99941788,601830.0936806919,114,109
Sultan Room Rooftop,2026,toutes,0.5,0.9,-28654.54427406416,567088.32490381,602028.0635782785,114,109
Sultan Room Rooftop,2026,toutes,0.5,1.0,-28670.777529859908,564144.41174095,602226.033475865,114,109
Sultan Room Rooftop,2026,toutes,0.6,0.1,-28714.39218061616,572417.8115604849,602618.3745400151,114,109
Sultan Room Rooftop,2026,toutes,0.6,0.2,-28675.682389329908,575540.7656692801,604990.4145800304,114,109
Sultan Room Rooftop,2026,toutes,0.6,0.3,-28636.972598043656,577974.08715794,607362.4546200454,114,109
Sultan Room Rooftop,2026,toutes,0.6,0.4,-28598.262806757404,581145.86048212,609734.4946600604,114,109
Sultan Room Rooftop,2026,toutes,0.6,0.5,-28559.553015471156,583308.98332125,612106.5347000755,114,109
Sultan Room Rooftop,2026,toutes,0.6,0.6,-28520.843224184908,585214.49759883,614478.5747400906,114,109
Sultan Room Rooftop,2026,toutes,0.6,0.7,-28482.133432898656,585770.5341173849,616850.6147801059,114,109
Sultan Room Rooftop,2026,toutes,0.6,0.8,-28443.42364161241,586803.5227802,619222.6548201208,114,109
Sultan Room Rooftop,2026,toutes,0.6,0.9,-28420.11894725366,587798.53472659,621594.6948601359,114,109
Sultan Room Rooftop,2026,toutes,0.6,1.0,-28410.304944514908,588175.7482261499,623966.734900151,114,109
Eagle NYC,2025,aucune,0.0,0.0,-72800.80115459436,1355861.0,1408080.807,151,71
Eagle NYC,2025,grosses,0.0,0.1,-72782.1657299444,1357621.162548265,1408268.8871538944,151,71
Eagle NYC,2025,grosses,0.0,0.2,-72763.53030529442,1358679.44196287,1408456.9673077888,151,71
Eagle NYC,2025,grosses,0.0,0.3,-72744.89488064445,1360151.2997203001,1408645.047461683,151,71
Eagle NYC,2025,grosses,0.0,0.4,-72726.25945599448,1359847.96599218,1408833.1276155773,151,71
Eagle NYC,2025,grosses,0.0,0.5,-72707.6240313445,1359666.729510725,1409021.2077694717,151,71
Eagle NYC,2025,grosses,0.0,0.6,-72688.98860669452,1359590.18895467,1409209.287923366,151,71
Eagle NYC,2025,grosses,0.0,0.7,-72670.35318204456,1359028.335024775,1409397.3680772602,151,71
Eagle NYC,2025,grosses,0.0,0.8,-72651.71775739458,1357196.46045974,1409585.4482311544,151,71
Eagle NYC,2025,grosses,0.0,0.9,-72633.08233274461,1354609.52638782,1409773.528385049,151,71
Eagle NYC,2025,grosses,0.0,1.0,-72614.44690809463,1351257.96868175,1409961.6085389433,151,71
Eagle NYC,2025,grosses,0.2,0.1,-72791.86488214946,1356494.2985875,1408152.4267022253,151,71
Eagle NYC,2025,grosses,0.2,0.2,-72782.92860970453,1358959.9407202,1408224.046404451,151,71
Eagle NYC,2025,grosses,0.2,0.3,-72773.9923372596,1359066.3720793575,1408295.6661066762,151,71
Eagle NYC,2025,grosses,0.2,0.4,-72765.0560648147,1360331.4385649501,1408367.2858089018,151,71
Eagle NYC,2025,grosses,0.2,0.5,-72756.11979236975,1361596.4400123002,1408438.905511127,151,71
Eagle NYC,2025,grosses,0.2,0.6,-72747.18351992482,1361720.451728075,1408510.5252133524,151,71
Eagle NYC,2025,grosses,0.2,0.7,-72738.2472474799,1361834.13527622,1408582.144915578,151,71
Eagle NYC,2025,grosses,0.2,0.8,-72729.31097503498,1360730.5983168802,1408653.764617803,151,71
Eagle NYC,2025,grosses,0.2,0.9,-72720.37470259005,1358751.1958456526,1408725.3843200288,151,71
Eagle NYC,2025,grosses,0.2,1.0,-72711.43843014512,1356934.1538351502,1408797.004022254,151,71
Eagle NYC,2025,grosses,0.3,0.1,-72777.31988704845,1357400.2301946876,1409134.4184355373,151,71
Eagle NYC,2025,grosses,0.3,0.2,-72753.83861950251,1360537.8012929899,1410188.0298710752,151,71
Eagle NYC,2025,grosses,0.3,0.3,-72730.35735195661,1362290.9102292326,1411241.6413066124,151,71
Eagle NYC,2025,grosses,0.3,0.4,-72706.87608441067,1364079.7429355902,1412295.2527421499,151,71
Eagle NYC,2025,grosses,0.3,0.5,-72683.39481686476,1365946.9705778,1413348.8641776876,151,71
Eagle NYC,2025,grosses,0.3,0.6,-72659.91354931882,1368261.31276917,1414402.475613225,151,71
Eagle NYC,2025,grosses,0.3,0.7,-72636.4322817729,1369170.0683090352,1415456.0870487622,151,71
Eagle NYC,2025,grosses,0.3,0.8,-72612.95101422697,1370003.4970801,1416509.6984843,151,71
Eagle NYC,2025,grosses,0.3,0.9,-72589.46974668105,1369475.3291737926,1417563.3099198374,151,71
Eagle NYC,2025,grosses,0.3,1.0,-72565.98847913512,1368866.649690625,1418616.9213553749,151,71
Eagle NYC,2025,grosses,0.4,0.1,-72760.76432583324,1358774.9886706525,1410031.624055993,151,71
Eagle NYC,2025,grosses,0.4,0.2,-72720.72749707213,1363064.83811484,1411982.441111986,151,71
Eagle NYC,2025,grosses,0.4,0.3,-72680.690668311,1365428.8106431277,1413933.2581679793,151,71
Eagle NYC,2025,grosses,0.4,0.4,-72640.65383954986,1368627.02000204,1415884.075223972,151,71
Eagle NYC,2025,grosses,0.4,0.5,-72600.61701078876,1370698.3146306751,1417834.8922799653,151,71
Eagle NYC,2025,grosses,0.4,0.6,-72560.58018202764,1373283.835387665,1419785.7093359584,151,71
Eagle NYC,2025,grosses,0.4,0.7,-72520.5433532665,1374739.9208601976,1421736.5263919514,151,71
Eagle NYC,2025,grosses,0.4,0.8,-72480.50652450537,1376479.81241968,1423687.3434479446,151,71
Eagle NYC,2025,grosses,0.4,0.9,-72440.46969574425,1377125.0494904625,1425638.1605039374,151,71
Eagle NYC,2025,grosses,0.4,1.0,-72400.43286698313,1377525.21984975,1427588.9775599304,151,71
Eagle NYC,2025,grosses,0.5,0.1,-72735.87002406543,1359438.8151199801,1411413.4095045608,151,71
Eagle NYC,2025,grosses,0.5,0.2,-72670.93889353648,1364647.347990155,1414746.0120091215,151,71
Eagle NYC,2025,grosses,0.5,0.3,-72606.00776300752,1368713.83511294,1418078.6145136822,151,71
Eagle NYC,2025,grosses,0.5,0.4,-72541.07663247858,1372858.24195037,1421411.217018243,151,71
Eagle NYC,2025,grosses,0.5,0.5,-72476.14550194962,1376626.3577504375,1424743.8195228034,151,71
Eagle NYC,2025,grosses,0.5,0.6,-72411.21437142068,1380022.548307645,1428076.4220273641,151,71
Eagle NYC,2025,grosses,0.5,0.7,-72346.28324089173,1384177.83733781,1431409.0245319249,151,71
Eagle NYC,2025,grosses,0.5,0.8,-72281.35211036277,1386986.1697925,1434741.6270364856,151,71
Eagle NYC,2025,grosses,0.5,0.9,-72216.42097983383,1389000.28090355,1438074.229541046,151,71
Eagle NYC,2025,grosses,0.5,1.0,-72151.48984930488,1391898.98014265,1441406.832045607,151,71
Eagle NYC,2025,grosses,0.6,0.1,-72747.83991600889,1358862.62076449,1410680.5450871,151,71
Eagle NYC,2025,grosses,0.6,0.2,-72694.87867742339,1361170.7309101801,1413280.2831742,151,71
Eagle NYC,2025,grosses,0.6,0.3,-72641.91743883787,1364077.65483316,1415880.0212613002,151,71
Eagle NYC,2025,grosses,0.6,0.4,-72588.95620025237,1366606.83288612,1418479.7593484,151,71
Eagle NYC,2025,grosses,0.6,0.5,-72535.99496166689,1368711.36008875,1421079.4974355001,151,71
Eagle NYC,2025,grosses,0.6,0.6,-72483.03372308137,1371623.54752156,1423679.2355226001,151,71
Eagle NYC,2025,grosses,0.6,0.7,-72430.07248449587,1374079.6433392,1426278.9736096999,151,71
Eagle NYC,2025,grosses,0.6,0.8,-72377.11124591038,1376589.70571688,1428878.7116967998,151,71
Eagle NYC,2025,grosses,0.6,0.9,-72324.15000732488,1378409.04044091,1431478.4497838998,151,71
Eagle NYC,2025,grosses,0.6,1.0,-72271.18876873938,1380749.8915253,1434078.187871,151,71
Eagle NYC,2025,toutes,0.0,0.1,-72782.1657299444,1357800.9214810561,1408159.897910778,151,71
Eagle NYC,2025,toutes,0.0,0.2,-72763.53030529442,1360082.56728492,1408238.9888215559,151,71
Eagle NYC,2025,toutes,0.0,0.3,-72744.89488064445,1360293.3847184624,1408318.0797323342,151,71
Eagle NYC,2025,toutes,0.0,0.4,-72726.25945599448,1360764.22413995,1408397.1706431122,151,71
Eagle NYC,2025,toutes,0.0,0.5,-72707.6240313445,1361011.5957769563,1408476.26155389,151,71
Eagle NYC,2025,toutes,0.0,0.6,-72688.98860669452,1360584.994506325,1408555.3524646682,151,71
Eagle NYC,2025,toutes,0.0,0.7,-72670.35318204456,1358507.1686309027,1408634.4433754464,151,71
Eagle NYC,2025,toutes,0.0,0.8,-72651.71775739458,1354920.77983758,1408713.534286224,151,71
Eagle NYC,2025,toutes,0.0,0.9,-72633.08233274461,1350646.6729409113,1408792.6251970022,151,71
Eagle NYC,2025,toutes,0.0,1.0,-72614.44690809463,1347882.3480567627,1408871.7161077799,151,71
Eagle NYC,2025,toutes,0.2,0.1,-72791.86488214946,1357694.0632572386,1407937.0896941796,151,71
Eagle NYC,2025,toutes,0.2,0.2,-72782.92860970453,1359914.8683448476,1407793.3723883592,151,71
Eagle NYC,2025,toutes,0.2,0.3,-72773.9923372596,1361018.3081092276,1407649.6550825385,151,71
Eagle NYC,2025,toutes,0.2,0.4,-72765.0560648147,1362357.37134847,1407505.937776718,151,71
Eagle NYC,2025,toutes,0.2,0.5,-72756.11979236975,1362094.2647542376,1407362.2204708979,151,71
Eagle NYC,2025,toutes,0.2,0.6,-72747.18351992482,1362341.701635435,1407218.5031650774,151,71
Eagle NYC,2025,toutes,0.2,0.7,-72738.2472474799,1361535.1207047561,1407074.785859257,151,71
Eagle NYC,2025,toutes,0.2,0.8,-72729.31097503498,1359976.85208763,1406931.0685534368,151,71
Eagle NYC,2025,toutes,0.2,0.9,-72720.37470259005,1357357.6676284513,1406787.3512476163,151,71
Eagle NYC,2025,toutes,0.2,1.0,-72711.43843014512,1353934.2296133623,1406643.633941796,151,71
Eagle NYC,2025,toutes,0.3,0.1,-72777.31988704845,1358895.158758045,1409742.213697826,151,71
Eagle NYC,2025,toutes,0.3,0.2,-72753.83861950251,1363080.8734380975,1411403.6203956518,151,71
Eagle NYC,2025,toutes,0.3,0.3,-72730.35735195661,1366020.17510739,1413065.0270934778,151,71
Eagle NYC,2025,toutes,0.3,0.4,-72706.87608441067,1368685.241411805,1414726.4337913038,151,71
Eagle NYC,2025,toutes,0.3,0.5,-72683.39481686476,1370621.4028236875,1416387.8404891295,151,71
Eagle NYC,2025,toutes,0.3,0.6,-72659.91354931882,1372430.688237165,1418049.2471869555,151,71
Eagle NYC,2025,toutes,0.3,0.7,-72636.4322817729,1373865.8216961974,1419710.6538847815,151,71
Eagle NYC,2025,toutes,0.3,0.8,-72612.95101422697,1374494.79874279,1421372.0605826075,151,71
Eagle NYC,2025,toutes,0.3,0.9,-72589.46974668105,1373587.0242327824,1423033.4672804335,151,71
Eagle NYC,2025,toutes,0.3,1.0,-72565.98847913512,1372721.9065866,1424694.8739782593,151,71
Eagle NYC,2025,toutes,0.4,0.1,-72760.76432583324,1360877.9013630163,1411618.2676179104,151,71
Eagle NYC,2025,toutes,0.4,0.2,-72720.72749707213,1366335.70483978,1415155.728235821,151,71
Eagle NYC,2025,toutes,0.4,0.3,-72680.690668311,1371957.16906735,1418693.1888537314,151,71
Eagle NYC,2025,toutes,0.4,0.4,-72640.65383954986,1375241.083202105,1422230.649471642,151,71
Eagle NYC,2025,toutes,0.4,0.5,-72600.61701078876,1380053.0473359188,1425768.1100895524,151,71
Eagle NYC,2025,toutes,0.4,0.6,-72560.58018202764,1382543.2688118725,1429305.5707074627,151,71
Eagle NYC,2025,toutes,0.4,0.7,-72520.5433532665,1385819.4383633926,1432843.0313253733,151,71
Eagle NYC,2025,toutes,0.4,0.8,-72480.50652450537,1388216.93110349,1436380.491943284,151,71
Eagle NYC,2025,toutes,0.4,0.9,-72440.46969574425,1389539.85802094,1439917.9525611943,151,71
Eagle NYC,2025,toutes,0.4,1.0,-72400.43286698313,1390171.4046568626,1443455.413179105,151,71
Eagle NYC,2025,toutes,0.5,0.1,-72735.87002406543,1362674.9651501286,1413892.4040953263,151,71
Eagle NYC,2025,toutes,0.5,0.2,-72670.93889353648,1370482.2055075974,1419704.0011906533,151,71
Eagle NYC,2025,toutes,0.5,0.3,-72606.00776300752,1377054.8493803402,1425515.5982859798,151,71
Eagle NYC,2025,toutes,0.5,0.4,-72541.07663247858,1383561.48087376,1431327.1953813066,151,71
Eagle NYC,2025,toutes,0.5,0.5,-72476.14550194962,1390178.407036125,1437138.792476633,151,71
Eagle NYC,2025,toutes,0.5,0.6,-72411.21437142068,1397334.2427769627,1442950.38957196,151,71
Eagle NYC,2025,toutes,0.5,0.7,-72346.28324089173,1403485.91668391,1448761.9866672864,151,71
Eagle NYC,2025,toutes,0.5,0.8,-72281.35211036277,1408289.09054691,1454573.5837626131,151,71
Eagle NYC,2025,toutes,0.5,0.9,-72216.42097983383,1413731.2817297,1460385.1808579396,151,71
Eagle NYC,2025,toutes,0.5,1.0,-72151.48984930488,1418386.4925009124,1466196.7779532666,151,71
Eagle NYC,2025,toutes,0.6,0.1,-72747.83991600889,1360670.04232382,1412895.2865231852,151,71
Eagle NYC,2025,toutes,0.6,0.2,-72694.87867742339,1366343.196098,1417709.7660463706,151,71
Eagle NYC,2025,toutes,0.6,0.3,-72641.91743883787,1370797.93935906,1422524.2455695558,151,71
Eagle NYC,2025,toutes,0.6,0.4,-72588.95620025237,1376543.8119610401,1427338.725092741,151,71
Eagle NYC,2025,toutes,0.6,0.5,-72535.99496166689,1380940.19501915,1432153.2046159264,151,71
Eagle NYC,2025,toutes,0.6,0.6,-72483.03372308137,1385670.58005392,1436967.6841391115,151,71
Eagle NYC,2025,toutes,0.6,0.7,-72430.07248449587,1389640.31139199,1441782.1636622967,151,71
Eagle NYC,2025,toutes,0.6,0.8,-72377.11124591038,1394713.44840428,1446596.6431854821,151,71
Eagle NYC,2025,toutes,0.6,0.9,-72324.15000732488,1398893.174579475,1451411.1227086673,151,71
Eagle NYC,2025,toutes,0.6,1.0,-72271.18876873938,1403260.3369230002,1456225.6022318525,151,71
Eagle NYC,2026,aucune,0.0,0.0,-60184.65023919171,1145666.0,1204226.42,133,128
Eagle NYC,2026,grosses,0.0,0.1,-60125.093387650486,1150753.45546012,1207549.2216586978,133,128
Eagle NYC,2026,grosses,0.0,0.2,-60065.536536109226,1154726.233619075,1210872.0233173957,133,128
Eagle NYC,2026,grosses,0.0,0.3,-60005.97968456799,1157793.8382450726,1214194.8249760936,133,128
Eagle NYC,2026,grosses,0.0,0.4,-59946.422833026736,1161243.85409375,1217517.6266347913,133,128
Eagle NYC,2026,grosses,0.0,0.5,-59886.865981485484,1160723.470088,1220840.4282934894,133,128
Eagle NYC,2026,grosses,0.0,0.6,-59827.30912994424,1159105.92611277,1224163.229952187,133,128
Eagle NYC,2026,grosses,0.0,0.7,-59767.752278402986,1157575.0337362725,1227486.0316108852,133,128
Eagle NYC,2026,grosses,0.0,0.8,-59708.195426861734,1155047.80759974,1230808.8332695828,133,128
Eagle NYC,2026,grosses,0.0,0.9,-59649.20449976447,1151311.8413669777,1234131.6349282807,133,128
Eagle NYC,2026,grosses,0.0,1.0,-59634.57458171423,1148734.8033814752,1237454.4365869784,133,128
Eagle NYC,2026,grosses,0.2,0.1,-60198.74899307807,1147643.1523095926,1204539.8463899563,133,128
Eagle NYC,2026,grosses,0.2,0.2,-60212.84774696443,1149104.4298520652,1204853.272779913,133,128
Eagle NYC,2026,grosses,0.2,0.3,-60226.946500850776,1150353.8720867375,1205166.699169869,133,128
Eagle NYC,2026,grosses,0.2,0.4,-60241.045254737124,1148719.65857745,1205480.1255598255,133,128
Eagle NYC,2026,grosses,0.2,0.5,-60255.144008623465,1147445.052722025,1205793.551949782,133,128
Eagle NYC,2026,grosses,0.2,0.6,-60269.24276250982,1144912.752487425,1206106.9783397384,133,128
Eagle NYC,2026,grosses,0.2,0.7,-60283.34151639617,1142459.53163607,1206420.4047296948,133,128
Eagle NYC,2026,grosses,0.2,0.8,-60297.440270282525,1138890.20647126,1206733.8311196512,133,128
Eagle NYC,2026,grosses,0.2,0.9,-60312.10494861287,1133683.1224781398,1207047.2575096078,133,128
Eagle NYC,2026,grosses,0.2,1.0,-60371.13063599022,1129046.5287113,1207360.683899564,133,128
Eagle NYC,2026,grosses,0.3,0.1,-60176.87441829868,1148318.567126455,1205492.0107952135,133,128
Eagle NYC,2026,grosses,0.3,0.2,-60169.098597405624,1150753.02526672,1206757.6015904269,133,128
Eagle NYC,2026,grosses,0.3,0.3,-60161.32277651257,1151998.73593773,1208023.1923856405,133,128
Eagle NYC,2026,grosses,0.3,0.4,-60153.546955619524,1152009.67738978,1209288.7831808538,133,128
Eagle NYC,2026,grosses,0.3,0.5,-60145.77113472647,1151994.4032206,1210554.3739760674,133,128
Eagle NYC,2026,grosses,0.3,0.6,-60137.99531383343,1151191.237266615,1211819.964771281,133,128
Eagle NYC,2026,grosses,0.3,0.7,-60130.21949294036,1148541.67558089,1213085.5555664944,133,128
Eagle NYC,2026,grosses,0.3,0.8,-60122.443672047324,1144802.14019964,1214351.1463617082,133,128
Eagle NYC,2026,grosses,0.3,0.9,-60115.23377559827,1142155.2836344524,1215616.7371569215,133,128
Eagle NYC,2026,grosses,0.3,1.0,-60152.384888196226,1138194.38757575,1216882.3279521351,133,128
Eagle NYC,2026,grosses,0.4,0.1,-60215.26551604298,1146436.6037806026,1203612.478607539,133,128
Eagle NYC,2026,grosses,0.4,0.2,-60245.88079289422,1147550.8201831752,1202998.537215078,133,128
Eagle NYC,2026,grosses,0.4,0.3,-60276.49606974547,1147208.9093286325,1202384.5958226172,133,128
Eagle NYC,2026,grosses,0.4,0.4,-60307.11134659672,1145487.1079494301,1201770.6544301563,133,128
Eagle NYC,2026,grosses,0.4,0.5,-60337.726623447976,1143233.7780931876,1201156.7130376955,133,128
Eagle NYC,2026,grosses,0.4,0.6,-60368.34190029922,1141293.8317634652,1200542.7716452347,133,128
Eagle NYC,2026,grosses,0.4,0.7,-60398.95717715047,1137916.2127369475,1199928.8302527738,133,128
Eagle NYC,2026,grosses,0.4,0.8,-60429.572454001725,1133687.5640682601,1199314.8888603128,133,128
Eagle NYC,2026,grosses,0.4,0.9,-60460.75365529697,1129888.69323327,1198700.947467852,133,128
Eagle NYC,2026,grosses,0.4,1.0,-60536.29586563922,1124836.134716825,1198087.0060753908,133,128
Eagle NYC,2026,grosses,0.5,0.1,-60175.11352862232,1149450.8675105,1205121.1132419868,133,128
Eagle NYC,2026,grosses,0.5,0.2,-60165.57681805292,1151018.51792774,1206015.806483973,133,128
Eagle NYC,2026,grosses,0.5,0.3,-60156.040107483524,1152212.94832044,1206910.4997259597,133,128
Eagle NYC,2026,grosses,0.5,0.4,-60146.503396914115,1153140.3631928,1207805.1929679466,133,128
Eagle NYC,2026,grosses,0.5,0.5,-60136.96668634472,1154152.6849608999,1208699.886209933,133,128
Eagle NYC,2026,grosses,0.5,0.6,-60127.42997577532,1154821.50691412,1209594.5794519195,133,128
Eagle NYC,2026,grosses,0.5,0.7,-60117.89326520592,1154687.52798083,1210489.272693906,133,128
Eagle NYC,2026,grosses,0.5,0.8,-60108.35655463652,1152567.15163856,1211383.965935893,133,128
Eagle NYC,2026,grosses,0.5,0.9,-60099.385768511114,1151814.10858128,1212278.6591778793,133,128
Eagle NYC,2026,grosses,0.5,1.0,-60134.775991432725,1149318.8291079002,1213173.352419866,133,128
Eagle NYC,2026,grosses,0.6,0.1,-60141.99647660952,1150318.97354696,1206587.667676683,133,128
Eagle NYC,2026,grosses,0.6,0.2,-60099.34271402731,1152698.94994004,1208948.915353366,133,128
Eagle NYC,2026,grosses,0.6,0.3,-60056.68895144512,1156540.8709142602,1211310.1630300488,133,128
Eagle NYC,2026,grosses,0.6,0.4,-60014.035188862916,1159805.5742160801,1213671.410706732,133,128
Eagle NYC,2026,grosses,0.6,0.5,-59971.38142628072,1161158.453387,1216032.658383415,133,128
Eagle NYC,2026,grosses,0.6,0.6,-59928.72766369852,1164180.42976734,1218393.906060098,133,128
Eagle NYC,2026,grosses,0.6,0.7,-59886.07390111631,1165599.7482,1220755.1537367809,133,128
Eagle NYC,2026,grosses,0.6,0.8,-59843.42013853412,1167240.67777208,1223116.401413464,133,128
Eagle NYC,2026,grosses,0.6,0.9,-59801.33230039592,1168726.14421228,1225477.649090147,133,128
Eagle NYC,2026,grosses,0.6,1.0,-59803.60547130471,1169035.3449054,1227838.89676683,133,128
Eagle NYC,2026,toutes,0.0,0.1,-60125.093387650486,1154770.422334285,1210327.2860412202,133,128
Eagle NYC,2026,toutes,0.0,0.2,-60065.536536109226,1161759.5039333175,1216428.1520824402,133,128
Eagle NYC,2026,toutes,0.0,0.3,-60005.97968456799,1168888.15412735,1222529.01812366,133,128
Eagle NYC,2026,toutes,0.0,0.4,-59946.422833026736,1173083.18213569,1228629.8841648805,133,128
Eagle NYC,2026,toutes,0.0,0.5,-59886.865981485484,1175145.5147490187,1234730.7502061005,133,128
Eagle NYC,2026,toutes,0.0,0.6,-59827.30912994424,1175780.5173785002,1240831.6162473205,133,128
Eagle NYC,2026,toutes,0.0,0.7,-59767.752278402986,1176285.9621242813,1246932.4822885406,133,128
Eagle NYC,2026,toutes,0.0,0.8,-59708.195426861734,1175234.36192831,1253033.348329761,133,128
Eagle NYC,2026,toutes,0.0,0.9,-59649.20449976447,1173389.0657078163,1259134.2143709806,133,128
Eagle NYC,2026,toutes,0.0,1.0,-59634.57458171423,1171934.9908717126,1265235.080412201,133,128
Eagle NYC,2026,toutes,0.2,0.1,-60198.74899307807,1149654.2993339351,1204786.3311017952,133,128
Eagle NYC,2026,toutes,0.2,0.2,-60212.84774696443,1150668.46815783,1205346.2422035905,133,128
Eagle NYC,2026,toutes,0.2,0.3,-60226.946500850776,1151568.9640987774,1205906.1533053855,133,128
Eagle NYC,2026,toutes,0.2,0.4,-60241.045254737124,1151842.26622231,1206466.0644071808,133,128
Eagle NYC,2026,toutes,0.2,0.5,-60255.144008623465,1150509.37468,1207025.975508976,133,128
Eagle NYC,2026,toutes,0.2,0.6,-60269.24276250982,1148184.1819417577,1207585.886610771,133,128
Eagle NYC,2026,toutes,0.2,0.7,-60283.34151639617,1144911.94668176,1208145.7977125663,133,128
Eagle NYC,2026,toutes,0.2,0.8,-60297.440270282525,1139246.1576046601,1208705.7088143616,133,128
Eagle NYC,2026,toutes,0.2,0.9,-60312.10494861287,1133459.3702625625,1209265.619916157,133,128
Eagle NYC,2026,toutes,0.2,1.0,-60371.13063599022,1130210.3451136374,1209825.5310179521,133,128
Eagle NYC,2026,toutes,0.3,0.1,-60176.87441829868,1151627.302359815,1206639.9148975224,133,128
Eagle NYC,2026,toutes,0.3,0.2,-60169.098597405624,1154318.2146965927,1209053.4097950452,133,128
Eagle NYC,2026,toutes,0.3,0.3,-60161.32277651257,1157443.7433764136,1211466.904692568,133,128
Eagle NYC,2026,toutes,0.3,0.4,-60153.546955619524,1158564.9242644098,1213880.3995900904,133,128
Eagle NYC,2026,toutes,0.3,0.5,-60145.77113472647,1160115.7227321437,1216293.8944876126,133,128
Eagle NYC,2026,toutes,0.3,0.6,-60137.99531383343,1158315.196190965,1218707.3893851354,133,128
Eagle NYC,2026,toutes,0.3,0.7,-60130.21949294036,1156364.6755851223,1221120.8842826579,133,128
Eagle NYC,2026,toutes,0.3,0.8,-60122.443672047324,1154657.57137735,1223534.3791801806,133,128
Eagle NYC,2026,toutes,0.3,0.9,-60115.23377559827,1151541.7541520488,1225947.874077703,133,128
Eagle NYC,2026,toutes,0.3,1.0,-60152.384888196226,1148113.9206701624,1228361.3689752256,133,128
Eagle NYC,2026,toutes,0.4,0.1,-60215.26551604298,1146687.0094051412,1203126.0090670884,133,128
Eagle NYC,2026,toutes,0.4,0.2,-60245.88079289422,1147036.4901520775,1202025.5981341768,133,128
Eagle NYC,2026,toutes,0.4,0.3,-60276.49606974547,1147045.8363593938,1200925.1872012652,133,128
Eagle NYC,2026,toutes,0.4,0.4,-60307.11134659672,1145345.75330535,1199824.7762683537,133,128
Eagle NYC,2026,toutes,0.4,0.5,-60337.726623447976,1142540.1992418875,1198724.3653354421,133,128
Eagle NYC,2026,toutes,0.4,0.6,-60368.34190029922,1138732.0364834175,1197623.9544025303,133,128
Eagle NYC,2026,toutes,0.4,0.7,-60398.95717715047,1133512.7593166425,1196523.5434696188,133,128
Eagle NYC,2026,toutes,0.4,0.8,-60429.572454001725,1129099.57152678,1195423.1325367074,133,128
Eagle NYC,2026,toutes,0.4,0.9,-60460.75365529697,1125523.8444929288,1194322.7216037957,133,128
Eagle NYC,2026,toutes,0.4,1.0,-60536.29586563922,1120225.7022596751,1193222.310670884,133,128
Eagle NYC,2026,toutes,0.5,0.1,-60175.11352862232,1150933.00803701,1205983.9031430199,133,128
Eagle NYC,2026,toutes,0.5,0.2,-60165.57681805292,1154460.18059635,1207741.3862860396,133,128
Eagle NYC,2026,toutes,0.5,0.3,-60156.040107483524,1158199.1511743302,1209498.8694290596,133,128
Eagle NYC,2026,toutes,0.5,0.4,-60146.503396914115,1160141.08736458,1211256.3525720795,133,128
Eagle NYC,2026,toutes,0.5,0.5,-60136.96668634472,1161529.4903789,1213013.8357150992,133,128
Eagle NYC,2026,toutes,0.5,0.6,-60127.42997577532,1162276.51518475,1214771.318858119,133,128
Eagle NYC,2026,toutes,0.5,0.7,-60117.89326520592,1162699.9749991898,1216528.802001139,133,128
Eagle NYC,2026,toutes,0.5,0.8,-60108.35655463652,1161745.24256092,1218286.2851441589,133,128
Eagle NYC,2026,toutes,0.5,0.9,-60099.385768511114,1160807.612684625,1220043.7682871786,133,128
Eagle NYC,2026,toutes,0.5,1.0,-60134.775991432725,1158931.3157022002,1221801.2514301983,133,128
Eagle NYC,2026,toutes,0.6,0.1,-60141.99647660952,1152379.438792215,1208742.4719399519,133,128
Eagle NYC,2026,toutes,0.6,0.2,-60099.34271402731,1158508.15704217,1213258.5238799036,133,128
Eagle NYC,2026,toutes,0.6,0.3,-60056.68895144512,1164110.671399045,1217774.5758198553,133,128
Eagle NYC,2026,toutes,0.6,0.4,-60014.035188862916,1169363.8697577398,1222290.627759807,133,128
Eagle NYC,2026,toutes,0.6,0.5,-59971.38142628072,1174603.559724325,1226806.6796997588,133,128
Eagle NYC,2026,toutes,0.6,0.6,-59928.72766369852,1178129.81476857,1231322.7316397105,133,128
Eagle NYC,2026,toutes,0.6,0.7,-59886.07390111631,1182586.403008955,1235838.7835796622,133,128
Eagle NYC,2026,toutes,0.6,0.8,-59843.42013853412,1184767.56496972,1240354.835519614,133,128
Eagle NYC,2026,toutes,0.6,0.9,-59801.33230039592,1187454.746161275,1244870.8874595657,133,128
Eagle NYC,2026,toutes,0.6,1.0,-59803.60547130471,1190711.1772738001,1249386.9393995176,133,128
City Vineyard (Pier 26),2025,aucune,0.0,0.0,-63040.41516556294,1127130.0,1165748.61,151,71
City Vineyard (Pier 26),2025,grosses,0.0,0.1,-63052.35997040592,1128695.21719795,1165978.8277984885,151,71
City Vineyard (Pier 26),2025,grosses,0.0,0.2,-63064.30477524893,1129940.7332275,1166209.045596977,151,71
City Vineyard (Pier 26),2025,grosses,0.0,0.3,-63076.24958009192,1130508.33970845,1166439.2633954657,151,71
City Vineyard (Pier 26),2025,grosses,0.0,0.4,-63088.194384934926,1129672.4766950002,1166669.481193954,151,71
City Vineyard (Pier 26),2025,grosses,0.0,0.5,-63100.139189777925,1129074.20471425,1166899.6989924426,151,71
City Vineyard (Pier 26),2025,grosses,0.0,0.6,-63112.083994620916,1128395.8584381999,1167129.916790931,151,71
City Vineyard (Pier 26),2025,grosses,0.0,0.7,-63124.02879946393,1127564.6554904,1167360.1345894195,151,71
City Vineyard (Pier 26),2025,grosses,0.0,0.8,-63135.97360430693,1126340.5930708,1167590.352387908,151,71
City Vineyard (Pier 26),2025,grosses,0.0,0.9,-63147.91840914991,1124888.9855999001,1167820.5701863966,151,71
City Vineyard (Pier 26),2025,grosses,0.0,1.0,-63159.863213992925,1122782.976011,1168050.7879848853,151,71
City Vineyard (Pier 26),2025,grosses,0.2,0.1,-63051.85644705743,1128060.5500471,1165900.697665301,151,71
City Vineyard (Pier 26),2025,grosses,0.2,0.2,-63063.29772855193,1129247.6582057,1166052.7853306022,151,71
City Vineyard (Pier 26),2025,grosses,0.2,0.3,-63074.73901004643,1129967.9367535,1166204.872995903,151,71
City Vineyard (Pier 26),2025,grosses,0.2,0.4,-63086.180291540935,1130424.0882394,1166356.9606612038,151,71
City Vineyard (Pier 26),2025,grosses,0.2,0.5,-63097.62157303543,1130535.35720125,1166509.0483265049,151,71
City Vineyard (Pier 26),2025,grosses,0.2,0.6,-63109.062854529926,1130868.5741023,1166661.135991806,151,71
City Vineyard (Pier 26),2025,grosses,0.2,0.7,-63120.50413602443,1130716.28793635,1166813.223657107,151,71
City Vineyard (Pier 26),2025,grosses,0.2,0.8,-63131.94541751893,1129532.8720632,1166965.311322408,151,71
City Vineyard (Pier 26),2025,grosses,0.2,0.9,-63143.38669901343,1128432.7323360501,1167117.398987709,151,71
City Vineyard (Pier 26),2025,grosses,0.2,1.0,-63154.82798050792,1126524.9793075002,1167269.48665301,151,71
City Vineyard (Pier 26),2025,grosses,0.3,0.1,-63036.894377715435,1128741.8018211501,1166580.641457963,151,71
City Vineyard (Pier 26),2025,grosses,0.3,0.2,-63033.37358986794,1130387.3548474,1167412.672915926,151,71
City Vineyard (Pier 26),2025,grosses,0.3,0.3,-63029.85280202043,1131571.5226722,1168244.704373889,151,71
City Vineyard (Pier 26),2025,grosses,0.3,0.4,-63026.332014172935,1132647.2101414,1169076.7358318523,151,71
City Vineyard (Pier 26),2025,grosses,0.3,0.5,-63022.81122632543,1134144.2164072501,1169908.767289815,151,71
City Vineyard (Pier 26),2025,grosses,0.3,0.6,-63019.29043847793,1135204.3776747,1170740.798747778,151,71
City Vineyard (Pier 26),2025,grosses,0.3,0.7,-63015.76965063043,1136068.828583,1171572.8302057409,151,71
City Vineyard (Pier 26),2025,grosses,0.3,0.8,-63012.24886278292,1135993.2704596,1172404.8616637038,151,71
City Vineyard (Pier 26),2025,grosses,0.3,0.9,-63008.72807493544,1135549.7375649002,1173236.893121667,151,71
City Vineyard (Pier 26),2025,grosses,0.3,1.0,-63005.207287087935,1134746.2400214998,1174068.92457963,151,71
City Vineyard (Pier 26),2025,grosses,0.4,0.1,-63025.98407500293,1129374.65549215,1167225.584086421,151,71
City Vineyard (Pier 26),2025,grosses,0.4,0.2,-63011.55298444293,1131754.5707643,1168702.558172842,151,71
City Vineyard (Pier 26),2025,grosses,0.4,0.3,-62997.12189388293,1133316.31869745,1170179.532259263,151,71
City Vineyard (Pier 26),2025,grosses,0.4,0.4,-62982.690803322934,1134728.7676322,1171656.506345684,151,71
City Vineyard (Pier 26),2025,grosses,0.4,0.5,-62968.259712762934,1136398.64372425,1173133.480432105,151,71
City Vineyard (Pier 26),2025,grosses,0.4,0.6,-62953.828622202935,1138028.213924,1174610.454518526,151,71
City Vineyard (Pier 26),2025,grosses,0.4,0.7,-62939.39753164293,1139623.4461185,1176087.4286049472,151,71
City Vineyard (Pier 26),2025,grosses,0.4,0.8,-62924.96644108293,1140461.0713264,1177564.402691368,151,71
City Vineyard (Pier 26),2025,grosses,0.4,0.9,-62910.535350522936,1141073.3067520498,1179041.376777789,151,71
City Vineyard (Pier 26),2025,grosses,0.4,1.0,-62896.10425996293,1141591.0495435,1180518.35086421,151,71
City Vineyard (Pier 26),2025,grosses,0.5,0.1,-62998.65565609343,1130528.56031945,1168226.9362076134,151,71
City Vineyard (Pier 26),2025,grosses,0.5,0.2,-62956.89614662394,1133274.3272996,1170705.262415227,151,71
City Vineyard (Pier 26),2025,grosses,0.5,0.3,-62915.13663715443,1136802.00529965,1173183.5886228404,151,71
City Vineyard (Pier 26),2025,grosses,0.5,0.4,-62873.37712768494,1139163.9712292,1175661.9148304542,151,71
City Vineyard (Pier 26),2025,grosses,0.5,0.5,-62831.61761821544,1142271.90275975,1178140.2410380673,151,71
City Vineyard (Pier 26),2025,grosses,0.5,0.6,-62789.85810874593,1144979.2390192,1180618.567245681,151,71
City Vineyard (Pier 26),2025,grosses,0.5,0.7,-62748.09859927644,1147089.5995296,1183096.8934532944,151,71
City Vineyard (Pier 26),2025,grosses,0.5,0.8,-62706.339089806934,1149395.6079300002,1185575.219660908,151,71
City Vineyard (Pier 26),2025,grosses,0.5,0.9,-62664.579580337435,1152110.7664492,1188053.5458685216,151,71
City Vineyard (Pier 26),2025,grosses,0.5,1.0,-62622.820070867936,1154220.7377145002,1190531.8720761351,151,71
City Vineyard (Pier 26),2025,grosses,0.6,0.1,-63008.89871926093,1129311.1957677999,1167644.50164243,151,71
City Vineyard (Pier 26),2025,grosses,0.6,0.2,-62977.38227295894,1130880.1303212,1169540.39328486,151,71
City Vineyard (Pier 26),2025,grosses,0.6,0.3,-62945.86582665693,1133101.3135026002,1171436.28492729,151,71
City Vineyard (Pier 26),2025,grosses,0.6,0.4,-62914.34938035494,1135041.027376,1173332.17656972,151,71
City Vineyard (Pier 26),2025,grosses,0.6,0.5,-62882.83293405294,1136887.651445,1175228.0682121501,151,71
City Vineyard (Pier 26),2025,grosses,0.6,0.6,-62851.31648775094,1138524.1047892,1177123.9598545802,151,71
City Vineyard (Pier 26),2025,grosses,0.6,0.7,-62819.800041448936,1140455.3120896,1179019.8514970103,151,71
City Vineyard (Pier 26),2025,grosses,0.6,0.8,-62788.28359514694,1141900.3938463998,1180915.74313944,151,71
City Vineyard (Pier 26),2025,grosses,0.6,0.9,-62756.767148844934,1143937.797515,1182811.63478187,151,71
City Vineyard (Pier 26),2025,grosses,0.6,1.0,-62725.25070254294,1145072.3725879998,1184707.5264243,151,71
City Vineyard (Pier 26),2025,toutes,0.0,0.1,-63052.35997040592,1129136.8664927,1165915.1714757734,151,71
City Vineyard (Pier 26),2025,toutes,0.0,0.2,-63064.30477524893,1129721.3814225,1166081.7329515473,151,71
City Vineyard (Pier 26),2025,toutes,0.0,0.3,-63076.24958009192,1130265.5190841,1166248.2944273206,151,71
City Vineyard (Pier 26),2025,toutes,0.0,0.4,-63088.194384934926,1129864.7505862,1166414.8559030937,151,71
City Vineyard (Pier 26),2025,toutes,0.0,0.5,-63100.139189777925,1129064.69029275,1166581.4173788675,151,71
City Vineyard (Pier 26),2025,toutes,0.0,0.6,-63112.083994620916,1127077.0241713,1166747.9788546409,151,71
City Vineyard (Pier 26),2025,toutes,0.0,0.7,-63124.02879946393,1124145.1110393,1166914.5403304142,151,71
City Vineyard (Pier 26),2025,toutes,0.0,0.8,-63135.97360430693,1121738.858328,1167081.1018061878,151,71
City Vineyard (Pier 26),2025,toutes,0.0,0.9,-63147.91840914991,1117621.9370512501,1167247.6632819613,151,71
City Vineyard (Pier 26),2025,toutes,0.0,1.0,-63159.863213992925,1114895.2416665,1167414.224757735,151,71
City Vineyard (Pier 26),2025,toutes,0.2,0.1,-63051.85644705743,1128800.6810311,1165701.1713947812,151,71
City Vineyard (Pier 26),2025,toutes,0.2,0.2,-63063.29772855193,1129448.2513418,1165653.732789562,151,71
City Vineyard (Pier 26),2025,toutes,0.2,0.3,-63074.73901004643,1130591.0405991501,1165606.294184343,151,71
City Vineyard (Pier 26),2025,toutes,0.2,0.4,-63086.180291540935,1131342.4385138,1165558.855579124,151,71
City Vineyard (Pier 26),2025,toutes,0.2,0.5,-63097.62157303543,1131417.75454725,1165511.4169739052,151,71
City Vineyard (Pier 26),2025,toutes,0.2,0.6,-63109.062854529926,1130854.1435343,1165463.978368686,151,71
City Vineyard (Pier 26),2025,toutes,0.2,0.7,-63120.50413602443,1129652.2622606498,1165416.5397634672,151,71
City Vineyard (Pier 26),2025,toutes,0.2,0.8,-63131.94541751893,1127494.6432144,1165369.101158248,151,71
City Vineyard (Pier 26),2025,toutes,0.2,0.9,-63143.38669901343,1125049.36966565,1165321.6625530291,151,71
City Vineyard (Pier 26),2025,toutes,0.2,1.0,-63154.82798050792,1122376.5843765,1165274.22394781,151,71
City Vineyard (Pier 26),2025,toutes,0.3,0.1,-63036.894377715435,1129933.06511835,1167181.985549403,151,71
City Vineyard (Pier 26),2025,toutes,0.3,0.2,-63033.37358986794,1132018.5224236,1168615.361098806,151,71
City Vineyard (Pier 26),2025,toutes,0.3,0.3,-63029.85280202043,1135085.5354718,1170048.736648209,151,71
City Vineyard (Pier 26),2025,toutes,0.3,0.4,-63026.332014172935,1136257.6218289998,1171482.112197612,151,71
City Vineyard (Pier 26),2025,toutes,0.3,0.5,-63022.81122632543,1137186.7640817498,1172915.487747015,151,71
City Vineyard (Pier 26),2025,toutes,0.3,0.6,-63019.29043847793,1139565.8249016,1174348.863296418,151,71
City Vineyard (Pier 26),2025,toutes,0.3,0.7,-63015.76965063043,1139754.9953315,1175782.238845821,151,71
City Vineyard (Pier 26),2025,toutes,0.3,0.8,-63012.24886278292,1139133.10568,1177215.614395224,151,71
City Vineyard (Pier 26),2025,toutes,0.3,0.9,-63008.72807493544,1138089.13069475,1178648.9899446268,151,71
City Vineyard (Pier 26),2025,toutes,0.3,1.0,-63005.207287087935,1137081.5820975,1180082.36549403,151,71
City Vineyard (Pier 26),2025,toutes,0.4,0.1,-63025.98407500293,1130992.7412422001,1168801.599035836,151,71
City Vineyard (Pier 26),2025,toutes,0.4,0.2,-63011.55298444293,1134522.3053422999,1171854.588071672,151,71
City Vineyard (Pier 26),2025,toutes,0.4,0.3,-62997.12189388293,1138470.80367035,1174907.5771075082,151,71
City Vineyard (Pier 26),2025,toutes,0.4,0.4,-62982.690803322934,1141713.601076,1177960.566143344,151,71
City Vineyard (Pier 26),2025,toutes,0.4,0.5,-62968.259712762934,1144455.12733225,1181013.55517918,151,71
City Vineyard (Pier 26),2025,toutes,0.4,0.6,-62953.828622202935,1146941.3890867,1184066.5442150158,151,71
City Vineyard (Pier 26),2025,toutes,0.4,0.7,-62939.39753164293,1149553.41635225,1187119.533250852,151,71
City Vineyard (Pier 26),2025,toutes,0.4,0.8,-62924.96644108293,1151359.2990964,1190172.522286688,151,71
City Vineyard (Pier 26),2025,toutes,0.4,0.9,-62910.535350522936,1152567.65089565,1193225.5113225242,151,71
City Vineyard (Pier 26),2025,toutes,0.4,1.0,-62896.10425996293,1153697.6646995002,1196278.5003583601,151,71
City Vineyard (Pier 26),2025,toutes,0.5,0.1,-62998.65565609343,1133349.39492615,1170704.7562211184,151,71
City Vineyard (Pier 26),2025,toutes,0.5,0.2,-62956.89614662394,1139030.5801325,1175660.902442237,151,71
City Vineyard (Pier 26),2025,toutes,0.5,0.3,-62915.13663715443,1144234.9085192499,1180617.0486633556,151,71
City Vineyard (Pier 26),2025,toutes,0.5,0.4,-62873.37712768494,1150695.647027,1185573.194884474,151,71
City Vineyard (Pier 26),2025,toutes,0.5,0.5,-62831.61761821544,1155704.358085,1190529.3411055922,151,71
City Vineyard (Pier 26),2025,toutes,0.5,0.6,-62789.85810874593,1160028.7689294,1195485.487326711,151,71
City Vineyard (Pier 26),2025,toutes,0.5,0.7,-62748.09859927644,1165204.7725482,1200441.6335478295,151,71
City Vineyard (Pier 26),2025,toutes,0.5,0.8,-62706.339089806934,1170026.8880884,1205397.779768948,151,71
City Vineyard (Pier 26),2025,toutes,0.5,0.9,-62664.579580337435,1174759.32740715,1210353.9259900665,151,71
City Vineyard (Pier 26),2025,toutes,0.5,1.0,-62622.820070867936,1178442.212848,1215310.072211185,151,71
City Vineyard (Pier 26),2025,toutes,0.6,0.1,-63008.89871926093,1131555.1307148,1169827.56567171,151,71
City Vineyard (Pier 26),2025,toutes,0.6,0.2,-62977.38227295894,1135113.2476796,1173906.52134342,151,71
City Vineyard (Pier 26),2025,toutes,0.6,0.3,-62945.86582665693,1139343.5085162,1177985.47701513,151,71
City Vineyard (Pier 26),2025,toutes,0.6,0.4,-62914.34938035494,1142770.550344,1182064.43268684,151,71
City Vineyard (Pier 26),2025,toutes,0.6,0.5,-62882.83293405294,1146198.690247,1186143.3883585501,151,71
City Vineyard (Pier 26),2025,toutes,0.6,0.6,-62851.31648775094,1150368.8241524,1190222.34403026,151,71
City Vineyard (Pier 26),2025,toutes,0.6,0.7,-62819.800041448936,1154825.9273052,1194301.29970197,151,71
City Vineyard (Pier 26),2025,toutes,0.6,0.8,-62788.28359514694,1158715.8375872,1198380.2553736798,151,71
City Vineyard (Pier 26),2025,toutes,0.6,0.9,-62756.767148844934,1162716.2608636,1202459.2110453902,151,71
City Vineyard (Pier 26),2025,toutes,0.6,1.0,-62725.25070254294,1166274.7346780002,1206538.1667171002,151,71
City Vineyard (Pier 26),2026,aucune,0.0,0.0,-53006.256118421035,961469.0,1006146.5,133,128
City Vineyard (Pier 26),2026,grosses,0.0,0.1,-52925.14400379256,965545.4278493499,1008621.184407221,133,128
City Vineyard (Pier 26),2026,grosses,0.0,0.2,-52844.031889164056,967482.8489389999,1011095.868814442,133,128
City Vineyard (Pier 26),2026,grosses,0.0,0.3,-52762.91977453555,969075.5695289,1013570.553221663,133,128
City Vineyard (Pier 26),2026,grosses,0.0,0.4,-52681.807659907055,969343.5527708,1016045.2376288839,133,128
City Vineyard (Pier 26),2026,grosses,0.0,0.5,-52600.69554527855,969487.31729875,1018519.922036105,133,128
City Vineyard (Pier 26),2026,grosses,0.0,0.6,-52519.58343065005,968718.1739986,1020994.606443326,133,128
City Vineyard (Pier 26),2026,grosses,0.0,0.7,-52438.471316021554,966804.5690398,1023469.290850547,133,128
City Vineyard (Pier 26),2026,grosses,0.0,0.8,-52357.35920139306,965103.1483132,1025943.975257768,133,128
City Vineyard (Pier 26),2026,grosses,0.0,0.9,-52299.91691556055,962720.2187312001,1028418.659664989,133,128
City Vineyard (Pier 26),2026,grosses,0.0,1.0,-52252.45718381605,960896.9767979999,1030893.34407221,133,128
City Vineyard (Pier 26),2026,grosses,0.2,0.1,-52989.55248835455,961881.01793935,1006453.2270822311,133,128
City Vineyard (Pier 26),2026,grosses,0.2,0.2,-52972.84885828805,962766.0463899,1006759.954164462,133,128
City Vineyard (Pier 26),2026,grosses,0.2,0.3,-52956.145228221554,963360.390418,1007066.681246693,133,128
City Vineyard (Pier 26),2026,grosses,0.2,0.4,-52939.44159815505,963818.5682614,1007373.408328924,133,128
City Vineyard (Pier 26),2026,grosses,0.2,0.5,-52922.73796808855,962371.7366025,1007680.135411155,133,128
City Vineyard (Pier 26),2026,grosses,0.2,0.6,-52906.034338022044,959734.7220437999,1007986.862493386,133,128
City Vineyard (Pier 26),2026,grosses,0.2,0.7,-52889.330707955545,957806.9705233,1008293.589575617,133,128
City Vineyard (Pier 26),2026,grosses,0.2,0.8,-52872.62707788905,954746.3976660001,1008600.316657848,133,128
City Vineyard (Pier 26),2026,grosses,0.2,0.9,-52879.59327661856,951503.2957231001,1008907.0437400789,133,128
City Vineyard (Pier 26),2026,grosses,0.2,1.0,-52896.54202943605,947352.66605,1009213.77082231,133,128
City Vineyard (Pier 26),2026,grosses,0.3,0.1,-52973.91345334254,962808.5732404,1007119.3627052009,133,128
City Vineyard (Pier 26),2026,grosses,0.3,0.2,-52941.57078826404,964562.3504402,1008092.225410402,133,128
City Vineyard (Pier 26),2026,grosses,0.3,0.3,-52909.228123185545,965557.6916644,1009065.088115603,133,128
City Vineyard (Pier 26),2026,grosses,0.3,0.4,-52876.88545810705,965851.809091,1010037.950820804,133,128
City Vineyard (Pier 26),2026,grosses,0.3,0.5,-52844.54279302855,965134.71932875,1011010.813526005,133,128
City Vineyard (Pier 26),2026,grosses,0.3,0.6,-52812.20012795004,963414.0733288,1011983.6762312059,133,128
City Vineyard (Pier 26),2026,grosses,0.3,0.7,-52779.85746287154,961326.9964015,1012956.538936407,133,128
City Vineyard (Pier 26),2026,grosses,0.3,0.8,-52747.51479779305,958966.1550972001,1013929.401641608,133,128
City Vineyard (Pier 26),2026,grosses,0.3,0.9,-52738.841961510545,956964.90692835,1014902.264346809,133,128
City Vineyard (Pier 26),2026,grosses,0.3,1.0,-52740.15167931604,954751.087849,1015875.12705201,133,128
City Vineyard (Pier 26),2026,grosses,0.4,0.1,-53010.48577441055,960449.96753495,1005730.0296003829,133,128
City Vineyard (Pier 26),2026,grosses,0.4,0.2,-53014.71543040005,961358.823399,1005313.5592007659,133,128
City Vineyard (Pier 26),2026,grosses,0.4,0.3,-53018.94508638954,960853.1453875,1004897.088801149,133,128
City Vineyard (Pier 26),2026,grosses,0.4,0.4,-53023.174742379044,959558.6618002,1004480.6184015322,133,128
City Vineyard (Pier 26),2026,grosses,0.4,0.5,-53027.40439836855,958055.26014975,1004064.148001915,133,128
City Vineyard (Pier 26),2026,grosses,0.4,0.6,-53031.63405435805,955289.7661317,1003647.677602298,133,128
City Vineyard (Pier 26),2026,grosses,0.4,0.7,-53035.86371034755,952966.07489085,1003231.2072026811,133,128
City Vineyard (Pier 26),2026,grosses,0.4,0.8,-53040.093366337045,949507.4090992,1002814.736803064,133,128
City Vineyard (Pier 26),2026,grosses,0.4,0.9,-53067.992851122544,946119.0929279999,1002398.266403447,133,128
City Vineyard (Pier 26),2026,grosses,0.4,1.0,-53105.87488999604,942330.9264235001,1001981.7960038299,133,128
City Vineyard (Pier 26),2026,grosses,0.5,0.1,-52985.62351292904,962468.1118257999,1006823.5240236219,133,128
City Vineyard (Pier 26),2026,grosses,0.5,0.2,-52964.990907437044,963808.5447372,1007500.5480472441,133,128
City Vineyard (Pier 26),2026,grosses,0.5,0.3,-52944.358301945045,965742.9129966,1008177.572070866,133,128
City Vineyard (Pier 26),2026,grosses,0.5,0.4,-52923.72569645304,966829.7325808,1008854.5960944879,133,128
City Vineyard (Pier 26),2026,grosses,0.5,0.5,-52903.09309096104,967017.055584,1009531.6201181101,133,128
City Vineyard (Pier 26),2026,grosses,0.5,0.6,-52882.46048546904,967529.7730008,1010208.644141732,133,128
City Vineyard (Pier 26),2026,grosses,0.5,0.7,-52861.82787997705,967520.3621046,1010885.668165354,133,128
City Vineyard (Pier 26),2026,grosses,0.5,0.8,-52841.19527448504,966359.3127344,1011562.6921889761,133,128
City Vineyard (Pier 26),2026,grosses,0.5,0.9,-52844.232497789046,964978.2557602,1012239.7162125981,133,128
City Vineyard (Pier 26),2026,grosses,0.5,1.0,-52857.25227518104,964405.921566,1012916.74023622,133,128
City Vineyard (Pier 26),2026,grosses,0.6,0.1,-52962.736782271044,963085.76936,1007835.9624354539,133,128
City Vineyard (Pier 26),2026,grosses,0.6,0.2,-52919.217446121045,964780.9191964,1009525.424870908,133,128
City Vineyard (Pier 26),2026,grosses,0.6,0.3,-52875.69810997105,965872.9165406,1011214.887306362,133,128
City Vineyard (Pier 26),2026,grosses,0.6,0.4,-52832.17877382104,968319.4814968,1012904.349741816,133,128
City Vineyard (Pier 26),2026,grosses,0.6,0.5,-52788.659437671035,970088.18353,1014593.81217727,133,128
City Vineyard (Pier 26),2026,grosses,0.6,0.6,-52745.140101521036,971661.8888583999,1016283.274612724,133,128
City Vineyard (Pier 26),2026,grosses,0.6,0.7,-52701.620765371044,972908.7229938,1017972.737048178,133,128
City Vineyard (Pier 26),2026,grosses,0.6,0.8,-52658.101429221046,973668.0160368,1019662.199483632,133,128
City Vineyard (Pier 26),2026,grosses,0.6,0.9,-52638.25192186704,974492.8965974,1021351.661919086,133,128
City Vineyard (Pier 26),2026,grosses,0.6,1.0,-52628.38496860104,974830.07375,1023041.12435454,133,128
City Vineyard (Pier 26),2026,toutes,0.0,0.1,-52925.14400379256,968459.26749395,1011353.7023158012,133,128
City Vineyard (Pier 26),2026,toutes,0.0,0.2,-52844.031889164056,975101.2168606999,1016560.904631602,133,128
City Vineyard (Pier 26),2026,toutes,0.0,0.3,-52762.91977453555,979465.3825864,1021768.1069474029,133,128
City Vineyard (Pier 26),2026,toutes,0.0,0.4,-52681.807659907055,982475.1501249999,1026975.309263204,133,128
City Vineyard (Pier 26),2026,toutes,0.0,0.5,-52600.69554527855,984515.14540025,1032182.511579005,133,128
City Vineyard (Pier 26),2026,toutes,0.0,0.6,-52519.58343065005,985091.8560333,1037389.713894806,133,128
City Vineyard (Pier 26),2026,toutes,0.0,0.7,-52438.471316021554,985783.3247661501,1042596.916210607,133,128
City Vineyard (Pier 26),2026,toutes,0.0,0.8,-52357.35920139306,985170.5445188,1047804.118526408,133,128
City Vineyard (Pier 26),2026,toutes,0.0,0.9,-52299.91691556055,983720.8824499999,1053011.320842209,133,128
City Vineyard (Pier 26),2026,toutes,0.0,1.0,-52252.45718381605,982216.413511,1058218.52315801,133,128
City Vineyard (Pier 26),2026,toutes,0.2,0.1,-52989.55248835455,963388.8966387,1006657.256462491,133,128
City Vineyard (Pier 26),2026,toutes,0.2,0.2,-52972.84885828805,964761.8791087,1007168.0129249821,133,128
City Vineyard (Pier 26),2026,toutes,0.2,0.3,-52956.145228221554,965546.0992434999,1007678.769387473,133,128
City Vineyard (Pier 26),2026,toutes,0.2,0.4,-52939.44159815505,965110.7203226001,1008189.5258499639,133,128
City Vineyard (Pier 26),2026,toutes,0.2,0.5,-52922.73796808855,964216.64370425,1008700.2823124549,133,128
City Vineyard (Pier 26),2026,toutes,0.2,0.6,-52906.034338022044,962288.1416259,1009211.038774946,133,128
City Vineyard (Pier 26),2026,toutes,0.2,0.7,-52889.330707955545,959538.5655295,1009721.795237437,133,128
City Vineyard (Pier 26),2026,toutes,0.2,0.8,-52872.62707788905,955810.3779512,1010232.551699928,133,128
City Vineyard (Pier 26),2026,toutes,0.2,0.9,-52879.59327661856,951842.3611274,1010743.308162419,133,128
City Vineyard (Pier 26),2026,toutes,0.2,1.0,-52896.54202943605,947124.8705655,1011254.06462491,133,128
City Vineyard (Pier 26),2026,toutes,0.3,0.1,-52973.91345334254,964869.5787914,1008224.697953641,133,128
City Vineyard (Pier 26),2026,toutes,0.3,0.2,-52941.57078826404,968201.1109802,1010302.8959072819,133,128
City Vineyard (Pier 26),2026,toutes,0.3,0.3,-52909.228123185545,970225.6324431,1012381.0938609231,133,128
City Vineyard (Pier 26),2026,toutes,0.3,0.4,-52876.88545810705,971869.8592698,1014459.291814564,133,128
City Vineyard (Pier 26),2026,toutes,0.3,0.5,-52844.54279302855,972292.5257710001,1016537.4897682051,133,128
City Vineyard (Pier 26),2026,toutes,0.3,0.6,-52812.20012795004,971863.0541655,1018615.6877218459,133,128
City Vineyard (Pier 26),2026,toutes,0.3,0.7,-52779.85746287154,970701.2648185999,1020693.885675487,133,128
City Vineyard (Pier 26),2026,toutes,0.3,0.8,-52747.51479779305,969378.3784784,1022772.0836291279,133,128
City Vineyard (Pier 26),2026,toutes,0.3,0.9,-52738.841961510545,967277.32926845,1024850.281582769,133,128
City Vineyard (Pier 26),2026,toutes,0.3,1.0,-52740.15167931604,963690.6017285,1026928.4795364101,133,128
City Vineyard (Pier 26),2026,toutes,0.4,0.1,-53010.48577441055,961444.4001223,1005207.525522583,133,128
City Vineyard (Pier 26),2026,toutes,0.4,0.2,-53014.71543040005,961369.5570413,1004268.551045166,133,128
City Vineyard (Pier 26),2026,toutes,0.4,0.3,-53018.94508638954,960844.87318565,1003329.576567749,133,128
City Vineyard (Pier 26),2026,toutes,0.4,0.4,-53023.174742379044,959555.5787928,1002390.6020903321,133,128
City Vineyard (Pier 26),2026,toutes,0.4,0.5,-53027.40439836855,956211.29128125,1001451.627612915,133,128
City Vineyard (Pier 26),2026,toutes,0.4,0.6,-53031.63405435805,953250.7580981,1000512.653135498,133,128
City Vineyard (Pier 26),2026,toutes,0.4,0.7,-53035.86371034755,950306.7169028,999573.6786580811,133,128
City Vineyard (Pier 26),2026,toutes,0.4,0.8,-53040.093366337045,946886.0621704,998634.704180664,133,128
City Vineyard (Pier 26),2026,toutes,0.4,0.9,-53067.992851122544,942783.28904235,997695.7297032471,133,128
City Vineyard (Pier 26),2026,toutes,0.4,1.0,-53105.87488999604,938004.353747,996756.7552258301,133,128
City Vineyard (Pier 26),2026,toutes,0.5,0.1,-52985.62351292904,964352.47113,1007625.1405939021,133,128
City Vineyard (Pier 26),2026,toutes,0.5,0.2,-52964.990907437044,967570.6057196,1009103.781187804,133,128
City Vineyard (Pier 26),2026,toutes,0.5,0.3,-52944.358301945045,970595.3111970001,1010582.4217817059,133,128
City Vineyard (Pier 26),2026,toutes,0.5,0.4,-52923.72569645304,972800.3563456,1012061.062375608,133,128
City Vineyard (Pier 26),2026,toutes,0.5,0.5,-52903.09309096104,973996.077673,1013539.70296951,133,128
City Vineyard (Pier 26),2026,toutes,0.5,0.6,-52882.46048546904,973858.6058035999,1015018.3435634121,133,128
City Vineyard (Pier 26),2026,toutes,0.5,0.7,-52861.82787997705,973256.5786232,1016496.9841573141,133,128
City Vineyard (Pier 26),2026,toutes,0.5,0.8,-52841.19527448504,973121.6152672,1017975.624751216,133,128
City Vineyard (Pier 26),2026,toutes,0.5,0.9,-52844.232497789046,972258.6045844001,1019454.265345118,133,128
City Vineyard (Pier 26),2026,toutes,0.5,1.0,-52857.25227518104,970056.126176,1020932.90593902,133,128
City Vineyard (Pier 26),2026,toutes,0.6,0.1,-52962.736782271044,966124.7420318,1009906.902689714,133,128
City Vineyard (Pier 26),2026,toutes,0.6,0.2,-52919.217446121045,969759.8984028,1013667.3053794281,133,128
City Vineyard (Pier 26),2026,toutes,0.6,0.3,-52875.69810997105,975309.3821672,1017427.7080691421,133,128
City Vineyard (Pier 26),2026,toutes,0.6,0.4,-52832.17877382104,979930.43898,1021188.110758856,133,128
City Vineyard (Pier 26),2026,toutes,0.6,0.5,-52788.659437671035,982734.9909689999,1024948.51344857,133,128
City Vineyard (Pier 26),2026,toutes,0.6,0.6,-52745.140101521036,985826.2577932001,1028708.916138284,133,128
City Vineyard (Pier 26),2026,toutes,0.6,0.7,-52701.620765371044,989012.3003724,1032469.318827998,133,128
City Vineyard (Pier 26),2026,toutes,0.6,0.8,-52658.101429221046,991321.4177104,1036229.721517712,133,128
City Vineyard (Pier 26),2026,toutes,0.6,0.9,-52638.25192186704,993747.9558122,1039990.124207426,133,128
City Vineyard (Pier 26),2026,toutes,0.6,1.0,-52628.38496860104,996317.832628,1043750.5268971401,133,128
Bar 13,2025,aucune,0.0,0.0,-26735.377175496684,495978.7,516756.33475,151,71
Bar 13,2025,grosses,0.0,0.1,-26738.235471771182,496464.28100682003,516834.144216682,151,71
Bar 13,2025,grosses,0.0,0.2,-26741.09376804568,496905.51844729,516911.953683364,151,71
Bar 13,2025,grosses,0.0,0.3,-26743.952064320176,496702.687833075,516989.763150046,151,71
Bar 13,2025,grosses,0.0,0.4,-26746.81036059468,496948.3343891,517067.57261672796,151,71
Bar 13,2025,grosses,0.0,0.5,-26749.66865686918,497103.49340977496,517145.38208341,151,71
Bar 13,2025,grosses,0.0,0.6,-26752.526953143682,496453.66383942,517223.19155009196,151,71
Bar 13,2025,grosses,0.0,0.7,-26755.38524941818,495623.38561327005,517301.0010167739,151,71
Bar 13,2025,grosses,0.0,0.8,-26758.243545692683,494785.59357272,517378.810483456,151,71
Bar 13,2025,grosses,0.0,0.9,-26761.101841967182,493916.07926654996,517456.619950138,151,71
Bar 13,2025,grosses,0.0,1.0,-26763.96013824168,492560.91419675003,517534.42941682006,151,71
Bar 13,2025,grosses,0.2,0.1,-26737.506595275932,496460.29184356,516788.17191237665,151,71
Bar 13,2025,grosses,0.2,0.2,-26739.636015055185,496694.92398140003,516820.00907475315,151,71
Bar 13,2025,grosses,0.2,0.3,-26741.765434834437,496916.82377218996,516851.8462371298,151,71
Bar 13,2025,grosses,0.2,0.4,-26743.894854613685,497267.13173892,516883.6833995063,151,71
Bar 13,2025,grosses,0.2,0.5,-26746.024274392934,497156.702219025,516915.520561883,151,71
Bar 13,2025,grosses,0.2,0.6,-26748.153694172182,497386.95238776,516947.35772425955,151,71
Bar 13,2025,grosses,0.2,0.7,-26750.283113951435,496994.53842821997,516979.1948866363,151,71
Bar 13,2025,grosses,0.2,0.8,-26752.412533730687,496387.44104108,517011.0320490128,151,71
Bar 13,2025,grosses,0.2,0.9,-26754.541953509935,495926.67352229,517042.86921138945,151,71
Bar 13,2025,grosses,0.2,1.0,-26756.671373289184,494873.66210705,517074.706373766,151,71
Bar 13,2025,grosses,0.3,0.1,-26730.08681146993,496713.26289146,517196.2878573566,151,71
Bar 13,2025,grosses,0.3,0.2,-26724.79644744318,497268.822222,517636.2409647132,151,71
Bar 13,2025,grosses,0.3,0.3,-26719.506083416432,497866.38275132,518076.19407206983,151,71
Bar 13,2025,grosses,0.3,0.4,-26714.215719389686,498964.43134412,518516.14717942645,151,71
Bar 13,2025,grosses,0.3,0.5,-26708.92535536293,499404.079753575,518956.10028678295,151,71
Bar 13,2025,grosses,0.3,0.6,-26703.63499133618,499813.69223867,519396.05339413957,151,71
Bar 13,2025,grosses,0.3,0.7,-26698.34462730943,500089.221721995,519836.0065014962,151,71
Bar 13,2025,grosses,0.3,0.8,-26693.054263282684,499990.58492904,520275.9596088528,151,71
Bar 13,2025,grosses,0.3,0.9,-26687.76389925593,500107.96257942,520715.9127162094,151,71
Bar 13,2025,grosses,0.3,1.0,-26682.473535229183,499783.20930175,521155.86582356604,151,71
Bar 13,2025,grosses,0.4,0.1,-26721.83583235948,497004.199476195,517580.1962030757,151,71
Bar 13,2025,grosses,0.4,0.2,-26708.294489222284,498132.10006125004,518404.0576561514,151,71
Bar 13,2025,grosses,0.4,0.3,-26694.753146085084,498915.34033084003,519227.91910922714,151,71
Bar 13,2025,grosses,0.4,0.4,-26681.211802947888,499873.25096842,520051.7805623028,151,71
Bar 13,2025,grosses,0.4,0.5,-26667.67045981068,500784.58067245,520875.64201537846,151,71
Bar 13,2025,grosses,0.4,0.6,-26654.129116673485,501863.8197691,521699.5034684542,151,71
Bar 13,2025,grosses,0.4,0.7,-26640.587773536285,502729.715597445,522523.3649215299,151,71
Bar 13,2025,grosses,0.4,0.8,-26627.04643039908,502932.56829364004,523347.22637460567,151,71
Bar 13,2025,grosses,0.4,0.9,-26613.505087261885,503730.42563951,524171.08782768133,151,71
Bar 13,2025,grosses,0.4,1.0,-26599.96374412468,503829.40335575,524994.9492807571,151,71
Bar 13,2025,grosses,0.5,0.1,-26708.80430522318,497618.78105384,518175.1930570887,151,71
Bar 13,2025,grosses,0.5,0.2,-26682.231434949685,499302.98386422003,519594.0513641774,151,71
Bar 13,2025,grosses,0.5,0.3,-26655.65856467618,500726.89843657997,521012.9096712661,151,71
Bar 13,2025,grosses,0.5,0.4,-26629.085694402682,502412.28390738,522431.7679783548,151,71
Bar 13,2025,grosses,0.5,0.5,-26602.512824129182,503820.325040775,523850.6262854435,151,71
Bar 13,2025,grosses,0.5,0.6,-26575.939953855683,505265.13167824,525269.4845925322,151,71
Bar 13,2025,grosses,0.5,0.7,-26549.367083582183,506986.38161878,526688.3428996209,151,71
Bar 13,2025,grosses,0.5,0.8,-26522.794213308684,508635.97686460003,528107.2012067096,151,71
Bar 13,2025,grosses,0.5,0.9,-26496.221343035184,509923.814308715,529526.0595137983,151,71
Bar 13,2025,grosses,0.5,1.0,-26469.648472761684,511053.5320716,530944.9178208869,151,71
Bar 13,2025,grosses,0.6,0.1,-26714.041015519084,496898.46106596,517842.1213892144,151,71
Bar 13,2025,grosses,0.6,0.2,-26692.704855541484,498296.21448635997,518927.9080284288,151,71
Bar 13,2025,grosses,0.6,0.3,-26671.368695563884,499415.56508642,520013.69466764317,151,71
Bar 13,2025,grosses,0.6,0.4,-26650.032535586288,500508.59854688,521099.4813068576,151,71
Bar 13,2025,grosses,0.6,0.5,-26628.696375608684,501609.0967362,522185.267946072,151,71
Bar 13,2025,grosses,0.6,0.6,-26607.360215631084,502630.15777216,523271.05458528636,151,71
Bar 13,2025,grosses,0.6,0.7,-26586.02405565348,503417.69259285997,524356.8412245008,151,71
Bar 13,2025,grosses,0.6,0.8,-26564.68789567588,504648.36088111997,525442.6278637152,151,71
Bar 13,2025,grosses,0.6,0.9,-26543.35173569828,505593.65718066,526528.4145029295,151,71
Bar 13,2025,grosses,0.6,1.0,-26522.01557572068,506569.6681448,527614.2011421439,151,71
Bar 13,2025,toutes,0.0,0.1,-26738.235471771182,496462.14711765,516788.3568719256,151,71
Bar 13,2025,toutes,0.0,0.2,-26741.09376804568,496809.68952642754,516820.3789938513,151,71
Bar 13,2025,toutes,0.0,0.3,-26743.952064320176,496413.6269897275,516852.4011157769,151,71
Bar 13,2025,toutes,0.0,0.4,-26746.81036059468,496255.3507665,516884.42323770246,151,71
Bar 13,2025,toutes,0.0,0.5,-26749.66865686918,495974.14105923125,516916.4453596281,151,71
Bar 13,2025,toutes,0.0,0.6,-26752.526953143682,495383.173077055,516948.46748155373,151,71
Bar 13,2025,toutes,0.0,0.7,-26755.38524941818,494188.0202168475,516980.4896034794,151,71
Bar 13,2025,toutes,0.0,0.8,-26758.243545692683,492888.40450838,517012.511725405,151,71
Bar 13,2025,toutes,0.0,0.9,-26761.101841967182,491457.2576018738,517044.5338473306,151,71
Bar 13,2025,toutes,0.0,1.0,-26763.96013824168,489399.932323525,517076.55596925627,151,71
Bar 13,2025,toutes,0.2,0.1,-26737.506595275932,496670.17636811873,516695.6276091538,151,71
Bar 13,2025,toutes,0.2,0.2,-26739.636015055185,497120.6748335475,516634.9204683076,151,71
Bar 13,2025,toutes,0.2,0.3,-26741.765434834437,497410.37242043746,516574.21332746145,151,71
Bar 13,2025,toutes,0.2,0.4,-26743.894854613685,497678.022627425,516513.5061866152,151,71
Bar 13,2025,toutes,0.2,0.5,-26746.024274392934,497879.2546394875,516452.799045769,151,71
Bar 13,2025,toutes,0.2,0.6,-26748.153694172182,497459.5741552375,516392.09190492285,151,71
Bar 13,2025,toutes,0.2,0.7,-26750.283113951435,496916.39569635625,516331.3847640766,151,71
Bar 13,2025,toutes,0.2,0.8,-26752.412533730687,496138.68077945,516270.6776232304,151,71
Bar 13,2025,toutes,0.2,0.9,-26754.541953509935,495289.9906426,516209.9704823842,151,71
Bar 13,2025,toutes,0.2,1.0,-26756.671373289184,494314.66049544996,516149.263341538,151,71
Bar 13,2025,toutes,0.3,0.1,-26730.08681146993,497308.1789008088,517450.04121678154,151,71
Bar 13,2025,toutes,0.3,0.2,-26724.79644744318,498401.2034385025,518143.7476835631,151,71
Bar 13,2025,toutes,0.3,0.3,-26719.506083416432,499485.1809235587,518837.4541503446,151,71
Bar 13,2025,toutes,0.3,0.4,-26714.215719389686,500373.90882133,519531.16061712615,151,71
Bar 13,2025,toutes,0.3,0.5,-26708.92535536293,501216.32381845004,520224.8670839077,151,71
Bar 13,2025,toutes,0.3,0.6,-26703.63499133618,501770.2398734725,520918.57355068927,151,71
Bar 13,2025,toutes,0.3,0.7,-26698.34462730943,501865.5012770425,521612.2800174708,151,71
Bar 13,2025,toutes,0.3,0.8,-26693.054263282684,502047.26875267,522305.98648425244,151,71
Bar 13,2025,toutes,0.3,0.9,-26687.76389925593,501844.58190311375,522999.69295103394,151,71
Bar 13,2025,toutes,0.3,1.0,-26682.473535229183,501164.256608725,523693.39941781544,151,71
Bar 13,2025,toutes,0.4,0.1,-26721.83583235948,497933.1009164425,518243.937641485,151,71
Bar 13,2025,toutes,0.4,0.2,-26708.294489222284,499504.646455015,519731.5405329701,151,71
Bar 13,2025,toutes,0.4,0.3,-26694.753146085084,500954.55338378623,521219.1434244552,151,71
Bar 13,2025,toutes,0.4,0.4,-26681.211802947888,502585.665314865,522706.7463159403,151,71
Bar 13,2025,toutes,0.4,0.5,-26667.67045981068,504333.96088541875,524194.3492074254,151,71
Bar 13,2025,toutes,0.4,0.6,-26654.129116673485,505886.684229185,525681.9520989103,151,71
Bar 13,2025,toutes,0.4,0.7,-26640.587773536285,507002.46535146004,527169.5549903954,151,71
Bar 13,2025,toutes,0.4,0.8,-26627.04643039908,507727.54063316,528657.1578818805,151,71
Bar 13,2025,toutes,0.4,0.9,-26613.505087261885,508593.57170138875,530144.7607733655,151,71
Bar 13,2025,toutes,0.4,1.0,-26599.96374412468,509143.0443815875,531632.3636648506,151,71
Bar 13,2025,toutes,0.5,0.1,-26708.80430522318,498903.15029544,519220.2247282467,151,71
Bar 13,2025,toutes,0.5,0.2,-26682.231434949685,501728.834922785,521684.1147064933,151,71
Bar 13,2025,toutes,0.5,0.3,-26655.65856467618,504245.12052234623,524148.0046847399,151,71
Bar 13,2025,toutes,0.5,0.4,-26629.085694402682,506791.04933997,526611.8946629865,151,71
Bar 13,2025,toutes,0.5,0.5,-26602.512824129182,509723.17544621247,529075.7846412332,151,71
Bar 13,2025,toutes,0.5,0.6,-26575.939953855683,512300.73529128754,531539.6746194798,151,71
Bar 13,2025,toutes,0.5,0.7,-26549.367083582183,514963.97348708124,534003.5645977265,151,71
Bar 13,2025,toutes,0.5,0.8,-26522.794213308684,517327.46328649,536467.4545759731,151,71
Bar 13,2025,toutes,0.5,0.9,-26496.221343035184,519539.432381915,538931.3445542197,151,71
Bar 13,2025,toutes,0.5,1.0,-26469.648472761684,521675.66677114996,541395.2345324664,151,71
Bar 13,2025,toutes,0.6,0.1,-26714.041015519084,497879.40542004496,518770.76397896814,151,71
Bar 13,2025,toutes,0.6,0.2,-26692.704855541484,499988.15989919,520785.1932079363,151,71
Bar 13,2025,toutes,0.6,0.3,-26671.368695563884,502051.28101853497,522799.6224369044,151,71
Bar 13,2025,toutes,0.6,0.4,-26650.032535586288,504025.93497478,524814.0516658726,151,71
Bar 13,2025,toutes,0.6,0.5,-26628.696375608684,505922.2781516,526828.4808948407,151,71
Bar 13,2025,toutes,0.6,0.6,-26607.360215631084,507783.80721119,528842.9101238089,151,71
Bar 13,2025,toutes,0.6,0.7,-26586.02405565348,509643.60801511,530857.339352777,151,71
Bar 13,2025,toutes,0.6,0.8,-26564.68789567588,511529.72512644,532871.7685817451,151,71
Bar 13,2025,toutes,0.6,0.9,-26543.35173569828,513256.62790664,534886.1978107133,151,71
Bar 13,2025,toutes,0.6,1.0,-26522.01557572068,515342.01565045,536900.6270396814,151,71
Bar 13,2026,aucune,0.0,0.0,-22062.171740131573,416925.0,441217.46375,133,128
Bar 13,2026,grosses,0.0,0.1,-22015.508713988576,419039.96502934,442675.7999828218,133,128
Bar 13,2026,grosses,0.0,0.2,-21968.845687845576,420985.59845505,444134.1362156436,133,128
Bar 13,2026,grosses,0.0,0.3,-21922.182661702573,421839.01612156996,445592.4724484654,133,128
Bar 13,2026,grosses,0.0,0.4,-21875.519635559576,423063.28339882,447050.80868128716,133,128
Bar 13,2026,grosses,0.0,0.5,-21828.856609416573,423211.9919838,448509.14491410897,133,128
Bar 13,2026,grosses,0.0,0.6,-21782.19358327358,422453.56956086,449967.48114693083,133,128
Bar 13,2026,grosses,0.0,0.7,-21735.530557130576,421594.775836145,451425.8173797526,133,128
Bar 13,2026,grosses,0.0,0.8,-21688.867530987576,421137.43591764005,452884.1536125744,133,128
Bar 13,2026,grosses,0.0,0.9,-21654.015541753575,420078.11749312497,454342.48984539614,133,128
Bar 13,2026,grosses,0.0,1.0,-21622.10916483558,418659.1879535,455800.826078218,133,128
Bar 13,2026,grosses,0.2,0.1,-22050.301189273025,417994.36064988497,441416.8250709987,133,128
Bar 13,2026,grosses,0.2,0.2,-22038.43063841448,417987.87760425004,441616.1863919974,133,128
Bar 13,2026,grosses,0.2,0.3,-22026.560087555925,418006.207944385,441815.54771299614,133,128
Bar 13,2026,grosses,0.2,0.4,-22014.689536697377,418084.30574724,442014.9090339948,133,128
Bar 13,2026,grosses,0.2,0.5,-22002.818985838825,417278.45033505,442214.27035499347,133,128
Bar 13,2026,grosses,0.2,0.6,-21990.948434980273,416253.26679431,442413.6316759923,133,128
Bar 13,2026,grosses,0.2,0.7,-21979.07788412173,414954.86843302,442612.9929969909,133,128
Bar 13,2026,grosses,0.2,0.8,-21967.20733326318,413576.12638316,442812.3543179896,133,128
Bar 13,2026,grosses,0.2,0.9,-21967.147819313624,411772.747431375,443011.71563898824,133,128
Bar 13,2026,grosses,0.2,1.0,-21970.033917680077,410134.62926175,443211.076959987,133,128
Bar 13,2026,grosses,0.3,0.1,-22043.054143659625,418165.53433332004,441813.8644612285,133,128
Bar 13,2026,grosses,0.3,0.2,-22023.936547187674,418614.36313774,442410.265172457,133,128
Bar 13,2026,grosses,0.3,0.3,-22004.81895071573,419673.319715955,443006.66588368546,133,128
Bar 13,2026,grosses,0.3,0.4,-21985.701354243778,420040.4581996,443603.06659491395,133,128
Bar 13,2026,grosses,0.3,0.5,-21966.583757771823,419455.4417765,444199.4673061425,133,128
Bar 13,2026,grosses,0.3,0.6,-21947.466161299875,418702.08981966,444795.868017371,133,128
Bar 13,2026,grosses,0.3,0.7,-21928.348564827927,417710.587962825,445392.2687285994,133,128
Bar 13,2026,grosses,0.3,0.8,-21909.230968355976,416762.78793288,445988.669439828,133,128
Bar 13,2026,grosses,0.3,0.9,-21901.924408793024,415532.14397624,446585.07015105645,133,128
Bar 13,2026,grosses,0.3,1.0,-21897.563461546077,414379.33431655,447181.470862285,133,128
Bar 13,2026,grosses,0.4,0.1,-22066.99593903863,417217.25559441,441005.8877375251,133,128
Bar 13,2026,grosses,0.4,0.2,-22071.820137945677,417327.88596795005,440794.3117250502,133,128
Bar 13,2026,grosses,0.4,0.3,-22076.644336852725,417113.87639589503,440582.7357125753,133,128
Bar 13,2026,grosses,0.4,0.4,-22081.468535759777,416457.20392596,440371.1597001004,133,128
Bar 13,2026,grosses,0.4,0.5,-22086.292734666826,415570.8165484,440159.58368762553,133,128
Bar 13,2026,grosses,0.4,0.6,-22091.116933573874,415008.64466531004,439948.00767515064,133,128
Bar 13,2026,grosses,0.4,0.7,-22095.941132480926,413841.63689638,439736.43166267575,133,128
Bar 13,2026,grosses,0.4,0.8,-22100.765331387975,412412.6107962,439524.8556502008,133,128
Bar 13,2026,grosses,0.4,0.9,-22117.400567204026,410450.58837963,439313.2796377259,133,128
Bar 13,2026,grosses,0.4,1.0,-22136.981415336075,408265.2302565,439101.703625251,133,128
Bar 13,2026,grosses,0.5,0.1,-22052.95301868018,418302.82613502,441636.8009433336,133,128
Bar 13,2026,grosses,0.5,0.2,-22043.734297228777,419113.659,442056.1381366672,133,128
Bar 13,2026,grosses,0.5,0.3,-22034.515575777375,419428.59111454,442475.47533000074,133,128
Bar 13,2026,grosses,0.5,0.4,-22025.296854325974,420063.83941944,442894.8125233344,133,128
Bar 13,2026,grosses,0.5,0.5,-22016.078132874576,420184.0248282,443314.149716668,133,128
Bar 13,2026,grosses,0.5,0.6,-22006.85941142318,420719.10479476,443733.4869100016,133,128
Bar 13,2026,grosses,0.5,0.7,-21997.640689971773,420378.62568523997,444152.8241033352,133,128
Bar 13,2026,grosses,0.5,0.8,-21988.42196852037,420149.70112304,444572.16129666875,133,128
Bar 13,2026,grosses,0.5,0.9,-21991.014283977973,419439.0380778,444991.4984900024,133,128
Bar 13,2026,grosses,0.5,1.0,-21996.552211751572,418400.648347,445410.835683336,133,128
Bar 13,2026,grosses,0.6,0.1,-22036.638185902775,418069.41154262,442226.4876240738,133,128
Bar 13,2026,grosses,0.6,0.2,-22011.104631673974,419959.85448292,443235.5114981476,133,128
Bar 13,2026,grosses,0.6,0.3,-21985.571077445176,421457.40993448,444244.53537222143,133,128
Bar 13,2026,grosses,0.6,0.4,-21960.037523216375,422207.845022,445253.5592462952,133,128
Bar 13,2026,grosses,0.6,0.5,-21934.503968987578,423176.5051666,446262.58312036894,133,128
Bar 13,2026,grosses,0.6,0.6,-21908.970414758773,424242.97312628,447271.60699444276,133,128
Bar 13,2026,grosses,0.6,0.7,-21883.436860529975,425035.6096014,448280.63086851663,133,128
Bar 13,2026,grosses,0.6,0.8,-21857.903306301178,425639.89423535997,449289.65474259044,133,128
Bar 13,2026,grosses,0.6,0.9,-21844.180788981375,426227.51423063996,450298.6786166642,133,128
Bar 13,2026,grosses,0.6,1.0,-21833.40388397758,426609.4934854,451307.70249073795,133,128
Bar 13,2026,toutes,0.0,0.1,-22015.508713988576,420802.9342985325,443811.329713439,133,128
Bar 13,2026,toutes,0.0,0.2,-21968.845687845576,424238.08923577,446405.19567687804,133,128
Bar 13,2026,toutes,0.0,0.3,-21922.182661702573,426394.29611996876,448999.061640317,133,128
Bar 13,2026,toutes,0.0,0.4,-21875.519635559576,427906.30223234004,451592.9276037561,133,128
Bar 13,2026,toutes,0.0,0.5,-21828.856609416573,428668.8716443375,454186.79356719507,133,128
Bar 13,2026,toutes,0.0,0.6,-21782.19358327358,428862.7020064675,456780.65953063406,133,128
Bar 13,2026,toutes,0.0,0.7,-21735.530557130576,429348.03972637875,459374.52549407305,133,128
Bar 13,2026,toutes,0.0,0.8,-21688.867530987576,428462.87832818,461968.3914575121,133,128
Bar 13,2026,toutes,0.0,0.9,-21654.015541753575,427600.62756276375,464562.25742095115,133,128
Bar 13,2026,toutes,0.0,1.0,-21622.10916483558,426775.76423998753,467156.12338439014,133,128
Bar 13,2026,toutes,0.2,0.1,-22050.301189273025,417742.57612585626,441481.2220655427,133,128
Bar 13,2026,toutes,0.2,0.2,-22038.43063841448,418335.85037833004,441744.9803810855,133,128
Bar 13,2026,toutes,0.2,0.3,-22026.560087555925,418984.764841985,442008.7386966282,133,128
Bar 13,2026,toutes,0.2,0.4,-22014.689536697377,418891.90919971,442272.4970121709,133,128
Bar 13,2026,toutes,0.2,0.5,-22002.818985838825,418461.34293471253,442536.2553277136,133,128
Bar 13,2026,toutes,0.2,0.6,-21990.948434980273,417343.0098516025,442800.0136432564,133,128
Bar 13,2026,toutes,0.2,0.7,-21979.07788412173,415759.01970018,443063.77195879904,133,128
Bar 13,2026,toutes,0.2,0.8,-21967.20733326318,414364.21264860005,443327.5302743418,133,128
Bar 13,2026,toutes,0.2,0.9,-21967.147819313624,412717.9808098775,443591.2885898845,133,128
Bar 13,2026,toutes,0.2,1.0,-21970.033917680077,410908.596817725,443855.04690542724,133,128
Bar 13,2026,toutes,0.3,0.1,-22043.054143659625,418465.2576035525,442253.1280929948,133,128
Bar 13,2026,toutes,0.3,0.2,-22023.936547187674,420285.4590111625,443288.7924359896,133,128
Bar 13,2026,toutes,0.3,0.3,-22004.81895071573,421402.2712519575,444324.45677898446,133,128
Bar 13,2026,toutes,0.3,0.4,-21985.701354243778,422222.22792637,445360.1211219794,133,128
Bar 13,2026,toutes,0.3,0.5,-21966.583757771823,422533.036080075,446395.7854649741,133,128
Bar 13,2026,toutes,0.3,0.6,-21947.466161299875,422212.50265555497,447431.449807969,133,128
Bar 13,2026,toutes,0.3,0.7,-21928.348564827927,421466.5181101488,448467.1141509638,133,128
Bar 13,2026,toutes,0.3,0.8,-21909.230968355976,420990.02878653,449502.7784939586,133,128
Bar 13,2026,toutes,0.3,0.9,-21901.924408793024,419993.63646981,450538.4428369534,133,128
Bar 13,2026,toutes,0.3,1.0,-21897.563461546077,418891.56253555,451574.10717994825,133,128
Bar 13,2026,toutes,0.4,0.1,-22066.99593903863,416991.05500660127,440767.79729374096,133,128
Bar 13,2026,toutes,0.4,0.2,-22071.820137945677,417336.9320863925,440318.1308374819,133,128
Bar 13,2026,toutes,0.4,0.3,-22076.644336852725,416898.20550546626,439868.46438122285,133,128
Bar 13,2026,toutes,0.4,0.4,-22081.468535759777,416002.528111895,439418.7979249637,133,128
Bar 13,2026,toutes,0.4,0.5,-22086.292734666826,414750.3896460937,438969.13146870467,133,128
Bar 13,2026,toutes,0.4,0.6,-22091.116933573874,413642.747783095,438519.4650124456,133,128
Bar 13,2026,toutes,0.4,0.7,-22095.941132480926,411767.4045095625,438069.79855618643,133,128
Bar 13,2026,toutes,0.4,0.8,-22100.765331387975,409417.81667127,437620.13209992734,133,128
Bar 13,2026,toutes,0.4,0.9,-22117.400567204026,407249.94865868625,437170.4656436683,133,128
Bar 13,2026,toutes,0.4,1.0,-22136.981415336075,405296.853266075,436720.7991874092,133,128
Bar 13,2026,toutes,0.5,0.1,-22052.95301868018,418222.44920958,441973.04529385315,133,128
Bar 13,2026,toutes,0.5,0.2,-22043.734297228777,419911.41971774003,442728.6268377063,133,128
Bar 13,2026,toutes,0.5,0.3,-22034.515575777375,420878.370257035,443484.20838155947,133,128
Bar 13,2026,toutes,0.5,0.4,-22025.296854325974,421933.20480056,444239.7899254127,133,128
Bar 13,2026,toutes,0.5,0.5,-22016.078132874576,422707.99900615,444995.3714692658,133,128
Bar 13,2026,toutes,0.5,0.6,-22006.85941142318,423345.76726547995,445750.95301311894,133,128
Bar 13,2026,toutes,0.5,0.7,-21997.640689971773,423388.07396897004,446506.53455697204,133,128
Bar 13,2026,toutes,0.5,0.8,-21988.42196852037,423314.16387620004,447262.1161008252,133,128
Bar 13,2026,toutes,0.5,0.9,-21991.014283977973,422469.31973527,448017.69764467835,133,128
Bar 13,2026,toutes,0.5,1.0,-21996.552211751572,421660.93702665,448773.2791885315,133,128
Bar 13,2026,toutes,0.6,0.1,-22036.638185902775,419345.75711325504,443120.6406780863,133,128
Bar 13,2026,toutes,0.6,0.2,-22011.104631673974,421640.34251441003,445023.81760617276,133,128
Bar 13,2026,toutes,0.6,0.3,-21985.571077445176,423945.898135995,446926.9945342591,133,128
Bar 13,2026,toutes,0.6,0.4,-21960.037523216375,426000.19684848,448830.1714623454,133,128
Bar 13,2026,toutes,0.6,0.5,-21934.503968987578,428122.673780625,450733.3483904318,133,128
Bar 13,2026,toutes,0.6,0.6,-21908.970414758773,430121.75699524005,452636.5253185181,133,128
Bar 13,2026,toutes,0.6,0.7,-21883.436860529975,431767.25103125,454539.7022466044,133,128
Bar 13,2026,toutes,0.6,0.8,-21857.903306301178,433104.44585016,456442.87917469087,133,128
Bar 13,2026,toutes,0.6,0.9,-21844.180788981375,434307.76225216,458346.0561027772,133,128
Bar 13,2026,toutes,0.6,1.0,-21833.40388397758,435163.55007134995,460249.2330308635,133,128
Watermark (Pier 15),2025,aucune,0.0,0.0,-240523.4280318709,4515260.0,4688821.22,151,71
Watermark (Pier 15),2025,grosses,0.0,0.1,-240526.0749853759,4522284.990541625,4689385.2674437715,151,71
Watermark (Pier 15),2025,grosses,0.0,0.2,-240528.72193888092,4528196.170646,4689949.314887545,151,71
Watermark (Pier 15),2025,grosses,0.0,0.3,-240531.3688923859,4528671.210172063,4690513.362331316,151,71
Watermark (Pier 15),2025,grosses,0.0,0.4,-240534.01584589094,4530484.9009219995,4691077.409775088,151,71
Watermark (Pier 15),2025,grosses,0.0,0.5,-240536.6627993959,4532038.3586075,4691641.457218858,151,71
Watermark (Pier 15),2025,grosses,0.0,0.6,-240539.3097529009,4526843.113464125,4692205.504662631,151,71
Watermark (Pier 15),2025,grosses,0.0,0.7,-240541.95670640588,4521915.4777913755,4692769.552106404,151,71
Watermark (Pier 15),2025,grosses,0.0,0.8,-240544.6036599109,4514409.621023,4693333.599550175,151,71
Watermark (Pier 15),2025,grosses,0.0,0.9,-240547.2506134159,4506699.749763874,4693897.646993946,151,71
Watermark (Pier 15),2025,grosses,0.0,1.0,-240549.89756692093,4496495.4472831255,4694461.694437719,151,71
Watermark (Pier 15),2025,grosses,0.2,0.1,-240560.0480473834,4520743.761057688,4689125.832512985,151,71
Watermark (Pier 15),2025,grosses,0.2,0.2,-240596.6680628959,4527440.95148375,4689430.445025972,151,71
Watermark (Pier 15),2025,grosses,0.2,0.3,-240633.28807840843,4530273.703557125,4689735.057538958,151,71
Watermark (Pier 15),2025,grosses,0.2,0.4,-240669.90809392088,4531831.029167,4690039.670051945,151,71
Watermark (Pier 15),2025,grosses,0.2,0.5,-240706.52810943342,4533848.602005312,4690344.282564932,151,71
Watermark (Pier 15),2025,grosses,0.2,0.6,-240743.14812494593,4530374.3793526245,4690648.895077917,151,71
Watermark (Pier 15),2025,grosses,0.2,0.7,-240779.76814045841,4527089.61245375,4690953.507590903,151,71
Watermark (Pier 15),2025,grosses,0.2,0.8,-240816.38815597093,4524861.831827001,4691258.120103889,151,71
Watermark (Pier 15),2025,grosses,0.2,0.9,-240853.0081714834,4519932.884899813,4691562.732616876,151,71
Watermark (Pier 15),2025,grosses,0.2,1.0,-240889.62818699592,4512247.72642625,4691867.345129862,151,71
Watermark (Pier 15),2025,grosses,0.3,0.1,-240496.04432634343,4524183.51544175,4692357.575520923,151,71
Watermark (Pier 15),2025,grosses,0.3,0.2,-240468.6606208159,4531776.293735375,4695893.931041847,151,71
Watermark (Pier 15),2025,grosses,0.3,0.3,-240441.27691528838,4537455.883973375,4699430.286562771,151,71
Watermark (Pier 15),2025,grosses,0.3,0.4,-240413.8932097609,4545670.0492535,4702966.642083695,151,71
Watermark (Pier 15),2025,grosses,0.3,0.5,-240386.50950423343,4550352.57933125,4706502.997604618,151,71
Watermark (Pier 15),2025,grosses,0.3,0.6,-240359.12579870588,4553886.345288125,4710039.353125542,151,71
Watermark (Pier 15),2025,grosses,0.3,0.7,-240331.74209317839,4553216.671101125,4713575.708646466,151,71
Watermark (Pier 15),2025,grosses,0.3,0.8,-240304.3583876509,4555094.050382,4717112.06416739,151,71
Watermark (Pier 15),2025,grosses,0.3,0.9,-240276.97468212343,4558935.7355405,4720648.419688314,151,71
Watermark (Pier 15),2025,grosses,0.3,1.0,-240249.59097659594,4556464.87973,4724184.775209238,151,71
Watermark (Pier 15),2025,grosses,0.4,0.1,-240421.25677599717,4525464.67777175,4695417.24659106,151,71
Watermark (Pier 15),2025,grosses,0.4,0.2,-240319.08552012342,4538456.076509375,4702013.273182122,151,71
Watermark (Pier 15),2025,grosses,0.4,0.3,-240216.91426424964,4549759.926376999,4708609.299773183,151,71
Watermark (Pier 15),2025,grosses,0.4,0.4,-240114.74300837592,4556347.637517501,4715205.326364244,151,71
Watermark (Pier 15),2025,grosses,0.4,0.5,-240012.57175250218,4564749.65858375,4721801.352955306,151,71
Watermark (Pier 15),2025,grosses,0.4,0.6,-239910.4004966284,4569778.158240875,4728397.379546368,151,71
Watermark (Pier 15),2025,grosses,0.4,0.7,-239808.22924075468,4575581.230357063,4734993.406137428,151,71
Watermark (Pier 15),2025,grosses,0.4,0.8,-239706.05798488093,4577685.141317001,4741589.43272849,151,71
Watermark (Pier 15),2025,grosses,0.4,0.9,-239603.88672900715,4582219.683122938,4748185.4593195515,151,71
Watermark (Pier 15),2025,grosses,0.4,1.0,-239501.71547313337,4584607.8105425,4754781.485910613,151,71
Watermark (Pier 15),2025,grosses,0.5,0.1,-240321.08164893903,4529975.544910062,4699970.273351582,151,71
Watermark (Pier 15),2025,grosses,0.5,0.2,-240118.73526600716,4547373.133577,4711119.326703163,151,71
Watermark (Pier 15),2025,grosses,0.5,0.3,-239916.3888830753,4564243.735071688,4722268.380054744,151,71
Watermark (Pier 15),2025,grosses,0.5,0.4,-239714.0425001434,4577651.0579389995,4733417.433406325,151,71
Watermark (Pier 15),2025,grosses,0.5,0.5,-239511.69611721154,4591401.576546875,4744566.486757906,151,71
Watermark (Pier 15),2025,grosses,0.5,0.6,-239309.34973427968,4603288.719191,4755715.540109487,151,71
Watermark (Pier 15),2025,grosses,0.5,0.7,-239107.00335134778,4614829.718466313,4766864.593461069,151,71
Watermark (Pier 15),2025,grosses,0.5,0.8,-238904.6569684159,4625407.3223795,4778013.64681265,151,71
Watermark (Pier 15),2025,grosses,0.5,0.9,-238702.31058548403,4634812.332370625,4789162.7001642315,151,71
Watermark (Pier 15),2025,grosses,0.5,1.0,-238499.96420255213,4642198.5618725,4800311.753515812,151,71
Watermark (Pier 15),2025,grosses,0.6,0.1,-240373.83517368342,4524015.168086,4697344.838070747,151,71
Watermark (Pier 15),2025,grosses,0.6,0.2,-240224.2423154959,4533360.2218985,4705868.456141495,151,71
Watermark (Pier 15),2025,grosses,0.6,0.3,-240074.6494573084,4542730.15467875,4714392.074212242,151,71
Watermark (Pier 15),2025,grosses,0.6,0.4,-239925.0565991209,4554476.380805001,4722915.69228299,151,71
Watermark (Pier 15),2025,grosses,0.6,0.5,-239775.46374093342,4563226.50963125,4731439.310353737,151,71
Watermark (Pier 15),2025,grosses,0.6,0.6,-239625.87088274592,4570780.496202501,4739962.928424484,151,71
Watermark (Pier 15),2025,grosses,0.6,0.7,-239476.27802455839,4578546.50842325,4748486.546495233,151,71
Watermark (Pier 15),2025,grosses,0.6,0.8,-239326.68516637094,4586184.962276,4757010.1645659795,151,71
Watermark (Pier 15),2025,grosses,0.6,0.9,-239177.09230818343,4594934.41152125,4765533.782636727,151,71
Watermark (Pier 15),2025,grosses,0.6,1.0,-239027.49944999593,4602182.430875,4774057.400707475,151,71
Watermark (Pier 15),2025,toutes,0.0,0.1,-240526.0749853759,4521817.5174399875,4688912.685778526,151,71
Watermark (Pier 15),2025,toutes,0.0,0.2,-240528.72193888092,4528152.311553274,4689004.151557051,151,71
Watermark (Pier 15),2025,toutes,0.0,0.3,-240531.3688923859,4530325.462489175,4689095.617335577,151,71
Watermark (Pier 15),2025,toutes,0.0,0.4,-240534.01584589094,4533385.9087562,4689187.083114103,151,71
Watermark (Pier 15),2025,toutes,0.0,0.5,-240536.6627993959,4529132.498416437,4689278.5488926275,151,71
Watermark (Pier 15),2025,toutes,0.0,0.6,-240539.3097529009,4519954.586808275,4689370.014671154,151,71
Watermark (Pier 15),2025,toutes,0.0,0.7,-240541.95670640588,4512614.601217662,4689461.480449679,151,71
Watermark (Pier 15),2025,toutes,0.0,0.8,-240544.6036599109,4500737.1426209,4689552.946228204,151,71
Watermark (Pier 15),2025,toutes,0.0,0.9,-240547.2506134159,4489064.197296913,4689644.41200673,151,71
Watermark (Pier 15),2025,toutes,0.0,1.0,-240549.89756692093,4470174.56532425,4689735.877785256,151,71
Watermark (Pier 15),2025,toutes,0.2,0.1,-240560.0480473834,4520946.424700075,4688318.59060469,151,71
Watermark (Pier 15),2025,toutes,0.2,0.2,-240596.6680628959,4528051.59790265,4687815.961209379,151,71
Watermark (Pier 15),2025,toutes,0.2,0.3,-240633.28807840843,4532196.733673562,4687313.331814069,151,71
Watermark (Pier 15),2025,toutes,0.2,0.4,-240669.90809392088,4531923.59237375,4686810.70241876,151,71
Watermark (Pier 15),2025,toutes,0.2,0.5,-240706.52810943342,4533049.719220437,4686308.073023451,151,71
Watermark (Pier 15),2025,toutes,0.2,0.6,-240743.14812494593,4528251.324114125,4685805.443628141,151,71
Watermark (Pier 15),2025,toutes,0.2,0.7,-240779.76814045841,4523638.424626512,4685302.81423283,151,71
Watermark (Pier 15),2025,toutes,0.2,0.8,-240816.38815597093,4517302.9478531005,4684800.184837519,151,71
Watermark (Pier 15),2025,toutes,0.2,0.9,-240853.0081714834,4508811.736435513,4684297.55544221,151,71
Watermark (Pier 15),2025,toutes,0.2,1.0,-240889.62818699592,4500593.128720624,4683794.9260468995,151,71
Watermark (Pier 15),2025,toutes,0.3,0.1,-240496.04432634343,4526467.575482075,4694138.9005102925,151,71
Watermark (Pier 15),2025,toutes,0.3,0.2,-240468.6606208159,4538413.25055365,4699456.581020585,151,71
Watermark (Pier 15),2025,toutes,0.3,0.3,-240441.27691528838,4547201.851036288,4704774.261530877,151,71
Watermark (Pier 15),2025,toutes,0.3,0.4,-240413.8932097609,4554888.835032499,4710091.94204117,151,71
Watermark (Pier 15),2025,toutes,0.3,0.5,-240386.50950423343,4561063.028470062,4715409.622551463,151,71
Watermark (Pier 15),2025,toutes,0.3,0.6,-240359.12579870588,4563084.092637651,4720727.303061755,151,71
Watermark (Pier 15),2025,toutes,0.3,0.7,-240331.74209317839,4562033.034749788,4726044.983572047,151,71
Watermark (Pier 15),2025,toutes,0.3,0.8,-240304.3583876509,4561676.519185401,4731362.66408234,151,71
Watermark (Pier 15),2025,toutes,0.3,0.9,-240276.97468212343,4563379.805173474,4736680.344592633,151,71
Watermark (Pier 15),2025,toutes,0.3,1.0,-240249.59097659594,4557927.0475175,4741998.025102925,151,71
Watermark (Pier 15),2025,toutes,0.4,0.1,-240421.25677599717,4531950.823539425,4700189.373041903,151,71
Watermark (Pier 15),2025,toutes,0.4,0.2,-240319.08552012342,4549825.722098075,4711557.526083806,151,71
Watermark (Pier 15),2025,toutes,0.4,0.3,-240216.91426424964,4563653.577549012,4722925.679125709,151,71
Watermark (Pier 15),2025,toutes,0.4,0.4,-240114.74300837592,4577163.09132245,4734293.832167612,151,71
Watermark (Pier 15),2025,toutes,0.4,0.5,-240012.57175250218,4589002.900769563,4745661.985209515,151,71
Watermark (Pier 15),2025,toutes,0.4,0.6,-239910.4004966284,4595047.503906425,4757030.138251418,151,71
Watermark (Pier 15),2025,toutes,0.4,0.7,-239808.22924075468,4603134.79764455,4768398.29129332,151,71
Watermark (Pier 15),2025,toutes,0.4,0.8,-239706.05798488093,4611476.6797046,4779766.444335224,151,71
Watermark (Pier 15),2025,toutes,0.4,0.9,-239603.88672900715,4617235.641344675,4791134.597377127,151,71
Watermark (Pier 15),2025,toutes,0.4,1.0,-239501.71547313337,4618812.327297125,4802502.75041903,151,71
Watermark (Pier 15),2025,toutes,0.5,0.1,-240321.08164893903,4538168.059286525,4707607.595737829,151,71
Watermark (Pier 15),2025,toutes,0.5,0.2,-240118.73526600716,4565087.3449908495,4726393.971475658,151,71
Watermark (Pier 15),2025,toutes,0.5,0.3,-239916.3888830753,4590499.04164805,4745180.347213488,151,71
Watermark (Pier 15),2025,toutes,0.5,0.4,-239714.0425001434,4610957.6989094,4763966.722951316,151,71
Watermark (Pier 15),2025,toutes,0.5,0.5,-239511.69611721154,4631199.514860312,4782753.098689145,151,71
Watermark (Pier 15),2025,toutes,0.5,0.6,-239309.34973427968,4651071.485696601,4801539.474426974,151,71
Watermark (Pier 15),2025,toutes,0.5,0.7,-239107.00335134778,4667945.665859038,4820325.850164803,151,71
Watermark (Pier 15),2025,toutes,0.5,0.8,-238904.6569684159,4685254.6935658995,4839112.225902632,151,71
Watermark (Pier 15),2025,toutes,0.5,0.9,-238702.31058548403,4703369.738861187,4857898.601640461,151,71
Watermark (Pier 15),2025,toutes,0.5,1.0,-238499.96420255213,4718239.56966875,4876684.977378289,151,71
Watermark (Pier 15),2025,toutes,0.6,0.1,-240373.83517368342,4531560.4537745,4704229.76336316,151,71
Watermark (Pier 15),2025,toutes,0.6,0.2,-240224.2423154959,4547860.907549,4719638.306726322,151,71
Watermark (Pier 15),2025,toutes,0.6,0.3,-240074.6494573084,4563445.196188849,4735046.850089481,151,71
Watermark (Pier 15),2025,toutes,0.6,0.4,-239925.0565991209,4580504.3455664,4750455.3934526425,151,71
Watermark (Pier 15),2025,toutes,0.6,0.5,-239775.46374093342,4595762.903353251,4765863.936815802,151,71
Watermark (Pier 15),2025,toutes,0.6,0.6,-239625.87088274592,4613101.5235343,4781272.480178962,151,71
Watermark (Pier 15),2025,toutes,0.6,0.7,-239476.27802455839,4627006.97049005,4796681.023542124,151,71
Watermark (Pier 15),2025,toutes,0.6,0.8,-239326.68516637094,4643460.4123652,4812089.566905284,151,71
Watermark (Pier 15),2025,toutes,0.6,0.9,-239177.09230818343,4657932.07519775,4827498.110268444,151,71
Watermark (Pier 15),2025,toutes,0.6,1.0,-239027.49944999593,4668232.9057115,4842906.653631605,151,71
Watermark (Pier 15),2026,aucune,0.0,0.0,-198859.98441611844,3813390.0,4002419.295,133,128
Watermark (Pier 15),2026,grosses,0.0,0.1,-198543.83030206905,3827634.46948575,4013200.3417190993,133,128
Watermark (Pier 15),2026,grosses,0.0,0.2,-198227.67618801966,3833927.6862285,4023981.3884382,133,128
Watermark (Pier 15),2026,grosses,0.0,0.3,-197911.5220739703,3842185.159945125,4034762.4351573,133,128
Watermark (Pier 15),2026,grosses,0.0,0.4,-197595.36795992087,3845228.3227575,4045543.4818764,133,128
Watermark (Pier 15),2026,grosses,0.0,0.5,-197279.21384587153,3847081.6213790625,4056324.5285955,133,128
Watermark (Pier 15),2026,grosses,0.0,0.6,-196963.05973182214,3842170.6791825,4067105.5753146,133,128
Watermark (Pier 15),2026,grosses,0.0,0.7,-196646.90561777275,3833307.183313125,4077886.6220337,133,128
Watermark (Pier 15),2026,grosses,0.0,0.8,-196330.7515037234,3821161.3159229998,4088667.6687528,133,128
Watermark (Pier 15),2026,grosses,0.0,0.9,-196014.59738967405,3803048.8000745624,4099448.7154719,133,128
Watermark (Pier 15),2026,grosses,0.0,1.0,-195792.14780252462,3785508.65172375,4110229.762191,133,128
Watermark (Pier 15),2026,grosses,0.2,0.1,-198853.19211360405,3820122.5165026877,4003368.1884441003,133,128
Watermark (Pier 15),2026,grosses,0.2,0.2,-198846.39981108968,3820813.802434125,4004317.0818882,133,128
Watermark (Pier 15),2026,grosses,0.2,0.3,-198839.6075085753,3817226.8899646876,4005265.9753323,133,128
Watermark (Pier 15),2026,grosses,0.2,0.4,-198832.8152060609,3816822.20609025,4006214.8687764,133,128
Watermark (Pier 15),2026,grosses,0.2,0.5,-198826.02290354655,3812160.2332471875,4007163.7622205,133,128
Watermark (Pier 15),2026,grosses,0.2,0.6,-198819.23060103218,3802411.47943125,4008112.6556646,133,128
Watermark (Pier 15),2026,grosses,0.2,0.7,-198812.43829851778,3791403.048785625,4009061.5491087004,133,128
Watermark (Pier 15),2026,grosses,0.2,0.8,-198805.6459960034,3775300.8173055,4010010.4425528003,133,128
Watermark (Pier 15),2026,grosses,0.2,0.9,-198798.853693489,3762837.1548731253,4010959.3359969,133,128
Watermark (Pier 15),2026,grosses,0.2,1.0,-198885.76591787467,3743347.1204587496,4011908.229441,133,128
Watermark (Pier 15),2026,grosses,0.3,0.1,-198788.49799115656,3822308.179680375,4006417.892723505,133,128
Watermark (Pier 15),2026,grosses,0.3,0.2,-198717.01156619465,3829319.649059625,4010416.49044701,133,128
Watermark (Pier 15),2026,grosses,0.3,0.3,-198645.5251412328,3827721.231439875,4014415.088170515,133,128
Watermark (Pier 15),2026,grosses,0.3,0.4,-198574.03871627094,3827465.9475255003,4018413.68589402,133,128
Watermark (Pier 15),2026,grosses,0.3,0.5,-198502.55229130905,3829836.1468303124,4022412.283617525,133,128
Watermark (Pier 15),2026,grosses,0.3,0.6,-198431.06586634717,3827501.3924201247,4026410.88134103,133,128
Watermark (Pier 15),2026,grosses,0.3,0.7,-198359.57944138531,3818162.680518375,4030409.479064535,133,128
Watermark (Pier 15),2026,grosses,0.3,0.8,-198288.0930164234,3809353.1678685,4034408.0767880403,133,128
Watermark (Pier 15),2026,grosses,0.3,0.9,-198216.60659146155,3796566.4220872503,4038406.6745115453,133,128
Watermark (Pier 15),2026,grosses,0.3,1.0,-198238.82469339966,3782124.969564375,4042405.2722350503,133,128
Watermark (Pier 15),2026,grosses,0.4,0.1,-198938.32614883155,3814992.0460063126,4000468.5490201428,133,128
Watermark (Pier 15),2026,grosses,0.4,0.2,-199016.66788154468,3814421.680936125,3998517.803040285,133,128
Watermark (Pier 15),2026,grosses,0.4,0.3,-199095.0096142578,3812795.6081551877,3996567.0570604275,133,128
Watermark (Pier 15),2026,grosses,0.4,0.4,-199173.3513469709,3810268.0635705,3994616.31108057,133,128
Watermark (Pier 15),2026,grosses,0.4,0.5,-199251.69307968405,3802813.2296240623,3992665.5651007127,133,128
Watermark (Pier 15),2026,grosses,0.4,0.6,-199330.03481239718,3796501.58078625,3990714.819120855,133,128
Watermark (Pier 15),2026,grosses,0.4,0.7,-199408.37654511028,3787024.530499875,3988764.073140997,133,128
Watermark (Pier 15),2026,grosses,0.4,0.8,-199486.71827782344,3777528.541059,3986813.32716114,133,128
Watermark (Pier 15),2026,grosses,0.4,0.9,-199565.06001053654,3765581.790539625,3984862.5811812826,133,128
Watermark (Pier 15),2026,grosses,0.4,1.0,-199737.10627014967,3752599.4020462497,3982911.8352014245,133,128
Watermark (Pier 15),2026,grosses,0.5,0.1,-198790.02067190091,3823241.107644,4005586.24813557,133,128
Watermark (Pier 15),2026,grosses,0.5,0.2,-198720.05692768344,3830065.5998745,4008753.20127114,133,128
Watermark (Pier 15),2026,grosses,0.5,0.3,-198650.09318346594,3837752.36845875,4011920.15440671,133,128
Watermark (Pier 15),2026,grosses,0.5,0.4,-198580.12943924844,3839165.443764,4015087.10754228,133,128
Watermark (Pier 15),2026,grosses,0.5,0.5,-198510.16569503094,3843198.444015,4018254.0606778497,133,128
Watermark (Pier 15),2026,grosses,0.5,0.6,-198440.2019508134,3839690.229543,4021421.01381342,133,128
Watermark (Pier 15),2026,grosses,0.5,0.7,-198370.23820659597,3838174.010433,4024587.96694899,133,128
Watermark (Pier 15),2026,grosses,0.5,0.8,-198300.27446237844,3835818.0798839997,4027754.9200845603,133,128
Watermark (Pier 15),2026,grosses,0.5,0.9,-198230.31071816094,3829903.43902425,4030921.87322013,133,128
Watermark (Pier 15),2026,grosses,0.5,1.0,-198254.05150084343,3825526.6754775,4034088.8263556994,133,128
Watermark (Pier 15),2026,grosses,0.6,0.1,-198678.82578845092,3825077.8593195,4010507.8933887454,133,128
Watermark (Pier 15),2026,grosses,0.6,0.2,-198497.66716078343,3838235.924754,4018596.49177749,133,128
Watermark (Pier 15),2026,grosses,0.6,0.3,-198316.50853311594,3848541.1120484998,4026685.090166235,133,128
Watermark (Pier 15),2026,grosses,0.6,0.4,-198135.34990544844,3854803.37634,4034773.6885549803,133,128
Watermark (Pier 15),2026,grosses,0.6,0.5,-197954.19127778095,3861558.42415875,4042862.2869437253,133,128
Watermark (Pier 15),2026,grosses,0.6,0.6,-197773.03265011343,3867335.9620875,4050950.88533247,133,128
Watermark (Pier 15),2026,grosses,0.6,0.7,-197591.8740224459,3872820.4560675,4059039.4837212153,133,128
Watermark (Pier 15),2026,grosses,0.6,0.8,-197410.71539477844,3878135.527896,4067128.0821099603,133,128
Watermark (Pier 15),2026,grosses,0.6,0.9,-197229.55676711095,3884404.8115057503,4075216.680498705,133,128
Watermark (Pier 15),2026,grosses,0.6,1.0,-197142.10266634345,3888766.22652,4083305.2788874498,133,128
Watermark (Pier 15),2026,toutes,0.0,0.1,-198543.83030206905,3839533.9895784375,4022002.513078578,133,128
Watermark (Pier 15),2026,toutes,0.0,0.2,-198227.67618801966,3857461.336050525,4041585.731157156,133,128
Watermark (Pier 15),2026,toutes,0.0,0.3,-197911.5220739703,3875789.9984139004,4061168.949235734,133,128
Watermark (Pier 15),2026,toutes,0.0,0.4,-197595.36795992087,3892337.5769649004,4080752.167314312,133,128
Watermark (Pier 15),2026,toutes,0.0,0.5,-197279.21384587153,3902367.827050875,4100335.38539289,133,128
Watermark (Pier 15),2026,toutes,0.0,0.6,-196963.05973182214,3898409.5233657,4119918.603471468,133,128
Watermark (Pier 15),2026,toutes,0.0,0.7,-196646.90561777275,3895337.4598679626,4139501.821550046,133,128
Watermark (Pier 15),2026,toutes,0.0,0.8,-196330.7515037234,3892382.9099442,4159085.039628624,133,128
Watermark (Pier 15),2026,toutes,0.0,0.9,-196014.59738967405,3888493.7926944373,4178668.257707202,133,128
Watermark (Pier 15),2026,toutes,0.0,1.0,-195792.14780252462,3880395.2399546253,4198251.47578578,133,128
Watermark (Pier 15),2026,toutes,0.2,0.1,-198853.19211360405,3824340.425654175,4003971.394614959,133,128
Watermark (Pier 15),2026,toutes,0.2,0.2,-198846.39981108968,3828191.691962925,4005523.4942299183,133,128
Watermark (Pier 15),2026,toutes,0.2,0.3,-198839.6075085753,3829437.0368060623,4007075.593844878,133,128
Watermark (Pier 15),2026,toutes,0.2,0.4,-198832.8152060609,3827106.86945895,4008627.6934598368,133,128
Watermark (Pier 15),2026,toutes,0.2,0.5,-198826.02290354655,3823535.6682429374,4010179.793074797,133,128
Watermark (Pier 15),2026,toutes,0.2,0.6,-198819.23060103218,3816106.710792075,4011731.8926897557,133,128
Watermark (Pier 15),2026,toutes,0.2,0.7,-198812.43829851778,3801322.183846162,4013283.9923047153,133,128
Watermark (Pier 15),2026,toutes,0.2,0.8,-198805.6459960034,3785489.1947691,4014836.091919674,133,128
Watermark (Pier 15),2026,toutes,0.2,0.9,-198798.853693489,3769383.20295285,4016388.1915346333,133,128
Watermark (Pier 15),2026,toutes,0.2,1.0,-198885.76591787467,3743045.715236625,4017940.2911495925,133,128
Watermark (Pier 15),2026,toutes,0.3,0.1,-198788.49799115656,3831574.975810312,4009838.6159064295,133,128
Watermark (Pier 15),2026,toutes,0.3,0.2,-198717.01156619465,3840704.938776825,4017257.9368128586,133,128
Watermark (Pier 15),2026,toutes,0.3,0.3,-198645.5251412328,3844070.2423273497,4024677.2577192876,133,128
Watermark (Pier 15),2026,toutes,0.3,0.4,-198574.03871627094,3853638.6421743003,4032096.578625717,133,128
Watermark (Pier 15),2026,toutes,0.3,0.5,-198502.55229130905,3853217.029071375,4039515.899532146,133,128
Watermark (Pier 15),2026,toutes,0.3,0.6,-198431.06586634717,3857709.116137275,4046935.220438576,133,128
Watermark (Pier 15),2026,toutes,0.3,0.7,-198359.57944138531,3850539.7331984625,4054354.541345005,133,128
Watermark (Pier 15),2026,toutes,0.3,0.8,-198288.0930164234,3835585.9090772998,4061773.8622514345,133,128
Watermark (Pier 15),2026,toutes,0.3,0.9,-198216.60659146155,3824691.4184999624,4069193.183157863,133,128
Watermark (Pier 15),2026,toutes,0.3,1.0,-198238.82469339966,3808475.4935351247,4076612.5040642926,133,128
Watermark (Pier 15),2026,toutes,0.4,0.1,-198938.32614883155,3815695.2691438873,3998789.469296134,133,128
Watermark (Pier 15),2026,toutes,0.4,0.2,-199016.66788154468,3817447.4166254997,3995159.6435922673,133,128
Watermark (Pier 15),2026,toutes,0.4,0.3,-199095.0096142578,3810913.7861859747,3991529.817888401,133,128
Watermark (Pier 15),2026,toutes,0.4,0.4,-199173.3513469709,3804770.0211507,3987899.992184535,133,128
Watermark (Pier 15),2026,toutes,0.4,0.5,-199251.69307968405,3798552.03243075,3984270.166480669,133,128
Watermark (Pier 15),2026,toutes,0.4,0.6,-199330.03481239718,3789779.3523828,3980640.3407768025,133,128
Watermark (Pier 15),2026,toutes,0.4,0.7,-199408.37654511028,3775375.6402422376,3977010.515072936,133,128
Watermark (Pier 15),2026,toutes,0.4,0.8,-199486.71827782344,3761437.2479712,3973380.68936907,133,128
Watermark (Pier 15),2026,toutes,0.4,0.9,-199565.06001053654,3744764.5593369375,3969750.8636652036,133,128
Watermark (Pier 15),2026,toutes,0.4,1.0,-199737.10627014967,3721876.9728446254,3966121.037961338,133,128
Watermark (Pier 15),2026,toutes,0.5,0.1,-198790.02067190091,3828909.1735503003,4007972.22577164,133,128
Watermark (Pier 15),2026,toutes,0.5,0.2,-198720.05692768344,3838462.3989621,4013525.1565432795,133,128
Watermark (Pier 15),2026,toutes,0.5,0.3,-198650.09318346594,3848843.0997324,4019078.08731492,133,128
Watermark (Pier 15),2026,toutes,0.5,0.4,-198580.12943924844,3856537.94526,4024631.01808656,133,128
Watermark (Pier 15),2026,toutes,0.5,0.5,-198510.16569503094,3859840.9545255,4030183.9488582,133,128
Watermark (Pier 15),2026,toutes,0.5,0.6,-198440.2019508134,3861712.0928547,4035736.8796298397,133,128
Watermark (Pier 15),2026,toutes,0.5,0.7,-198370.23820659597,3862224.12707145,4041289.81040148,133,128
Watermark (Pier 15),2026,toutes,0.5,0.8,-198300.27446237844,3858533.6089104,4046842.7411731197,133,128
Watermark (Pier 15),2026,toutes,0.5,0.9,-198230.31071816094,3852730.17793125,4052395.6719447603,133,128
Watermark (Pier 15),2026,toutes,0.5,1.0,-198254.05150084343,3844586.170152,4057948.6027164003,133,128
Watermark (Pier 15),2026,toutes,0.6,0.1,-198678.82578845092,3835782.7413822,4017023.506407303,133,128
Watermark (Pier 15),2026,toutes,0.6,0.2,-198497.66716078343,3854779.153407,4031627.717814606,133,128
Watermark (Pier 15),2026,toutes,0.6,0.3,-198316.50853311594,3872655.12350115,4046231.929221909,133,128
Watermark (Pier 15),2026,toutes,0.6,0.4,-198135.34990544844,3885308.306838,4060836.1406292124,133,128
Watermark (Pier 15),2026,toutes,0.6,0.5,-197954.19127778095,3900239.3675857503,4075440.3520365153,133,128
Watermark (Pier 15),2026,toutes,0.6,0.6,-197773.03265011343,3912087.8354418003,4090044.5634438177,133,128
Watermark (Pier 15),2026,toutes,0.6,0.7,-197591.8740224459,3925730.46958785,4104648.774851121,133,128
Watermark (Pier 15),2026,toutes,0.6,0.8,-197410.71539477844,3935548.3142052,4119252.986258424,133,128
Watermark (Pier 15),2026,toutes,0.6,0.9,-197229.55676711095,3942340.0987382997,4133857.197665727,133,128
Watermark (Pier 15),2026,toutes,0.6,1.0,-197142.10266634345,3947561.780778,4148461.4090730296,133,128
