nom,saison,date,jour_semaine,ouvert,grosse,ferie_ou_veille,ouverture_ou_cloture,R_bas,R,R_haut,K_bas,K,K_haut
230 Fifth,2025,2025-05-01,3,1,1,0,1,34776,110400,223560,7957,19260,35847
230 Fifth,2025,2025-05-02,4,1,1,0,0,34776,110400,223560,7957,19260,35847
230 Fifth,2025,2025-05-03,5,1,1,0,0,34776,110400,223560,7957,19260,35847
230 Fifth,2025,2025-05-04,6,1,0,0,0,10867,38640,93150,3892,8812,16358
230 Fifth,2025,2025-05-05,0,1,0,0,0,10867,38640,93150,3892,8812,16358
230 Fifth,2025,2025-05-06,1,1,0,0,0,10867,38640,93150,3892,8812,16358
230 Fifth,2025,2025-05-07,2,1,0,0,0,10867,38640,93150,3892,8812,16358
230 Fifth,2025,2025-05-08,3,1,0,0,0,10867,38640,93150,3892,8812,16358
230 Fifth,2025,2025-05-09,4,1,1,0,0,34776,110400,223560,7957,19260,35847
230 Fifth,2025,2025-05-10,5,1,1,0,0,34776,110400,223560,7957,19260,35847
230 Fifth,2025,2025-05-11,6,1,0,0,0,10867,38640,93150,3892,8812,16358
230 Fifth,2025,2025-05-12,0,1,0,0,0,10867,38640,93150,3892,8812,16358
230 Fifth,2025,2025-05-13,1,1,0,0,0,10867,38640,93150,3892,8812,16358
230 Fifth,2025,2025-05-14,2,1,0,0,0,10867,38640,93150,3892,8812,16358
230 Fifth,2025,2025-05-15,3,1,0,0,0,10867,38640,93150,3892,8812,16358
230 Fifth,2025,2025-05-16,4,1,1,0,0,34776,110400,223560,7957,19260,35847
230 Fifth,2025,2025-05-17,5,1,1,0,0,34776,110400,223560,7957,19260,35847
230 Fifth,2025,2025-05-18,6,1,0,0,0,10867,38640,93150,3892,8812,16358
230 Fifth,2025,2025-05-19,0,1,0,0,0,10867,38640,93150,3892,8812,16358
230 Fifth,2025,2025-05-20,1,1,0,0,0,10867,38640,93150,3892,8812,16358
230 Fifth,2025,2025-05-21,2,1,0,0,0,10867,38640,93150,3892,8812,16358
230 Fifth,2025,2025-05-22,3,1,0,0,0,10867,38640,93150,3892,8812,16358
230 Fifth,2025,2025-05-23,4,1,1,0,0,34776,110400,223560,7957,19260,35847
230 Fifth,2025,2025-05-24,5,1,1,0,0,34776,110400,223560,7957,19260,35847
230 Fifth,2025,2025-05-25,6,1,1,1,0,34776,110400,223560,7957,19260,35847
230 Fifth,2025,2025-05-26,0,1,1,1,0,34776,110400,223560,7957,19260,35847
230 Fifth,2025,2025-05-27,1,1,0,0,0,10867,38640,93150,3892,8812,16358
230 Fifth,2025,2025-05-28,2,1,0,0,0,10867,38640,93150,3892,8812,16358
230 Fifth,2025,2025-05-29,3,1,0,0,0,10867,38640,93150,3892,8812,16358
230 Fifth,2025,2025-05-30,4,1,1,0,0,34776,110400,223560,7957,19260,35847
230 Fifth,2025,2025-05-31,5,1,1,0,0,34776,110400,223560,7957,19260,35847
230 Fifth,2025,2025-06-01,6,1,0,0,0,10867,38640,93150,3892,8812,16358
230 Fifth,2025,2025-06-02,0,1,0,0,0,10867,38640,93150,3892,8812,16358
230 Fifth,2025,2025-06-03,1,1,0,0,0,10867,38640,93150,3892,8812,16358
230 Fifth,2025,2025-06-04,2,1,0,0,0,10867,38640,93150,3892,8812,16358
230 Fifth,2025,2025-06-05,3,1,0,0,0,10867,38640,93150,3892,8812,16358
230 Fifth,2025,2025-06-06,4,1,1,0,0,34776,110400,223560,7957,19260,35847
230 Fifth,2025,2025-06-07,5,1,1,0,0,34776,110400,223560,7957,19260,35847
230 Fifth,2025,2025-06-08,6,1,0,0,0,10867,38640,93150,3892,8812,16358
230 Fifth,2025,2025-06-09,0,1,0,0,0,10867,38640,93150,3892,8812,16358
230 Fifth,2025,2025-06-10,1,1,0,0,0,10867,38640,93150,3892,8812,16358
230 Fifth,2025,2025-06-11,2,1,0,0,0,10867,38640,93150,3892,8812,16358
230 Fifth,2025,2025-06-12,3,1,0,0,0,10867,38640,93150,3892,8812,16358
230 Fifth,2025,2025-06-13,4,1,1,0,0,34776,110400,223560,7957,19260,35847
230 Fifth,2025,2025-06-14,5,1,1,0,0,34776,110400,223560,7957,19260,35847
230 Fifth,2025,2025-06-15,6,1,0,0,0,10867,38640,93150,3892,8812,16358
230 Fifth,2025,2025-06-16,0,1,0,0,0,10867,38640,93150,3892,8812,16358
230 Fifth,2025,2025-06-17,1,1,0,0,0,10867,38640,93150,3892,8812,16358
230 Fifth,2025,2025-06-18,2,1,0,0,0,10867,38640,93150,3892,8812,16358
230 Fifth,2025,2025-06-19,3,1,0,0,0,10867,38640,93150,3892,8812,16358
230 Fifth,2025,2025-06-20,4,1,1,0,0,34776,110400,223560,7957,19260,35847
230 Fifth,2025,2025-06-21,5,1,1,0,0,34776,110400,223560,7957,19260,35847
230 Fifth,2025,2025-06-22,6,1,0,0,0,10867,38640,93150,3892,8812,16358
230 Fifth,2025,2025-06-23,0,1,0,0,0,10867,38640,93150,3892,8812,16358
230 Fifth,2025,2025-06-24,1,1,0,0,0,10867,38640,93150,3892,8812,16358
230 Fifth,2025,2025-06-25,2,1,0,0,0,10867,38640,93150,3892,8812,16358
230 Fifth,2025,2025-06-26,3,1,0,0,0,10867,38640,93150,3892,8812,16358
230 Fifth,2025,2025-06-27,4,1,1,0,0,34776,110400,223560,7957,19260,35847
230 Fifth,2025,2025-06-28,5,1,1,0,0,34776,110400,223560,7957,19260,35847
230 Fifth,2025,2025-06-29,6,1,0,0,0,10867,38640,93150,3892,8812,16358
230 Fifth,2025,2025-06-30,0,1,0,0,0,10867,38640,93150,3892,8812,16358
230 Fifth,2025,2025-07-01,1,1,0,0,0,10867,38640,93150,3892,8812,16358
230 Fifth,2025,2025-07-02,2,1,0,0,0,10867,38640,93150,3892,8812,16358
230 Fifth,2025,2025-07-03,3,1,1,1,0,34776,110400,223560,7957,19260,35847
230 Fifth,2025,2025-07-04,4,1,1,1,0,34776,110400,223560,7957,19260,35847
230 Fifth,2025,2025-07-05,5,1,1,0,0,34776,110400,223560,7957,19260,35847
230 Fifth,2025,2025-07-06,6,1,0,0,0,10867,38640,93150,3892,8812,16358
230 Fifth,2025,2025-07-07,0,1,0,0,0,10867,38640,93150,3892,8812,16358
230 Fifth,2025,2025-07-08,1,1,0,0,0,10867,38640,93150,3892,8812,16358
230 Fifth,2025,2025-07-09,2,1,0,0,0,10867,38640,93150,3892,8812,16358
230 Fifth,2025,2025-07-10,3,1,0,0,0,10867,38640,93150,3892,8812,16358
230 Fifth,2025,2025-07-11,4,1,1,0,0,34776,110400,223560,7957,19260,35847
230 Fifth,2025,2025-07-12,5,1,1,0,0,34776,110400,223560,7957,19260,35847
230 Fifth,2025,2025-07-13,6,1,0,0,0,10867,38640,93150,3892,8812,16358
230 Fifth,2025,2025-07-14,0,1,0,0,0,10867,38640,93150,3892,8812,16358
230 Fifth,2025,2025-07-15,1,1,0,0,0,10867,38640,93150,3892,8812,16358
230 Fifth,2025,2025-07-16,2,1,0,0,0,10867,38640,93150,3892,8812,16358
230 Fifth,2025,2025-07-17,3,1,0,0,0,10867,38640,93150,3892,8812,16358
230 Fifth,2025,2025-07-18,4,1,1,0,0,34776,110400,223560,7957,19260,35847
230 Fifth,2025,2025-07-19,5,1,1,0,0,34776,110400,223560,7957,19260,35847
230 Fifth,2025,2025-07-20,6,1,0,0,0,10867,38640,93150,3892,8812,16358
230 Fifth,2025,2025-07-21,0,1,0,0,0,10867,38640,93150,3892,8812,16358
230 Fifth,2025,2025-07-22,1,1,0,0,0,10867,38640,93150,3892,8812,16358
230 Fifth,2025,2025-07-23,2,1,0,0,0,10867,38640,93150,3892,8812,16358
230 Fifth,2025,2025-07-24,3,1,0,0,0,10867,38640,93150,3892,8812,16358
230 Fifth,2025,2025-07-25,4,1,1,0,0,34776,110400,223560,7957,19260,35847
230 Fifth,2025,2025-07-26,5,1,1,0,0,34776,110400,223560,7957,19260,35847
230 Fifth,2025,2025-07-27,6,1,0,0,0,10867,38640,93150,3892,8812,16358
230 Fifth,2025,2025-07-28,0,1,0,0,0,10867,38640,93150,3892,8812,16358
230 Fifth,2025,2025-07-29,1,1,0,0,0,10867,38640,93150,3892,8812,16358
230 Fifth,2025,2025-07-30,2,1,0,0,0,10867,38640,93150,3892,8812,16358
230 Fifth,2025,2025-07-31,3,1,0,0,0,10867,38640,93150,3892,8812,16358
230 Fifth,2025,2025-08-01,4,1,1,0,0,34776,110400,223560,7957,19260,35847
230 Fifth,2025,2025-08-02,5,1,1,0,0,34776,110400,223560,7957,19260,35847
230 Fifth,2025,2025-08-03,6,1,0,0,0,10867,38640,93150,3892,8812,16358
230 Fifth,2025,2025-08-04,0,1,0,0,0,10867,38640,93150,3892,8812,16358
230 Fifth,2025,2025-08-05,1,1,0,0,0,10867,38640,93150,3892,8812,16358
230 Fifth,2025,2025-08-06,2,1,0,0,0,10867,38640,93150,3892,8812,16358
230 Fifth,2025,2025-08-07,3,1,0,0,0,10867,38640,93150,3892,8812,16358
230 Fifth,2025,2025-08-08,4,1,1,0,0,34776,110400,223560,7957,19260,35847
230 Fifth,2025,2025-08-09,5,1,1,0,0,34776,110400,223560,7957,19260,35847
230 Fifth,2025,2025-08-10,6,1,0,0,0,10867,38640,93150,3892,8812,16358
230 Fifth,2025,2025-08-11,0,1,0,0,0,10867,38640,93150,3892,8812,16358
230 Fifth,2025,2025-08-12,1,1,0,0,0,10867,38640,93150,3892,8812,16358
230 Fifth,2025,2025-08-13,2,1,0,0,0,10867,38640,93150,3892,8812,16358
230 Fifth,2025,2025-08-14,3,1,0,0,0,10867,38640,93150,3892,8812,16358
230 Fifth,2025,2025-08-15,4,1,1,0,0,34776,110400,223560,7957,19260,35847
230 Fifth,2025,2025-08-16,5,1,1,0,0,34776,110400,223560,7957,19260,35847
230 Fifth,2025,2025-08-17,6,1,0,0,0,10867,38640,93150,3892,8812,16358
230 Fifth,2025,2025-08-18,0,1,0,0,0,10867,38640,93150,3892,8812,16358
230 Fifth,2025,2025-08-19,1,1,0,0,0,10867,38640,93150,3892,8812,16358
230 Fifth,2025,2025-08-20,2,1,0,0,0,10867,38640,93150,3892,8812,16358
230 Fifth,2025,2025-08-21,3,1,0,0,0,10867,38640,93150,3892,8812,16358
230 Fifth,2025,2025-08-22,4,1,1,0,0,34776,110400,223560,7957,19260,35847
230 Fifth,2025,2025-08-23,5,1,1,0,0,34776,110400,223560,7957,19260,35847
230 Fifth,2025,2025-08-24,6,1,0,0,0,10867,38640,93150,3892,8812,16358
230 Fifth,2025,2025-08-25,0,1,0,0,0,10867,38640,93150,3892,8812,16358
230 Fifth,2025,2025-08-26,1,1,0,0,0,10867,38640,93150,3892,8812,16358
230 Fifth,2025,2025-08-27,2,1,0,0,0,10867,38640,93150,3892,8812,16358
230 Fifth,2025,2025-08-28,3,1,0,0,0,10867,38640,93150,3892,8812,16358
230 Fifth,2025,2025-08-29,4,1,1,0,0,34776,110400,223560,7957,19260,35847
230 Fifth,2025,2025-08-30,5,1,1,0,0,34776,110400,223560,7957,19260,35847
230 Fifth,2025,2025-08-31,6,1,1,1,0,34776,110400,223560,7957,19260,35847
230 Fifth,2025,2025-09-01,0,1,1,1,0,34776,110400,223560,7957,19260,35847
230 Fifth,2025,2025-09-02,1,1,0,0,0,10867,38640,93150,3892,8812,16358
230 Fifth,2025,2025-09-03,2,1,0,0,0,10867,38640,93150,3892,8812,16358
230 Fifth,2025,2025-09-04,3,1,0,0,0,10867,38640,93150,3892,8812,16358
230 Fifth,2025,2025-09-05,4,1,1,0,0,34776,110400,223560,7957,19260,35847
230 Fifth,2025,2025-09-06,5,1,1,0,0,34776,110400,223560,7957,19260,35847
230 Fifth,2025,2025-09-07,6,1,0,0,0,10867,38640,93150,3892,8812,16358
230 Fifth,2025,2025-09-08,0,1,0,0,0,10867,38640,93150,3892,8812,16358
230 Fifth,2025,2025-09-09,1,1,0,0,0,10867,38640,93150,3892,8812,16358
230 Fifth,2025,2025-09-10,2,1,0,0,0,10867,38640,93150,3892,8812,16358
230 Fifth,2025,2025-09-11,3,1,0,0,0,10867,38640,93150,3892,8812,16358
230 Fifth,2025,2025-09-12,4,1,1,0,0,34776,110400,223560,7957,19260,35847
230 Fifth,2025,2025-09-13,5,1,1,0,0,34776,110400,223560,7957,19260,35847
230 Fifth,2025,2025-09-14,6,1,0,0,0,10867,38640,93150,3892,8812,16358
230 Fifth,2025,2025-09-15,0,1,0,0,0,10867,38640,93150,3892,8812,16358
230 Fifth,2025,2025-09-16,1,1,0,0,0,10867,38640,93150,3892,8812,16358
230 Fifth,2025,2025-09-17,2,1,0,0,0,10867,38640,93150,3892,8812,16358
230 Fifth,2025,2025-09-18,3,1,0,0,0,10867,38640,93150,3892,8812,16358
230 Fifth,2025,2025-09-19,4,1,1,0,0,34776,110400,223560,7957,19260,35847
230 Fifth,2025,2025-09-20,5,1,1,0,0,34776,110400,223560,7957,19260,35847
230 Fifth,2025,2025-09-21,6,1,0,0,0,10867,38640,93150,3892,8812,16358
230 Fifth,2025,2025-09-22,0,1,0,0,0,10867,38640,93150,3892,8812,16358
230 Fifth,2025,2025-09-23,1,1,0,0,0,10867,38640,93150,3892,8812,16358
230 Fifth,2025,2025-09-24,2,1,0,0,0,10867,38640,93150,3892,8812,16358
230 Fifth,2025,2025-09-25,3,1,0,0,0,10867,38640,93150,3892,8812,16358
230 Fifth,2025,2025-09-26,4,1,1,0,0,34776,110400,223560,7957,19260,35847
230 Fifth,2025,2025-09-27,5,1,1,0,0,34776,110400,223560,7957,19260,35847
230 Fifth,2025,2025-09-28,6,1,0,0,0,10867,38640,93150,3892,8812,16358
230 Fifth,2025,2025-09-29,0,1,0,0,0,10867,38640,93150,3892,8812,16358
230 Fifth,2025,2025-09-30,1,1,1,0,1,34776,110400,223560,7957,19260,35847
230 Fifth,2026,2026-05-01,4,1,1,0,1,34776,110400,223560,7957,19260,35847
230 Fifth,2026,2026-05-02,5,1,1,0,0,34776,110400,223560,7957,19260,35847
230 Fifth,2026,2026-05-03,6,1,0,0,0,10867,38640,93150,3892,8812,16358
230 Fifth,2026,2026-05-04,0,1,0,0,0,10867,38640,93150,3892,8812,16358
230 Fifth,2026,2026-05-05,1,1,0,0,0,10867,38640,93150,3892,8812,16358
230 Fifth,2026,2026-05-06,2,1,0,0,0,10867,38640,93150,3892,8812,16358
230 Fifth,2026,2026-05-07,3,1,0,0,0,10867,38640,93150,3892,8812,16358
230 Fifth,2026,2026-05-08,4,1,1,0,0,34776,110400,223560,7957,19260,35847
230 Fifth,2026,2026-05-09,5,1,1,0,0,34776,110400,223560,7957,19260,35847
230 Fifth,2026,2026-05-10,6,1,0,0,0,10867,38640,93150,3892,8812,16358
230 Fifth,2026,2026-05-11,0,1,0,0,0,10867,38640,93150,3892,8812,16358
230 Fifth,2026,2026-05-12,1,1,0,0,0,10867,38640,93150,3892,8812,16358
230 Fifth,2026,2026-05-13,2,1,0,0,0,10867,38640,93150,3892,8812,16358
230 Fifth,2026,2026-05-14,3,1,0,0,0,10867,38640,93150,3892,8812,16358
230 Fifth,2026,2026-05-15,4,1,1,0,0,34776,110400,223560,7957,19260,35847
230 Fifth,2026,2026-05-16,5,1,1,0,0,34776,110400,223560,7957,19260,35847
230 Fifth,2026,2026-05-17,6,1,0,0,0,10867,38640,93150,3892,8812,16358
230 Fifth,2026,2026-05-18,0,1,0,0,0,10867,38640,93150,3892,8812,16358
230 Fifth,2026,2026-05-19,1,1,0,0,0,10867,38640,93150,3892,8812,16358
230 Fifth,2026,2026-05-20,2,1,0,0,0,10867,38640,93150,3892,8812,16358
230 Fifth,2026,2026-05-21,3,1,0,0,0,10867,38640,93150,3892,8812,16358
230 Fifth,2026,2026-05-22,4,1,1,0,0,34776,110400,223560,7957,19260,35847
230 Fifth,2026,2026-05-23,5,1,1,0,0,34776,110400,223560,7957,19260,35847
230 Fifth,2026,2026-05-24,6,1,1,1,0,34776,110400,223560,7957,19260,35847
230 Fifth,2026,2026-05-25,0,1,1,1,0,34776,110400,223560,7957,19260,35847
230 Fifth,2026,2026-05-26,1,1,0,0,0,10867,38640,93150,3892,8812,16358
230 Fifth,2026,2026-05-27,2,1,0,0,0,10867,38640,93150,3892,8812,16358
230 Fifth,2026,2026-05-28,3,1,0,0,0,10867,38640,93150,3892,8812,16358
230 Fifth,2026,2026-05-29,4,1,1,0,0,34776,110400,223560,7957,19260,35847
230 Fifth,2026,2026-05-30,5,1,1,0,0,34776,110400,223560,7957,19260,35847
230 Fifth,2026,2026-05-31,6,1,0,0,0,10867,38640,93150,3892,8812,16358
230 Fifth,2026,2026-06-01,0,1,0,0,0,10867,38640,93150,3892,8812,16358
230 Fifth,2026,2026-06-02,1,1,0,0,0,10867,38640,93150,3892,8812,16358
230 Fifth,2026,2026-06-03,2,1,0,0,0,10867,38640,93150,3892,8812,16358
230 Fifth,2026,2026-06-04,3,1,0,0,0,10867,38640,93150,3892,8812,16358
230 Fifth,2026,2026-06-05,4,1,1,0,0,34776,110400,223560,7957,19260,35847
230 Fifth,2026,2026-06-06,5,1,1,0,0,34776,110400,223560,7957,19260,35847
230 Fifth,2026,2026-06-07,6,1,0,0,0,10867,38640,93150,3892,8812,16358
230 Fifth,2026,2026-06-08,0,1,0,0,0,10867,38640,93150,3892,8812,16358
230 Fifth,2026,2026-06-09,1,1,0,0,0,10867,38640,93150,3892,8812,16358
230 Fifth,2026,2026-06-10,2,1,0,0,0,10867,38640,93150,3892,8812,16358
230 Fifth,2026,2026-06-11,3,1,0,0,0,10867,38640,93150,3892,8812,16358
230 Fifth,2026,2026-06-12,4,1,1,0,0,34776,110400,223560,7957,19260,35847
230 Fifth,2026,2026-06-13,5,1,1,0,0,34776,110400,223560,7957,19260,35847
230 Fifth,2026,2026-06-14,6,1,0,0,0,10867,38640,93150,3892,8812,16358
230 Fifth,2026,2026-06-15,0,1,0,0,0,10867,38640,93150,3892,8812,16358
230 Fifth,2026,2026-06-16,1,1,0,0,0,10867,38640,93150,3892,8812,16358
230 Fifth,2026,2026-06-17,2,1,0,0,0,10867,38640,93150,3892,8812,16358
230 Fifth,2026,2026-06-18,3,1,0,0,0,10867,38640,93150,3892,8812,16358
230 Fifth,2026,2026-06-19,4,1,1,0,0,34776,110400,223560,7957,19260,35847
230 Fifth,2026,2026-06-20,5,1,1,0,0,34776,110400,223560,7957,19260,35847
230 Fifth,2026,2026-06-21,6,1,0,0,0,10867,38640,93150,3892,8812,16358
230 Fifth,2026,2026-06-22,0,1,0,0,0,10867,38640,93150,3892,8812,16358
230 Fifth,2026,2026-06-23,1,1,0,0,0,10867,38640,93150,3892,8812,16358
230 Fifth,2026,2026-06-24,2,1,0,0,0,10867,38640,93150,3892,8812,16358
230 Fifth,2026,2026-06-25,3,1,0,0,0,10867,38640,93150,3892,8812,16358
230 Fifth,2026,2026-06-26,4,1,1,0,0,34776,110400,223560,7957,19260,35847
230 Fifth,2026,2026-06-27,5,1,1,0,0,34776,110400,223560,7957,19260,35847
230 Fifth,2026,2026-06-28,6,1,0,0,0,10867,38640,93150,3892,8812,16358
230 Fifth,2026,2026-06-29,0,1,0,0,0,10867,38640,93150,3892,8812,16358
230 Fifth,2026,2026-06-30,1,1,0,0,0,10867,38640,93150,3892,8812,16358
230 Fifth,2026,2026-07-01,2,1,0,0,0,10867,38640,93150,3892,8812,16358
230 Fifth,2026,2026-07-02,3,1,0,0,0,10867,38640,93150,3892,8812,16358
230 Fifth,2026,2026-07-03,4,1,1,1,0,34776,110400,223560,7957,19260,35847
230 Fifth,2026,2026-07-04,5,1,1,1,0,34776,110400,223560,7957,19260,35847
230 Fifth,2026,2026-07-05,6,1,0,0,0,10867,38640,93150,3892,8812,16358
230 Fifth,2026,2026-07-06,0,1,0,0,0,10867,38640,93150,3892,8812,16358
230 Fifth,2026,2026-07-07,1,1,0,0,0,10867,38640,93150,3892,8812,16358
230 Fifth,2026,2026-07-08,2,1,0,0,0,10867,38640,93150,3892,8812,16358
230 Fifth,2026,2026-07-09,3,1,0,0,0,10867,38640,93150,3892,8812,16358
230 Fifth,2026,2026-07-10,4,1,1,0,0,34776,110400,223560,7957,19260,35847
230 Fifth,2026,2026-07-11,5,1,1,0,0,34776,110400,223560,7957,19260,35847
230 Fifth,2026,2026-07-12,6,1,0,0,0,10867,38640,93150,3892,8812,16358
230 Fifth,2026,2026-07-13,0,1,0,0,0,10867,38640,93150,3892,8812,16358
230 Fifth,2026,2026-07-14,1,1,0,0,0,10867,38640,93150,3892,8812,16358
230 Fifth,2026,2026-07-15,2,1,0,0,0,10867,38640,93150,3892,8812,16358
230 Fifth,2026,2026-07-16,3,1,0,0,0,10867,38640,93150,3892,8812,16358
230 Fifth,2026,2026-07-17,4,1,1,0,0,34776,110400,223560,7957,19260,35847
230 Fifth,2026,2026-07-18,5,1,1,0,0,34776,110400,223560,7957,19260,35847
230 Fifth,2026,2026-07-19,6,1,0,0,0,10867,38640,93150,3892,8812,16358
230 Fifth,2026,2026-07-20,0,1,0,0,0,10867,38640,93150,3892,8812,16358
230 Fifth,2026,2026-07-21,1,1,0,0,0,10867,38640,93150,3892,8812,16358
230 Fifth,2026,2026-07-22,2,1,0,0,0,10867,38640,93150,3892,8812,16358
230 Fifth,2026,2026-07-23,3,1,0,0,0,10867,38640,93150,3892,8812,16358
230 Fifth,2026,2026-07-24,4,1,1,0,0,34776,110400,223560,7957,19260,35847
230 Fifth,2026,2026-07-25,5,1,1,0,0,34776,110400,223560,7957,19260,35847
230 Fifth,2026,2026-07-26,6,1,0,0,0,10867,38640,93150,3892,8812,16358
230 Fifth,2026,2026-07-27,0,1,0,0,0,10867,38640,93150,3892,8812,16358
230 Fifth,2026,2026-07-28,1,1,0,0,0,10867,38640,93150,3892,8812,16358
230 Fifth,2026,2026-07-29,2,1,0,0,0,10867,38640,93150,3892,8812,16358
230 Fifth,2026,2026-07-30,3,1,0,0,0,10867,38640,93150,3892,8812,16358
230 Fifth,2026,2026-07-31,4,1,1,0,0,34776,110400,223560,7957,19260,35847
230 Fifth,2026,2026-08-01,5,1,1,0,0,34776,110400,223560,7957,19260,35847
230 Fifth,2026,2026-08-02,6,1,0,0,0,10867,38640,93150,3892,8812,16358
230 Fifth,2026,2026-08-03,0,1,0,0,0,10867,38640,93150,3892,8812,16358
230 Fifth,2026,2026-08-04,1,1,0,0,0,10867,38640,93150,3892,8812,16358
230 Fifth,2026,2026-08-05,2,1,0,0,0,10867,38640,93150,3892,8812,16358
230 Fifth,2026,2026-08-06,3,1,0,0,0,10867,38640,93150,3892,8812,16358
230 Fifth,2026,2026-08-07,4,1,1,0,0,34776,110400,223560,7957,19260,35847
230 Fifth,2026,2026-08-08,5,1,1,0,0,34776,110400,223560,7957,19260,35847
230 Fifth,2026,2026-08-09,6,1,0,0,0,10867,38640,93150,3892,8812,16358
230 Fifth,2026,2026-08-10,0,1,0,0,0,10867,38640,93150,3892,8812,16358
230 Fifth,2026,2026-08-11,1,1,0,0,0,10867,38640,93150,3892,8812,16358
230 Fifth,2026,2026-08-12,2,1,0,0,0,10867,38640,93150,3892,8812,16358
230 Fifth,2026,2026-08-13,3,1,0,0,0,10867,38640,93150,3892,8812,16358
230 Fifth,2026,2026-08-14,4,1,1,0,0,34776,110400,223560,7957,19260,35847
230 Fifth,2026,2026-08-15,5,1,1,0,0,34776,110400,223560,7957,19260,35847
230 Fifth,2026,2026-08-16,6,1,0,0,0,10867,38640,93150,3892,8812,16358
230 Fifth,2026,2026-08-17,0,1,0,0,0,10867,38640,93150,3892,8812,16358
230 Fifth,2026,2026-08-18,1,1,0,0,0,10867,38640,93150,3892,8812,16358
230 Fifth,2026,2026-08-19,2,1,0,0,0,10867,38640,93150,3892,8812,16358
230 Fifth,2026,2026-08-20,3,1,0,0,0,10867,38640,93150,3892,8812,16358
230 Fifth,2026,2026-08-21,4,1,1,0,0,34776,110400,223560,7957,19260,35847
230 Fifth,2026,2026-08-22,5,1,1,0,0,34776,110400,223560,7957,19260,35847
230 Fifth,2026,2026-08-23,6,1,0,0,0,10867,38640,93150,3892,8812,16358
230 Fifth,2026,2026-08-24,0,1,0,0,0,10867,38640,93150,3892,8812,16358
230 Fifth,2026,2026-08-25,1,1,0,0,0,10867,38640,93150,3892,8812,16358
230 Fifth,2026,2026-08-26,2,1,0,0,0,10867,38640,93150,3892,8812,16358
230 Fifth,2026,2026-08-27,3,1,0,0,0,10867,38640,93150,3892,8812,16358
230 Fifth,2026,2026-08-28,4,1,1,0,0,34776,110400,223560,7957,19260,35847
230 Fifth,2026,2026-08-29,5,1,1,0,0,34776,110400,223560,7957,19260,35847
230 Fifth,2026,2026-08-30,6,1,0,0,0,10867,38640,93150,3892,8812,16358
230 Fifth,2026,2026-08-31,0,1,0,0,0,10867,38640,93150,3892,8812,16358
230 Fifth,2026,2026-09-01,1,1,0,0,0,10867,38640,93150,3892,8812,16358
230 Fifth,2026,2026-09-02,2,1,0,0,0,10867,38640,93150,3892,8812,16358
230 Fifth,2026,2026-09-03,3,1,0,0,0,10867,38640,93150,3892,8812,16358
230 Fifth,2026,2026-09-04,4,1,1,0,0,34776,110400,223560,7957,19260,35847
230 Fifth,2026,2026-09-05,5,1,1,0,0,34776,110400,223560,7957,19260,35847
230 Fifth,2026,2026-09-06,6,1,1,1,0,34776,110400,223560,7957,19260,35847
230 Fifth,2026,2026-09-07,0,1,1,1,0,34776,110400,223560,7957,19260,35847
230 Fifth,2026,2026-09-08,1,1,0,0,0,10867,38640,93150,3892,8812,16358
230 Fifth,2026,2026-09-09,2,1,0,0,0,10867,38640,93150,3892,8812,16358
230 Fifth,2026,2026-09-10,3,1,0,0,0,10867,38640,93150,3892,8812,16358
230 Fifth,2026,2026-09-11,4,1,1,0,0,34776,110400,223560,7957,19260,35847
230 Fifth,2026,2026-09-12,5,1,1,0,0,34776,110400,223560,7957,19260,35847
230 Fifth,2026,2026-09-13,6,1,0,0,0,10867,38640,93150,3892,8812,16358
230 Fifth,2026,2026-09-14,0,1,0,0,0,10867,38640,93150,3892,8812,16358
230 Fifth,2026,2026-09-15,1,1,1,0,1,34776,110400,223560,7957,19260,35847
Elsewhere Rooftop,2025,2025-05-01,3,1,1,0,1,9660,29325,60375,4108,9189,17211
Elsewhere Rooftop,2025,2025-05-02,4,1,1,0,0,9660,29325,60375,4108,9189,17211
Elsewhere Rooftop,2025,2025-05-03,5,1,1,0,0,9660,29325,60375,4108,9189,17211
Elsewhere Rooftop,2025,2025-05-04,6,1,0,0,0,3312,11644,28980,1884,3942,7247
Elsewhere Rooftop,2025,2025-05-05,0,0,0,0,0,0,0,0,0,0,0
Elsewhere Rooftop,2025,2025-05-06,1,0,0,0,0,0,0,0,0,0,0
Elsewhere Rooftop,2025,2025-05-07,2,0,0,0,0,0,0,0,0,0,0
Elsewhere Rooftop,2025,2025-05-08,3,1,0,0,0,3312,11644,28980,1884,3942,7247
Elsewhere Rooftop,2025,2025-05-09,4,1,1,0,0,9660,29325,60375,4108,9189,17211
Elsewhere Rooftop,2025,2025-05-10,5,1,1,0,0,9660,29325,60375,4108,9189,17211
Elsewhere Rooftop,2025,2025-05-11,6,1,0,0,0,3312,11644,28980,1884,3942,7247
Elsewhere Rooftop,2025,2025-05-12,0,0,0,0,0,0,0,0,0,0,0
Elsewhere Rooftop,2025,2025-05-13,1,0,0,0,0,0,0,0,0,0,0
Elsewhere Rooftop,2025,2025-05-14,2,0,0,0,0,0,0,0,0,0,0
Elsewhere Rooftop,2025,2025-05-15,3,1,0,0,0,3312,11644,28980,1884,3942,7247
Elsewhere Rooftop,2025,2025-05-16,4,1,1,0,0,9660,29325,60375,4108,9189,17211
Elsewhere Rooftop,2025,2025-05-17,5,1,1,0,0,9660,29325,60375,4108,9189,17211
Elsewhere Rooftop,2025,2025-05-18,6,1,0,0,0,3312,11644,28980,1884,3942,7247
Elsewhere Rooftop,2025,2025-05-19,0,0,0,0,0,0,0,0,0,0,0
Elsewhere Rooftop,2025,2025-05-20,1,0,0,0,0,0,0,0,0,0,0
Elsewhere Rooftop,2025,2025-05-21,2,0,0,0,0,0,0,0,0,0,0
Elsewhere Rooftop,2025,2025-05-22,3,1,0,0,0,3312,11644,28980,1884,3942,7247
Elsewhere Rooftop,2025,2025-05-23,4,1,1,0,0,9660,29325,60375,4108,9189,17211
Elsewhere Rooftop,2025,2025-05-24,5,1,1,0,0,9660,29325,60375,4108,9189,17211
Elsewhere Rooftop,2025,2025-05-25,6,1,1,1,0,9660,29325,60375,4108,9189,17211
Elsewhere Rooftop,2025,2025-05-26,0,0,0,1,0,0,0,0,0,0,0
Elsewhere Rooftop,2025,2025-05-27,1,0,0,0,0,0,0,0,0,0,0
Elsewhere Rooftop,2025,2025-05-28,2,0,0,0,0,0,0,0,0,0,0
Elsewhere Rooftop,2025,2025-05-29,3,1,0,0,0,3312,11644,28980,1884,3942,7247
Elsewhere Rooftop,2025,2025-05-30,4,1,1,0,0,9660,29325,60375,4108,9189,17211
Elsewhere Rooftop,2025,2025-05-31,5,1,1,0,0,9660,29325,60375,4108,9189,17211
Elsewhere Rooftop,2025,2025-06-01,6,1,0,0,0,3312,11644,28980,1884,3942,7247
Elsewhere Rooftop,2025,2025-06-02,0,0,0,0,0,0,0,0,0,0,0
Elsewhere Rooftop,2025,2025-06-03,1,0,0,0,0,0,0,0,0,0,0
Elsewhere Rooftop,2025,2025-06-04,2,0,0,0,0,0,0,0,0,0,0
Elsewhere Rooftop,2025,2025-06-05,3,1,0,0,0,3312,11644,28980,1884,3942,7247
Elsewhere Rooftop,2025,2025-06-06,4,1,1,0,0,9660,29325,60375,4108,9189,17211
Elsewhere Rooftop,2025,2025-06-07,5,1,1,0,0,9660,29325,60375,4108,9189,17211
Elsewhere Rooftop,2025,2025-06-08,6,1,0,0,0,3312,11644,28980,1884,3942,7247
Elsewhere Rooftop,2025,2025-06-09,0,0,0,0,0,0,0,0,0,0,0
Elsewhere Rooftop,2025,2025-06-10,1,0,0,0,0,0,0,0,0,0,0
Elsewhere Rooftop,2025,2025-06-11,2,0,0,0,0,0,0,0,0,0,0
Elsewhere Rooftop,2025,2025-06-12,3,1,0,0,0,3312,11644,28980,1884,3942,7247
Elsewhere Rooftop,2025,2025-06-13,4,1,1,0,0,9660,29325,60375,4108,9189,17211
Elsewhere Rooftop,2025,2025-06-14,5,1,1,0,0,9660,29325,60375,4108,9189,17211
Elsewhere Rooftop,2025,2025-06-15,6,1,0,0,0,3312,11644,28980,1884,3942,7247
Elsewhere Rooftop,2025,2025-06-16,0,0,0,0,0,0,0,0,0,0,0
Elsewhere Rooftop,2025,2025-06-17,1,0,0,0,0,0,0,0,0,0,0
Elsewhere Rooftop,2025,2025-06-18,2,0,0,0,0,0,0,0,0,0,0
Elsewhere Rooftop,2025,2025-06-19,3,1,0,0,0,3312,11644,28980,1884,3942,7247
Elsewhere Rooftop,2025,2025-06-20,4,1,1,0,0,9660,29325,60375,4108,9189,17211
Elsewhere Rooftop,2025,2025-06-21,5,1,1,0,0,9660,29325,60375,4108,9189,17211
Elsewhere Rooftop,2025,2025-06-22,6,1,0,0,0,3312,11644,28980,1884,3942,7247
Elsewhere Rooftop,2025,2025-06-23,0,0,0,0,0,0,0,0,0,0,0
Elsewhere Rooftop,2025,2025-06-24,1,0,0,0,0,0,0,0,0,0,0
Elsewhere Rooftop,2025,2025-06-25,2,0,0,0,0,0,0,0,0,0,0
Elsewhere Rooftop,2025,2025-06-26,3,1,0,0,0,3312,11644,28980,1884,3942,7247
Elsewhere Rooftop,2025,2025-06-27,4,1,1,0,0,9660,29325,60375,4108,9189,17211
Elsewhere Rooftop,2025,2025-06-28,5,1,1,0,0,9660,29325,60375,4108,9189,17211
Elsewhere Rooftop,2025,2025-06-29,6,1,0,0,0,3312,11644,28980,1884,3942,7247
Elsewhere Rooftop,2025,2025-06-30,0,0,0,0,0,0,0,0,0,0,0
Elsewhere Rooftop,2025,2025-07-01,1,0,0,0,0,0,0,0,0,0,0
Elsewhere Rooftop,2025,2025-07-02,2,0,0,0,0,0,0,0,0,0,0
Elsewhere Rooftop,2025,2025-07-03,3,1,1,1,0,9660,29325,60375,4108,9189,17211
Elsewhere Rooftop,2025,2025-07-04,4,1,1,1,0,9660,29325,60375,4108,9189,17211
Elsewhere Rooftop,2025,2025-07-05,5,1,1,0,0,9660,29325,60375,4108,9189,17211
Elsewhere Rooftop,2025,2025-07-06,6,1,0,0,0,3312,11644,28980,1884,3942,7247
Elsewhere Rooftop,2025,2025-07-07,0,0,0,0,0,0,0,0,0,0,0
Elsewhere Rooftop,2025,2025-07-08,1,0,0,0,0,0,0,0,0,0,0
Elsewhere Rooftop,2025,2025-07-09,2,0,0,0,0,0,0,0,0,0,0
Elsewhere Rooftop,2025,2025-07-10,3,1,0,0,0,3312,11644,28980,1884,3942,7247
Elsewhere Rooftop,2025,2025-07-11,4,1,1,0,0,9660,29325,60375,4108,9189,17211
Elsewhere Rooftop,2025,2025-07-12,5,1,1,0,0,9660,29325,60375,4108,9189,17211
Elsewhere Rooftop,2025,2025-07-13,6,1,0,0,0,3312,11644,28980,1884,3942,7247
Elsewhere Rooftop,2025,2025-07-14,0,0,0,0,0,0,0,0,0,0,0
Elsewhere Rooftop,2025,2025-07-15,1,0,0,0,0,0,0,0,0,0,0
Elsewhere Rooftop,2025,2025-07-16,2,0,0,0,0,0,0,0,0,0,0
Elsewhere Rooftop,2025,2025-07-17,3,1,0,0,0,3312,11644,28980,1884,3942,7247
Elsewhere Rooftop,2025,2025-07-18,4,1,1,0,0,9660,29325,60375,4108,9189,17211
Elsewhere Rooftop,2025,2025-07-19,5,1,1,0,0,9660,29325,60375,4108,9189,17211
Elsewhere Rooftop,2025,2025-07-20,6,1,0,0,0,3312,11644,28980,1884,3942,7247
Elsewhere Rooftop,2025,2025-07-21,0,0,0,0,0,0,0,0,0,0,0
Elsewhere Rooftop,2025,2025-07-22,1,0,0,0,0,0,0,0,0,0,0
Elsewhere Rooftop,2025,2025-07-23,2,0,0,0,0,0,0,0,0,0,0
Elsewhere Rooftop,2025,2025-07-24,3,1,0,0,0,3312,11644,28980,1884,3942,7247
Elsewhere Rooftop,2025,2025-07-25,4,1,1,0,0,9660,29325,60375,4108,9189,17211
Elsewhere Rooftop,2025,2025-07-26,5,1,1,0,0,9660,29325,60375,4108,9189,17211
Elsewhere Rooftop,2025,2025-07-27,6,1,0,0,0,3312,11644,28980,1884,3942,7247
Elsewhere Rooftop,2025,2025-07-28,0,0,0,0,0,0,0,0,0,0,0
Elsewhere Rooftop,2025,2025-07-29,1,0,0,0,0,0,0,0,0,0,0
Elsewhere Rooftop,2025,2025-07-30,2,0,0,0,0,0,0,0,0,0,0
Elsewhere Rooftop,2025,2025-07-31,3,1,0,0,0,3312,11644,28980,1884,3942,7247
Elsewhere Rooftop,2025,2025-08-01,4,1,1,0,0,9660,29325,60375,4108,9189,17211
Elsewhere Rooftop,2025,2025-08-02,5,1,1,0,0,9660,29325,60375,4108,9189,17211
Elsewhere Rooftop,2025,2025-08-03,6,1,0,0,0,3312,11644,28980,1884,3942,7247
Elsewhere Rooftop,2025,2025-08-04,0,0,0,0,0,0,0,0,0,0,0
Elsewhere Rooftop,2025,2025-08-05,1,0,0,0,0,0,0,0,0,0,0
Elsewhere Rooftop,2025,2025-08-06,2,0,0,0,0,0,0,0,0,0,0
Elsewhere Rooftop,2025,2025-08-07,3,1,0,0,0,3312,11644,28980,1884,3942,7247
Elsewhere Rooftop,2025,2025-08-08,4,1,1,0,0,9660,29325,60375,4108,9189,17211
Elsewhere Rooftop,2025,2025-08-09,5,1,1,0,0,9660,29325,60375,4108,9189,17211
Elsewhere Rooftop,2025,2025-08-10,6,1,0,0,0,3312,11644,28980,1884,3942,7247
Elsewhere Rooftop,2025,2025-08-11,0,0,0,0,0,0,0,0,0,0,0
Elsewhere Rooftop,2025,2025-08-12,1,0,0,0,0,0,0,0,0,0,0
Elsewhere Rooftop,2025,2025-08-13,2,0,0,0,0,0,0,0,0,0,0
Elsewhere Rooftop,2025,2025-08-14,3,1,0,0,0,3312,11644,28980,1884,3942,7247
Elsewhere Rooftop,2025,2025-08-15,4,1,1,0,0,9660,29325,60375,4108,9189,17211
Elsewhere Rooftop,2025,2025-08-16,5,1,1,0,0,9660,29325,60375,4108,9189,17211
Elsewhere Rooftop,2025,2025-08-17,6,1,0,0,0,3312,11644,28980,1884,3942,7247
Elsewhere Rooftop,2025,2025-08-18,0,0,0,0,0,0,0,0,0,0,0
Elsewhere Rooftop,2025,2025-08-19,1,0,0,0,0,0,0,0,0,0,0
Elsewhere Rooftop,2025,2025-08-20,2,0,0,0,0,0,0,0,0,0,0
Elsewhere Rooftop,2025,2025-08-21,3,1,0,0,0,3312,11644,28980,1884,3942,7247
Elsewhere Rooftop,2025,2025-08-22,4,1,1,0,0,9660,29325,60375,4108,9189,17211
Elsewhere Rooftop,2025,2025-08-23,5,1,1,0,0,9660,29325,60375,4108,9189,17211
Elsewhere Rooftop,2025,2025-08-24,6,1,0,0,0,3312,11644,28980,1884,3942,7247
Elsewhere Rooftop,2025,2025-08-25,0,0,0,0,0,0,0,0,0,0,0
Elsewhere Rooftop,2025,2025-08-26,1,0,0,0,0,0,0,0,0,0,0
Elsewhere Rooftop,2025,2025-08-27,2,0,0,0,0,0,0,0,0,0,0
Elsewhere Rooftop,2025,2025-08-28,3,1,0,0,0,3312,11644,28980,1884,3942,7247
Elsewhere Rooftop,2025,2025-08-29,4,1,1,0,0,9660,29325,60375,4108,9189,17211
Elsewhere Rooftop,2025,2025-08-30,5,1,1,0,0,9660,29325,60375,4108,9189,17211
Elsewhere Rooftop,2025,2025-08-31,6,1,1,1,0,9660,29325,60375,4108,9189,17211
Elsewhere Rooftop,2025,2025-09-01,0,0,0,1,0,0,0,0,0,0,0
Elsewhere Rooftop,2025,2025-09-02,1,0,0,0,0,0,0,0,0,0,0
Elsewhere Rooftop,2025,2025-09-03,2,0,0,0,0,0,0,0,0,0,0
Elsewhere Rooftop,2025,2025-09-04,3,1,0,0,0,3312,11644,28980,1884,3942,7247
Elsewhere Rooftop,2025,2025-09-05,4,1,1,0,0,9660,29325,60375,4108,9189,17211
Elsewhere Rooftop,2025,2025-09-06,5,1,1,0,0,9660,29325,60375,4108,9189,17211
Elsewhere Rooftop,2025,2025-09-07,6,1,0,0,0,3312,11644,28980,1884,3942,7247
Elsewhere Rooftop,2025,2025-09-08,0,0,0,0,0,0,0,0,0,0,0
Elsewhere Rooftop,2025,2025-09-09,1,0,0,0,0,0,0,0,0,0,0
Elsewhere Rooftop,2025,2025-09-10,2,0,0,0,0,0,0,0,0,0,0
Elsewhere Rooftop,2025,2025-09-11,3,1,0,0,0,3312,11644,28980,1884,3942,7247
Elsewhere Rooftop,2025,2025-09-12,4,1,1,0,0,9660,29325,60375,4108,9189,17211
Elsewhere Rooftop,2025,2025-09-13,5,1,1,0,0,9660,29325,60375,4108,9189,17211
Elsewhere Rooftop,2025,2025-09-14,6,1,0,0,0,3312,11644,28980,1884,3942,7247
Elsewhere Rooftop,2025,2025-09-15,0,0,0,0,0,0,0,0,0,0,0
Elsewhere Rooftop,2025,2025-09-16,1,0,0,0,0,0,0,0,0,0,0
Elsewhere Rooftop,2025,2025-09-17,2,0,0,0,0,0,0,0,0,0,0
Elsewhere Rooftop,2025,2025-09-18,3,1,0,0,0,3312,11644,28980,1884,3942,7247
Elsewhere Rooftop,2025,2025-09-19,4,1,1,0,0,9660,29325,60375,4108,9189,17211
Elsewhere Rooftop,2025,2025-09-20,5,1,1,0,0,9660,29325,60375,4108,9189,17211
Elsewhere Rooftop,2025,2025-09-21,6,1,0,0,0,3312,11644,28980,1884,3942,7247
Elsewhere Rooftop,2025,2025-09-22,0,0,0,0,0,0,0,0,0,0,0
Elsewhere Rooftop,2025,2025-09-23,1,0,0,0,0,0,0,0,0,0,0
Elsewhere Rooftop,2025,2025-09-24,2,0,0,0,0,0,0,0,0,0,0
Elsewhere Rooftop,2025,2025-09-25,3,1,0,0,0,3312,11644,28980,1884,3942,7247
Elsewhere Rooftop,2025,2025-09-26,4,1,1,0,0,9660,29325,60375,4108,9189,17211
Elsewhere Rooftop,2025,2025-09-27,5,1,1,0,0,9660,29325,60375,4108,9189,17211
Elsewhere Rooftop,2025,2025-09-28,6,1,1,0,1,9660,29325,60375,4108,9189,17211
Elsewhere Rooftop,2025,2025-09-29,0,0,0,0,0,0,0,0,0,0,0
Elsewhere Rooftop,2025,2025-09-30,1,0,0,0,0,0,0,0,0,0,0
Elsewhere Rooftop,2026,2026-05-01,4,1,1,0,1,9660,29325,60375,4108,9189,17211
Elsewhere Rooftop,2026,2026-05-02,5,1,1,0,0,9660,29325,60375,4108,9189,17211
Elsewhere Rooftop,2026,2026-05-03,6,1,0,0,0,3312,11644,28980,1884,3942,7247
Elsewhere Rooftop,2026,2026-05-04,0,0,0,0,0,0,0,0,0,0,0
Elsewhere Rooftop,2026,2026-05-05,1,0,0,0,0,0,0,0,0,0,0
Elsewhere Rooftop,2026,2026-05-06,2,0,0,0,0,0,0,0,0,0,0
Elsewhere Rooftop,2026,2026-05-07,3,1,0,0,0,3312,11644,28980,1884,3942,7247
Elsewhere Rooftop,2026,2026-05-08,4,1,1,0,0,9660,29325,60375,4108,9189,17211
Elsewhere Rooftop,2026,2026-05-09,5,1,1,0,0,9660,29325,60375,4108,9189,17211
Elsewhere Rooftop,2026,2026-05-10,6,1,0,0,0,3312,11644,28980,1884,3942,7247
Elsewhere Rooftop,2026,2026-05-11,0,0,0,0,0,0,0,0,0,0,0
Elsewhere Rooftop,2026,2026-05-12,1,0,0,0,0,0,0,0,0,0,0
Elsewhere Rooftop,2026,2026-05-13,2,0,0,0,0,0,0,0,0,0,0
Elsewhere Rooftop,2026,2026-05-14,3,1,0,0,0,3312,11644,28980,1884,3942,7247
Elsewhere Rooftop,2026,2026-05-15,4,1,1,0,0,9660,29325,60375,4108,9189,17211
Elsewhere Rooftop,2026,2026-05-16,5,1,1,0,0,9660,29325,60375,4108,9189,17211
Elsewhere Rooftop,2026,2026-05-17,6,1,0,0,0,3312,11644,28980,1884,3942,7247
Elsewhere Rooftop,2026,2026-05-18,0,0,0,0,0,0,0,0,0,0,0
Elsewhere Rooftop,2026,2026-05-19,1,0,0,0,0,0,0,0,0,0,0
Elsewhere Rooftop,2026,2026-05-20,2,0,0,0,0,0,0,0,0,0,0
Elsewhere Rooftop,2026,2026-05-21,3,1,0,0,0,3312,11644,28980,1884,3942,7247
Elsewhere Rooftop,2026,2026-05-22,4,1,1,0,0,9660,29325,60375,4108,9189,17211
Elsewhere Rooftop,2026,2026-05-23,5,1,1,0,0,9660,29325,60375,4108,9189,17211
Elsewhere Rooftop,2026,2026-05-24,6,1,1,1,0,9660,29325,60375,4108,9189,17211
Elsewhere Rooftop,2026,2026-05-25,0,0,0,1,0,0,0,0,0,0,0
Elsewhere Rooftop,2026,2026-05-26,1,0,0,0,0,0,0,0,0,0,0
Elsewhere Rooftop,2026,2026-05-27,2,0,0,0,0,0,0,0,0,0,0
Elsewhere Rooftop,2026,2026-05-28,3,1,0,0,0,3312,11644,28980,1884,3942,7247
Elsewhere Rooftop,2026,2026-05-29,4,1,1,0,0,9660,29325,60375,4108,9189,17211
Elsewhere Rooftop,2026,2026-05-30,5,1,1,0,0,9660,29325,60375,4108,9189,17211
Elsewhere Rooftop,2026,2026-05-31,6,1,0,0,0,3312,11644,28980,1884,3942,7247
Elsewhere Rooftop,2026,2026-06-01,0,0,0,0,0,0,0,0,0,0,0
Elsewhere Rooftop,2026,2026-06-02,1,0,0,0,0,0,0,0,0,0,0
Elsewhere Rooftop,2026,2026-06-03,2,0,0,0,0,0,0,0,0,0,0
Elsewhere Rooftop,2026,2026-06-04,3,1,0,0,0,3312,11644,28980,1884,3942,7247
Elsewhere Rooftop,2026,2026-06-05,4,1,1,0,0,9660,29325,60375,4108,9189,17211
Elsewhere Rooftop,2026,2026-06-06,5,1,1,0,0,9660,29325,60375,4108,9189,17211
Elsewhere Rooftop,2026,2026-06-07,6,1,0,0,0,3312,11644,28980,1884,3942,7247
Elsewhere Rooftop,2026,2026-06-08,0,0,0,0,0,0,0,0,0,0,0
Elsewhere Rooftop,2026,2026-06-09,1,0,0,0,0,0,0,0,0,0,0
Elsewhere Rooftop,2026,2026-06-10,2,0,0,0,0,0,0,0,0,0,0
Elsewhere Rooftop,2026,2026-06-11,3,1,0,0,0,3312,11644,28980,1884,3942,7247
Elsewhere Rooftop,2026,2026-06-12,4,1,1,0,0,9660,29325,60375,4108,9189,17211
Elsewhere Rooftop,2026,2026-06-13,5,1,1,0,0,9660,29325,60375,4108,9189,17211
Elsewhere Rooftop,2026,2026-06-14,6,1,0,0,0,3312,11644,28980,1884,3942,7247
Elsewhere Rooftop,2026,2026-06-15,0,0,0,0,0,0,0,0,0,0,0
Elsewhere Rooftop,2026,2026-06-16,1,0,0,0,0,0,0,0,0,0,0
Elsewhere Rooftop,2026,2026-06-17,2,0,0,0,0,0,0,0,0,0,0
Elsewhere Rooftop,2026,2026-06-18,3,1,0,0,0,3312,11644,28980,1884,3942,7247
Elsewhere Rooftop,2026,2026-06-19,4,1,1,0,0,9660,29325,60375,4108,9189,17211
Elsewhere Rooftop,2026,2026-06-20,5,1,1,0,0,9660,29325,60375,4108,9189,17211
Elsewhere Rooftop,2026,2026-06-21,6,1,0,0,0,3312,11644,28980,1884,3942,7247
Elsewhere Rooftop,2026,2026-06-22,0,0,0,0,0,0,0,0,0,0,0
Elsewhere Rooftop,2026,2026-06-23,1,0,0,0,0,0,0,0,0,0,0
Elsewhere Rooftop,2026,2026-06-24,2,0,0,0,0,0,0,0,0,0,0
Elsewhere Rooftop,2026,2026-06-25,3,1,0,0,0,3312,11644,28980,1884,3942,7247
Elsewhere Rooftop,2026,2026-06-26,4,1,1,0,0,9660,29325,60375,4108,9189,17211
Elsewhere Rooftop,2026,2026-06-27,5,1,1,0,0,9660,29325,60375,4108,9189,17211
Elsewhere Rooftop,2026,2026-06-28,6,1,0,0,0,3312,11644,28980,1884,3942,7247
Elsewhere Rooftop,2026,2026-06-29,0,0,0,0,0,0,0,0,0,0,0
Elsewhere Rooftop,2026,2026-06-30,1,0,0,0,0,0,0,0,0,0,0
Elsewhere Rooftop,2026,2026-07-01,2,0,0,0,0,0,0,0,0,0,0
Elsewhere Rooftop,2026,2026-07-02,3,1,0,0,0,3312,11644,28980,1884,3942,7247
Elsewhere Rooftop,2026,2026-07-03,4,1,1,1,0,9660,29325,60375,4108,9189,17211
Elsewhere Rooftop,2026,2026-07-04,5,1,1,1,0,9660,29325,60375,4108,9189,17211
Elsewhere Rooftop,2026,2026-07-05,6,1,0,0,0,3312,11644,28980,1884,3942,7247
Elsewhere Rooftop,2026,2026-07-06,0,0,0,0,0,0,0,0,0,0,0
Elsewhere Rooftop,2026,2026-07-07,1,0,0,0,0,0,0,0,0,0,0
Elsewhere Rooftop,2026,2026-07-08,2,0,0,0,0,0,0,0,0,0,0
Elsewhere Rooftop,2026,2026-07-09,3,1,0,0,0,3312,11644,28980,1884,3942,7247
Elsewhere Rooftop,2026,2026-07-10,4,1,1,0,0,9660,29325,60375,4108,9189,17211
Elsewhere Rooftop,2026,2026-07-11,5,1,1,0,0,9660,29325,60375,4108,9189,17211
Elsewhere Rooftop,2026,2026-07-12,6,1,0,0,0,3312,11644,28980,1884,3942,7247
Elsewhere Rooftop,2026,2026-07-13,0,0,0,0,0,0,0,0,0,0,0
Elsewhere Rooftop,2026,2026-07-14,1,0,0,0,0,0,0,0,0,0,0
Elsewhere Rooftop,2026,2026-07-15,2,0,0,0,0,0,0,0,0,0,0
Elsewhere Rooftop,2026,2026-07-16,3,1,0,0,0,3312,11644,28980,1884,3942,7247
Elsewhere Rooftop,2026,2026-07-17,4,1,1,0,0,9660,29325,60375,4108,9189,17211
Elsewhere Rooftop,2026,2026-07-18,5,1,1,0,0,9660,29325,60375,4108,9189,17211
Elsewhere Rooftop,2026,2026-07-19,6,1,0,0,0,3312,11644,28980,1884,3942,7247
Elsewhere Rooftop,2026,2026-07-20,0,0,0,0,0,0,0,0,0,0,0
Elsewhere Rooftop,2026,2026-07-21,1,0,0,0,0,0,0,0,0,0,0
Elsewhere Rooftop,2026,2026-07-22,2,0,0,0,0,0,0,0,0,0,0
Elsewhere Rooftop,2026,2026-07-23,3,1,0,0,0,3312,11644,28980,1884,3942,7247
Elsewhere Rooftop,2026,2026-07-24,4,1,1,0,0,9660,29325,60375,4108,9189,17211
Elsewhere Rooftop,2026,2026-07-25,5,1,1,0,0,9660,29325,60375,4108,9189,17211
Elsewhere Rooftop,2026,2026-07-26,6,1,0,0,0,3312,11644,28980,1884,3942,7247
Elsewhere Rooftop,2026,2026-07-27,0,0,0,0,0,0,0,0,0,0,0
Elsewhere Rooftop,2026,2026-07-28,1,0,0,0,0,0,0,0,0,0,0
Elsewhere Rooftop,2026,2026-07-29,2,0,0,0,0,0,0,0,0,0,0
Elsewhere Rooftop,2026,2026-07-30,3,1,0,0,0,3312,11644,28980,1884,3942,7247
Elsewhere Rooftop,2026,2026-07-31,4,1,1,0,0,9660,29325,60375,4108,9189,17211
Elsewhere Rooftop,2026,2026-08-01,5,1,1,0,0,9660,29325,60375,4108,9189,17211
Elsewhere Rooftop,2026,2026-08-02,6,1,0,0,0,3312,11644,28980,1884,3942,7247
Elsewhere Rooftop,2026,2026-08-03,0,0,0,0,0,0,0,0,0,0,0
Elsewhere Rooftop,2026,2026-08-04,1,0,0,0,0,0,0,0,0,0,0
Elsewhere Rooftop,2026,2026-08-05,2,0,0,0,0,0,0,0,0,0,0
Elsewhere Rooftop,2026,2026-08-06,3,1,0,0,0,3312,11644,28980,1884,3942,7247
Elsewhere Rooftop,2026,2026-08-07,4,1,1,0,0,9660,29325,60375,4108,9189,17211
Elsewhere Rooftop,2026,2026-08-08,5,1,1,0,0,9660,29325,60375,4108,9189,17211
Elsewhere Rooftop,2026,2026-08-09,6,1,0,0,0,3312,11644,28980,1884,3942,7247
Elsewhere Rooftop,2026,2026-08-10,0,0,0,0,0,0,0,0,0,0,0
Elsewhere Rooftop,2026,2026-08-11,1,0,0,0,0,0,0,0,0,0,0
Elsewhere Rooftop,2026,2026-08-12,2,0,0,0,0,0,0,0,0,0,0
Elsewhere Rooftop,2026,2026-08-13,3,1,0,0,0,3312,11644,28980,1884,3942,7247
Elsewhere Rooftop,2026,2026-08-14,4,1,1,0,0,9660,29325,60375,4108,9189,17211
Elsewhere Rooftop,2026,2026-08-15,5,1,1,0,0,9660,29325,60375,4108,9189,17211
Elsewhere Rooftop,2026,2026-08-16,6,1,0,0,0,3312,11644,28980,1884,3942,7247
Elsewhere Rooftop,2026,2026-08-17,0,0,0,0,0,0,0,0,0,0,0
Elsewhere Rooftop,2026,2026-08-18,1,0,0,0,0,0,0,0,0,0,0
Elsewhere Rooftop,2026,2026-08-19,2,0,0,0,0,0,0,0,0,0,0
Elsewhere Rooftop,2026,2026-08-20,3,1,0,0,0,3312,11644,28980,1884,3942,7247
Elsewhere Rooftop,2026,2026-08-21,4,1,1,0,0,9660,29325,60375,4108,9189,17211
Elsewhere Rooftop,2026,2026-08-22,5,1,1,0,0,9660,29325,60375,4108,9189,17211
Elsewhere Rooftop,2026,2026-08-23,6,1,0,0,0,3312,11644,28980,1884,3942,7247
Elsewhere Rooftop,2026,2026-08-24,0,0,0,0,0,0,0,0,0,0,0
Elsewhere Rooftop,2026,2026-08-25,1,0,0,0,0,0,0,0,0,0,0
Elsewhere Rooftop,2026,2026-08-26,2,0,0,0,0,0,0,0,0,0,0
Elsewhere Rooftop,2026,2026-08-27,3,1,0,0,0,3312,11644,28980,1884,3942,7247
Elsewhere Rooftop,2026,2026-08-28,4,1,1,0,0,9660,29325,60375,4108,9189,17211
Elsewhere Rooftop,2026,2026-08-29,5,1,1,0,0,9660,29325,60375,4108,9189,17211
Elsewhere Rooftop,2026,2026-08-30,6,1,0,0,0,3312,11644,28980,1884,3942,7247
Elsewhere Rooftop,2026,2026-08-31,0,0,0,0,0,0,0,0,0,0,0
Elsewhere Rooftop,2026,2026-09-01,1,0,0,0,0,0,0,0,0,0,0
Elsewhere Rooftop,2026,2026-09-02,2,0,0,0,0,0,0,0,0,0,0
Elsewhere Rooftop,2026,2026-09-03,3,1,0,0,0,3312,11644,28980,1884,3942,7247
Elsewhere Rooftop,2026,2026-09-04,4,1,1,0,0,9660,29325,60375,4108,9189,17211
Elsewhere Rooftop,2026,2026-09-05,5,1,1,0,0,9660,29325,60375,4108,9189,17211
Elsewhere Rooftop,2026,2026-09-06,6,1,1,1,0,9660,29325,60375,4108,9189,17211
Elsewhere Rooftop,2026,2026-09-07,0,0,0,1,0,0,0,0,0,0,0
Elsewhere Rooftop,2026,2026-09-08,1,0,0,0,0,0,0,0,0,0,0
Elsewhere Rooftop,2026,2026-09-09,2,0,0,0,0,0,0,0,0,0,0
Elsewhere Rooftop,2026,2026-09-10,3,1,0,0,0,3312,11644,28980,1884,3942,7247
Elsewhere Rooftop,2026,2026-09-11,4,1,1,0,0,9660,29325,60375,4108,9189,17211
Elsewhere Rooftop,2026,2026-09-12,5,1,1,0,0,9660,29325,60375,4108,9189,17211
Elsewhere Rooftop,2026,2026-09-13,6,1,1,0,1,9660,29325,60375,4108,9189,17211
Elsewhere Rooftop,2026,2026-09-14,0,0,0,0,0,0,0,0,0,0,0
Elsewhere Rooftop,2026,2026-09-15,1,0,0,0,0,0,0,0,0,0,0
The Rooftop at Pier 17,2025,2025-05-01,3,1,1,0,1,116599,282948,392910,41405,103364,202039
The Rooftop at Pier 17,2025,2025-05-02,4,1,1,0,0,116599,282948,392910,41405,103364,202039
The Rooftop at Pier 17,2025,2025-05-03,5,1,1,0,0,116599,282948,392910,41405,103364,202039
The Rooftop at Pier 17,2025,2025-05-04,6,1,0,0,0,116599,282948,392910,41405,103364,202039
The Rooftop at Pier 17,2025,2025-05-05,0,0,0,0,0,0,0,0,0,0,0
The Rooftop at Pier 17,2025,2025-05-06,1,0,0,0,0,0,0,0,0,0,0
The Rooftop at Pier 17,2025,2025-05-07,2,0,0,0,0,0,0,0,0,0,0
The Rooftop at Pier 17,2025,2025-05-08,3,1,0,0,0,116599,282948,392910,41405,103364,202039
The Rooftop at Pier 17,2025,2025-05-09,4,1,1,0,0,116599,282948,392910,41405,103364,202039
The Rooftop at Pier 17,2025,2025-05-10,5,1,1,0,0,116599,282948,392910,41405,103364,202039
The Rooftop at Pier 17,2025,2025-05-11,6,1,0,0,0,116599,282948,392910,41405,103364,202039
The Rooftop at Pier 17,2025,2025-05-12,0,0,0,0,0,0,0,0,0,0,0
The Rooftop at Pier 17,2025,2025-05-13,1,0,0,0,0,0,0,0,0,0,0
The Rooftop at Pier 17,2025,2025-05-14,2,0,0,0,0,0,0,0,0,0,0
The Rooftop at Pier 17,2025,2025-05-15,3,1,0,0,0,116599,282948,392910,41405,103364,202039
The Rooftop at Pier 17,2025,2025-05-16,4,1,1,0,0,116599,282948,392910,41405,103364,202039
The Rooftop at Pier 17,2025,2025-05-17,5,1,1,0,0,116599,282948,392910,41405,103364,202039
The Rooftop at Pier 17,2025,2025-05-18,6,1,0,0,0,116599,282948,392910,41405,103364,202039
The Rooftop at Pier 17,2025,2025-05-19,0,0,0,0,0,0,0,0,0,0,0
The Rooftop at Pier 17,2025,2025-05-20,1,0,0,0,0,0,0,0,0,0,0
The Rooftop at Pier 17,2025,2025-05-21,2,0,0,0,0,0,0,0,0,0,0
The Rooftop at Pier 17,2025,2025-05-22,3,1,0,0,0,116599,282948,392910,41405,103364,202039
The Rooftop at Pier 17,2025,2025-05-23,4,1,1,0,0,116599,282948,392910,41405,103364,202039
The Rooftop at Pier 17,2025,2025-05-24,5,1,1,0,0,116599,282948,392910,41405,103364,202039
The Rooftop at Pier 17,2025,2025-05-25,6,1,1,1,0,116599,282948,392910,41405,103364,202039
The Rooftop at Pier 17,2025,2025-05-26,0,0,0,1,0,0,0,0,0,0,0
The Rooftop at Pier 17,2025,2025-05-27,1,0,0,0,0,0,0,0,0,0,0
The Rooftop at Pier 17,2025,2025-05-28,2,0,0,0,0,0,0,0,0,0,0
The Rooftop at Pier 17,2025,2025-05-29,3,1,0,0,0,116599,282948,392910,41405,103364,202039
The Rooftop at Pier 17,2025,2025-05-30,4,1,1,0,0,116599,282948,392910,41405,103364,202039
The Rooftop at Pier 17,2025,2025-05-31,5,1,1,0,0,116599,282948,392910,41405,103364,202039
The Rooftop at Pier 17,2025,2025-06-01,6,1,0,0,0,116599,282948,392910,41405,103364,202039
The Rooftop at Pier 17,2025,2025-06-02,0,0,0,0,0,0,0,0,0,0,0
The Rooftop at Pier 17,2025,2025-06-03,1,0,0,0,0,0,0,0,0,0,0
The Rooftop at Pier 17,2025,2025-06-04,2,0,0,0,0,0,0,0,0,0,0
The Rooftop at Pier 17,2025,2025-06-05,3,1,0,0,0,116599,282948,392910,41405,103364,202039
The Rooftop at Pier 17,2025,2025-06-06,4,1,1,0,0,116599,282948,392910,41405,103364,202039
The Rooftop at Pier 17,2025,2025-06-07,5,1,1,0,0,116599,282948,392910,41405,103364,202039
The Rooftop at Pier 17,2025,2025-06-08,6,1,0,0,0,116599,282948,392910,41405,103364,202039
The Rooftop at Pier 17,2025,2025-06-09,0,0,0,0,0,0,0,0,0,0,0
The Rooftop at Pier 17,2025,2025-06-10,1,0,0,0,0,0,0,0,0,0,0
The Rooftop at Pier 17,2025,2025-06-11,2,0,0,0,0,0,0,0,0,0,0
The Rooftop at Pier 17,2025,2025-06-12,3,1,0,0,0,116599,282948,392910,41405,103364,202039
The Rooftop at Pier 17,2025,2025-06-13,4,1,1,0,0,116599,282948,392910,41405,103364,202039
The Rooftop at Pier 17,2025,2025-06-14,5,1,1,0,0,116599,282948,392910,41405,103364,202039
The Rooftop at Pier 17,2025,2025-06-15,6,1,0,0,0,116599,282948,392910,41405,103364,202039
The Rooftop at Pier 17,2025,2025-06-16,0,0,0,0,0,0,0,0,0,0,0
The Rooftop at Pier 17,2025,2025-06-17,1,0,0,0,0,0,0,0,0,0,0
The Rooftop at Pier 17,2025,2025-06-18,2,0,0,0,0,0,0,0,0,0,0
The Rooftop at Pier 17,2025,2025-06-19,3,1,0,0,0,116599,282948,392910,41405,103364,202039
The Rooftop at Pier 17,2025,2025-06-20,4,1,1,0,0,116599,282948,392910,41405,103364,202039
The Rooftop at Pier 17,2025,2025-06-21,5,1,1,0,0,116599,282948,392910,41405,103364,202039
The Rooftop at Pier 17,2025,2025-06-22,6,1,0,0,0,116599,282948,392910,41405,103364,202039
The Rooftop at Pier 17,2025,2025-06-23,0,0,0,0,0,0,0,0,0,0,0
The Rooftop at Pier 17,2025,2025-06-24,1,0,0,0,0,0,0,0,0,0,0
The Rooftop at Pier 17,2025,2025-06-25,2,0,0,0,0,0,0,0,0,0,0
The Rooftop at Pier 17,2025,2025-06-26,3,1,0,0,0,116599,282948,392910,41405,103364,202039
The Rooftop at Pier 17,2025,2025-06-27,4,1,1,0,0,116599,282948,392910,41405,103364,202039
The Rooftop at Pier 17,2025,2025-06-28,5,1,1,0,0,116599,282948,392910,41405,103364,202039
The Rooftop at Pier 17,2025,2025-06-29,6,1,0,0,0,116599,282948,392910,41405,103364,202039
The Rooftop at Pier 17,2025,2025-06-30,0,0,0,0,0,0,0,0,0,0,0
The Rooftop at Pier 17,2025,2025-07-01,1,0,0,0,0,0,0,0,0,0,0
The Rooftop at Pier 17,2025,2025-07-02,2,0,0,0,0,0,0,0,0,0,0
The Rooftop at Pier 17,2025,2025-07-03,3,1,1,1,0,116599,282948,392910,41405,103364,202039
The Rooftop at Pier 17,2025,2025-07-04,4,1,1,1,0,116599,282948,392910,41405,103364,202039
The Rooftop at Pier 17,2025,2025-07-05,5,1,1,0,0,116599,282948,392910,41405,103364,202039
The Rooftop at Pier 17,2025,2025-07-06,6,1,0,0,0,116599,282948,392910,41405,103364,202039
The Rooftop at Pier 17,2025,2025-07-07,0,0,0,0,0,0,0,0,0,0,0
The Rooftop at Pier 17,2025,2025-07-08,1,0,0,0,0,0,0,0,0,0,0
The Rooftop at Pier 17,2025,2025-07-09,2,0,0,0,0,0,0,0,0,0,0
The Rooftop at Pier 17,2025,2025-07-10,3,1,0,0,0,116599,282948,392910,41405,103364,202039
The Rooftop at Pier 17,2025,2025-07-11,4,1,1,0,0,116599,282948,392910,41405,103364,202039
The Rooftop at Pier 17,2025,2025-07-12,5,1,1,0,0,116599,282948,392910,41405,103364,202039
The Rooftop at Pier 17,2025,2025-07-13,6,1,0,0,0,116599,282948,392910,41405,103364,202039
The Rooftop at Pier 17,2025,2025-07-14,0,0,0,0,0,0,0,0,0,0,0
The Rooftop at Pier 17,2025,2025-07-15,1,0,0,0,0,0,0,0,0,0,0
The Rooftop at Pier 17,2025,2025-07-16,2,0,0,0,0,0,0,0,0,0,0
The Rooftop at Pier 17,2025,2025-07-17,3,1,0,0,0,116599,282948,392910,41405,103364,202039
The Rooftop at Pier 17,2025,2025-07-18,4,1,1,0,0,116599,282948,392910,41405,103364,202039
The Rooftop at Pier 17,2025,2025-07-19,5,1,1,0,0,116599,282948,392910,41405,103364,202039
The Rooftop at Pier 17,2025,2025-07-20,6,1,0,0,0,116599,282948,392910,41405,103364,202039
The Rooftop at Pier 17,2025,2025-07-21,0,0,0,0,0,0,0,0,0,0,0
The Rooftop at Pier 17,2025,2025-07-22,1,0,0,0,0,0,0,0,0,0,0
The Rooftop at Pier 17,2025,2025-07-23,2,0,0,0,0,0,0,0,0,0,0
The Rooftop at Pier 17,2025,2025-07-24,3,1,0,0,0,116599,282948,392910,41405,103364,202039
The Rooftop at Pier 17,2025,2025-07-25,4,1,1,0,0,116599,282948,392910,41405,103364,202039
The Rooftop at Pier 17,2025,2025-07-26,5,1,1,0,0,116599,282948,392910,41405,103364,202039
The Rooftop at Pier 17,2025,2025-07-27,6,1,0,0,0,116599,282948,392910,41405,103364,202039
The Rooftop at Pier 17,2025,2025-07-28,0,0,0,0,0,0,0,0,0,0,0
The Rooftop at Pier 17,2025,2025-07-29,1,0,0,0,0,0,0,0,0,0,0
The Rooftop at Pier 17,2025,2025-07-30,2,0,0,0,0,0,0,0,0,0,0
The Rooftop at Pier 17,2025,2025-07-31,3,1,0,0,0,116599,282948,392910,41405,103364,202039
The Rooftop at Pier 17,2025,2025-08-01,4,1,1,0,0,116599,282948,392910,41405,103364,202039
The Rooftop at Pier 17,2025,2025-08-02,5,1,1,0,0,116599,282948,392910,41405,103364,202039
The Rooftop at Pier 17,2025,2025-08-03,6,1,0,0,0,116599,282948,392910,41405,103364,202039
The Rooftop at Pier 17,2025,2025-08-04,0,0,0,0,0,0,0,0,0,0,0
The Rooftop at Pier 17,2025,2025-08-05,1,0,0,0,0,0,0,0,0,0,0
The Rooftop at Pier 17,2025,2025-08-06,2,0,0,0,0,0,0,0,0,0,0
The Rooftop at Pier 17,2025,2025-08-07,3,1,0,0,0,116599,282948,392910,41405,103364,202039
The Rooftop at Pier 17,2025,2025-08-08,4,1,1,0,0,116599,282948,392910,41405,103364,202039
The Rooftop at Pier 17,2025,2025-08-09,5,1,1,0,0,116599,282948,392910,41405,103364,202039
The Rooftop at Pier 17,2025,2025-08-10,6,1,0,0,0,116599,282948,392910,41405,103364,202039
The Rooftop at Pier 17,2025,2025-08-11,0,0,0,0,0,0,0,0,0,0,0
The Rooftop at Pier 17,2025,2025-08-12,1,0,0,0,0,0,0,0,0,0,0
The Rooftop at Pier 17,2025,2025-08-13,2,0,0,0,0,0,0,0,0,0,0
The Rooftop at Pier 17,2025,2025-08-14,3,1,0,0,0,116599,282948,392910,41405,103364,202039
The Rooftop at Pier 17,2025,2025-08-15,4,1,1,0,0,116599,282948,392910,41405,103364,202039
The Rooftop at Pier 17,2025,2025-08-16,5,1,1,0,0,116599,282948,392910,41405,103364,202039
The Rooftop at Pier 17,2025,2025-08-17,6,1,0,0,0,116599,282948,392910,41405,103364,202039
The Rooftop at Pier 17,2025,2025-08-18,0,0,0,0,0,0,0,0,0,0,0
The Rooftop at Pier 17,2025,2025-08-19,1,0,0,0,0,0,0,0,0,0,0
The Rooftop at Pier 17,2025,2025-08-20,2,0,0,0,0,0,0,0,0,0,0
The Rooftop at Pier 17,2025,2025-08-21,3,1,0,0,0,116599,282948,392910,41405,103364,202039
The Rooftop at Pier 17,2025,2025-08-22,4,1,1,0,0,116599,282948,392910,41405,103364,202039
The Rooftop at Pier 17,2025,2025-08-23,5,1,1,0,0,116599,282948,392910,41405,103364,202039
The Rooftop at Pier 17,2025,2025-08-24,6,1,0,0,0,116599,282948,392910,41405,103364,202039
The Rooftop at Pier 17,2025,2025-08-25,0,0,0,0,0,0,0,0,0,0,0
The Rooftop at Pier 17,2025,2025-08-26,1,0,0,0,0,0,0,0,0,0,0
The Rooftop at Pier 17,2025,2025-08-27,2,0,0,0,0,0,0,0,0,0,0
The Rooftop at Pier 17,2025,2025-08-28,3,1,0,0,0,116599,282948,392910,41405,103364,202039
The Rooftop at Pier 17,2025,2025-08-29,4,1,1,0,0,116599,282948,392910,41405,103364,202039
The Rooftop at Pier 17,2025,2025-08-30,5,1,1,0,0,116599,282948,392910,41405,103364,202039
The Rooftop at Pier 17,2025,2025-08-31,6,1,1,1,0,116599,282948,392910,41405,103364,202039
The Rooftop at Pier 17,2025,2025-09-01,0,0,0,1,0,0,0,0,0,0,0
The Rooftop at Pier 17,2025,2025-09-02,1,0,0,0,0,0,0,0,0,0,0
The Rooftop at Pier 17,2025,2025-09-03,2,0,0,0,0,0,0,0,0,0,0
The Rooftop at Pier 17,2025,2025-09-04,3,1,0,0,0,116599,282948,392910,41405,103364,202039
The Rooftop at Pier 17,2025,2025-09-05,4,1,1,0,0,116599,282948,392910,41405,103364,202039
The Rooftop at Pier 17,2025,2025-09-06,5,1,1,0,0,116599,282948,392910,41405,103364,202039
The Rooftop at Pier 17,2025,2025-09-07,6,1,0,0,0,116599,282948,392910,41405,103364,202039
The Rooftop at Pier 17,2025,2025-09-08,0,0,0,0,0,0,0,0,0,0,0
The Rooftop at Pier 17,2025,2025-09-09,1,0,0,0,0,0,0,0,0,0,0
The Rooftop at Pier 17,2025,2025-09-10,2,0,0,0,0,0,0,0,0,0,0
The Rooftop at Pier 17,2025,2025-09-11,3,1,0,0,0,116599,282948,392910,41405,103364,202039
The Rooftop at Pier 17,2025,2025-09-12,4,1,1,0,0,116599,282948,392910,41405,103364,202039
The Rooftop at Pier 17,2025,2025-09-13,5,1,1,0,0,116599,282948,392910,41405,103364,202039
The Rooftop at Pier 17,2025,2025-09-14,6,1,0,0,0,116599,282948,392910,41405,103364,202039
The Rooftop at Pier 17,2025,2025-09-15,0,0,0,0,0,0,0,0,0,0,0
The Rooftop at Pier 17,2025,2025-09-16,1,0,0,0,0,0,0,0,0,0,0
The Rooftop at Pier 17,2025,2025-09-17,2,0,0,0,0,0,0,0,0,0,0
The Rooftop at Pier 17,2025,2025-09-18,3,1,0,0,0,116599,282948,392910,41405,103364,202039
The Rooftop at Pier 17,2025,2025-09-19,4,1,1,0,0,116599,282948,392910,41405,103364,202039
The Rooftop at Pier 17,2025,2025-09-20,5,1,1,0,0,116599,282948,392910,41405,103364,202039
The Rooftop at Pier 17,2025,2025-09-21,6,1,0,0,0,116599,282948,392910,41405,103364,202039
The Rooftop at Pier 17,2025,2025-09-22,0,0,0,0,0,0,0,0,0,0,0
The Rooftop at Pier 17,2025,2025-09-23,1,0,0,0,0,0,0,0,0,0,0
The Rooftop at Pier 17,2025,2025-09-24,2,0,0,0,0,0,0,0,0,0,0
The Rooftop at Pier 17,2025,2025-09-25,3,1,0,0,0,116599,282948,392910,41405,103364,202039
The Rooftop at Pier 17,2025,2025-09-26,4,1,1,0,0,116599,282948,392910,41405,103364,202039
The Rooftop at Pier 17,2025,2025-09-27,5,1,1,0,0,116599,282948,392910,41405,103364,202039
The Rooftop at Pier 17,2025,2025-09-28,6,1,1,0,1,116599,282948,392910,41405,103364,202039
The Rooftop at Pier 17,2025,2025-09-29,0,0,0,0,0,0,0,0,0,0,0
The Rooftop at Pier 17,2025,2025-09-30,1,0,0,0,0,0,0,0,0,0,0
The Rooftop at Pier 17,2026,2026-05-01,4,1,1,0,1,116599,282948,392910,41405,103364,202039
The Rooftop at Pier 17,2026,2026-05-02,5,1,1,0,0,116599,282948,392910,41405,103364,202039
The Rooftop at Pier 17,2026,2026-05-03,6,1,0,0,0,116599,282948,392910,41405,103364,202039
The Rooftop at Pier 17,2026,2026-05-04,0,0,0,0,0,0,0,0,0,0,0
The Rooftop at Pier 17,2026,2026-05-05,1,0,0,0,0,0,0,0,0,0,0
The Rooftop at Pier 17,2026,2026-05-06,2,0,0,0,0,0,0,0,0,0,0
The Rooftop at Pier 17,2026,2026-05-07,3,1,0,0,0,116599,282948,392910,41405,103364,202039
The Rooftop at Pier 17,2026,2026-05-08,4,1,1,0,0,116599,282948,392910,41405,103364,202039
The Rooftop at Pier 17,2026,2026-05-09,5,1,1,0,0,116599,282948,392910,41405,103364,202039
The Rooftop at Pier 17,2026,2026-05-10,6,1,0,0,0,116599,282948,392910,41405,103364,202039
The Rooftop at Pier 17,2026,2026-05-11,0,0,0,0,0,0,0,0,0,0,0
The Rooftop at Pier 17,2026,2026-05-12,1,0,0,0,0,0,0,0,0,0,0
The Rooftop at Pier 17,2026,2026-05-13,2,0,0,0,0,0,0,0,0,0,0
The Rooftop at Pier 17,2026,2026-05-14,3,1,0,0,0,116599,282948,392910,41405,103364,202039
The Rooftop at Pier 17,2026,2026-05-15,4,1,1,0,0,116599,282948,392910,41405,103364,202039
The Rooftop at Pier 17,2026,2026-05-16,5,1,1,0,0,116599,282948,392910,41405,103364,202039
The Rooftop at Pier 17,2026,2026-05-17,6,1,0,0,0,116599,282948,392910,41405,103364,202039
The Rooftop at Pier 17,2026,2026-05-18,0,0,0,0,0,0,0,0,0,0,0
The Rooftop at Pier 17,2026,2026-05-19,1,0,0,0,0,0,0,0,0,0,0
The Rooftop at Pier 17,2026,2026-05-20,2,0,0,0,0,0,0,0,0,0,0
The Rooftop at Pier 17,2026,2026-05-21,3,1,0,0,0,116599,282948,392910,41405,103364,202039
The Rooftop at Pier 17,2026,2026-05-22,4,1,1,0,0,116599,282948,392910,41405,103364,202039
The Rooftop at Pier 17,2026,2026-05-23,5,1,1,0,0,116599,282948,392910,41405,103364,202039
The Rooftop at Pier 17,2026,2026-05-24,6,1,1,1,0,116599,282948,392910,41405,103364,202039
The Rooftop at Pier 17,2026,2026-05-25,0,0,0,1,0,0,0,0,0,0,0
The Rooftop at Pier 17,2026,2026-05-26,1,0,0,0,0,0,0,0,0,0,0
The Rooftop at Pier 17,2026,2026-05-27,2,0,0,0,0,0,0,0,0,0,0
The Rooftop at Pier 17,2026,2026-05-28,3,1,0,0,0,116599,282948,392910,41405,103364,202039
The Rooftop at Pier 17,2026,2026-05-29,4,1,1,0,0,116599,282948,392910,41405,103364,202039
The Rooftop at Pier 17,2026,2026-05-30,5,1,1,0,0,116599,282948,392910,41405,103364,202039
The Rooftop at Pier 17,2026,2026-05-31,6,1,0,0,0,116599,282948,392910,41405,103364,202039
The Rooftop at Pier 17,2026,2026-06-01,0,0,0,0,0,0,0,0,0,0,0
The Rooftop at Pier 17,2026,2026-06-02,1,0,0,0,0,0,0,0,0,0,0
The Rooftop at Pier 17,2026,2026-06-03,2,0,0,0,0,0,0,0,0,0,0
The Rooftop at Pier 17,2026,2026-06-04,3,1,0,0,0,116599,282948,392910,41405,103364,202039
The Rooftop at Pier 17,2026,2026-06-05,4,1,1,0,0,116599,282948,392910,41405,103364,202039
The Rooftop at Pier 17,2026,2026-06-06,5,1,1,0,0,116599,282948,392910,41405,103364,202039
The Rooftop at Pier 17,2026,2026-06-07,6,1,0,0,0,116599,282948,392910,41405,103364,202039
The Rooftop at Pier 17,2026,2026-06-08,0,0,0,0,0,0,0,0,0,0,0
The Rooftop at Pier 17,2026,2026-06-09,1,0,0,0,0,0,0,0,0,0,0
The Rooftop at Pier 17,2026,2026-06-10,2,0,0,0,0,0,0,0,0,0,0
The Rooftop at Pier 17,2026,2026-06-11,3,1,0,0,0,116599,282948,392910,41405,103364,202039
The Rooftop at Pier 17,2026,2026-06-12,4,1,1,0,0,116599,282948,392910,41405,103364,202039
The Rooftop at Pier 17,2026,2026-06-13,5,1,1,0,0,116599,282948,392910,41405,103364,202039
The Rooftop at Pier 17,2026,2026-06-14,6,1,0,0,0,116599,282948,392910,41405,103364,202039
The Rooftop at Pier 17,2026,2026-06-15,0,0,0,0,0,0,0,0,0,0,0
The Rooftop at Pier 17,2026,2026-06-16,1,0,0,0,0,0,0,0,0,0,0
The Rooftop at Pier 17,2026,2026-06-17,2,0,0,0,0,0,0,0,0,0,0
The Rooftop at Pier 17,2026,2026-06-18,3,1,0,0,0,116599,282948,392910,41405,103364,202039
The Rooftop at Pier 17,2026,2026-06-19,4,1,1,0,0,116599,282948,392910,41405,103364,202039
The Rooftop at Pier 17,2026,2026-06-20,5,1,1,0,0,116599,282948,392910,41405,103364,202039
The Rooftop at Pier 17,2026,2026-06-21,6,1,0,0,0,116599,282948,392910,41405,103364,202039
The Rooftop at Pier 17,2026,2026-06-22,0,0,0,0,0,0,0,0,0,0,0
The Rooftop at Pier 17,2026,2026-06-23,1,0,0,0,0,0,0,0,0,0,0
The Rooftop at Pier 17,2026,2026-06-24,2,0,0,0,0,0,0,0,0,0,0
The Rooftop at Pier 17,2026,2026-06-25,3,1,0,0,0,116599,282948,392910,41405,103364,202039
The Rooftop at Pier 17,2026,2026-06-26,4,1,1,0,0,116599,282948,392910,41405,103364,202039
The Rooftop at Pier 17,2026,2026-06-27,5,1,1,0,0,116599,282948,392910,41405,103364,202039
The Rooftop at Pier 17,2026,2026-06-28,6,1,0,0,0,116599,282948,392910,41405,103364,202039
The Rooftop at Pier 17,2026,2026-06-29,0,0,0,0,0,0,0,0,0,0,0
The Rooftop at Pier 17,2026,2026-06-30,1,0,0,0,0,0,0,0,0,0,0
The Rooftop at Pier 17,2026,2026-07-01,2,0,0,0,0,0,0,0,0,0,0
The Rooftop at Pier 17,2026,2026-07-02,3,1,0,0,0,116599,282948,392910,41405,103364,202039
The Rooftop at Pier 17,2026,2026-07-03,4,1,1,1,0,116599,282948,392910,41405,103364,202039
The Rooftop at Pier 17,2026,2026-07-04,5,1,1,1,0,116599,282948,392910,41405,103364,202039
The Rooftop at Pier 17,2026,2026-07-05,6,1,0,0,0,116599,282948,392910,41405,103364,202039
The Rooftop at Pier 17,2026,2026-07-06,0,0,0,0,0,0,0,0,0,0,0
The Rooftop at Pier 17,2026,2026-07-07,1,0,0,0,0,0,0,0,0,0,0
The Rooftop at Pier 17,2026,2026-07-08,2,0,0,0,0,0,0,0,0,0,0
The Rooftop at Pier 17,2026,2026-07-09,3,1,0,0,0,116599,282948,392910,41405,103364,202039
The Rooftop at Pier 17,2026,2026-07-10,4,1,1,0,0,116599,282948,392910,41405,103364,202039
The Rooftop at Pier 17,2026,2026-07-11,5,1,1,0,0,116599,282948,392910,41405,103364,202039
The Rooftop at Pier 17,2026,2026-07-12,6,1,0,0,0,116599,282948,392910,41405,103364,202039
The Rooftop at Pier 17,2026,2026-07-13,0,0,0,0,0,0,0,0,0,0,0
The Rooftop at Pier 17,2026,2026-07-14,1,0,0,0,0,0,0,0,0,0,0
The Rooftop at Pier 17,2026,2026-07-15,2,0,0,0,0,0,0,0,0,0,0
The Rooftop at Pier 17,2026,2026-07-16,3,1,0,0,0,116599,282948,392910,41405,103364,202039
The Rooftop at Pier 17,2026,2026-07-17,4,1,1,0,0,116599,282948,392910,41405,103364,202039
The Rooftop at Pier 17,2026,2026-07-18,5,1,1,0,0,116599,282948,392910,41405,103364,202039
The Rooftop at Pier 17,2026,2026-07-19,6,1,0,0,0,116599,282948,392910,41405,103364,202039
The Rooftop at Pier 17,2026,2026-07-20,0,0,0,0,0,0,0,0,0,0,0
The Rooftop at Pier 17,2026,2026-07-21,1,0,0,0,0,0,0,0,0,0,0
The Rooftop at Pier 17,2026,2026-07-22,2,0,0,0,0,0,0,0,0,0,0
The Rooftop at Pier 17,2026,2026-07-23,3,1,0,0,0,116599,282948,392910,41405,103364,202039
The Rooftop at Pier 17,2026,2026-07-24,4,1,1,0,0,116599,282948,392910,41405,103364,202039
The Rooftop at Pier 17,2026,2026-07-25,5,1,1,0,0,116599,282948,392910,41405,103364,202039
The Rooftop at Pier 17,2026,2026-07-26,6,1,0,0,0,116599,282948,392910,41405,103364,202039
The Rooftop at Pier 17,2026,2026-07-27,0,0,0,0,0,0,0,0,0,0,0
The Rooftop at Pier 17,2026,2026-07-28,1,0,0,0,0,0,0,0,0,0,0
The Rooftop at Pier 17,2026,2026-07-29,2,0,0,0,0,0,0,0,0,0,0
The Rooftop at Pier 17,2026,2026-07-30,3,1,0,0,0,116599,282948,392910,41405,103364,202039
The Rooftop at Pier 17,2026,2026-07-31,4,1,1,0,0,116599,282948,392910,41405,103364,202039
The Rooftop at Pier 17,2026,2026-08-01,5,1,1,0,0,116599,282948,392910,41405,103364,202039
The Rooftop at Pier 17,2026,2026-08-02,6,1,0,0,0,116599,282948,392910,41405,103364,202039
The Rooftop at Pier 17,2026,2026-08-03,0,0,0,0,0,0,0,0,0,0,0
The Rooftop at Pier 17,2026,2026-08-04,1,0,0,0,0,0,0,0,0,0,0
The Rooftop at Pier 17,2026,2026-08-05,2,0,0,0,0,0,0,0,0,0,0
The Rooftop at Pier 17,2026,2026-08-06,3,1,0,0,0,116599,282948,392910,41405,103364,202039
The Rooftop at Pier 17,2026,2026-08-07,4,1,1,0,0,116599,282948,392910,41405,103364,202039
The Rooftop at Pier 17,2026,2026-08-08,5,1,1,0,0,116599,282948,392910,41405,103364,202039
The Rooftop at Pier 17,2026,2026-08-09,6,1,0,0,0,116599,282948,392910,41405,103364,202039
The Rooftop at Pier 17,2026,2026-08-10,0,0,0,0,0,0,0,0,0,0,0
The Rooftop at Pier 17,2026,2026-08-11,1,0,0,0,0,0,0,0,0,0,0
The Rooftop at Pier 17,2026,2026-08-12,2,0,0,0,0,0,0,0,0,0,0
The Rooftop at Pier 17,2026,2026-08-13,3,1,0,0,0,116599,282948,392910,41405,103364,202039
The Rooftop at Pier 17,2026,2026-08-14,4,1,1,0,0,116599,282948,392910,41405,103364,202039
The Rooftop at Pier 17,2026,2026-08-15,5,1,1,0,0,116599,282948,392910,41405,103364,202039
The Rooftop at Pier 17,2026,2026-08-16,6,1,0,0,0,116599,282948,392910,41405,103364,202039
The Rooftop at Pier 17,2026,2026-08-17,0,0,0,0,0,0,0,0,0,0,0
The Rooftop at Pier 17,2026,2026-08-18,1,0,0,0,0,0,0,0,0,0,0
The Rooftop at Pier 17,2026,2026-08-19,2,0,0,0,0,0,0,0,0,0,0
The Rooftop at Pier 17,2026,2026-08-20,3,1,0,0,0,116599,282948,392910,41405,103364,202039
The Rooftop at Pier 17,2026,2026-08-21,4,1,1,0,0,116599,282948,392910,41405,103364,202039
The Rooftop at Pier 17,2026,2026-08-22,5,1,1,0,0,116599,282948,392910,41405,103364,202039
The Rooftop at Pier 17,2026,2026-08-23,6,1,0,0,0,116599,282948,392910,41405,103364,202039
The Rooftop at Pier 17,2026,2026-08-24,0,0,0,0,0,0,0,0,0,0,0
The Rooftop at Pier 17,2026,2026-08-25,1,0,0,0,0,0,0,0,0,0,0
The Rooftop at Pier 17,2026,2026-08-26,2,0,0,0,0,0,0,0,0,0,0
The Rooftop at Pier 17,2026,2026-08-27,3,1,0,0,0,116599,282948,392910,41405,103364,202039
The Rooftop at Pier 17,2026,2026-08-28,4,1,1,0,0,116599,282948,392910,41405,103364,202039
The Rooftop at Pier 17,2026,2026-08-29,5,1,1,0,0,116599,282948,392910,41405,103364,202039
The Rooftop at Pier 17,2026,2026-08-30,6,1,0,0,0,116599,282948,392910,41405,103364,202039
The Rooftop at Pier 17,2026,2026-08-31,0,0,0,0,0,0,0,0,0,0,0
The Rooftop at Pier 17,2026,2026-09-01,1,0,0,0,0,0,0,0,0,0,0
The Rooftop at Pier 17,2026,2026-09-02,2,0,0,0,0,0,0,0,0,0,0
The Rooftop at Pier 17,2026,2026-09-03,3,1,0,0,0,116599,282948,392910,41405,103364,202039
The Rooftop at Pier 17,2026,2026-09-04,4,1,1,0,0,116599,282948,392910,41405,103364,202039
The Rooftop at Pier 17,2026,2026-09-05,5,1,1,0,0,116599,282948,392910,41405,103364,202039
The Rooftop at Pier 17,2026,2026-09-06,6,1,1,1,0,116599,282948,392910,41405,103364,202039
The Rooftop at Pier 17,2026,2026-09-07,0,0,0,1,0,0,0,0,0,0,0
The Rooftop at Pier 17,2026,2026-09-08,1,0,0,0,0,0,0,0,0,0,0
The Rooftop at Pier 17,2026,2026-09-09,2,0,0,0,0,0,0,0,0,0,0
The Rooftop at Pier 17,2026,2026-09-10,3,1,0,0,0,116599,282948,392910,41405,103364,202039
The Rooftop at Pier 17,2026,2026-09-11,4,1,1,0,0,116599,282948,392910,41405,103364,202039
The Rooftop at Pier 17,2026,2026-09-12,5,1,1,0,0,116599,282948,392910,41405,103364,202039
The Rooftop at Pier 17,2026,2026-09-13,6,1,1,0,1,116599,282948,392910,41405,103364,202039
The Rooftop at Pier 17,2026,2026-09-14,0,0,0,0,0,0,0,0,0,0,0
The Rooftop at Pier 17,2026,2026-09-15,1,0,0,0,0,0,0,0,0,0,0
Berry Park,2025,2025-05-01,3,1,1,0,1,7245,20161,40365,2359,4825,9145
Berry Park,2025,2025-05-02,4,1,1,0,0,7245,20161,40365,2359,4825,9145
Berry Park,2025,2025-05-03,5,1,1,0,0,7245,20161,40365,2359,4825,9145
Berry Park,2025,2025-05-04,6,1,0,0,0,2329,8539,20182,1193,2361,4319
Berry Park,2025,2025-05-05,0,0,0,0,0,0,0,0,0,0,0
Berry Park,2025,2025-05-06,1,1,0,0,0,2329,8539,20182,1193,2361,4319
Berry Park,2025,2025-05-07,2,1,0,0,0,2329,8539,20182,1193,2361,4319
Berry Park,2025,2025-05-08,3,1,0,0,0,2329,8539,20182,1193,2361,4319
Berry Park,2025,2025-05-09,4,1,1,0,0,7245,20161,40365,2359,4825,9145
Berry Park,2025,2025-05-10,5,1,1,0,0,7245,20161,40365,2359,4825,9145
Berry Park,2025,2025-05-11,6,1,0,0,0,2329,8539,20182,1193,2361,4319
Berry Park,2025,2025-05-12,0,0,0,0,0,0,0,0,0,0,0
Berry Park,2025,2025-05-13,1,1,0,0,0,2329,8539,20182,1193,2361,4319
Berry Park,2025,2025-05-14,2,1,0,0,0,2329,8539,20182,1193,2361,4319
Berry Park,2025,2025-05-15,3,1,0,0,0,2329,8539,20182,1193,2361,4319
Berry Park,2025,2025-05-16,4,1,1,0,0,7245,20161,40365,2359,4825,9145
Berry Park,2025,2025-05-17,5,1,1,0,0,7245,20161,40365,2359,4825,9145
Berry Park,2025,2025-05-18,6,1,0,0,0,2329,8539,20182,1193,2361,4319
Berry Park,2025,2025-05-19,0,0,0,0,0,0,0,0,0,0,0
Berry Park,2025,2025-05-20,1,1,0,0,0,2329,8539,20182,1193,2361,4319
Berry Park,2025,2025-05-21,2,1,0,0,0,2329,8539,20182,1193,2361,4319
Berry Park,2025,2025-05-22,3,1,0,0,0,2329,8539,20182,1193,2361,4319
Berry Park,2025,2025-05-23,4,1,1,0,0,7245,20161,40365,2359,4825,9145
Berry Park,2025,2025-05-24,5,1,1,0,0,7245,20161,40365,2359,4825,9145
Berry Park,2025,2025-05-25,6,1,1,1,0,7245,20161,40365,2359,4825,9145
Berry Park,2025,2025-05-26,0,0,0,1,0,0,0,0,0,0,0
Berry Park,2025,2025-05-27,1,1,0,0,0,2329,8539,20182,1193,2361,4319
Berry Park,2025,2025-05-28,2,1,0,0,0,2329,8539,20182,1193,2361,4319
Berry Park,2025,2025-05-29,3,1,0,0,0,2329,8539,20182,1193,2361,4319
Berry Park,2025,2025-05-30,4,1,1,0,0,7245,20161,40365,2359,4825,9145
Berry Park,2025,2025-05-31,5,1,1,0,0,7245,20161,40365,2359,4825,9145
Berry Park,2025,2025-06-01,6,1,0,0,0,2329,8539,20182,1193,2361,4319
Berry Park,2025,2025-06-02,0,0,0,0,0,0,0,0,0,0,0
Berry Park,2025,2025-06-03,1,1,0,0,0,2329,8539,20182,1193,2361,4319
Berry Park,2025,2025-06-04,2,1,0,0,0,2329,8539,20182,1193,2361,4319
Berry Park,2025,2025-06-05,3,1,0,0,0,2329,8539,20182,1193,2361,4319
Berry Park,2025,2025-06-06,4,1,1,0,0,7245,20161,40365,2359,4825,9145
Berry Park,2025,2025-06-07,5,1,1,0,0,7245,20161,40365,2359,4825,9145
Berry Park,2025,2025-06-08,6,1,0,0,0,2329,8539,20182,1193,2361,4319
Berry Park,2025,2025-06-09,0,0,0,0,0,0,0,0,0,0,0
Berry Park,2025,2025-06-10,1,1,0,0,0,2329,8539,20182,1193,2361,4319
Berry Park,2025,2025-06-11,2,1,0,0,0,2329,8539,20182,1193,2361,4319
Berry Park,2025,2025-06-12,3,1,0,0,0,2329,8539,20182,1193,2361,4319
Berry Park,2025,2025-06-13,4,1,1,0,0,7245,20161,40365,2359,4825,9145
Berry Park,2025,2025-06-14,5,1,1,0,0,7245,20161,40365,2359,4825,9145
Berry Park,2025,2025-06-15,6,1,0,0,0,2329,8539,20182,1193,2361,4319
Berry Park,2025,2025-06-16,0,0,0,0,0,0,0,0,0,0,0
Berry Park,2025,2025-06-17,1,1,0,0,0,2329,8539,20182,1193,2361,4319
Berry Park,2025,2025-06-18,2,1,0,0,0,2329,8539,20182,1193,2361,4319
Berry Park,2025,2025-06-19,3,1,0,0,0,2329,8539,20182,1193,2361,4319
Berry Park,2025,2025-06-20,4,1,1,0,0,7245,20161,40365,2359,4825,9145
Berry Park,2025,2025-06-21,5,1,1,0,0,7245,20161,40365,2359,4825,9145
Berry Park,2025,2025-06-22,6,1,0,0,0,2329,8539,20182,1193,2361,4319
Berry Park,2025,2025-06-23,0,0,0,0,0,0,0,0,0,0,0
Berry Park,2025,2025-06-24,1,1,0,0,0,2329,8539,20182,1193,2361,4319
Berry Park,2025,2025-06-25,2,1,0,0,0,2329,8539,20182,1193,2361,4319
Berry Park,2025,2025-06-26,3,1,0,0,0,2329,8539,20182,1193,2361,4319
Berry Park,2025,2025-06-27,4,1,1,0,0,7245,20161,40365,2359,4825,9145
Berry Park,2025,2025-06-28,5,1,1,0,0,7245,20161,40365,2359,4825,9145
Berry Park,2025,2025-06-29,6,1,0,0,0,2329,8539,20182,1193,2361,4319
Berry Park,2025,2025-06-30,0,0,0,0,0,0,0,0,0,0,0
Berry Park,2025,2025-07-01,1,1,0,0,0,2329,8539,20182,1193,2361,4319
Berry Park,2025,2025-07-02,2,1,0,0,0,2329,8539,20182,1193,2361,4319
Berry Park,2025,2025-07-03,3,1,1,1,0,7245,20161,40365,2359,4825,9145
Berry Park,2025,2025-07-04,4,1,1,1,0,7245,20161,40365,2359,4825,9145
Berry Park,2025,2025-07-05,5,1,1,0,0,7245,20161,40365,2359,4825,9145
Berry Park,2025,2025-07-06,6,1,0,0,0,2329,8539,20182,1193,2361,4319
Berry Park,2025,2025-07-07,0,0,0,0,0,0,0,0,0,0,0
Berry Park,2025,2025-07-08,1,1,0,0,0,2329,8539,20182,1193,2361,4319
Berry Park,2025,2025-07-09,2,1,0,0,0,2329,8539,20182,1193,2361,4319
Berry Park,2025,2025-07-10,3,1,0,0,0,2329,8539,20182,1193,2361,4319
Berry Park,2025,2025-07-11,4,1,1,0,0,7245,20161,40365,2359,4825,9145
Berry Park,2025,2025-07-12,5,1,1,0,0,7245,20161,40365,2359,4825,9145
Berry Park,2025,2025-07-13,6,1,0,0,0,2329,8539,20182,1193,2361,4319
Berry Park,2025,2025-07-14,0,0,0,0,0,0,0,0,0,0,0
Berry Park,2025,2025-07-15,1,1,0,0,0,2329,8539,20182,1193,2361,4319
Berry Park,2025,2025-07-16,2,1,0,0,0,2329,8539,20182,1193,2361,4319
Berry Park,2025,2025-07-17,3,1,0,0,0,2329,8539,20182,1193,2361,4319
Berry Park,2025,2025-07-18,4,1,1,0,0,7245,20161,40365,2359,4825,9145
Berry Park,2025,2025-07-19,5,1,1,0,0,7245,20161,40365,2359,4825,9145
Berry Park,2025,2025-07-20,6,1,0,0,0,2329,8539,20182,1193,2361,4319
Berry Park,2025,2025-07-21,0,0,0,0,0,0,0,0,0,0,0
Berry Park,2025,2025-07-22,1,1,0,0,0,2329,8539,20182,1193,2361,4319
Berry Park,2025,2025-07-23,2,1,0,0,0,2329,8539,20182,1193,2361,4319
Berry Park,2025,2025-07-24,3,1,0,0,0,2329,8539,20182,1193,2361,4319
Berry Park,2025,2025-07-25,4,1,1,0,0,7245,20161,40365,2359,4825,9145
Berry Park,2025,2025-07-26,5,1,1,0,0,7245,20161,40365,2359,4825,9145
Berry Park,2025,2025-07-27,6,1,0,0,0,2329,8539,20182,1193,2361,4319
Berry Park,2025,2025-07-28,0,0,0,0,0,0,0,0,0,0,0
Berry Park,2025,2025-07-29,1,1,0,0,0,2329,8539,20182,1193,2361,4319
Berry Park,2025,2025-07-30,2,1,0,0,0,2329,8539,20182,1193,2361,4319
Berry Park,2025,2025-07-31,3,1,0,0,0,2329,8539,20182,1193,2361,4319
Berry Park,2025,2025-08-01,4,1,1,0,0,7245,20161,40365,2359,4825,9145
Berry Park,2025,2025-08-02,5,1,1,0,0,7245,20161,40365,2359,4825,9145
Berry Park,2025,2025-08-03,6,1,0,0,0,2329,8539,20182,1193,2361,4319
Berry Park,2025,2025-08-04,0,0,0,0,0,0,0,0,0,0,0
Berry Park,2025,2025-08-05,1,1,0,0,0,2329,8539,20182,1193,2361,4319
Berry Park,2025,2025-08-06,2,1,0,0,0,2329,8539,20182,1193,2361,4319
Berry Park,2025,2025-08-07,3,1,0,0,0,2329,8539,20182,1193,2361,4319
Berry Park,2025,2025-08-08,4,1,1,0,0,7245,20161,40365,2359,4825,9145
Berry Park,2025,2025-08-09,5,1,1,0,0,7245,20161,40365,2359,4825,9145
Berry Park,2025,2025-08-10,6,1,0,0,0,2329,8539,20182,1193,2361,4319
Berry Park,2025,2025-08-11,0,0,0,0,0,0,0,0,0,0,0
Berry Park,2025,2025-08-12,1,1,0,0,0,2329,8539,20182,1193,2361,4319
Berry Park,2025,2025-08-13,2,1,0,0,0,2329,8539,20182,1193,2361,4319
Berry Park,2025,2025-08-14,3,1,0,0,0,2329,8539,20182,1193,2361,4319
Berry Park,2025,2025-08-15,4,1,1,0,0,7245,20161,40365,2359,4825,9145
Berry Park,2025,2025-08-16,5,1,1,0,0,7245,20161,40365,2359,4825,9145
Berry Park,2025,2025-08-17,6,1,0,0,0,2329,8539,20182,1193,2361,4319
Berry Park,2025,2025-08-18,0,0,0,0,0,0,0,0,0,0,0
Berry Park,2025,2025-08-19,1,1,0,0,0,2329,8539,20182,1193,2361,4319
Berry Park,2025,2025-08-20,2,1,0,0,0,2329,8539,20182,1193,2361,4319
Berry Park,2025,2025-08-21,3,1,0,0,0,2329,8539,20182,1193,2361,4319
Berry Park,2025,2025-08-22,4,1,1,0,0,7245,20161,40365,2359,4825,9145
Berry Park,2025,2025-08-23,5,1,1,0,0,7245,20161,40365,2359,4825,9145
Berry Park,2025,2025-08-24,6,1,0,0,0,2329,8539,20182,1193,2361,4319
Berry Park,2025,2025-08-25,0,0,0,0,0,0,0,0,0,0,0
Berry Park,2025,2025-08-26,1,1,0,0,0,2329,8539,20182,1193,2361,4319
Berry Park,2025,2025-08-27,2,1,0,0,0,2329,8539,20182,1193,2361,4319
Berry Park,2025,2025-08-28,3,1,0,0,0,2329,8539,20182,1193,2361,4319
Berry Park,2025,2025-08-29,4,1,1,0,0,7245,20161,40365,2359,4825,9145
Berry Park,2025,2025-08-30,5,1,1,0,0,7245,20161,40365,2359,4825,9145
Berry Park,2025,2025-08-31,6,1,1,1,0,7245,20161,40365,2359,4825,9145
Berry Park,2025,2025-09-01,0,0,0,1,0,0,0,0,0,0,0
Berry Park,2025,2025-09-02,1,1,0,0,0,2329,8539,20182,1193,2361,4319
Berry Park,2025,2025-09-03,2,1,0,0,0,2329,8539,20182,1193,2361,4319
Berry Park,2025,2025-09-04,3,1,0,0,0,2329,8539,20182,1193,2361,4319
Berry Park,2025,2025-09-05,4,1,1,0,0,7245,20161,40365,2359,4825,9145
Berry Park,2025,2025-09-06,5,1,1,0,0,7245,20161,40365,2359,4825,9145
Berry Park,2025,2025-09-07,6,1,0,0,0,2329,8539,20182,1193,2361,4319
Berry Park,2025,2025-09-08,0,0,0,0,0,0,0,0,0,0,0
Berry Park,2025,2025-09-09,1,1,0,0,0,2329,8539,20182,1193,2361,4319
Berry Park,2025,2025-09-10,2,1,0,0,0,2329,8539,20182,1193,2361,4319
Berry Park,2025,2025-09-11,3,1,0,0,0,2329,8539,20182,1193,2361,4319
Berry Park,2025,2025-09-12,4,1,1,0,0,7245,20161,40365,2359,4825,9145
Berry Park,2025,2025-09-13,5,1,1,0,0,7245,20161,40365,2359,4825,9145
Berry Park,2025,2025-09-14,6,1,0,0,0,2329,8539,20182,1193,2361,4319
Berry Park,2025,2025-09-15,0,0,0,0,0,0,0,0,0,0,0
Berry Park,2025,2025-09-16,1,1,0,0,0,2329,8539,20182,1193,2361,4319
Berry Park,2025,2025-09-17,2,1,0,0,0,2329,8539,20182,1193,2361,4319
Berry Park,2025,2025-09-18,3,1,0,0,0,2329,8539,20182,1193,2361,4319
Berry Park,2025,2025-09-19,4,1,1,0,0,7245,20161,40365,2359,4825,9145
Berry Park,2025,2025-09-20,5,1,1,0,0,7245,20161,40365,2359,4825,9145
Berry Park,2025,2025-09-21,6,1,0,0,0,2329,8539,20182,1193,2361,4319
Berry Park,2025,2025-09-22,0,0,0,0,0,0,0,0,0,0,0
Berry Park,2025,2025-09-23,1,1,0,0,0,2329,8539,20182,1193,2361,4319
Berry Park,2025,2025-09-24,2,1,0,0,0,2329,8539,20182,1193,2361,4319
Berry Park,2025,2025-09-25,3,1,0,0,0,2329,8539,20182,1193,2361,4319
Berry Park,2025,2025-09-26,4,1,1,0,0,7245,20161,40365,2359,4825,9145
Berry Park,2025,2025-09-27,5,1,1,0,0,7245,20161,40365,2359,4825,9145
Berry Park,2025,2025-09-28,6,1,0,0,0,2329,8539,20182,1193,2361,4319
Berry Park,2025,2025-09-29,0,0,0,0,0,0,0,0,0,0,0
Berry Park,2025,2025-09-30,1,1,1,0,1,7245,20161,40365,2359,4825,9145
Berry Park,2026,2026-05-01,4,1,1,0,1,7245,20161,40365,2359,4825,9145
Berry Park,2026,2026-05-02,5,1,1,0,0,7245,20161,40365,2359,4825,9145
Berry Park,2026,2026-05-03,6,1,0,0,0,2329,8539,20182,1193,2361,4319
Berry Park,2026,2026-05-04,0,0,0,0,0,0,0,0,0,0,0
Berry Park,2026,2026-05-05,1,1,0,0,0,2329,8539,20182,1193,2361,4319
Berry Park,2026,2026-05-06,2,1,0,0,0,2329,8539,20182,1193,2361,4319
Berry Park,2026,2026-05-07,3,1,0,0,0,2329,8539,20182,1193,2361,4319
Berry Park,2026,2026-05-08,4,1,1,0,0,7245,20161,40365,2359,4825,9145
Berry Park,2026,2026-05-09,5,1,1,0,0,7245,20161,40365,2359,4825,9145
Berry Park,2026,2026-05-10,6,1,0,0,0,2329,8539,20182,1193,2361,4319
Berry Park,2026,2026-05-11,0,0,0,0,0,0,0,0,0,0,0
Berry Park,2026,2026-05-12,1,1,0,0,0,2329,8539,20182,1193,2361,4319
Berry Park,2026,2026-05-13,2,1,0,0,0,2329,8539,20182,1193,2361,4319
Berry Park,2026,2026-05-14,3,1,0,0,0,2329,8539,20182,1193,2361,4319
Berry Park,2026,2026-05-15,4,1,1,0,0,7245,20161,40365,2359,4825,9145
Berry Park,2026,2026-05-16,5,1,1,0,0,7245,20161,40365,2359,4825,9145
Berry Park,2026,2026-05-17,6,1,0,0,0,2329,8539,20182,1193,2361,4319
Berry Park,2026,2026-05-18,0,0,0,0,0,0,0,0,0,0,0
Berry Park,2026,2026-05-19,1,1,0,0,0,2329,8539,20182,1193,2361,4319
Berry Park,2026,2026-05-20,2,1,0,0,0,2329,8539,20182,1193,2361,4319
Berry Park,2026,2026-05-21,3,1,0,0,0,2329,8539,20182,1193,2361,4319
Berry Park,2026,2026-05-22,4,1,1,0,0,7245,20161,40365,2359,4825,9145
Berry Park,2026,2026-05-23,5,1,1,0,0,7245,20161,40365,2359,4825,9145
Berry Park,2026,2026-05-24,6,1,1,1,0,7245,20161,40365,2359,4825,9145
Berry Park,2026,2026-05-25,0,0,0,1,0,0,0,0,0,0,0
Berry Park,2026,2026-05-26,1,1,0,0,0,2329,8539,20182,1193,2361,4319
Berry Park,2026,2026-05-27,2,1,0,0,0,2329,8539,20182,1193,2361,4319
Berry Park,2026,2026-05-28,3,1,0,0,0,2329,8539,20182,1193,2361,4319
Berry Park,2026,2026-05-29,4,1,1,0,0,7245,20161,40365,2359,4825,9145
Berry Park,2026,2026-05-30,5,1,1,0,0,7245,20161,40365,2359,4825,9145
Berry Park,2026,2026-05-31,6,1,0,0,0,2329,8539,20182,1193,2361,4319
Berry Park,2026,2026-06-01,0,0,0,0,0,0,0,0,0,0,0
Berry Park,2026,2026-06-02,1,1,0,0,0,2329,8539,20182,1193,2361,4319
Berry Park,2026,2026-06-03,2,1,0,0,0,2329,8539,20182,1193,2361,4319
Berry Park,2026,2026-06-04,3,1,0,0,0,2329,8539,20182,1193,2361,4319
Berry Park,2026,2026-06-05,4,1,1,0,0,7245,20161,40365,2359,4825,9145
Berry Park,2026,2026-06-06,5,1,1,0,0,7245,20161,40365,2359,4825,9145
Berry Park,2026,2026-06-07,6,1,0,0,0,2329,8539,20182,1193,2361,4319
Berry Park,2026,2026-06-08,0,0,0,0,0,0,0,0,0,0,0
Berry Park,2026,2026-06-09,1,1,0,0,0,2329,8539,20182,1193,2361,4319
Berry Park,2026,2026-06-10,2,1,0,0,0,2329,8539,20182,1193,2361,4319
Berry Park,2026,2026-06-11,3,1,0,0,0,2329,8539,20182,1193,2361,4319
Berry Park,2026,2026-06-12,4,1,1,0,0,7245,20161,40365,2359,4825,9145
Berry Park,2026,2026-06-13,5,1,1,0,0,7245,20161,40365,2359,4825,9145
Berry Park,2026,2026-06-14,6,1,0,0,0,2329,8539,20182,1193,2361,4319
Berry Park,2026,2026-06-15,0,0,0,0,0,0,0,0,0,0,0
Berry Park,2026,2026-06-16,1,1,0,0,0,2329,8539,20182,1193,2361,4319
Berry Park,2026,2026-06-17,2,1,0,0,0,2329,8539,20182,1193,2361,4319
Berry Park,2026,2026-06-18,3,1,0,0,0,2329,8539,20182,1193,2361,4319
Berry Park,2026,2026-06-19,4,1,1,0,0,7245,20161,40365,2359,4825,9145
Berry Park,2026,2026-06-20,5,1,1,0,0,7245,20161,40365,2359,4825,9145
Berry Park,2026,2026-06-21,6,1,0,0,0,2329,8539,20182,1193,2361,4319
Berry Park,2026,2026-06-22,0,0,0,0,0,0,0,0,0,0,0
Berry Park,2026,2026-06-23,1,1,0,0,0,2329,8539,20182,1193,2361,4319
Berry Park,2026,2026-06-24,2,1,0,0,0,2329,8539,20182,1193,2361,4319
Berry Park,2026,2026-06-25,3,1,0,0,0,2329,8539,20182,1193,2361,4319
Berry Park,2026,2026-06-26,4,1,1,0,0,7245,20161,40365,2359,4825,9145
Berry Park,2026,2026-06-27,5,1,1,0,0,7245,20161,40365,2359,4825,9145
Berry Park,2026,2026-06-28,6,1,0,0,0,2329,8539,20182,1193,2361,4319
Berry Park,2026,2026-06-29,0,0,0,0,0,0,0,0,0,0,0
Berry Park,2026,2026-06-30,1,1,0,0,0,2329,8539,20182,1193,2361,4319
Berry Park,2026,2026-07-01,2,1,0,0,0,2329,8539,20182,1193,2361,4319
Berry Park,2026,2026-07-02,3,1,0,0,0,2329,8539,20182,1193,2361,4319
Berry Park,2026,2026-07-03,4,1,1,1,0,7245,20161,40365,2359,4825,9145
Berry Park,2026,2026-07-04,5,1,1,1,0,7245,20161,40365,2359,4825,9145
Berry Park,2026,2026-07-05,6,1,0,0,0,2329,8539,20182,1193,2361,4319
Berry Park,2026,2026-07-06,0,0,0,0,0,0,0,0,0,0,0
Berry Park,2026,2026-07-07,1,1,0,0,0,2329,8539,20182,1193,2361,4319
Berry Park,2026,2026-07-08,2,1,0,0,0,2329,8539,20182,1193,2361,4319
Berry Park,2026,2026-07-09,3,1,0,0,0,2329,8539,20182,1193,2361,4319
Berry Park,2026,2026-07-10,4,1,1,0,0,7245,20161,40365,2359,4825,9145
Berry Park,2026,2026-07-11,5,1,1,0,0,7245,20161,40365,2359,4825,9145
Berry Park,2026,2026-07-12,6,1,0,0,0,2329,8539,20182,1193,2361,4319
Berry Park,2026,2026-07-13,0,0,0,0,0,0,0,0,0,0,0
Berry Park,2026,2026-07-14,1,1,0,0,0,2329,8539,20182,1193,2361,4319
Berry Park,2026,2026-07-15,2,1,0,0,0,2329,8539,20182,1193,2361,4319
Berry Park,2026,2026-07-16,3,1,0,0,0,2329,8539,20182,1193,2361,4319
Berry Park,2026,2026-07-17,4,1,1,0,0,7245,20161,40365,2359,4825,9145
Berry Park,2026,2026-07-18,5,1,1,0,0,7245,20161,40365,2359,4825,9145
Berry Park,2026,2026-07-19,6,1,0,0,0,2329,8539,20182,1193,2361,4319
Berry Park,2026,2026-07-20,0,0,0,0,0,0,0,0,0,0,0
Berry Park,2026,2026-07-21,1,1,0,0,0,2329,8539,20182,1193,2361,4319
Berry Park,2026,2026-07-22,2,1,0,0,0,2329,8539,20182,1193,2361,4319
Berry Park,2026,2026-07-23,3,1,0,0,0,2329,8539,20182,1193,2361,4319
Berry Park,2026,2026-07-24,4,1,1,0,0,7245,20161,40365,2359,4825,9145
Berry Park,2026,2026-07-25,5,1,1,0,0,7245,20161,40365,2359,4825,9145
Berry Park,2026,2026-07-26,6,1,0,0,0,2329,8539,20182,1193,2361,4319
Berry Park,2026,2026-07-27,0,0,0,0,0,0,0,0,0,0,0
Berry Park,2026,2026-07-28,1,1,0,0,0,2329,8539,20182,1193,2361,4319
Berry Park,2026,2026-07-29,2,1,0,0,0,2329,8539,20182,1193,2361,4319
Berry Park,2026,2026-07-30,3,1,0,0,0,2329,8539,20182,1193,2361,4319
Berry Park,2026,2026-07-31,4,1,1,0,0,7245,20161,40365,2359,4825,9145
Berry Park,2026,2026-08-01,5,1,1,0,0,7245,20161,40365,2359,4825,9145
Berry Park,2026,2026-08-02,6,1,0,0,0,2329,8539,20182,1193,2361,4319
Berry Park,2026,2026-08-03,0,0,0,0,0,0,0,0,0,0,0
Berry Park,2026,2026-08-04,1,1,0,0,0,2329,8539,20182,1193,2361,4319
Berry Park,2026,2026-08-05,2,1,0,0,0,2329,8539,20182,1193,2361,4319
Berry Park,2026,2026-08-06,3,1,0,0,0,2329,8539,20182,1193,2361,4319
Berry Park,2026,2026-08-07,4,1,1,0,0,7245,20161,40365,2359,4825,9145
Berry Park,2026,2026-08-08,5,1,1,0,0,7245,20161,40365,2359,4825,9145
Berry Park,2026,2026-08-09,6,1,0,0,0,2329,8539,20182,1193,2361,4319
Berry Park,2026,2026-08-10,0,0,0,0,0,0,0,0,0,0,0
Berry Park,2026,2026-08-11,1,1,0,0,0,2329,8539,20182,1193,2361,4319
Berry Park,2026,2026-08-12,2,1,0,0,0,2329,8539,20182,1193,2361,4319
Berry Park,2026,2026-08-13,3,1,0,0,0,2329,8539,20182,1193,2361,4319
Berry Park,2026,2026-08-14,4,1,1,0,0,7245,20161,40365,2359,4825,9145
Berry Park,2026,2026-08-15,5,1,1,0,0,7245,20161,40365,2359,4825,9145
Berry Park,2026,2026-08-16,6,1,0,0,0,2329,8539,20182,1193,2361,4319
Berry Park,2026,2026-08-17,0,0,0,0,0,0,0,0,0,0,0
Berry Park,2026,2026-08-18,1,1,0,0,0,2329,8539,20182,1193,2361,4319
Berry Park,2026,2026-08-19,2,1,0,0,0,2329,8539,20182,1193,2361,4319
Berry Park,2026,2026-08-20,3,1,0,0,0,2329,8539,20182,1193,2361,4319
Berry Park,2026,2026-08-21,4,1,1,0,0,7245,20161,40365,2359,4825,9145
Berry Park,2026,2026-08-22,5,1,1,0,0,7245,20161,40365,2359,4825,9145
Berry Park,2026,2026-08-23,6,1,0,0,0,2329,8539,20182,1193,2361,4319
Berry Park,2026,2026-08-24,0,0,0,0,0,0,0,0,0,0,0
Berry Park,2026,2026-08-25,1,1,0,0,0,2329,8539,20182,1193,2361,4319
Berry Park,2026,2026-08-26,2,1,0,0,0,2329,8539,20182,1193,2361,4319
Berry Park,2026,2026-08-27,3,1,0,0,0,2329,8539,20182,1193,2361,4319
Berry Park,2026,2026-08-28,4,1,1,0,0,7245,20161,40365,2359,4825,9145
Berry Park,2026,2026-08-29,5,1,1,0,0,7245,20161,40365,2359,4825,9145
Berry Park,2026,2026-08-30,6,1,0,0,0,2329,8539,20182,1193,2361,4319
Berry Park,2026,2026-08-31,0,0,0,0,0,0,0,0,0,0,0
Berry Park,2026,2026-09-01,1,1,0,0,0,2329,8539,20182,1193,2361,4319
Berry Park,2026,2026-09-02,2,1,0,0,0,2329,8539,20182,1193,2361,4319
Berry Park,2026,2026-09-03,3,1,0,0,0,2329,8539,20182,1193,2361,4319
Berry Park,2026,2026-09-04,4,1,1,0,0,7245,20161,40365,2359,4825,9145
Berry Park,2026,2026-09-05,5,1,1,0,0,7245,20161,40365,2359,4825,9145
Berry Park,2026,2026-09-06,6,1,1,1,0,7245,20161,40365,2359,4825,9145
Berry Park,2026,2026-09-07,0,0,0,1,0,0,0,0,0,0,0
Berry Park,2026,2026-09-08,1,1,0,0,0,2329,8539,20182,1193,2361,4319
Berry Park,2026,2026-09-09,2,1,0,0,0,2329,8539,20182,1193,2361,4319
Berry Park,2026,2026-09-10,3,1,0,0,0,2329,8539,20182,1193,2361,4319
Berry Park,2026,2026-09-11,4,1,1,0,0,7245,20161,40365,2359,4825,9145
Berry Park,2026,2026-09-12,5,1,1,0,0,7245,20161,40365,2359,4825,9145
Berry Park,2026,2026-09-13,6,1,0,0,0,2329,8539,20182,1193,2361,4319
Berry Park,2026,2026-09-14,0,0,0,0,0,0,0,0,0,0,0
Berry Park,2026,2026-09-15,1,1,1,0,1,7245,20161,40365,2359,4825,9145
Time Out Market rooftop,2025,2025-05-01,3,1,1,0,1,12075,36351,68828,2800,7036,12960
Time Out Market rooftop,2025,2025-05-02,4,1,1,0,0,12075,36351,68828,2800,7036,12960
Time Out Market rooftop,2025,2025-05-03,5,1,1,0,0,12075,36351,68828,2800,7036,12960
Time Out Market rooftop,2025,2025-05-04,6,1,0,0,0,3881,15396,34414,1269,3002,5505
Time Out Market rooftop,2025,2025-05-05,0,1,0,0,0,3881,15396,34414,1269,3002,5505
Time Out Market rooftop,2025,2025-05-06,1,1,0,0,0,3881,15396,34414,1269,3002,5505
Time Out Market rooftop,2025,2025-05-07,2,1,0,0,0,3881,15396,34414,1269,3002,5505
Time Out Market rooftop,2025,2025-05-08,3,1,0,0,0,3881,15396,34414,1269,3002,5505
Time Out Market rooftop,2025,2025-05-09,4,1,1,0,0,12075,36351,68828,2800,7036,12960
Time Out Market rooftop,2025,2025-05-10,5,1,1,0,0,12075,36351,68828,2800,7036,12960
Time Out Market rooftop,2025,2025-05-11,6,1,0,0,0,3881,15396,34414,1269,3002,5505
Time Out Market rooftop,2025,2025-05-12,0,1,0,0,0,3881,15396,34414,1269,3002,5505
Time Out Market rooftop,2025,2025-05-13,1,1,0,0,0,3881,15396,34414,1269,3002,5505
Time Out Market rooftop,2025,2025-05-14,2,1,0,0,0,3881,15396,34414,1269,3002,5505
Time Out Market rooftop,2025,2025-05-15,3,1,0,0,0,3881,15396,34414,1269,3002,5505
Time Out Market rooftop,2025,2025-05-16,4,1,1,0,0,12075,36351,68828,2800,7036,12960
Time Out Market rooftop,2025,2025-05-17,5,1,1,0,0,12075,36351,68828,2800,7036,12960
Time Out Market rooftop,2025,2025-05-18,6,1,0,0,0,3881,15396,34414,1269,3002,5505
Time Out Market rooftop,2025,2025-05-19,0,1,0,0,0,3881,15396,34414,1269,3002,5505
Time Out Market rooftop,2025,2025-05-20,1,1,0,0,0,3881,15396,34414,1269,3002,5505
Time Out Market rooftop,2025,2025-05-21,2,1,0,0,0,3881,15396,34414,1269,3002,5505
Time Out Market rooftop,2025,2025-05-22,3,1,0,0,0,3881,15396,34414,1269,3002,5505
Time Out Market rooftop,2025,2025-05-23,4,1,1,0,0,12075,36351,68828,2800,7036,12960
Time Out Market rooftop,2025,2025-05-24,5,1,1,0,0,12075,36351,68828,2800,7036,12960
Time Out Market rooftop,2025,2025-05-25,6,1,1,1,0,12075,36351,68828,2800,7036,12960
Time Out Market rooftop,2025,2025-05-26,0,1,1,1,0,12075,36351,68828,2800,7036,12960
Time Out Market rooftop,2025,2025-05-27,1,1,0,0,0,3881,15396,34414,1269,3002,5505
Time Out Market rooftop,2025,2025-05-28,2,1,0,0,0,3881,15396,34414,1269,3002,5505
Time Out Market rooftop,2025,2025-05-29,3,1,0,0,0,3881,15396,34414,1269,3002,5505
Time Out Market rooftop,2025,2025-05-30,4,1,1,0,0,12075,36351,68828,2800,7036,12960
Time Out Market rooftop,2025,2025-05-31,5,1,1,0,0,12075,36351,68828,2800,7036,12960
Time Out Market rooftop,2025,2025-06-01,6,1,0,0,0,3881,15396,34414,1269,3002,5505
Time Out Market rooftop,2025,2025-06-02,0,1,0,0,0,3881,15396,34414,1269,3002,5505
Time Out Market rooftop,2025,2025-06-03,1,1,0,0,0,3881,15396,34414,1269,3002,5505
Time Out Market rooftop,2025,2025-06-04,2,1,0,0,0,3881,15396,34414,1269,3002,5505
Time Out Market rooftop,2025,2025-06-05,3,1,0,0,0,3881,15396,34414,1269,3002,5505
Time Out Market rooftop,2025,2025-06-06,4,1,1,0,0,12075,36351,68828,2800,7036,12960
Time Out Market rooftop,2025,2025-06-07,5,1,1,0,0,12075,36351,68828,2800,7036,12960
Time Out Market rooftop,2025,2025-06-08,6,1,0,0,0,3881,15396,34414,1269,3002,5505
Time Out Market rooftop,2025,2025-06-09,0,1,0,0,0,3881,15396,34414,1269,3002,5505
Time Out Market rooftop,2025,2025-06-10,1,1,0,0,0,3881,15396,34414,1269,3002,5505
Time Out Market rooftop,2025,2025-06-11,2,1,0,0,0,3881,15396,34414,1269,3002,5505
Time Out Market rooftop,2025,2025-06-12,3,1,0,0,0,3881,15396,34414,1269,3002,5505
Time Out Market rooftop,2025,2025-06-13,4,1,1,0,0,12075,36351,68828,2800,7036,12960
Time Out Market rooftop,2025,2025-06-14,5,1,1,0,0,12075,36351,68828,2800,7036,12960
Time Out Market rooftop,2025,2025-06-15,6,1,0,0,0,3881,15396,34414,1269,3002,5505
Time Out Market rooftop,2025,2025-06-16,0,1,0,0,0,3881,15396,34414,1269,3002,5505
Time Out Market rooftop,2025,2025-06-17,1,1,0,0,0,3881,15396,34414,1269,3002,5505
Time Out Market rooftop,2025,2025-06-18,2,1,0,0,0,3881,15396,34414,1269,3002,5505
Time Out Market rooftop,2025,2025-06-19,3,1,0,0,0,3881,15396,34414,1269,3002,5505
Time Out Market rooftop,2025,2025-06-20,4,1,1,0,0,12075,36351,68828,2800,7036,12960
Time Out Market rooftop,2025,2025-06-21,5,1,1,0,0,12075,36351,68828,2800,7036,12960
Time Out Market rooftop,2025,2025-06-22,6,1,0,0,0,3881,15396,34414,1269,3002,5505
Time Out Market rooftop,2025,2025-06-23,0,1,0,0,0,3881,15396,34414,1269,3002,5505
Time Out Market rooftop,2025,2025-06-24,1,1,0,0,0,3881,15396,34414,1269,3002,5505
Time Out Market rooftop,2025,2025-06-25,2,1,0,0,0,3881,15396,34414,1269,3002,5505
Time Out Market rooftop,2025,2025-06-26,3,1,0,0,0,3881,15396,34414,1269,3002,5505
Time Out Market rooftop,2025,2025-06-27,4,1,1,0,0,12075,36351,68828,2800,7036,12960
Time Out Market rooftop,2025,2025-06-28,5,1,1,0,0,12075,36351,68828,2800,7036,12960
Time Out Market rooftop,2025,2025-06-29,6,1,0,0,0,3881,15396,34414,1269,3002,5505
Time Out Market rooftop,2025,2025-06-30,0,1,0,0,0,3881,15396,34414,1269,3002,5505
Time Out Market rooftop,2025,2025-07-01,1,1,0,0,0,3881,15396,34414,1269,3002,5505
Time Out Market rooftop,2025,2025-07-02,2,1,0,0,0,3881,15396,34414,1269,3002,5505
Time Out Market rooftop,2025,2025-07-03,3,1,1,1,0,12075,36351,68828,2800,7036,12960
Time Out Market rooftop,2025,2025-07-04,4,1,1,1,0,12075,36351,68828,2800,7036,12960
Time Out Market rooftop,2025,2025-07-05,5,1,1,0,0,12075,36351,68828,2800,7036,12960
Time Out Market rooftop,2025,2025-07-06,6,1,0,0,0,3881,15396,34414,1269,3002,5505
Time Out Market rooftop,2025,2025-07-07,0,1,0,0,0,3881,15396,34414,1269,3002,5505
Time Out Market rooftop,2025,2025-07-08,1,1,0,0,0,3881,15396,34414,1269,3002,5505
Time Out Market rooftop,2025,2025-07-09,2,1,0,0,0,3881,15396,34414,1269,3002,5505
Time Out Market rooftop,2025,2025-07-10,3,1,0,0,0,3881,15396,34414,1269,3002,5505
Time Out Market rooftop,2025,2025-07-11,4,1,1,0,0,12075,36351,68828,2800,7036,12960
Time Out Market rooftop,2025,2025-07-12,5,1,1,0,0,12075,36351,68828,2800,7036,12960
Time Out Market rooftop,2025,2025-07-13,6,1,0,0,0,3881,15396,34414,1269,3002,5505
Time Out Market rooftop,2025,2025-07-14,0,1,0,0,0,3881,15396,34414,1269,3002,5505
Time Out Market rooftop,2025,2025-07-15,1,1,0,0,0,3881,15396,34414,1269,3002,5505
Time Out Market rooftop,2025,2025-07-16,2,1,0,0,0,3881,15396,34414,1269,3002,5505
Time Out Market rooftop,2025,2025-07-17,3,1,0,0,0,3881,15396,34414,1269,3002,5505
Time Out Market rooftop,2025,2025-07-18,4,1,1,0,0,12075,36351,68828,2800,7036,12960
Time Out Market rooftop,2025,2025-07-19,5,1,1,0,0,12075,36351,68828,2800,7036,12960
Time Out Market rooftop,2025,2025-07-20,6,1,0,0,0,3881,15396,34414,1269,3002,5505
Time Out Market rooftop,2025,2025-07-21,0,1,0,0,0,3881,15396,34414,1269,3002,5505
Time Out Market rooftop,2025,2025-07-22,1,1,0,0,0,3881,15396,34414,1269,3002,5505
Time Out Market rooftop,2025,2025-07-23,2,1,0,0,0,3881,15396,34414,1269,3002,5505
Time Out Market rooftop,2025,2025-07-24,3,1,0,0,0,3881,15396,34414,1269,3002,5505
Time Out Market rooftop,2025,2025-07-25,4,1,1,0,0,12075,36351,68828,2800,7036,12960
Time Out Market rooftop,2025,2025-07-26,5,1,1,0,0,12075,36351,68828,2800,7036,12960
Time Out Market rooftop,2025,2025-07-27,6,1,0,0,0,3881,15396,34414,1269,3002,5505
Time Out Market rooftop,2025,2025-07-28,0,1,0,0,0,3881,15396,34414,1269,3002,5505
Time Out Market rooftop,2025,2025-07-29,1,1,0,0,0,3881,15396,34414,1269,3002,5505
Time Out Market rooftop,2025,2025-07-30,2,1,0,0,0,3881,15396,34414,1269,3002,5505
Time Out Market rooftop,2025,2025-07-31,3,1,0,0,0,3881,15396,34414,1269,3002,5505
Time Out Market rooftop,2025,2025-08-01,4,1,1,0,0,12075,36351,68828,2800,7036,12960
Time Out Market rooftop,2025,2025-08-02,5,1,1,0,0,12075,36351,68828,2800,7036,12960
Time Out Market rooftop,2025,2025-08-03,6,1,0,0,0,3881,15396,34414,1269,3002,5505
Time Out Market rooftop,2025,2025-08-04,0,1,0,0,0,3881,15396,34414,1269,3002,5505
Time Out Market rooftop,2025,2025-08-05,1,1,0,0,0,3881,15396,34414,1269,3002,5505
Time Out Market rooftop,2025,2025-08-06,2,1,0,0,0,3881,15396,34414,1269,3002,5505
Time Out Market rooftop,2025,2025-08-07,3,1,0,0,0,3881,15396,34414,1269,3002,5505
Time Out Market rooftop,2025,2025-08-08,4,1,1,0,0,12075,36351,68828,2800,7036,12960
Time Out Market rooftop,2025,2025-08-09,5,1,1,0,0,12075,36351,68828,2800,7036,12960
Time Out Market rooftop,2025,2025-08-10,6,1,0,0,0,3881,15396,34414,1269,3002,5505
Time Out Market rooftop,2025,2025-08-11,0,1,0,0,0,3881,15396,34414,1269,3002,5505
Time Out Market rooftop,2025,2025-08-12,1,1,0,0,0,3881,15396,34414,1269,3002,5505
Time Out Market rooftop,2025,2025-08-13,2,1,0,0,0,3881,15396,34414,1269,3002,5505
Time Out Market rooftop,2025,2025-08-14,3,1,0,0,0,3881,15396,34414,1269,3002,5505
Time Out Market rooftop,2025,2025-08-15,4,1,1,0,0,12075,36351,68828,2800,7036,12960
Time Out Market rooftop,2025,2025-08-16,5,1,1,0,0,12075,36351,68828,2800,7036,12960
Time Out Market rooftop,2025,2025-08-17,6,1,0,0,0,3881,15396,34414,1269,3002,5505
Time Out Market rooftop,2025,2025-08-18,0,1,0,0,0,3881,15396,34414,1269,3002,5505
Time Out Market rooftop,2025,2025-08-19,1,1,0,0,0,3881,15396,34414,1269,3002,5505
Time Out Market rooftop,2025,2025-08-20,2,1,0,0,0,3881,15396,34414,1269,3002,5505
Time Out Market rooftop,2025,2025-08-21,3,1,0,0,0,3881,15396,34414,1269,3002,5505
Time Out Market rooftop,2025,2025-08-22,4,1,1,0,0,12075,36351,68828,2800,7036,12960
Time Out Market rooftop,2025,2025-08-23,5,1,1,0,0,12075,36351,68828,2800,7036,12960
Time Out Market rooftop,2025,2025-08-24,6,1,0,0,0,3881,15396,34414,1269,3002,5505
Time Out Market rooftop,2025,2025-08-25,0,1,0,0,0,3881,15396,34414,1269,3002,5505
Time Out Market rooftop,2025,2025-08-26,1,1,0,0,0,3881,15396,34414,1269,3002,5505
Time Out Market rooftop,2025,2025-08-27,2,1,0,0,0,3881,15396,34414,1269,3002,5505
Time Out Market rooftop,2025,2025-08-28,3,1,0,0,0,3881,15396,34414,1269,3002,5505
Time Out Market rooftop,2025,2025-08-29,4,1,1,0,0,12075,36351,68828,2800,7036,12960
Time Out Market rooftop,2025,2025-08-30,5,1,1,0,0,12075,36351,68828,2800,7036,12960
Time Out Market rooftop,2025,2025-08-31,6,1,1,1,0,12075,36351,68828,2800,7036,12960
Time Out Market rooftop,2025,2025-09-01,0,1,1,1,0,12075,36351,68828,2800,7036,12960
Time Out Market rooftop,2025,2025-09-02,1,1,0,0,0,3881,15396,34414,1269,3002,5505
Time Out Market rooftop,2025,2025-09-03,2,1,0,0,0,3881,15396,34414,1269,3002,5505
Time Out Market rooftop,2025,2025-09-04,3,1,0,0,0,3881,15396,34414,1269,3002,5505
Time Out Market rooftop,2025,2025-09-05,4,1,1,0,0,12075,36351,68828,2800,7036,12960
Time Out Market rooftop,2025,2025-09-06,5,1,1,0,0,12075,36351,68828,2800,7036,12960
Time Out Market rooftop,2025,2025-09-07,6,1,0,0,0,3881,15396,34414,1269,3002,5505
Time Out Market rooftop,2025,2025-09-08,0,1,0,0,0,3881,15396,34414,1269,3002,5505
Time Out Market rooftop,2025,2025-09-09,1,1,0,0,0,3881,15396,34414,1269,3002,5505
Time Out Market rooftop,2025,2025-09-10,2,1,0,0,0,3881,15396,34414,1269,3002,5505
Time Out Market rooftop,2025,2025-09-11,3,1,0,0,0,3881,15396,34414,1269,3002,5505
Time Out Market rooftop,2025,2025-09-12,4,1,1,0,0,12075,36351,68828,2800,7036,12960
Time Out Market rooftop,2025,2025-09-13,5,1,1,0,0,12075,36351,68828,2800,7036,12960
Time Out Market rooftop,2025,2025-09-14,6,1,0,0,0,3881,15396,34414,1269,3002,5505
Time Out Market rooftop,2025,2025-09-15,0,1,0,0,0,3881,15396,34414,1269,3002,5505
Time Out Market rooftop,2025,2025-09-16,1,1,0,0,0,3881,15396,34414,1269,3002,5505
Time Out Market rooftop,2025,2025-09-17,2,1,0,0,0,3881,15396,34414,1269,3002,5505
Time Out Market rooftop,2025,2025-09-18,3,1,0,0,0,3881,15396,34414,1269,3002,5505
Time Out Market rooftop,2025,2025-09-19,4,1,1,0,0,12075,36351,68828,2800,7036,12960
Time Out Market rooftop,2025,2025-09-20,5,1,1,0,0,12075,36351,68828,2800,7036,12960
Time Out Market rooftop,2025,2025-09-21,6,1,0,0,0,3881,15396,34414,1269,3002,5505
Time Out Market rooftop,2025,2025-09-22,0,1,0,0,0,3881,15396,34414,1269,3002,5505
Time Out Market rooftop,2025,2025-09-23,1,1,0,0,0,3881,15396,34414,1269,3002,5505
Time Out Market rooftop,2025,2025-09-24,2,1,0,0,0,3881,15396,34414,1269,3002,5505
Time Out Market rooftop,2025,2025-09-25,3,1,0,0,0,3881,15396,34414,1269,3002,5505
Time Out Market rooftop,2025,2025-09-26,4,1,1,0,0,12075,36351,68828,2800,7036,12960
Time Out Market rooftop,2025,2025-09-27,5,1,1,0,0,12075,36351,68828,2800,7036,12960
Time Out Market rooftop,2025,2025-09-28,6,1,0,0,0,3881,15396,34414,1269,3002,5505
Time Out Market rooftop,2025,2025-09-29,0,1,0,0,0,3881,15396,34414,1269,3002,5505
Time Out Market rooftop,2025,2025-09-30,1,1,1,0,1,12075,36351,68828,2800,7036,12960
Time Out Market rooftop,2026,2026-05-01,4,1,1,0,1,12075,36351,68828,2800,7036,12960
Time Out Market rooftop,2026,2026-05-02,5,1,1,0,0,12075,36351,68828,2800,7036,12960
Time Out Market rooftop,2026,2026-05-03,6,1,0,0,0,3881,15396,34414,1269,3002,5505
Time Out Market rooftop,2026,2026-05-04,0,1,0,0,0,3881,15396,34414,1269,3002,5505
Time Out Market rooftop,2026,2026-05-05,1,1,0,0,0,3881,15396,34414,1269,3002,5505
Time Out Market rooftop,2026,2026-05-06,2,1,0,0,0,3881,15396,34414,1269,3002,5505
Time Out Market rooftop,2026,2026-05-07,3,1,0,0,0,3881,15396,34414,1269,3002,5505
Time Out Market rooftop,2026,2026-05-08,4,1,1,0,0,12075,36351,68828,2800,7036,12960
Time Out Market rooftop,2026,2026-05-09,5,1,1,0,0,12075,36351,68828,2800,7036,12960
Time Out Market rooftop,2026,2026-05-10,6,1,0,0,0,3881,15396,34414,1269,3002,5505
Time Out Market rooftop,2026,2026-05-11,0,1,0,0,0,3881,15396,34414,1269,3002,5505
Time Out Market rooftop,2026,2026-05-12,1,1,0,0,0,3881,15396,34414,1269,3002,5505
Time Out Market rooftop,2026,2026-05-13,2,1,0,0,0,3881,15396,34414,1269,3002,5505
Time Out Market rooftop,2026,2026-05-14,3,1,0,0,0,3881,15396,34414,1269,3002,5505
Time Out Market rooftop,2026,2026-05-15,4,1,1,0,0,12075,36351,68828,2800,7036,12960
Time Out Market rooftop,2026,2026-05-16,5,1,1,0,0,12075,36351,68828,2800,7036,12960
Time Out Market rooftop,2026,2026-05-17,6,1,0,0,0,3881,15396,34414,1269,3002,5505
Time Out Market rooftop,2026,2026-05-18,0,1,0,0,0,3881,15396,34414,1269,3002,5505
Time Out Market rooftop,2026,2026-05-19,1,1,0,0,0,3881,15396,34414,1269,3002,5505
Time Out Market rooftop,2026,2026-05-20,2,1,0,0,0,3881,15396,34414,1269,3002,5505
Time Out Market rooftop,2026,2026-05-21,3,1,0,0,0,3881,15396,34414,1269,3002,5505
Time Out Market rooftop,2026,2026-05-22,4,1,1,0,0,12075,36351,68828,2800,7036,12960
Time Out Market rooftop,2026,2026-05-23,5,1,1,0,0,12075,36351,68828,2800,7036,12960
Time Out Market rooftop,2026,2026-05-24,6,1,1,1,0,12075,36351,68828,2800,7036,12960
Time Out Market rooftop,2026,2026-05-25,0,1,1,1,0,12075,36351,68828,2800,7036,12960
Time Out Market rooftop,2026,2026-05-26,1,1,0,0,0,3881,15396,34414,1269,3002,5505
Time Out Market rooftop,2026,2026-05-27,2,1,0,0,0,3881,15396,34414,1269,3002,5505
Time Out Market rooftop,2026,2026-05-28,3,1,0,0,0,3881,15396,34414,1269,3002,5505
Time Out Market rooftop,2026,2026-05-29,4,1,1,0,0,12075,36351,68828,2800,7036,12960
Time Out Market rooftop,2026,2026-05-30,5,1,1,0,0,12075,36351,68828,2800,7036,12960
Time Out Market rooftop,2026,2026-05-31,6,1,0,0,0,3881,15396,34414,1269,3002,5505
Time Out Market rooftop,2026,2026-06-01,0,1,0,0,0,3881,15396,34414,1269,3002,5505
Time Out Market rooftop,2026,2026-06-02,1,1,0,0,0,3881,15396,34414,1269,3002,5505
Time Out Market rooftop,2026,2026-06-03,2,1,0,0,0,3881,15396,34414,1269,3002,5505
Time Out Market rooftop,2026,2026-06-04,3,1,0,0,0,3881,15396,34414,1269,3002,5505
Time Out Market rooftop,2026,2026-06-05,4,1,1,0,0,12075,36351,68828,2800,7036,12960
Time Out Market rooftop,2026,2026-06-06,5,1,1,0,0,12075,36351,68828,2800,7036,12960
Time Out Market rooftop,2026,2026-06-07,6,1,0,0,0,3881,15396,34414,1269,3002,5505
Time Out Market rooftop,2026,2026-06-08,0,1,0,0,0,3881,15396,34414,1269,3002,5505
Time Out Market rooftop,2026,2026-06-09,1,1,0,0,0,3881,15396,34414,1269,3002,5505
Time Out Market rooftop,2026,2026-06-10,2,1,0,0,0,3881,15396,34414,1269,3002,5505
Time Out Market rooftop,2026,2026-06-11,3,1,0,0,0,3881,15396,34414,1269,3002,5505
Time Out Market rooftop,2026,2026-06-12,4,1,1,0,0,12075,36351,68828,2800,7036,12960
Time Out Market rooftop,2026,2026-06-13,5,1,1,0,0,12075,36351,68828,2800,7036,12960
Time Out Market rooftop,2026,2026-06-14,6,1,0,0,0,3881,15396,34414,1269,3002,5505
Time Out Market rooftop,2026,2026-06-15,0,1,0,0,0,3881,15396,34414,1269,3002,5505
Time Out Market rooftop,2026,2026-06-16,1,1,0,0,0,3881,15396,34414,1269,3002,5505
Time Out Market rooftop,2026,2026-06-17,2,1,0,0,0,3881,15396,34414,1269,3002,5505
Time Out Market rooftop,2026,2026-06-18,3,1,0,0,0,3881,15396,34414,1269,3002,5505
Time Out Market rooftop,2026,2026-06-19,4,1,1,0,0,12075,36351,68828,2800,7036,12960
Time Out Market rooftop,2026,2026-06-20,5,1,1,0,0,12075,36351,68828,2800,7036,12960
Time Out Market rooftop,2026,2026-06-21,6,1,0,0,0,3881,15396,34414,1269,3002,5505
Time Out Market rooftop,2026,2026-06-22,0,1,0,0,0,3881,15396,34414,1269,3002,5505
Time Out Market rooftop,2026,2026-06-23,1,1,0,0,0,3881,15396,34414,1269,3002,5505
Time Out Market rooftop,2026,2026-06-24,2,1,0,0,0,3881,15396,34414,1269,3002,5505
Time Out Market rooftop,2026,2026-06-25,3,1,0,0,0,3881,15396,34414,1269,3002,5505
Time Out Market rooftop,2026,2026-06-26,4,1,1,0,0,12075,36351,68828,2800,7036,12960
Time Out Market rooftop,2026,2026-06-27,5,1,1,0,0,12075,36351,68828,2800,7036,12960
Time Out Market rooftop,2026,2026-06-28,6,1,0,0,0,3881,15396,34414,1269,3002,5505
Time Out Market rooftop,2026,2026-06-29,0,1,0,0,0,3881,15396,34414,1269,3002,5505
Time Out Market rooftop,2026,2026-06-30,1,1,0,0,0,3881,15396,34414,1269,3002,5505
Time Out Market rooftop,2026,2026-07-01,2,1,0,0,0,3881,15396,34414,1269,3002,5505
Time Out Market rooftop,2026,2026-07-02,3,1,0,0,0,3881,15396,34414,1269,3002,5505
Time Out Market rooftop,2026,2026-07-03,4,1,1,1,0,12075,36351,68828,2800,7036,12960
Time Out Market rooftop,2026,2026-07-04,5,1,1,1,0,12075,36351,68828,2800,7036,12960
Time Out Market rooftop,2026,2026-07-05,6,1,0,0,0,3881,15396,34414,1269,3002,5505
Time Out Market rooftop,2026,2026-07-06,0,1,0,0,0,3881,15396,34414,1269,3002,5505
Time Out Market rooftop,2026,2026-07-07,1,1,0,0,0,3881,15396,34414,1269,3002,5505
Time Out Market rooftop,2026,2026-07-08,2,1,0,0,0,3881,15396,34414,1269,3002,5505
Time Out Market rooftop,2026,2026-07-09,3,1,0,0,0,3881,15396,34414,1269,3002,5505
Time Out Market rooftop,2026,2026-07-10,4,1,1,0,0,12075,36351,68828,2800,7036,12960
Time Out Market rooftop,2026,2026-07-11,5,1,1,0,0,12075,36351,68828,2800,7036,12960
Time Out Market rooftop,2026,2026-07-12,6,1,0,0,0,3881,15396,34414,1269,3002,5505
Time Out Market rooftop,2026,2026-07-13,0,1,0,0,0,3881,15396,34414,1269,3002,5505
Time Out Market rooftop,2026,2026-07-14,1,1,0,0,0,3881,15396,34414,1269,3002,5505
Time Out Market rooftop,2026,2026-07-15,2,1,0,0,0,3881,15396,34414,1269,3002,5505
Time Out Market rooftop,2026,2026-07-16,3,1,0,0,0,3881,15396,34414,1269,3002,5505
Time Out Market rooftop,2026,2026-07-17,4,1,1,0,0,12075,36351,68828,2800,7036,12960
Time Out Market rooftop,2026,2026-07-18,5,1,1,0,0,12075,36351,68828,2800,7036,12960
Time Out Market rooftop,2026,2026-07-19,6,1,0,0,0,3881,15396,34414,1269,3002,5505
Time Out Market rooftop,2026,2026-07-20,0,1,0,0,0,3881,15396,34414,1269,3002,5505
Time Out Market rooftop,2026,2026-07-21,1,1,0,0,0,3881,15396,34414,1269,3002,5505
Time Out Market rooftop,2026,2026-07-22,2,1,0,0,0,3881,15396,34414,1269,3002,5505
Time Out Market rooftop,2026,2026-07-23,3,1,0,0,0,3881,15396,34414,1269,3002,5505
Time Out Market rooftop,2026,2026-07-24,4,1,1,0,0,12075,36351,68828,2800,7036,12960
Time Out Market rooftop,2026,2026-07-25,5,1,1,0,0,12075,36351,68828,2800,7036,12960
Time Out Market rooftop,2026,2026-07-26,6,1,0,0,0,3881,15396,34414,1269,3002,5505
Time Out Market rooftop,2026,2026-07-27,0,1,0,0,0,3881,15396,34414,1269,3002,5505
Time Out Market rooftop,2026,2026-07-28,1,1,0,0,0,3881,15396,34414,1269,3002,5505
Time Out Market rooftop,2026,2026-07-29,2,1,0,0,0,3881,15396,34414,1269,3002,5505
Time Out Market rooftop,2026,2026-07-30,3,1,0,0,0,3881,15396,34414,1269,3002,5505
Time Out Market rooftop,2026,2026-07-31,4,1,1,0,0,12075,36351,68828,2800,7036,12960
Time Out Market rooftop,2026,2026-08-01,5,1,1,0,0,12075,36351,68828,2800,7036,12960
Time Out Market rooftop,2026,2026-08-02,6,1,0,0,0,3881,15396,34414,1269,3002,5505
Time Out Market rooftop,2026,2026-08-03,0,1,0,0,0,3881,15396,34414,1269,3002,5505
Time Out Market rooftop,2026,2026-08-04,1,1,0,0,0,3881,15396,34414,1269,3002,5505
Time Out Market rooftop,2026,2026-08-05,2,1,0,0,0,3881,15396,34414,1269,3002,5505
Time Out Market rooftop,2026,2026-08-06,3,1,0,0,0,3881,15396,34414,1269,3002,5505
Time Out Market rooftop,2026,2026-08-07,4,1,1,0,0,12075,36351,68828,2800,7036,12960
Time Out Market rooftop,2026,2026-08-08,5,1,1,0,0,12075,36351,68828,2800,7036,12960
Time Out Market rooftop,2026,2026-08-09,6,1,0,0,0,3881,15396,34414,1269,3002,5505
Time Out Market rooftop,2026,2026-08-10,0,1,0,0,0,3881,15396,34414,1269,3002,5505
Time Out Market rooftop,2026,2026-08-11,1,1,0,0,0,3881,15396,34414,1269,3002,5505
Time Out Market rooftop,2026,2026-08-12,2,1,0,0,0,3881,15396,34414,1269,3002,5505
Time Out Market rooftop,2026,2026-08-13,3,1,0,0,0,3881,15396,34414,1269,3002,5505
Time Out Market rooftop,2026,2026-08-14,4,1,1,0,0,12075,36351,68828,2800,7036,12960
Time Out Market rooftop,2026,2026-08-15,5,1,1,0,0,12075,36351,68828,2800,7036,12960
Time Out Market rooftop,2026,2026-08-16,6,1,0,0,0,3881,15396,34414,1269,3002,5505
Time Out Market rooftop,2026,2026-08-17,0,1,0,0,0,3881,15396,34414,1269,3002,5505
Time Out Market rooftop,2026,2026-08-18,1,1,0,0,0,3881,15396,34414,1269,3002,5505
Time Out Market rooftop,2026,2026-08-19,2,1,0,0,0,3881,15396,34414,1269,3002,5505
Time Out Market rooftop,2026,2026-08-20,3,1,0,0,0,3881,15396,34414,1269,3002,5505
Time Out Market rooftop,2026,2026-08-21,4,1,1,0,0,12075,36351,68828,2800,7036,12960
Time Out Market rooftop,2026,2026-08-22,5,1,1,0,0,12075,36351,68828,2800,7036,12960
Time Out Market rooftop,2026,2026-08-23,6,1,0,0,0,3881,15396,34414,1269,3002,5505
Time Out Market rooftop,2026,2026-08-24,0,1,0,0,0,3881,15396,34414,1269,3002,5505
Time Out Market rooftop,2026,2026-08-25,1,1,0,0,0,3881,15396,34414,1269,3002,5505
Time Out Market rooftop,2026,2026-08-26,2,1,0,0,0,3881,15396,34414,1269,3002,5505
Time Out Market rooftop,2026,2026-08-27,3,1,0,0,0,3881,15396,34414,1269,3002,5505
Time Out Market rooftop,2026,2026-08-28,4,1,1,0,0,12075,36351,68828,2800,7036,12960
Time Out Market rooftop,2026,2026-08-29,5,1,1,0,0,12075,36351,68828,2800,7036,12960
Time Out Market rooftop,2026,2026-08-30,6,1,0,0,0,3881,15396,34414,1269,3002,5505
Time Out Market rooftop,2026,2026-08-31,0,1,0,0,0,3881,15396,34414,1269,3002,5505
Time Out Market rooftop,2026,2026-09-01,1,1,0,0,0,3881,15396,34414,1269,3002,5505
Time Out Market rooftop,2026,2026-09-02,2,1,0,0,0,3881,15396,34414,1269,3002,5505
Time Out Market rooftop,2026,2026-09-03,3,1,0,0,0,3881,15396,34414,1269,3002,5505
Time Out Market rooftop,2026,2026-09-04,4,1,1,0,0,12075,36351,68828,2800,7036,12960
Time Out Market rooftop,2026,2026-09-05,5,1,1,0,0,12075,36351,68828,2800,7036,12960
Time Out Market rooftop,2026,2026-09-06,6,1,1,1,0,12075,36351,68828,2800,7036,12960
Time Out Market rooftop,2026,2026-09-07,0,1,1,1,0,12075,36351,68828,2800,7036,12960
Time Out Market rooftop,2026,2026-09-08,1,1,0,0,0,3881,15396,34414,1269,3002,5505
Time Out Market rooftop,2026,2026-09-09,2,1,0,0,0,3881,15396,34414,1269,3002,5505
Time Out Market rooftop,2026,2026-09-10,3,1,0,0,0,3881,15396,34414,1269,3002,5505
Time Out Market rooftop,2026,2026-09-11,4,1,1,0,0,12075,36351,68828,2800,7036,12960
Time Out Market rooftop,2026,2026-09-12,5,1,1,0,0,12075,36351,68828,2800,7036,12960
Time Out Market rooftop,2026,2026-09-13,6,1,0,0,0,3881,15396,34414,1269,3002,5505
Time Out Market rooftop,2026,2026-09-14,0,1,0,0,0,3881,15396,34414,1269,3002,5505
Time Out Market rooftop,2026,2026-09-15,1,1,1,0,1,12075,36351,68828,2800,7036,12960
Sultan Room Rooftop,2025,2025-05-01,3,1,1,0,1,4347,13685,34500,1595,3699,8461
Sultan Room Rooftop,2025,2025-05-02,4,1,1,0,0,4347,13685,34500,1595,3699,8461
Sultan Room Rooftop,2025,2025-05-03,5,1,1,0,0,4347,13685,34500,1595,3699,8461
Sultan Room Rooftop,2025,2025-05-04,6,1,0,0,0,1490,5434,16560,818,1696,3750
Sultan Room Rooftop,2025,2025-05-05,0,0,0,0,0,0,0,0,0,0,0
Sultan Room Rooftop,2025,2025-05-06,1,1,0,0,0,1490,5434,16560,818,1696,3750
Sultan Room Rooftop,2025,2025-05-07,2,1,0,0,0,1490,5434,16560,818,1696,3750
Sultan Room Rooftop,2025,2025-05-08,3,1,0,0,0,1490,5434,16560,818,1696,3750
Sultan Room Rooftop,2025,2025-05-09,4,1,1,0,0,4347,13685,34500,1595,3699,8461
Sultan Room Rooftop,2025,2025-05-10,5,1,1,0,0,4347,13685,34500,1595,3699,8461
Sultan Room Rooftop,2025,2025-05-11,6,1,0,0,0,1490,5434,16560,818,1696,3750
Sultan Room Rooftop,2025,2025-05-12,0,0,0,0,0,0,0,0,0,0,0
Sultan Room Rooftop,2025,2025-05-13,1,1,0,0,0,1490,5434,16560,818,1696,3750
Sultan Room Rooftop,2025,2025-05-14,2,1,0,0,0,1490,5434,16560,818,1696,3750
Sultan Room Rooftop,2025,2025-05-15,3,1,0,0,0,1490,5434,16560,818,1696,3750
Sultan Room Rooftop,2025,2025-05-16,4,1,1,0,0,4347,13685,34500,1595,3699,8461
Sultan Room Rooftop,2025,2025-05-17,5,1,1,0,0,4347,13685,34500,1595,3699,8461
Sultan Room Rooftop,2025,2025-05-18,6,1,0,0,0,1490,5434,16560,818,1696,3750
Sultan Room Rooftop,2025,2025-05-19,0,0,0,0,0,0,0,0,0,0,0
Sultan Room Rooftop,2025,2025-05-20,1,1,0,0,0,1490,5434,16560,818,1696,3750
Sultan Room Rooftop,2025,2025-05-21,2,1,0,0,0,1490,5434,16560,818,1696,3750
Sultan Room Rooftop,2025,2025-05-22,3,1,0,0,0,1490,5434,16560,818,1696,3750
Sultan Room Rooftop,2025,2025-05-23,4,1,1,0,0,4347,13685,34500,1595,3699,8461
Sultan Room Rooftop,2025,2025-05-24,5,1,1,0,0,4347,13685,34500,1595,3699,8461
Sultan Room Rooftop,2025,2025-05-25,6,1,1,1,0,4347,13685,34500,1595,3699,8461
Sultan Room Rooftop,2025,2025-05-26,0,0,0,1,0,0,0,0,0,0,0
Sultan Room Rooftop,2025,2025-05-27,1,1,0,0,0,1490,5434,16560,818,1696,3750
Sultan Room Rooftop,2025,2025-05-28,2,1,0,0,0,1490,5434,16560,818,1696,3750
Sultan Room Rooftop,2025,2025-05-29,3,1,0,0,0,1490,5434,16560,818,1696,3750
Sultan Room Rooftop,2025,2025-05-30,4,1,1,0,0,4347,13685,34500,1595,3699,8461
Sultan Room Rooftop,2025,2025-05-31,5,1,1,0,0,4347,13685,34500,1595,3699,8461
Sultan Room Rooftop,2025,2025-06-01,6,1,0,0,0,1490,5434,16560,818,1696,3750
Sultan Room Rooftop,2025,2025-06-02,0,0,0,0,0,0,0,0,0,0,0
Sultan Room Rooftop,2025,2025-06-03,1,1,0,0,0,1490,5434,16560,818,1696,3750
Sultan Room Rooftop,2025,2025-06-04,2,1,0,0,0,1490,5434,16560,818,1696,3750
Sultan Room Rooftop,2025,2025-06-05,3,1,0,0,0,1490,5434,16560,818,1696,3750
Sultan Room Rooftop,2025,2025-06-06,4,1,1,0,0,4347,13685,34500,1595,3699,8461
Sultan Room Rooftop,2025,2025-06-07,5,1,1,0,0,4347,13685,34500,1595,3699,8461
Sultan Room Rooftop,2025,2025-06-08,6,1,0,0,0,1490,5434,16560,818,1696,3750
Sultan Room Rooftop,2025,2025-06-09,0,0,0,0,0,0,0,0,0,0,0
Sultan Room Rooftop,2025,2025-06-10,1,1,0,0,0,1490,5434,16560,818,1696,3750
Sultan Room Rooftop,2025,2025-06-11,2,1,0,0,0,1490,5434,16560,818,1696,3750
Sultan Room Rooftop,2025,2025-06-12,3,1,0,0,0,1490,5434,16560,818,1696,3750
Sultan Room Rooftop,2025,2025-06-13,4,1,1,0,0,4347,13685,34500,1595,3699,8461
Sultan Room Rooftop,2025,2025-06-14,5,1,1,0,0,4347,13685,34500,1595,3699,8461
Sultan Room Rooftop,2025,2025-06-15,6,1,0,0,0,1490,5434,16560,818,1696,3750
Sultan Room Rooftop,2025,2025-06-16,0,0,0,0,0,0,0,0,0,0,0
Sultan Room Rooftop,2025,2025-06-17,1,1,0,0,0,1490,5434,16560,818,1696,3750
Sultan Room Rooftop,2025,2025-06-18,2,1,0,0,0,1490,5434,16560,818,1696,3750
Sultan Room Rooftop,2025,2025-06-19,3,1,0,0,0,1490,5434,16560,818,1696,3750
Sultan Room Rooftop,2025,2025-06-20,4,1,1,0,0,4347,13685,34500,1595,3699,8461
Sultan Room Rooftop,2025,2025-06-21,5,1,1,0,0,4347,13685,34500,1595,3699,8461
Sultan Room Rooftop,2025,2025-06-22,6,1,0,0,0,1490,5434,16560,818,1696,3750
Sultan Room Rooftop,2025,2025-06-23,0,0,0,0,0,0,0,0,0,0,0
Sultan Room Rooftop,2025,2025-06-24,1,1,0,0,0,1490,5434,16560,818,1696,3750
Sultan Room Rooftop,2025,2025-06-25,2,1,0,0,0,1490,5434,16560,818,1696,3750
Sultan Room Rooftop,2025,2025-06-26,3,1,0,0,0,1490,5434,16560,818,1696,3750
Sultan Room Rooftop,2025,2025-06-27,4,1,1,0,0,4347,13685,34500,1595,3699,8461
Sultan Room Rooftop,2025,2025-06-28,5,1,1,0,0,4347,13685,34500,1595,3699,8461
Sultan Room Rooftop,2025,2025-06-29,6,1,0,0,0,1490,5434,16560,818,1696,3750
Sultan Room Rooftop,2025,2025-06-30,0,0,0,0,0,0,0,0,0,0,0
Sultan Room Rooftop,2025,2025-07-01,1,1,0,0,0,1490,5434,16560,818,1696,3750
Sultan Room Rooftop,2025,2025-07-02,2,1,0,0,0,1490,5434,16560,818,1696,3750
Sultan Room Rooftop,2025,2025-07-03,3,1,1,1,0,4347,13685,34500,1595,3699,8461
Sultan Room Rooftop,2025,2025-07-04,4,1,1,1,0,4347,13685,34500,1595,3699,8461
Sultan Room Rooftop,2025,2025-07-05,5,1,1,0,0,4347,13685,34500,1595,3699,8461
Sultan Room Rooftop,2025,2025-07-06,6,1,0,0,0,1490,5434,16560,818,1696,3750
Sultan Room Rooftop,2025,2025-07-07,0,0,0,0,0,0,0,0,0,0,0
Sultan Room Rooftop,2025,2025-07-08,1,1,0,0,0,1490,5434,16560,818,1696,3750
Sultan Room Rooftop,2025,2025-07-09,2,1,0,0,0,1490,5434,16560,818,1696,3750
Sultan Room Rooftop,2025,2025-07-10,3,1,0,0,0,1490,5434,16560,818,1696,3750
Sultan Room Rooftop,2025,2025-07-11,4,1,1,0,0,4347,13685,34500,1595,3699,8461
Sultan Room Rooftop,2025,2025-07-12,5,1,1,0,0,4347,13685,34500,1595,3699,8461
Sultan Room Rooftop,2025,2025-07-13,6,1,0,0,0,1490,5434,16560,818,1696,3750
Sultan Room Rooftop,2025,2025-07-14,0,0,0,0,0,0,0,0,0,0,0
Sultan Room Rooftop,2025,2025-07-15,1,1,0,0,0,1490,5434,16560,818,1696,3750
Sultan Room Rooftop,2025,2025-07-16,2,1,0,0,0,1490,5434,16560,818,1696,3750
Sultan Room Rooftop,2025,2025-07-17,3,1,0,0,0,1490,5434,16560,818,1696,3750
Sultan Room Rooftop,2025,2025-07-18,4,1,1,0,0,4347,13685,34500,1595,3699,8461
Sultan Room Rooftop,2025,2025-07-19,5,1,1,0,0,4347,13685,34500,1595,3699,8461
Sultan Room Rooftop,2025,2025-07-20,6,1,0,0,0,1490,5434,16560,818,1696,3750
Sultan Room Rooftop,2025,2025-07-21,0,0,0,0,0,0,0,0,0,0,0
Sultan Room Rooftop,2025,2025-07-22,1,1,0,0,0,1490,5434,16560,818,1696,3750
Sultan Room Rooftop,2025,2025-07-23,2,1,0,0,0,1490,5434,16560,818,1696,3750
Sultan Room Rooftop,2025,2025-07-24,3,1,0,0,0,1490,5434,16560,818,1696,3750
Sultan Room Rooftop,2025,2025-07-25,4,1,1,0,0,4347,13685,34500,1595,3699,8461
Sultan Room Rooftop,2025,2025-07-26,5,1,1,0,0,4347,13685,34500,1595,3699,8461
Sultan Room Rooftop,2025,2025-07-27,6,1,0,0,0,1490,5434,16560,818,1696,3750
Sultan Room Rooftop,2025,2025-07-28,0,0,0,0,0,0,0,0,0,0,0
Sultan Room Rooftop,2025,2025-07-29,1,1,0,0,0,1490,5434,16560,818,1696,3750
Sultan Room Rooftop,2025,2025-07-30,2,1,0,0,0,1490,5434,16560,818,1696,3750
Sultan Room Rooftop,2025,2025-07-31,3,1,0,0,0,1490,5434,16560,818,1696,3750
Sultan Room Rooftop,2025,2025-08-01,4,1,1,0,0,4347,13685,34500,1595,3699,8461
Sultan Room Rooftop,2025,2025-08-02,5,1,1,0,0,4347,13685,34500,1595,3699,8461
Sultan Room Rooftop,2025,2025-08-03,6,1,0,0,0,1490,5434,16560,818,1696,3750
Sultan Room Rooftop,2025,2025-08-04,0,0,0,0,0,0,0,0,0,0,0
Sultan Room Rooftop,2025,2025-08-05,1,1,0,0,0,1490,5434,16560,818,1696,3750
Sultan Room Rooftop,2025,2025-08-06,2,1,0,0,0,1490,5434,16560,818,1696,3750
Sultan Room Rooftop,2025,2025-08-07,3,1,0,0,0,1490,5434,16560,818,1696,3750
Sultan Room Rooftop,2025,2025-08-08,4,1,1,0,0,4347,13685,34500,1595,3699,8461
Sultan Room Rooftop,2025,2025-08-09,5,1,1,0,0,4347,13685,34500,1595,3699,8461
Sultan Room Rooftop,2025,2025-08-10,6,1,0,0,0,1490,5434,16560,818,1696,3750
Sultan Room Rooftop,2025,2025-08-11,0,0,0,0,0,0,0,0,0,0,0
Sultan Room Rooftop,2025,2025-08-12,1,1,0,0,0,1490,5434,16560,818,1696,3750
Sultan Room Rooftop,2025,2025-08-13,2,1,0,0,0,1490,5434,16560,818,1696,3750
Sultan Room Rooftop,2025,2025-08-14,3,1,0,0,0,1490,5434,16560,818,1696,3750
Sultan Room Rooftop,2025,2025-08-15,4,1,1,0,0,4347,13685,34500,1595,3699,8461
Sultan Room Rooftop,2025,2025-08-16,5,1,1,0,0,4347,13685,34500,1595,3699,8461
Sultan Room Rooftop,2025,2025-08-17,6,1,0,0,0,1490,5434,16560,818,1696,3750
Sultan Room Rooftop,2025,2025-08-18,0,0,0,0,0,0,0,0,0,0,0
Sultan Room Rooftop,2025,2025-08-19,1,1,0,0,0,1490,5434,16560,818,1696,3750
Sultan Room Rooftop,2025,2025-08-20,2,1,0,0,0,1490,5434,16560,818,1696,3750
Sultan Room Rooftop,2025,2025-08-21,3,1,0,0,0,1490,5434,16560,818,1696,3750
Sultan Room Rooftop,2025,2025-08-22,4,1,1,0,0,4347,13685,34500,1595,3699,8461
Sultan Room Rooftop,2025,2025-08-23,5,1,1,0,0,4347,13685,34500,1595,3699,8461
Sultan Room Rooftop,2025,2025-08-24,6,1,0,0,0,1490,5434,16560,818,1696,3750
Sultan Room Rooftop,2025,2025-08-25,0,0,0,0,0,0,0,0,0,0,0
Sultan Room Rooftop,2025,2025-08-26,1,1,0,0,0,1490,5434,16560,818,1696,3750
Sultan Room Rooftop,2025,2025-08-27,2,1,0,0,0,1490,5434,16560,818,1696,3750
Sultan Room Rooftop,2025,2025-08-28,3,1,0,0,0,1490,5434,16560,818,1696,3750
Sultan Room Rooftop,2025,2025-08-29,4,1,1,0,0,4347,13685,34500,1595,3699,8461
Sultan Room Rooftop,2025,2025-08-30,5,1,1,0,0,4347,13685,34500,1595,3699,8461
Sultan Room Rooftop,2025,2025-08-31,6,1,1,1,0,4347,13685,34500,1595,3699,8461
Sultan Room Rooftop,2025,2025-09-01,0,0,0,1,0,0,0,0,0,0,0
Sultan Room Rooftop,2025,2025-09-02,1,1,0,0,0,1490,5434,16560,818,1696,3750
Sultan Room Rooftop,2025,2025-09-03,2,1,0,0,0,1490,5434,16560,818,1696,3750
Sultan Room Rooftop,2025,2025-09-04,3,1,0,0,0,1490,5434,16560,818,1696,3750
Sultan Room Rooftop,2025,2025-09-05,4,1,1,0,0,4347,13685,34500,1595,3699,8461
Sultan Room Rooftop,2025,2025-09-06,5,1,1,0,0,4347,13685,34500,1595,3699,8461
Sultan Room Rooftop,2025,2025-09-07,6,1,0,0,0,1490,5434,16560,818,1696,3750
Sultan Room Rooftop,2025,2025-09-08,0,0,0,0,0,0,0,0,0,0,0
Sultan Room Rooftop,2025,2025-09-09,1,1,0,0,0,1490,5434,16560,818,1696,3750
Sultan Room Rooftop,2025,2025-09-10,2,1,0,0,0,1490,5434,16560,818,1696,3750
Sultan Room Rooftop,2025,2025-09-11,3,1,0,0,0,1490,5434,16560,818,1696,3750
Sultan Room Rooftop,2025,2025-09-12,4,1,1,0,0,4347,13685,34500,1595,3699,8461
Sultan Room Rooftop,2025,2025-09-13,5,1,1,0,0,4347,13685,34500,1595,3699,8461
Sultan Room Rooftop,2025,2025-09-14,6,1,0,0,0,1490,5434,16560,818,1696,3750
Sultan Room Rooftop,2025,2025-09-15,0,0,0,0,0,0,0,0,0,0,0
Sultan Room Rooftop,2025,2025-09-16,1,1,0,0,0,1490,5434,16560,818,1696,3750
Sultan Room Rooftop,2025,2025-09-17,2,1,0,0,0,1490,5434,16560,818,1696,3750
Sultan Room Rooftop,2025,2025-09-18,3,1,0,0,0,1490,5434,16560,818,1696,3750
Sultan Room Rooftop,2025,2025-09-19,4,1,1,0,0,4347,13685,34500,1595,3699,8461
Sultan Room Rooftop,2025,2025-09-20,5,1,1,0,0,4347,13685,34500,1595,3699,8461
Sultan Room Rooftop,2025,2025-09-21,6,1,0,0,0,1490,5434,16560,818,1696,3750
Sultan Room Rooftop,2025,2025-09-22,0,0,0,0,0,0,0,0,0,0,0
Sultan Room Rooftop,2025,2025-09-23,1,1,0,0,0,1490,5434,16560,818,1696,3750
Sultan Room Rooftop,2025,2025-09-24,2,1,0,0,0,1490,5434,16560,818,1696,3750
Sultan Room Rooftop,2025,2025-09-25,3,1,0,0,0,1490,5434,16560,818,1696,3750
Sultan Room Rooftop,2025,2025-09-26,4,1,1,0,0,4347,13685,34500,1595,3699,8461
Sultan Room Rooftop,2025,2025-09-27,5,1,1,0,0,4347,13685,34500,1595,3699,8461
Sultan Room Rooftop,2025,2025-09-28,6,1,0,0,0,1490,5434,16560,818,1696,3750
Sultan Room Rooftop,2025,2025-09-29,0,0,0,0,0,0,0,0,0,0,0
Sultan Room Rooftop,2025,2025-09-30,1,1,1,0,1,4347,13685,34500,1595,3699,8461
Sultan Room Rooftop,2026,2026-05-01,4,1,1,0,1,4347,13685,34500,1595,3699,8461
Sultan Room Rooftop,2026,2026-05-02,5,1,1,0,0,4347,13685,34500,1595,3699,8461
Sultan Room Rooftop,2026,2026-05-03,6,1,0,0,0,1490,5434,16560,818,1696,3750
Sultan Room Rooftop,2026,2026-05-04,0,0,0,0,0,0,0,0,0,0,0
Sultan Room Rooftop,2026,2026-05-05,1,1,0,0,0,1490,5434,16560,818,1696,3750
Sultan Room Rooftop,2026,2026-05-06,2,1,0,0,0,1490,5434,16560,818,1696,3750
Sultan Room Rooftop,2026,2026-05-07,3,1,0,0,0,1490,5434,16560,818,1696,3750
Sultan Room Rooftop,2026,2026-05-08,4,1,1,0,0,4347,13685,34500,1595,3699,8461
Sultan Room Rooftop,2026,2026-05-09,5,1,1,0,0,4347,13685,34500,1595,3699,8461
Sultan Room Rooftop,2026,2026-05-10,6,1,0,0,0,1490,5434,16560,818,1696,3750
Sultan Room Rooftop,2026,2026-05-11,0,0,0,0,0,0,0,0,0,0,0
Sultan Room Rooftop,2026,2026-05-12,1,1,0,0,0,1490,5434,16560,818,1696,3750
Sultan Room Rooftop,2026,2026-05-13,2,1,0,0,0,1490,5434,16560,818,1696,3750
Sultan Room Rooftop,2026,2026-05-14,3,1,0,0,0,1490,5434,16560,818,1696,3750
Sultan Room Rooftop,2026,2026-05-15,4,1,1,0,0,4347,13685,34500,1595,3699,8461
Sultan Room Rooftop,2026,2026-05-16,5,1,1,0,0,4347,13685,34500,1595,3699,8461
Sultan Room Rooftop,2026,2026-05-17,6,1,0,0,0,1490,5434,16560,818,1696,3750
Sultan Room Rooftop,2026,2026-05-18,0,0,0,0,0,0,0,0,0,0,0
Sultan Room Rooftop,2026,2026-05-19,1,1,0,0,0,1490,5434,16560,818,1696,3750
Sultan Room Rooftop,2026,2026-05-20,2,1,0,0,0,1490,5434,16560,818,1696,3750
Sultan Room Rooftop,2026,2026-05-21,3,1,0,0,0,1490,5434,16560,818,1696,3750
Sultan Room Rooftop,2026,2026-05-22,4,1,1,0,0,4347,13685,34500,1595,3699,8461
Sultan Room Rooftop,2026,2026-05-23,5,1,1,0,0,4347,13685,34500,1595,3699,8461
Sultan Room Rooftop,2026,2026-05-24,6,1,1,1,0,4347,13685,34500,1595,3699,8461
Sultan Room Rooftop,2026,2026-05-25,0,0,0,1,0,0,0,0,0,0,0
Sultan Room Rooftop,2026,2026-05-26,1,1,0,0,0,1490,5434,16560,818,1696,3750
Sultan Room Rooftop,2026,2026-05-27,2,1,0,0,0,1490,5434,16560,818,1696,3750
Sultan Room Rooftop,2026,2026-05-28,3,1,0,0,0,1490,5434,16560,818,1696,3750
Sultan Room Rooftop,2026,2026-05-29,4,1,1,0,0,4347,13685,34500,1595,3699,8461
Sultan Room Rooftop,2026,2026-05-30,5,1,1,0,0,4347,13685,34500,1595,3699,8461
Sultan Room Rooftop,2026,2026-05-31,6,1,0,0,0,1490,5434,16560,818,1696,3750
Sultan Room Rooftop,2026,2026-06-01,0,0,0,0,0,0,0,0,0,0,0
Sultan Room Rooftop,2026,2026-06-02,1,1,0,0,0,1490,5434,16560,818,1696,3750
Sultan Room Rooftop,2026,2026-06-03,2,1,0,0,0,1490,5434,16560,818,1696,3750
Sultan Room Rooftop,2026,2026-06-04,3,1,0,0,0,1490,5434,16560,818,1696,3750
Sultan Room Rooftop,2026,2026-06-05,4,1,1,0,0,4347,13685,34500,1595,3699,8461
Sultan Room Rooftop,2026,2026-06-06,5,1,1,0,0,4347,13685,34500,1595,3699,8461
Sultan Room Rooftop,2026,2026-06-07,6,1,0,0,0,1490,5434,16560,818,1696,3750
Sultan Room Rooftop,2026,2026-06-08,0,0,0,0,0,0,0,0,0,0,0
Sultan Room Rooftop,2026,2026-06-09,1,1,0,0,0,1490,5434,16560,818,1696,3750
Sultan Room Rooftop,2026,2026-06-10,2,1,0,0,0,1490,5434,16560,818,1696,3750
Sultan Room Rooftop,2026,2026-06-11,3,1,0,0,0,1490,5434,16560,818,1696,3750
Sultan Room Rooftop,2026,2026-06-12,4,1,1,0,0,4347,13685,34500,1595,3699,8461
Sultan Room Rooftop,2026,2026-06-13,5,1,1,0,0,4347,13685,34500,1595,3699,8461
Sultan Room Rooftop,2026,2026-06-14,6,1,0,0,0,1490,5434,16560,818,1696,3750
Sultan Room Rooftop,2026,2026-06-15,0,0,0,0,0,0,0,0,0,0,0
Sultan Room Rooftop,2026,2026-06-16,1,1,0,0,0,1490,5434,16560,818,1696,3750
Sultan Room Rooftop,2026,2026-06-17,2,1,0,0,0,1490,5434,16560,818,1696,3750
Sultan Room Rooftop,2026,2026-06-18,3,1,0,0,0,1490,5434,16560,818,1696,3750
Sultan Room Rooftop,2026,2026-06-19,4,1,1,0,0,4347,13685,34500,1595,3699,8461
Sultan Room Rooftop,2026,2026-06-20,5,1,1,0,0,4347,13685,34500,1595,3699,8461
Sultan Room Rooftop,2026,2026-06-21,6,1,0,0,0,1490,5434,16560,818,1696,3750
Sultan Room Rooftop,2026,2026-06-22,0,0,0,0,0,0,0,0,0,0,0
Sultan Room Rooftop,2026,2026-06-23,1,1,0,0,0,1490,5434,16560,818,1696,3750
Sultan Room Rooftop,2026,2026-06-24,2,1,0,0,0,1490,5434,16560,818,1696,3750
Sultan Room Rooftop,2026,2026-06-25,3,1,0,0,0,1490,5434,16560,818,1696,3750
Sultan Room Rooftop,2026,2026-06-26,4,1,1,0,0,4347,13685,34500,1595,3699,8461
Sultan Room Rooftop,2026,2026-06-27,5,1,1,0,0,4347,13685,34500,1595,3699,8461
Sultan Room Rooftop,2026,2026-06-28,6,1,0,0,0,1490,5434,16560,818,1696,3750
Sultan Room Rooftop,2026,2026-06-29,0,0,0,0,0,0,0,0,0,0,0
Sultan Room Rooftop,2026,2026-06-30,1,1,0,0,0,1490,5434,16560,818,1696,3750
Sultan Room Rooftop,2026,2026-07-01,2,1,0,0,0,1490,5434,16560,818,1696,3750
Sultan Room Rooftop,2026,2026-07-02,3,1,0,0,0,1490,5434,16560,818,1696,3750
Sultan Room Rooftop,2026,2026-07-03,4,1,1,1,0,4347,13685,34500,1595,3699,8461
Sultan Room Rooftop,2026,2026-07-04,5,1,1,1,0,4347,13685,34500,1595,3699,8461
Sultan Room Rooftop,2026,2026-07-05,6,1,0,0,0,1490,5434,16560,818,1696,3750
Sultan Room Rooftop,2026,2026-07-06,0,0,0,0,0,0,0,0,0,0,0
Sultan Room Rooftop,2026,2026-07-07,1,1,0,0,0,1490,5434,16560,818,1696,3750
Sultan Room Rooftop,2026,2026-07-08,2,1,0,0,0,1490,5434,16560,818,1696,3750
Sultan Room Rooftop,2026,2026-07-09,3,1,0,0,0,1490,5434,16560,818,1696,3750
Sultan Room Rooftop,2026,2026-07-10,4,1,1,0,0,4347,13685,34500,1595,3699,8461
Sultan Room Rooftop,2026,2026-07-11,5,1,1,0,0,4347,13685,34500,1595,3699,8461
Sultan Room Rooftop,2026,2026-07-12,6,1,0,0,0,1490,5434,16560,818,1696,3750
Sultan Room Rooftop,2026,2026-07-13,0,0,0,0,0,0,0,0,0,0,0
Sultan Room Rooftop,2026,2026-07-14,1,1,0,0,0,1490,5434,16560,818,1696,3750
Sultan Room Rooftop,2026,2026-07-15,2,1,0,0,0,1490,5434,16560,818,1696,3750
Sultan Room Rooftop,2026,2026-07-16,3,1,0,0,0,1490,5434,16560,818,1696,3750
Sultan Room Rooftop,2026,2026-07-17,4,1,1,0,0,4347,13685,34500,1595,3699,8461
Sultan Room Rooftop,2026,2026-07-18,5,1,1,0,0,4347,13685,34500,1595,3699,8461
Sultan Room Rooftop,2026,2026-07-19,6,1,0,0,0,1490,5434,16560,818,1696,3750
Sultan Room Rooftop,2026,2026-07-20,0,0,0,0,0,0,0,0,0,0,0
Sultan Room Rooftop,2026,2026-07-21,1,1,0,0,0,1490,5434,16560,818,1696,3750
Sultan Room Rooftop,2026,2026-07-22,2,1,0,0,0,1490,5434,16560,818,1696,3750
Sultan Room Rooftop,2026,2026-07-23,3,1,0,0,0,1490,5434,16560,818,1696,3750
Sultan Room Rooftop,2026,2026-07-24,4,1,1,0,0,4347,13685,34500,1595,3699,8461
Sultan Room Rooftop,2026,2026-07-25,5,1,1,0,0,4347,13685,34500,1595,3699,8461
Sultan Room Rooftop,2026,2026-07-26,6,1,0,0,0,1490,5434,16560,818,1696,3750
Sultan Room Rooftop,2026,2026-07-27,0,0,0,0,0,0,0,0,0,0,0
Sultan Room Rooftop,2026,2026-07-28,1,1,0,0,0,1490,5434,16560,818,1696,3750
Sultan Room Rooftop,2026,2026-07-29,2,1,0,0,0,1490,5434,16560,818,1696,3750
Sultan Room Rooftop,2026,2026-07-30,3,1,0,0,0,1490,5434,16560,818,1696,3750
Sultan Room Rooftop,2026,2026-07-31,4,1,1,0,0,4347,13685,34500,1595,3699,8461
Sultan Room Rooftop,2026,2026-08-01,5,1,1,0,0,4347,13685,34500,1595,3699,8461
Sultan Room Rooftop,2026,2026-08-02,6,1,0,0,0,1490,5434,16560,818,1696,3750
Sultan Room Rooftop,2026,2026-08-03,0,0,0,0,0,0,0,0,0,0,0
Sultan Room Rooftop,2026,2026-08-04,1,1,0,0,0,1490,5434,16560,818,1696,3750
Sultan Room Rooftop,2026,2026-08-05,2,1,0,0,0,1490,5434,16560,818,1696,3750
Sultan Room Rooftop,2026,2026-08-06,3,1,0,0,0,1490,5434,16560,818,1696,3750
Sultan Room Rooftop,2026,2026-08-07,4,1,1,0,0,4347,13685,34500,1595,3699,8461
Sultan Room Rooftop,2026,2026-08-08,5,1,1,0,0,4347,13685,34500,1595,3699,8461
Sultan Room Rooftop,2026,2026-08-09,6,1,0,0,0,1490,5434,16560,818,1696,3750
Sultan Room Rooftop,2026,2026-08-10,0,0,0,0,0,0,0,0,0,0,0
Sultan Room Rooftop,2026,2026-08-11,1,1,0,0,0,1490,5434,16560,818,1696,3750
Sultan Room Rooftop,2026,2026-08-12,2,1,0,0,0,1490,5434,16560,818,1696,3750
Sultan Room Rooftop,2026,2026-08-13,3,1,0,0,0,1490,5434,16560,818,1696,3750
Sultan Room Rooftop,2026,2026-08-14,4,1,1,0,0,4347,13685,34500,1595,3699,8461
Sultan Room Rooftop,2026,2026-08-15,5,1,1,0,0,4347,13685,34500,1595,3699,8461
Sultan Room Rooftop,2026,2026-08-16,6,1,0,0,0,1490,5434,16560,818,1696,3750
Sultan Room Rooftop,2026,2026-08-17,0,0,0,0,0,0,0,0,0,0,0
Sultan Room Rooftop,2026,2026-08-18,1,1,0,0,0,1490,5434,16560,818,1696,3750
Sultan Room Rooftop,2026,2026-08-19,2,1,0,0,0,1490,5434,16560,818,1696,3750
Sultan Room Rooftop,2026,2026-08-20,3,1,0,0,0,1490,5434,16560,818,1696,3750
Sultan Room Rooftop,2026,2026-08-21,4,1,1,0,0,4347,13685,34500,1595,3699,8461
Sultan Room Rooftop,2026,2026-08-22,5,1,1,0,0,4347,13685,34500,1595,3699,8461
Sultan Room Rooftop,2026,2026-08-23,6,1,0,0,0,1490,5434,16560,818,1696,3750
Sultan Room Rooftop,2026,2026-08-24,0,0,0,0,0,0,0,0,0,0,0
Sultan Room Rooftop,2026,2026-08-25,1,1,0,0,0,1490,5434,16560,818,1696,3750
Sultan Room Rooftop,2026,2026-08-26,2,1,0,0,0,1490,5434,16560,818,1696,3750
Sultan Room Rooftop,2026,2026-08-27,3,1,0,0,0,1490,5434,16560,818,1696,3750
Sultan Room Rooftop,2026,2026-08-28,4,1,1,0,0,4347,13685,34500,1595,3699,8461
Sultan Room Rooftop,2026,2026-08-29,5,1,1,0,0,4347,13685,34500,1595,3699,8461
Sultan Room Rooftop,2026,2026-08-30,6,1,0,0,0,1490,5434,16560,818,1696,3750
Sultan Room Rooftop,2026,2026-08-31,0,0,0,0,0,0,0,0,0,0,0
Sultan Room Rooftop,2026,2026-09-01,1,1,0,0,0,1490,5434,16560,818,1696,3750
Sultan Room Rooftop,2026,2026-09-02,2,1,0,0,0,1490,5434,16560,818,1696,3750
Sultan Room Rooftop,2026,2026-09-03,3,1,0,0,0,1490,5434,16560,818,1696,3750
Sultan Room Rooftop,2026,2026-09-04,4,1,1,0,0,4347,13685,34500,1595,3699,8461
Sultan Room Rooftop,2026,2026-09-05,5,1,1,0,0,4347,13685,34500,1595,3699,8461
Sultan Room Rooftop,2026,2026-09-06,6,1,1,1,0,4347,13685,34500,1595,3699,8461
Sultan Room Rooftop,2026,2026-09-07,0,0,0,1,0,0,0,0,0,0,0
Sultan Room Rooftop,2026,2026-09-08,1,1,0,0,0,1490,5434,16560,818,1696,3750
Sultan Room Rooftop,2026,2026-09-09,2,1,0,0,0,1490,5434,16560,818,1696,3750
Sultan Room Rooftop,2026,2026-09-10,3,1,0,0,0,1490,5434,16560,818,1696,3750
Sultan Room Rooftop,2026,2026-09-11,4,1,1,0,0,4347,13685,34500,1595,3699,8461
Sultan Room Rooftop,2026,2026-09-12,5,1,1,0,0,4347,13685,34500,1595,3699,8461
Sultan Room Rooftop,2026,2026-09-13,6,1,0,0,0,1490,5434,16560,818,1696,3750
Sultan Room Rooftop,2026,2026-09-14,0,0,0,0,0,0,0,0,0,0,0
Sultan Room Rooftop,2026,2026-09-15,1,1,1,0,1,4347,13685,34500,1595,3699,8461
Eagle NYC,2025,2025-05-01,3,1,1,0,1,6440,21994,57960,2009,4917,11808
Eagle NYC,2025,2025-05-02,4,1,1,0,0,6440,21994,57960,2009,4917,11808
Eagle NYC,2025,2025-05-03,5,1,1,0,0,6440,21994,57960,2009,4917,11808
Eagle NYC,2025,2025-05-04,6,1,0,0,0,2070,9315,28980,999,2384,5652
Eagle NYC,2025,2025-05-05,0,1,0,0,0,2070,9315,28980,999,2384,5652
Eagle NYC,2025,2025-05-06,1,1,0,0,0,2070,9315,28980,999,2384,5652
Eagle NYC,2025,2025-05-07,2,1,0,0,0,2070,9315,28980,999,2384,5652
Eagle NYC,2025,2025-05-08,3,1,0,0,0,2070,9315,28980,999,2384,5652
Eagle NYC,2025,2025-05-09,4,1,1,0,0,6440,21994,57960,2009,4917,11808
Eagle NYC,2025,2025-05-10,5,1,1,0,0,6440,21994,57960,2009,4917,11808
Eagle NYC,2025,2025-05-11,6,1,0,0,0,2070,9315,28980,999,2384,5652
Eagle NYC,2025,2025-05-12,0,1,0,0,0,2070,9315,28980,999,2384,5652
Eagle NYC,2025,2025-05-13,1,1,0,0,0,2070,9315,28980,999,2384,5652
Eagle NYC,2025,2025-05-14,2,1,0,0,0,2070,9315,28980,999,2384,5652
Eagle NYC,2025,2025-05-15,3,1,0,0,0,2070,9315,28980,999,2384,5652
Eagle NYC,2025,2025-05-16,4,1,1,0,0,6440,21994,57960,2009,4917,11808
Eagle NYC,2025,2025-05-17,5,1,1,0,0,6440,21994,57960,2009,4917,11808
Eagle NYC,2025,2025-05-18,6,1,0,0,0,2070,9315,28980,999,2384,5652
Eagle NYC,2025,2025-05-19,0,1,0,0,0,2070,9315,28980,999,2384,5652
Eagle NYC,2025,2025-05-20,1,1,0,0,0,2070,9315,28980,999,2384,5652
Eagle NYC,2025,2025-05-21,2,1,0,0,0,2070,9315,28980,999,2384,5652
Eagle NYC,2025,2025-05-22,3,1,0,0,0,2070,9315,28980,999,2384,5652
Eagle NYC,2025,2025-05-23,4,1,1,0,0,6440,21994,57960,2009,4917,11808
Eagle NYC,2025,2025-05-24,5,1,1,0,0,6440,21994,57960,2009,4917,11808
Eagle NYC,2025,2025-05-25,6,1,1,1,0,6440,21994,57960,2009,4917,11808
Eagle NYC,2025,2025-05-26,0,1,1,1,0,6440,21994,57960,2009,4917,11808
Eagle NYC,2025,2025-05-27,1,1,0,0,0,2070,9315,28980,999,2384,5652
Eagle NYC,2025,2025-05-28,2,1,0,0,0,2070,9315,28980,999,2384,5652
Eagle NYC,2025,2025-05-29,3,1,0,0,0,2070,9315,28980,999,2384,5652
Eagle NYC,2025,2025-05-30,4,1,1,0,0,6440,21994,57960,2009,4917,11808
Eagle NYC,2025,2025-05-31,5,1,1,0,0,6440,21994,57960,2009,4917,11808
Eagle NYC,2025,2025-06-01,6,1,0,0,0,2070,9315,28980,999,2384,5652
Eagle NYC,2025,2025-06-02,0,1,0,0,0,2070,9315,28980,999,2384,5652
Eagle NYC,2025,2025-06-03,1,1,0,0,0,2070,9315,28980,999,2384,5652
Eagle NYC,2025,2025-06-04,2,1,0,0,0,2070,9315,28980,999,2384,5652
Eagle NYC,2025,2025-06-05,3,1,0,0,0,2070,9315,28980,999,2384,5652
Eagle NYC,2025,2025-06-06,4,1,1,0,0,6440,21994,57960,2009,4917,11808
Eagle NYC,2025,2025-06-07,5,1,1,0,0,6440,21994,57960,2009,4917,11808
Eagle NYC,2025,2025-06-08,6,1,0,0,0,2070,9315,28980,999,2384,5652
Eagle NYC,2025,2025-06-09,0,1,0,0,0,2070,9315,28980,999,2384,5652
Eagle NYC,2025,2025-06-10,1,1,0,0,0,2070,9315,28980,999,2384,5652
Eagle NYC,2025,2025-06-11,2,1,0,0,0,2070,9315,28980,999,2384,5652
Eagle NYC,2025,2025-06-12,3,1,0,0,0,2070,9315,28980,999,2384,5652
Eagle NYC,2025,2025-06-13,4,1,1,0,0,6440,21994,57960,2009,4917,11808
Eagle NYC,2025,2025-06-14,5,1,1,0,0,6440,21994,57960,2009,4917,11808
Eagle NYC,2025,2025-06-15,6,1,0,0,0,2070,9315,28980,999,2384,5652
Eagle NYC,2025,2025-06-16,0,1,0,0,0,2070,9315,28980,999,2384,5652
Eagle NYC,2025,2025-06-17,1,1,0,0,0,2070,9315,28980,999,2384,5652
Eagle NYC,2025,2025-06-18,2,1,0,0,0,2070,9315,28980,999,2384,5652
Eagle NYC,2025,2025-06-19,3,1,0,0,0,2070,9315,28980,999,2384,5652
Eagle NYC,2025,2025-06-20,4,1,1,0,0,6440,21994,57960,2009,4917,11808
Eagle NYC,2025,2025-06-21,5,1,1,0,0,6440,21994,57960,2009,4917,11808
Eagle NYC,2025,2025-06-22,6,1,0,0,0,2070,9315,28980,999,2384,5652
Eagle NYC,2025,2025-06-23,0,1,0,0,0,2070,9315,28980,999,2384,5652
Eagle NYC,2025,2025-06-24,1,1,0,0,0,2070,9315,28980,999,2384,5652
Eagle NYC,2025,2025-06-25,2,1,0,0,0,2070,9315,28980,999,2384,5652
Eagle NYC,2025,2025-06-26,3,1,0,0,0,2070,9315,28980,999,2384,5652
Eagle NYC,2025,2025-06-27,4,1,1,0,0,6440,21994,57960,2009,4917,11808
Eagle NYC,2025,2025-06-28,5,1,1,0,0,6440,21994,57960,2009,4917,11808
Eagle NYC,2025,2025-06-29,6,1,0,0,0,2070,9315,28980,999,2384,5652
Eagle NYC,2025,2025-06-30,0,1,0,0,0,2070,9315,28980,999,2384,5652
Eagle NYC,2025,2025-07-01,1,1,0,0,0,2070,9315,28980,999,2384,5652
Eagle NYC,2025,2025-07-02,2,1,0,0,0,2070,9315,28980,999,2384,5652
Eagle NYC,2025,2025-07-03,3,1,1,1,0,6440,21994,57960,2009,4917,11808
Eagle NYC,2025,2025-07-04,4,1,1,1,0,6440,21994,57960,2009,4917,11808
Eagle NYC,2025,2025-07-05,5,1,1,0,0,6440,21994,57960,2009,4917,11808
Eagle NYC,2025,2025-07-06,6,1,0,0,0,2070,9315,28980,999,2384,5652
Eagle NYC,2025,2025-07-07,0,1,0,0,0,2070,9315,28980,999,2384,5652
Eagle NYC,2025,2025-07-08,1,1,0,0,0,2070,9315,28980,999,2384,5652
Eagle NYC,2025,2025-07-09,2,1,0,0,0,2070,9315,28980,999,2384,5652
Eagle NYC,2025,2025-07-10,3,1,0,0,0,2070,9315,28980,999,2384,5652
Eagle NYC,2025,2025-07-11,4,1,1,0,0,6440,21994,57960,2009,4917,11808
Eagle NYC,2025,2025-07-12,5,1,1,0,0,6440,21994,57960,2009,4917,11808
Eagle NYC,2025,2025-07-13,6,1,0,0,0,2070,9315,28980,999,2384,5652
Eagle NYC,2025,2025-07-14,0,1,0,0,0,2070,9315,28980,999,2384,5652
Eagle NYC,2025,2025-07-15,1,1,0,0,0,2070,9315,28980,999,2384,5652
Eagle NYC,2025,2025-07-16,2,1,0,0,0,2070,9315,28980,999,2384,5652
Eagle NYC,2025,2025-07-17,3,1,0,0,0,2070,9315,28980,999,2384,5652
Eagle NYC,2025,2025-07-18,4,1,1,0,0,6440,21994,57960,2009,4917,11808
Eagle NYC,2025,2025-07-19,5,1,1,0,0,6440,21994,57960,2009,4917,11808
Eagle NYC,2025,2025-07-20,6,1,0,0,0,2070,9315,28980,999,2384,5652
Eagle NYC,2025,2025-07-21,0,1,0,0,0,2070,9315,28980,999,2384,5652
Eagle NYC,2025,2025-07-22,1,1,0,0,0,2070,9315,28980,999,2384,5652
Eagle NYC,2025,2025-07-23,2,1,0,0,0,2070,9315,28980,999,2384,5652
Eagle NYC,2025,2025-07-24,3,1,0,0,0,2070,9315,28980,999,2384,5652
Eagle NYC,2025,2025-07-25,4,1,1,0,0,6440,21994,57960,2009,4917,11808
Eagle NYC,2025,2025-07-26,5,1,1,0,0,6440,21994,57960,2009,4917,11808
Eagle NYC,2025,2025-07-27,6,1,0,0,0,2070,9315,28980,999,2384,5652
Eagle NYC,2025,2025-07-28,0,1,0,0,0,2070,9315,28980,999,2384,5652
Eagle NYC,2025,2025-07-29,1,1,0,0,0,2070,9315,28980,999,2384,5652
Eagle NYC,2025,2025-07-30,2,1,0,0,0,2070,9315,28980,999,2384,5652
Eagle NYC,2025,2025-07-31,3,1,0,0,0,2070,9315,28980,999,2384,5652
Eagle NYC,2025,2025-08-01,4,1,1,0,0,6440,21994,57960,2009,4917,11808
Eagle NYC,2025,2025-08-02,5,1,1,0,0,6440,21994,57960,2009,4917,11808
Eagle NYC,2025,2025-08-03,6,1,0,0,0,2070,9315,28980,999,2384,5652
Eagle NYC,2025,2025-08-04,0,1,0,0,0,2070,9315,28980,999,2384,5652
Eagle NYC,2025,2025-08-05,1,1,0,0,0,2070,9315,28980,999,2384,5652
Eagle NYC,2025,2025-08-06,2,1,0,0,0,2070,9315,28980,999,2384,5652
Eagle NYC,2025,2025-08-07,3,1,0,0,0,2070,9315,28980,999,2384,5652
Eagle NYC,2025,2025-08-08,4,1,1,0,0,6440,21994,57960,2009,4917,11808
Eagle NYC,2025,2025-08-09,5,1,1,0,0,6440,21994,57960,2009,4917,11808
Eagle NYC,2025,2025-08-10,6,1,0,0,0,2070,9315,28980,999,2384,5652
Eagle NYC,2025,2025-08-11,0,1,0,0,0,2070,9315,28980,999,2384,5652
Eagle NYC,2025,2025-08-12,1,1,0,0,0,2070,9315,28980,999,2384,5652
Eagle NYC,2025,2025-08-13,2,1,0,0,0,2070,9315,28980,999,2384,5652
Eagle NYC,2025,2025-08-14,3,1,0,0,0,2070,9315,28980,999,2384,5652
Eagle NYC,2025,2025-08-15,4,1,1,0,0,6440,21994,57960,2009,4917,11808
Eagle NYC,2025,2025-08-16,5,1,1,0,0,6440,21994,57960,2009,4917,11808
Eagle NYC,2025,2025-08-17,6,1,0,0,0,2070,9315,28980,999,2384,5652
Eagle NYC,2025,2025-08-18,0,1,0,0,0,2070,9315,28980,999,2384,5652
Eagle NYC,2025,2025-08-19,1,1,0,0,0,2070,9315,28980,999,2384,5652
Eagle NYC,2025,2025-08-20,2,1,0,0,0,2070,9315,28980,999,2384,5652
Eagle NYC,2025,2025-08-21,3,1,0,0,0,2070,9315,28980,999,2384,5652
Eagle NYC,2025,2025-08-22,4,1,1,0,0,6440,21994,57960,2009,4917,11808
Eagle NYC,2025,2025-08-23,5,1,1,0,0,6440,21994,57960,2009,4917,11808
Eagle NYC,2025,2025-08-24,6,1,0,0,0,2070,9315,28980,999,2384,5652
Eagle NYC,2025,2025-08-25,0,1,0,0,0,2070,9315,28980,999,2384,5652
Eagle NYC,2025,2025-08-26,1,1,0,0,0,2070,9315,28980,999,2384,5652
Eagle NYC,2025,2025-08-27,2,1,0,0,0,2070,9315,28980,999,2384,5652
Eagle NYC,2025,2025-08-28,3,1,0,0,0,2070,9315,28980,999,2384,5652
Eagle NYC,2025,2025-08-29,4,1,1,0,0,6440,21994,57960,2009,4917,11808
Eagle NYC,2025,2025-08-30,5,1,1,0,0,6440,21994,57960,2009,4917,11808
Eagle NYC,2025,2025-08-31,6,1,1,1,0,6440,21994,57960,2009,4917,11808
Eagle NYC,2025,2025-09-01,0,1,1,1,0,6440,21994,57960,2009,4917,11808
Eagle NYC,2025,2025-09-02,1,1,0,0,0,2070,9315,28980,999,2384,5652
Eagle NYC,2025,2025-09-03,2,1,0,0,0,2070,9315,28980,999,2384,5652
Eagle NYC,2025,2025-09-04,3,1,0,0,0,2070,9315,28980,999,2384,5652
Eagle NYC,2025,2025-09-05,4,1,1,0,0,6440,21994,57960,2009,4917,11808
Eagle NYC,2025,2025-09-06,5,1,1,0,0,6440,21994,57960,2009,4917,11808
Eagle NYC,2025,2025-09-07,6,1,0,0,0,2070,9315,28980,999,2384,5652
Eagle NYC,2025,2025-09-08,0,1,0,0,0,2070,9315,28980,999,2384,5652
Eagle NYC,2025,2025-09-09,1,1,0,0,0,2070,9315,28980,999,2384,5652
Eagle NYC,2025,2025-09-10,2,1,0,0,0,2070,9315,28980,999,2384,5652
Eagle NYC,2025,2025-09-11,3,1,0,0,0,2070,9315,28980,999,2384,5652
Eagle NYC,2025,2025-09-12,4,1,1,0,0,6440,21994,57960,2009,4917,11808
Eagle NYC,2025,2025-09-13,5,1,1,0,0,6440,21994,57960,2009,4917,11808
Eagle NYC,2025,2025-09-14,6,1,0,0,0,2070,9315,28980,999,2384,5652
Eagle NYC,2025,2025-09-15,0,1,0,0,0,2070,9315,28980,999,2384,5652
Eagle NYC,2025,2025-09-16,1,1,0,0,0,2070,9315,28980,999,2384,5652
Eagle NYC,2025,2025-09-17,2,1,0,0,0,2070,9315,28980,999,2384,5652
Eagle NYC,2025,2025-09-18,3,1,0,0,0,2070,9315,28980,999,2384,5652
Eagle NYC,2025,2025-09-19,4,1,1,0,0,6440,21994,57960,2009,4917,11808
Eagle NYC,2025,2025-09-20,5,1,1,0,0,6440,21994,57960,2009,4917,11808
Eagle NYC,2025,2025-09-21,6,1,0,0,0,2070,9315,28980,999,2384,5652
Eagle NYC,2025,2025-09-22,0,1,0,0,0,2070,9315,28980,999,2384,5652
Eagle NYC,2025,2025-09-23,1,1,0,0,0,2070,9315,28980,999,2384,5652
Eagle NYC,2025,2025-09-24,2,1,0,0,0,2070,9315,28980,999,2384,5652
Eagle NYC,2025,2025-09-25,3,1,0,0,0,2070,9315,28980,999,2384,5652
Eagle NYC,2025,2025-09-26,4,1,1,0,0,6440,21994,57960,2009,4917,11808
Eagle NYC,2025,2025-09-27,5,1,1,0,0,6440,21994,57960,2009,4917,11808
Eagle NYC,2025,2025-09-28,6,1,0,0,0,2070,9315,28980,999,2384,5652
Eagle NYC,2025,2025-09-29,0,1,0,0,0,2070,9315,28980,999,2384,5652
Eagle NYC,2025,2025-09-30,1,1,1,0,1,6440,21994,57960,2009,4917,11808
Eagle NYC,2026,2026-05-01,4,1,1,0,1,6440,21994,57960,2009,4917,11808
Eagle NYC,2026,2026-05-02,5,1,1,0,0,6440,21994,57960,2009,4917,11808
Eagle NYC,2026,2026-05-03,6,1,0,0,0,2070,9315,28980,999,2384,5652
Eagle NYC,2026,2026-05-04,0,1,0,0,0,2070,9315,28980,999,2384,5652
Eagle NYC,2026,2026-05-05,1,1,0,0,0,2070,9315,28980,999,2384,5652
Eagle NYC,2026,2026-05-06,2,1,0,0,0,2070,9315,28980,999,2384,5652
Eagle NYC,2026,2026-05-07,3,1,0,0,0,2070,9315,28980,999,2384,5652
Eagle NYC,2026,2026-05-08,4,1,1,0,0,6440,21994,57960,2009,4917,11808
Eagle NYC,2026,2026-05-09,5,1,1,0,0,6440,21994,57960,2009,4917,11808
Eagle NYC,2026,2026-05-10,6,1,0,0,0,2070,9315,28980,999,2384,5652
Eagle NYC,2026,2026-05-11,0,1,0,0,0,2070,9315,28980,999,2384,5652
Eagle NYC,2026,2026-05-12,1,1,0,0,0,2070,9315,28980,999,2384,5652
Eagle NYC,2026,2026-05-13,2,1,0,0,0,2070,9315,28980,999,2384,5652
Eagle NYC,2026,2026-05-14,3,1,0,0,0,2070,9315,28980,999,2384,5652
Eagle NYC,2026,2026-05-15,4,1,1,0,0,6440,21994,57960,2009,4917,11808
Eagle NYC,2026,2026-05-16,5,1,1,0,0,6440,21994,57960,2009,4917,11808
Eagle NYC,2026,2026-05-17,6,1,0,0,0,2070,9315,28980,999,2384,5652
Eagle NYC,2026,2026-05-18,0,1,0,0,0,2070,9315,28980,999,2384,5652
Eagle NYC,2026,2026-05-19,1,1,0,0,0,2070,9315,28980,999,2384,5652
Eagle NYC,2026,2026-05-20,2,1,0,0,0,2070,9315,28980,999,2384,5652
Eagle NYC,2026,2026-05-21,3,1,0,0,0,2070,9315,28980,999,2384,5652
Eagle NYC,2026,2026-05-22,4,1,1,0,0,6440,21994,57960,2009,4917,11808
Eagle NYC,2026,2026-05-23,5,1,1,0,0,6440,21994,57960,2009,4917,11808
Eagle NYC,2026,2026-05-24,6,1,1,1,0,6440,21994,57960,2009,4917,11808
Eagle NYC,2026,2026-05-25,0,1,1,1,0,6440,21994,57960,2009,4917,11808
Eagle NYC,2026,2026-05-26,1,1,0,0,0,2070,9315,28980,999,2384,5652
Eagle NYC,2026,2026-05-27,2,1,0,0,0,2070,9315,28980,999,2384,5652
Eagle NYC,2026,2026-05-28,3,1,0,0,0,2070,9315,28980,999,2384,5652
Eagle NYC,2026,2026-05-29,4,1,1,0,0,6440,21994,57960,2009,4917,11808
Eagle NYC,2026,2026-05-30,5,1,1,0,0,6440,21994,57960,2009,4917,11808
Eagle NYC,2026,2026-05-31,6,1,0,0,0,2070,9315,28980,999,2384,5652
Eagle NYC,2026,2026-06-01,0,1,0,0,0,2070,9315,28980,999,2384,5652
Eagle NYC,2026,2026-06-02,1,1,0,0,0,2070,9315,28980,999,2384,5652
Eagle NYC,2026,2026-06-03,2,1,0,0,0,2070,9315,28980,999,2384,5652
Eagle NYC,2026,2026-06-04,3,1,0,0,0,2070,9315,28980,999,2384,5652
Eagle NYC,2026,2026-06-05,4,1,1,0,0,6440,21994,57960,2009,4917,11808
Eagle NYC,2026,2026-06-06,5,1,1,0,0,6440,21994,57960,2009,4917,11808
Eagle NYC,2026,2026-06-07,6,1,0,0,0,2070,9315,28980,999,2384,5652
Eagle NYC,2026,2026-06-08,0,1,0,0,0,2070,9315,28980,999,2384,5652
Eagle NYC,2026,2026-06-09,1,1,0,0,0,2070,9315,28980,999,2384,5652
Eagle NYC,2026,2026-06-10,2,1,0,0,0,2070,9315,28980,999,2384,5652
Eagle NYC,2026,2026-06-11,3,1,0,0,0,2070,9315,28980,999,2384,5652
Eagle NYC,2026,2026-06-12,4,1,1,0,0,6440,21994,57960,2009,4917,11808
Eagle NYC,2026,2026-06-13,5,1,1,0,0,6440,21994,57960,2009,4917,11808
Eagle NYC,2026,2026-06-14,6,1,0,0,0,2070,9315,28980,999,2384,5652
Eagle NYC,2026,2026-06-15,0,1,0,0,0,2070,9315,28980,999,2384,5652
Eagle NYC,2026,2026-06-16,1,1,0,0,0,2070,9315,28980,999,2384,5652
Eagle NYC,2026,2026-06-17,2,1,0,0,0,2070,9315,28980,999,2384,5652
Eagle NYC,2026,2026-06-18,3,1,0,0,0,2070,9315,28980,999,2384,5652
Eagle NYC,2026,2026-06-19,4,1,1,0,0,6440,21994,57960,2009,4917,11808
Eagle NYC,2026,2026-06-20,5,1,1,0,0,6440,21994,57960,2009,4917,11808
Eagle NYC,2026,2026-06-21,6,1,0,0,0,2070,9315,28980,999,2384,5652
Eagle NYC,2026,2026-06-22,0,1,0,0,0,2070,9315,28980,999,2384,5652
Eagle NYC,2026,2026-06-23,1,1,0,0,0,2070,9315,28980,999,2384,5652
Eagle NYC,2026,2026-06-24,2,1,0,0,0,2070,9315,28980,999,2384,5652
Eagle NYC,2026,2026-06-25,3,1,0,0,0,2070,9315,28980,999,2384,5652
Eagle NYC,2026,2026-06-26,4,1,1,0,0,6440,21994,57960,2009,4917,11808
Eagle NYC,2026,2026-06-27,5,1,1,0,0,6440,21994,57960,2009,4917,11808
Eagle NYC,2026,2026-06-28,6,1,0,0,0,2070,9315,28980,999,2384,5652
Eagle NYC,2026,2026-06-29,0,1,0,0,0,2070,9315,28980,999,2384,5652
Eagle NYC,2026,2026-06-30,1,1,0,0,0,2070,9315,28980,999,2384,5652
Eagle NYC,2026,2026-07-01,2,1,0,0,0,2070,9315,28980,999,2384,5652
Eagle NYC,2026,2026-07-02,3,1,0,0,0,2070,9315,28980,999,2384,5652
Eagle NYC,2026,2026-07-03,4,1,1,1,0,6440,21994,57960,2009,4917,11808
Eagle NYC,2026,2026-07-04,5,1,1,1,0,6440,21994,57960,2009,4917,11808
Eagle NYC,2026,2026-07-05,6,1,0,0,0,2070,9315,28980,999,2384,5652
Eagle NYC,2026,2026-07-06,0,1,0,0,0,2070,9315,28980,999,2384,5652
Eagle NYC,2026,2026-07-07,1,1,0,0,0,2070,9315,28980,999,2384,5652
Eagle NYC,2026,2026-07-08,2,1,0,0,0,2070,9315,28980,999,2384,5652
Eagle NYC,2026,2026-07-09,3,1,0,0,0,2070,9315,28980,999,2384,5652
Eagle NYC,2026,2026-07-10,4,1,1,0,0,6440,21994,57960,2009,4917,11808
Eagle NYC,2026,2026-07-11,5,1,1,0,0,6440,21994,57960,2009,4917,11808
Eagle NYC,2026,2026-07-12,6,1,0,0,0,2070,9315,28980,999,2384,5652
Eagle NYC,2026,2026-07-13,0,1,0,0,0,2070,9315,28980,999,2384,5652
Eagle NYC,2026,2026-07-14,1,1,0,0,0,2070,9315,28980,999,2384,5652
Eagle NYC,2026,2026-07-15,2,1,0,0,0,2070,9315,28980,999,2384,5652
Eagle NYC,2026,2026-07-16,3,1,0,0,0,2070,9315,28980,999,2384,5652
Eagle NYC,2026,2026-07-17,4,1,1,0,0,6440,21994,57960,2009,4917,11808
Eagle NYC,2026,2026-07-18,5,1,1,0,0,6440,21994,57960,2009,4917,11808
Eagle NYC,2026,2026-07-19,6,1,0,0,0,2070,9315,28980,999,2384,5652
Eagle NYC,2026,2026-07-20,0,1,0,0,0,2070,9315,28980,999,2384,5652
Eagle NYC,2026,2026-07-21,1,1,0,0,0,2070,9315,28980,999,2384,5652
Eagle NYC,2026,2026-07-22,2,1,0,0,0,2070,9315,28980,999,2384,5652
Eagle NYC,2026,2026-07-23,3,1,0,0,0,2070,9315,28980,999,2384,5652
Eagle NYC,2026,2026-07-24,4,1,1,0,0,6440,21994,57960,2009,4917,11808
Eagle NYC,2026,2026-07-25,5,1,1,0,0,6440,21994,57960,2009,4917,11808
Eagle NYC,2026,2026-07-26,6,1,0,0,0,2070,9315,28980,999,2384,5652
Eagle NYC,2026,2026-07-27,0,1,0,0,0,2070,9315,28980,999,2384,5652
Eagle NYC,2026,2026-07-28,1,1,0,0,0,2070,9315,28980,999,2384,5652
Eagle NYC,2026,2026-07-29,2,1,0,0,0,2070,9315,28980,999,2384,5652
Eagle NYC,2026,2026-07-30,3,1,0,0,0,2070,9315,28980,999,2384,5652
Eagle NYC,2026,2026-07-31,4,1,1,0,0,6440,21994,57960,2009,4917,11808
Eagle NYC,2026,2026-08-01,5,1,1,0,0,6440,21994,57960,2009,4917,11808
Eagle NYC,2026,2026-08-02,6,1,0,0,0,2070,9315,28980,999,2384,5652
Eagle NYC,2026,2026-08-03,0,1,0,0,0,2070,9315,28980,999,2384,5652
Eagle NYC,2026,2026-08-04,1,1,0,0,0,2070,9315,28980,999,2384,5652
Eagle NYC,2026,2026-08-05,2,1,0,0,0,2070,9315,28980,999,2384,5652
Eagle NYC,2026,2026-08-06,3,1,0,0,0,2070,9315,28980,999,2384,5652
Eagle NYC,2026,2026-08-07,4,1,1,0,0,6440,21994,57960,2009,4917,11808
Eagle NYC,2026,2026-08-08,5,1,1,0,0,6440,21994,57960,2009,4917,11808
Eagle NYC,2026,2026-08-09,6,1,0,0,0,2070,9315,28980,999,2384,5652
Eagle NYC,2026,2026-08-10,0,1,0,0,0,2070,9315,28980,999,2384,5652
Eagle NYC,2026,2026-08-11,1,1,0,0,0,2070,9315,28980,999,2384,5652
Eagle NYC,2026,2026-08-12,2,1,0,0,0,2070,9315,28980,999,2384,5652
Eagle NYC,2026,2026-08-13,3,1,0,0,0,2070,9315,28980,999,2384,5652
Eagle NYC,2026,2026-08-14,4,1,1,0,0,6440,21994,57960,2009,4917,11808
Eagle NYC,2026,2026-08-15,5,1,1,0,0,6440,21994,57960,2009,4917,11808
Eagle NYC,2026,2026-08-16,6,1,0,0,0,2070,9315,28980,999,2384,5652
Eagle NYC,2026,2026-08-17,0,1,0,0,0,2070,9315,28980,999,2384,5652
Eagle NYC,2026,2026-08-18,1,1,0,0,0,2070,9315,28980,999,2384,5652
Eagle NYC,2026,2026-08-19,2,1,0,0,0,2070,9315,28980,999,2384,5652
Eagle NYC,2026,2026-08-20,3,1,0,0,0,2070,9315,28980,999,2384,5652
Eagle NYC,2026,2026-08-21,4,1,1,0,0,6440,21994,57960,2009,4917,11808
Eagle NYC,2026,2026-08-22,5,1,1,0,0,6440,21994,57960,2009,4917,11808
Eagle NYC,2026,2026-08-23,6,1,0,0,0,2070,9315,28980,999,2384,5652
Eagle NYC,2026,2026-08-24,0,1,0,0,0,2070,9315,28980,999,2384,5652
Eagle NYC,2026,2026-08-25,1,1,0,0,0,2070,9315,28980,999,2384,5652
Eagle NYC,2026,2026-08-26,2,1,0,0,0,2070,9315,28980,999,2384,5652
Eagle NYC,2026,2026-08-27,3,1,0,0,0,2070,9315,28980,999,2384,5652
Eagle NYC,2026,2026-08-28,4,1,1,0,0,6440,21994,57960,2009,4917,11808
Eagle NYC,2026,2026-08-29,5,1,1,0,0,6440,21994,57960,2009,4917,11808
Eagle NYC,2026,2026-08-30,6,1,0,0,0,2070,9315,28980,999,2384,5652
Eagle NYC,2026,2026-08-31,0,1,0,0,0,2070,9315,28980,999,2384,5652
Eagle NYC,2026,2026-09-01,1,1,0,0,0,2070,9315,28980,999,2384,5652
Eagle NYC,2026,2026-09-02,2,1,0,0,0,2070,9315,28980,999,2384,5652
Eagle NYC,2026,2026-09-03,3,1,0,0,0,2070,9315,28980,999,2384,5652
Eagle NYC,2026,2026-09-04,4,1,1,0,0,6440,21994,57960,2009,4917,11808
Eagle NYC,2026,2026-09-05,5,1,1,0,0,6440,21994,57960,2009,4917,11808
Eagle NYC,2026,2026-09-06,6,1,1,1,0,6440,21994,57960,2009,4917,11808
Eagle NYC,2026,2026-09-07,0,1,1,1,0,6440,21994,57960,2009,4917,11808
Eagle NYC,2026,2026-09-08,1,1,0,0,0,2070,9315,28980,999,2384,5652
Eagle NYC,2026,2026-09-09,2,1,0,0,0,2070,9315,28980,999,2384,5652
Eagle NYC,2026,2026-09-10,3,1,0,0,0,2070,9315,28980,999,2384,5652
Eagle NYC,2026,2026-09-11,4,1,1,0,0,6440,21994,57960,2009,4917,11808
Eagle NYC,2026,2026-09-12,5,1,1,0,0,6440,21994,57960,2009,4917,11808
Eagle NYC,2026,2026-09-13,6,1,0,0,0,2070,9315,28980,999,2384,5652
Eagle NYC,2026,2026-09-14,0,1,0,0,0,2070,9315,28980,999,2384,5652
Eagle NYC,2026,2026-09-15,1,1,1,0,1,6440,21994,57960,2009,4917,11808
City Vineyard (Pier 26),2025,2025-05-01,3,1,1,0,1,5071,15640,38812,1832,4497,9677
City Vineyard (Pier 26),2025,2025-05-02,4,1,1,0,0,5071,15640,38812,1832,4497,9677
City Vineyard (Pier 26),2025,2025-05-03,5,1,1,0,0,5071,15640,38812,1832,4497,9677
City Vineyard (Pier 26),2025,2025-05-04,6,1,0,0,0,2173,9200,27169,869,1914,4219
City Vineyard (Pier 26),2025,2025-05-05,0,1,0,0,0,2173,9200,27169,869,1914,4219
City Vineyard (Pier 26),2025,2025-05-06,1,1,0,0,0,2173,9200,27169,869,1914,4219
City Vineyard (Pier 26),2025,2025-05-07,2,1,0,0,0,2173,9200,27169,869,1914,4219
City Vineyard (Pier 26),2025,2025-05-08,3,1,0,0,0,2173,9200,27169,869,1914,4219
City Vineyard (Pier 26),2025,2025-05-09,4,1,1,0,0,5071,15640,38812,1832,4497,9677
City Vineyard (Pier 26),2025,2025-05-10,5,1,1,0,0,5071,15640,38812,1832,4497,9677
City Vineyard (Pier 26),2025,2025-05-11,6,1,0,0,0,2173,9200,27169,869,1914,4219
City Vineyard (Pier 26),2025,2025-05-12,0,1,0,0,0,2173,9200,27169,869,1914,4219
City Vineyard (Pier 26),2025,2025-05-13,1,1,0,0,0,2173,9200,27169,869,1914,4219
City Vineyard (Pier 26),2025,2025-05-14,2,1,0,0,0,2173,9200,27169,869,1914,4219
City Vineyard (Pier 26),2025,2025-05-15,3,1,0,0,0,2173,9200,27169,869,1914,4219
City Vineyard (Pier 26),2025,2025-05-16,4,1,1,0,0,5071,15640,38812,1832,4497,9677
City Vineyard (Pier 26),2025,2025-05-17,5,1,1,0,0,5071,15640,38812,1832,4497,9677
City Vineyard (Pier 26),2025,2025-05-18,6,1,0,0,0,2173,9200,27169,869,1914,4219
City Vineyard (Pier 26),2025,2025-05-19,0,1,0,0,0,2173,9200,27169,869,1914,4219
City Vineyard (Pier 26),2025,2025-05-20,1,1,0,0,0,2173,9200,27169,869,1914,4219
City Vineyard (Pier 26),2025,2025-05-21,2,1,0,0,0,2173,9200,27169,869,1914,4219
City Vineyard (Pier 26),2025,2025-05-22,3,1,0,0,0,2173,9200,27169,869,1914,4219
City Vineyard (Pier 26),2025,2025-05-23,4,1,1,0,0,5071,15640,38812,1832,4497,9677
City Vineyard (Pier 26),2025,2025-05-24,5,1,1,0,0,5071,15640,38812,1832,4497,9677
City Vineyard (Pier 26),2025,2025-05-25,6,1,1,1,0,5071,15640,38812,1832,4497,9677
City Vineyard (Pier 26),2025,2025-05-26,0,1,1,1,0,5071,15640,38812,1832,4497,9677
City Vineyard (Pier 26),2025,2025-05-27,1,1,0,0,0,2173,9200,27169,869,1914,4219
City Vineyard (Pier 26),2025,2025-05-28,2,1,0,0,0,2173,9200,27169,869,1914,4219
City Vineyard (Pier 26),2025,2025-05-29,3,1,0,0,0,2173,9200,27169,869,1914,4219
City Vineyard (Pier 26),2025,2025-05-30,4,1,1,0,0,5071,15640,38812,1832,4497,9677
City Vineyard (Pier 26),2025,2025-05-31,5,1,1,0,0,5071,15640,38812,1832,4497,9677
City Vineyard (Pier 26),2025,2025-06-01,6,1,0,0,0,2173,9200,27169,869,1914,4219
City Vineyard (Pier 26),2025,2025-06-02,0,1,0,0,0,2173,9200,27169,869,1914,4219
City Vineyard (Pier 26),2025,2025-06-03,1,1,0,0,0,2173,9200,27169,869,1914,4219
City Vineyard (Pier 26),2025,2025-06-04,2,1,0,0,0,2173,9200,27169,869,1914,4219
City Vineyard (Pier 26),2025,2025-06-05,3,1,0,0,0,2173,9200,27169,869,1914,4219
City Vineyard (Pier 26),2025,2025-06-06,4,1,1,0,0,5071,15640,38812,1832,4497,9677
City Vineyard (Pier 26),2025,2025-06-07,5,1,1,0,0,5071,15640,38812,1832,4497,9677
City Vineyard (Pier 26),2025,2025-06-08,6,1,0,0,0,2173,9200,27169,869,1914,4219
City Vineyard (Pier 26),2025,2025-06-09,0,1,0,0,0,2173,9200,27169,869,1914,4219
City Vineyard (Pier 26),2025,2025-06-10,1,1,0,0,0,2173,9200,27169,869,1914,4219
City Vineyard (Pier 26),2025,2025-06-11,2,1,0,0,0,2173,9200,27169,869,1914,4219
City Vineyard (Pier 26),2025,2025-06-12,3,1,0,0,0,2173,9200,27169,869,1914,4219
City Vineyard (Pier 26),2025,2025-06-13,4,1,1,0,0,5071,15640,38812,1832,4497,9677
City Vineyard (Pier 26),2025,2025-06-14,5,1,1,0,0,5071,15640,38812,1832,4497,9677
City Vineyard (Pier 26),2025,2025-06-15,6,1,0,0,0,2173,9200,27169,869,1914,4219
City Vineyard (Pier 26),2025,2025-06-16,0,1,0,0,0,2173,9200,27169,869,1914,4219
City Vineyard (Pier 26),2025,2025-06-17,1,1,0,0,0,2173,9200,27169,869,1914,4219
City Vineyard (Pier 26),2025,2025-06-18,2,1,0,0,0,2173,9200,27169,869,1914,4219
City Vineyard (Pier 26),2025,2025-06-19,3,1,0,0,0,2173,9200,27169,869,1914,4219
City Vineyard (Pier 26),2025,2025-06-20,4,1,1,0,0,5071,15640,38812,1832,4497,9677
City Vineyard (Pier 26),2025,2025-06-21,5,1,1,0,0,5071,15640,38812,1832,4497,9677
City Vineyard (Pier 26),2025,2025-06-22,6,1,0,0,0,2173,9200,27169,869,1914,4219
City Vineyard (Pier 26),2025,2025-06-23,0,1,0,0,0,2173,9200,27169,869,1914,4219
City Vineyard (Pier 26),2025,2025-06-24,1,1,0,0,0,2173,9200,27169,869,1914,4219
City Vineyard (Pier 26),2025,2025-06-25,2,1,0,0,0,2173,9200,27169,869,1914,4219
City Vineyard (Pier 26),2025,2025-06-26,3,1,0,0,0,2173,9200,27169,869,1914,4219
City Vineyard (Pier 26),2025,2025-06-27,4,1,1,0,0,5071,15640,38812,1832,4497,9677
City Vineyard (Pier 26),2025,2025-06-28,5,1,1,0,0,5071,15640,38812,1832,4497,9677
City Vineyard (Pier 26),2025,2025-06-29,6,1,0,0,0,2173,9200,27169,869,1914,4219
City Vineyard (Pier 26),2025,2025-06-30,0,1,0,0,0,2173,9200,27169,869,1914,4219
City Vineyard (Pier 26),2025,2025-07-01,1,1,0,0,0,2173,9200,27169,869,1914,4219
City Vineyard (Pier 26),2025,2025-07-02,2,1,0,0,0,2173,9200,27169,869,1914,4219
City Vineyard (Pier 26),2025,2025-07-03,3,1,1,1,0,5071,15640,38812,1832,4497,9677
City Vineyard (Pier 26),2025,2025-07-04,4,1,1,1,0,5071,15640,38812,1832,4497,9677
City Vineyard (Pier 26),2025,2025-07-05,5,1,1,0,0,5071,15640,38812,1832,4497,9677
City Vineyard (Pier 26),2025,2025-07-06,6,1,0,0,0,2173,9200,27169,869,1914,4219
City Vineyard (Pier 26),2025,2025-07-07,0,1,0,0,0,2173,9200,27169,869,1914,4219
City Vineyard (Pier 26),2025,2025-07-08,1,1,0,0,0,2173,9200,27169,869,1914,4219
City Vineyard (Pier 26),2025,2025-07-09,2,1,0,0,0,2173,9200,27169,869,1914,4219
City Vineyard (Pier 26),2025,2025-07-10,3,1,0,0,0,2173,9200,27169,869,1914,4219
City Vineyard (Pier 26),2025,2025-07-11,4,1,1,0,0,5071,15640,38812,1832,4497,9677
City Vineyard (Pier 26),2025,2025-07-12,5,1,1,0,0,5071,15640,38812,1832,4497,9677
City Vineyard (Pier 26),2025,2025-07-13,6,1,0,0,0,2173,9200,27169,869,1914,4219
City Vineyard (Pier 26),2025,2025-07-14,0,1,0,0,0,2173,9200,27169,869,1914,4219
City Vineyard (Pier 26),2025,2025-07-15,1,1,0,0,0,2173,9200,27169,869,1914,4219
City Vineyard (Pier 26),2025,2025-07-16,2,1,0,0,0,2173,9200,27169,869,1914,4219
City Vineyard (Pier 26),2025,2025-07-17,3,1,0,0,0,2173,9200,27169,869,1914,4219
City Vineyard (Pier 26),2025,2025-07-18,4,1,1,0,0,5071,15640,38812,1832,4497,9677
City Vineyard (Pier 26),2025,2025-07-19,5,1,1,0,0,5071,15640,38812,1832,4497,9677
City Vineyard (Pier 26),2025,2025-07-20,6,1,0,0,0,2173,9200,27169,869,1914,4219
City Vineyard (Pier 26),2025,2025-07-21,0,1,0,0,0,2173,9200,27169,869,1914,4219
City Vineyard (Pier 26),2025,2025-07-22,1,1,0,0,0,2173,9200,27169,869,1914,4219
City Vineyard (Pier 26),2025,2025-07-23,2,1,0,0,0,2173,9200,27169,869,1914,4219
City Vineyard (Pier 26),2025,2025-07-24,3,1,0,0,0,2173,9200,27169,869,1914,4219
City Vineyard (Pier 26),2025,2025-07-25,4,1,1,0,0,5071,15640,38812,1832,4497,9677
City Vineyard (Pier 26),2025,2025-07-26,5,1,1,0,0,5071,15640,38812,1832,4497,9677
City Vineyard (Pier 26),2025,2025-07-27,6,1,0,0,0,2173,9200,27169,869,1914,4219
City Vineyard (Pier 26),2025,2025-07-28,0,1,0,0,0,2173,9200,27169,869,1914,4219
City Vineyard (Pier 26),2025,2025-07-29,1,1,0,0,0,2173,9200,27169,869,1914,4219
City Vineyard (Pier 26),2025,2025-07-30,2,1,0,0,0,2173,9200,27169,869,1914,4219
City Vineyard (Pier 26),2025,2025-07-31,3,1,0,0,0,2173,9200,27169,869,1914,4219
City Vineyard (Pier 26),2025,2025-08-01,4,1,1,0,0,5071,15640,38812,1832,4497,9677
City Vineyard (Pier 26),2025,2025-08-02,5,1,1,0,0,5071,15640,38812,1832,4497,9677
City Vineyard (Pier 26),2025,2025-08-03,6,1,0,0,0,2173,9200,27169,869,1914,4219
City Vineyard (Pier 26),2025,2025-08-04,0,1,0,0,0,2173,9200,27169,869,1914,4219
City Vineyard (Pier 26),2025,2025-08-05,1,1,0,0,0,2173,9200,27169,869,1914,4219
City Vineyard (Pier 26),2025,2025-08-06,2,1,0,0,0,2173,9200,27169,869,1914,4219
City Vineyard (Pier 26),2025,2025-08-07,3,1,0,0,0,2173,9200,27169,869,1914,4219
City Vineyard (Pier 26),2025,2025-08-08,4,1,1,0,0,5071,15640,38812,1832,4497,9677
City Vineyard (Pier 26),2025,2025-08-09,5,1,1,0,0,5071,15640,38812,1832,4497,9677
City Vineyard (Pier 26),2025,2025-08-10,6,1,0,0,0,2173,9200,27169,869,1914,4219
City Vineyard (Pier 26),2025,2025-08-11,0,1,0,0,0,2173,9200,27169,869,1914,4219
City Vineyard (Pier 26),2025,2025-08-12,1,1,0,0,0,2173,9200,27169,869,1914,4219
City Vineyard (Pier 26),2025,2025-08-13,2,1,0,0,0,2173,9200,27169,869,1914,4219
City Vineyard (Pier 26),2025,2025-08-14,3,1,0,0,0,2173,9200,27169,869,1914,4219
City Vineyard (Pier 26),2025,2025-08-15,4,1,1,0,0,5071,15640,38812,1832,4497,9677
City Vineyard (Pier 26),2025,2025-08-16,5,1,1,0,0,5071,15640,38812,1832,4497,9677
City Vineyard (Pier 26),2025,2025-08-17,6,1,0,0,0,2173,9200,27169,869,1914,4219
City Vineyard (Pier 26),2025,2025-08-18,0,1,0,0,0,2173,9200,27169,869,1914,4219
City Vineyard (Pier 26),2025,2025-08-19,1,1,0,0,0,2173,9200,27169,869,1914,4219
City Vineyard (Pier 26),2025,2025-08-20,2,1,0,0,0,2173,9200,27169,869,1914,4219
City Vineyard (Pier 26),2025,2025-08-21,3,1,0,0,0,2173,9200,27169,869,1914,4219
City Vineyard (Pier 26),2025,2025-08-22,4,1,1,0,0,5071,15640,38812,1832,4497,9677
City Vineyard (Pier 26),2025,2025-08-23,5,1,1,0,0,5071,15640,38812,1832,4497,9677
City Vineyard (Pier 26),2025,2025-08-24,6,1,0,0,0,2173,9200,27169,869,1914,4219
City Vineyard (Pier 26),2025,2025-08-25,0,1,0,0,0,2173,9200,27169,869,1914,4219
City Vineyard (Pier 26),2025,2025-08-26,1,1,0,0,0,2173,9200,27169,869,1914,4219
City Vineyard (Pier 26),2025,2025-08-27,2,1,0,0,0,2173,9200,27169,869,1914,4219
City Vineyard (Pier 26),2025,2025-08-28,3,1,0,0,0,2173,9200,27169,869,1914,4219
City Vineyard (Pier 26),2025,2025-08-29,4,1,1,0,0,5071,15640,38812,1832,4497,9677
City Vineyard (Pier 26),2025,2025-08-30,5,1,1,0,0,5071,15640,38812,1832,4497,9677
City Vineyard (Pier 26),2025,2025-08-31,6,1,1,1,0,5071,15640,38812,1832,4497,9677
City Vineyard (Pier 26),2025,2025-09-01,0,1,1,1,0,5071,15640,38812,1832,4497,9677
City Vineyard (Pier 26),2025,2025-09-02,1,1,0,0,0,2173,9200,27169,869,1914,4219
City Vineyard (Pier 26),2025,2025-09-03,2,1,0,0,0,2173,9200,27169,869,1914,4219
City Vineyard (Pier 26),2025,2025-09-04,3,1,0,0,0,2173,9200,27169,869,1914,4219
City Vineyard (Pier 26),2025,2025-09-05,4,1,1,0,0,5071,15640,38812,1832,4497,9677
City Vineyard (Pier 26),2025,2025-09-06,5,1,1,0,0,5071,15640,38812,1832,4497,9677
City Vineyard (Pier 26),2025,2025-09-07,6,1,0,0,0,2173,9200,27169,869,1914,4219
City Vineyard (Pier 26),2025,2025-09-08,0,1,0,0,0,2173,9200,27169,869,1914,4219
City Vineyard (Pier 26),2025,2025-09-09,1,1,0,0,0,2173,9200,27169,869,1914,4219
City Vineyard (Pier 26),2025,2025-09-10,2,1,0,0,0,2173,9200,27169,869,1914,4219
City Vineyard (Pier 26),2025,2025-09-11,3,1,0,0,0,2173,9200,27169,869,1914,4219
City Vineyard (Pier 26),2025,2025-09-12,4,1,1,0,0,5071,15640,38812,1832,4497,9677
City Vineyard (Pier 26),2025,2025-09-13,5,1,1,0,0,5071,15640,38812,1832,4497,9677
City Vineyard (Pier 26),2025,2025-09-14,6,1,0,0,0,2173,9200,27169,869,1914,4219
City Vineyard (Pier 26),2025,2025-09-15,0,1,0,0,0,2173,9200,27169,869,1914,4219
City Vineyard (Pier 26),2025,2025-09-16,1,1,0,0,0,2173,9200,27169,869,1914,4219
City Vineyard (Pier 26),2025,2025-09-17,2,1,0,0,0,2173,9200,27169,869,1914,4219
City Vineyard (Pier 26),2025,2025-09-18,3,1,0,0,0,2173,9200,27169,869,1914,4219
City Vineyard (Pier 26),2025,2025-09-19,4,1,1,0,0,5071,15640,38812,1832,4497,9677
City Vineyard (Pier 26),2025,2025-09-20,5,1,1,0,0,5071,15640,38812,1832,4497,9677
City Vineyard (Pier 26),2025,2025-09-21,6,1,0,0,0,2173,9200,27169,869,1914,4219
City Vineyard (Pier 26),2025,2025-09-22,0,1,0,0,0,2173,9200,27169,869,1914,4219
City Vineyard (Pier 26),2025,2025-09-23,1,1,0,0,0,2173,9200,27169,869,1914,4219
City Vineyard (Pier 26),2025,2025-09-24,2,1,0,0,0,2173,9200,27169,869,1914,4219
City Vineyard (Pier 26),2025,2025-09-25,3,1,0,0,0,2173,9200,27169,869,1914,4219
City Vineyard (Pier 26),2025,2025-09-26,4,1,1,0,0,5071,15640,38812,1832,4497,9677
City Vineyard (Pier 26),2025,2025-09-27,5,1,1,0,0,5071,15640,38812,1832,4497,9677
City Vineyard (Pier 26),2025,2025-09-28,6,1,0,0,0,2173,9200,27169,869,1914,4219
City Vineyard (Pier 26),2025,2025-09-29,0,1,0,0,0,2173,9200,27169,869,1914,4219
City Vineyard (Pier 26),2025,2025-09-30,1,1,1,0,1,5071,15640,38812,1832,4497,9677
City Vineyard (Pier 26),2026,2026-05-01,4,1,1,0,1,5071,15640,38812,1832,4497,9677
City Vineyard (Pier 26),2026,2026-05-02,5,1,1,0,0,5071,15640,38812,1832,4497,9677
City Vineyard (Pier 26),2026,2026-05-03,6,1,0,0,0,2173,9200,27169,869,1914,4219
City Vineyard (Pier 26),2026,2026-05-04,0,1,0,0,0,2173,9200,27169,869,1914,4219
City Vineyard (Pier 26),2026,2026-05-05,1,1,0,0,0,2173,9200,27169,869,1914,4219
City Vineyard (Pier 26),2026,2026-05-06,2,1,0,0,0,2173,9200,27169,869,1914,4219
City Vineyard (Pier 26),2026,2026-05-07,3,1,0,0,0,2173,9200,27169,869,1914,4219
City Vineyard (Pier 26),2026,2026-05-08,4,1,1,0,0,5071,15640,38812,1832,4497,9677
City Vineyard (Pier 26),2026,2026-05-09,5,1,1,0,0,5071,15640,38812,1832,4497,9677
City Vineyard (Pier 26),2026,2026-05-10,6,1,0,0,0,2173,9200,27169,869,1914,4219
City Vineyard (Pier 26),2026,2026-05-11,0,1,0,0,0,2173,9200,27169,869,1914,4219
City Vineyard (Pier 26),2026,2026-05-12,1,1,0,0,0,2173,9200,27169,869,1914,4219
City Vineyard (Pier 26),2026,2026-05-13,2,1,0,0,0,2173,9200,27169,869,1914,4219
City Vineyard (Pier 26),2026,2026-05-14,3,1,0,0,0,2173,9200,27169,869,1914,4219
City Vineyard (Pier 26),2026,2026-05-15,4,1,1,0,0,5071,15640,38812,1832,4497,9677
City Vineyard (Pier 26),2026,2026-05-16,5,1,1,0,0,5071,15640,38812,1832,4497,9677
City Vineyard (Pier 26),2026,2026-05-17,6,1,0,0,0,2173,9200,27169,869,1914,4219
City Vineyard (Pier 26),2026,2026-05-18,0,1,0,0,0,2173,9200,27169,869,1914,4219
City Vineyard (Pier 26),2026,2026-05-19,1,1,0,0,0,2173,9200,27169,869,1914,4219
City Vineyard (Pier 26),2026,2026-05-20,2,1,0,0,0,2173,9200,27169,869,1914,4219
City Vineyard (Pier 26),2026,2026-05-21,3,1,0,0,0,2173,9200,27169,869,1914,4219
City Vineyard (Pier 26),2026,2026-05-22,4,1,1,0,0,5071,15640,38812,1832,4497,9677
City Vineyard (Pier 26),2026,2026-05-23,5,1,1,0,0,5071,15640,38812,1832,4497,9677
City Vineyard (Pier 26),2026,2026-05-24,6,1,1,1,0,5071,15640,38812,1832,4497,9677
City Vineyard (Pier 26),2026,2026-05-25,0,1,1,1,0,5071,15640,38812,1832,4497,9677
City Vineyard (Pier 26),2026,2026-05-26,1,1,0,0,0,2173,9200,27169,869,1914,4219
City Vineyard (Pier 26),2026,2026-05-27,2,1,0,0,0,2173,9200,27169,869,1914,4219
City Vineyard (Pier 26),2026,2026-05-28,3,1,0,0,0,2173,9200,27169,869,1914,4219
City Vineyard (Pier 26),2026,2026-05-29,4,1,1,0,0,5071,15640,38812,1832,4497,9677
City Vineyard (Pier 26),2026,2026-05-30,5,1,1,0,0,5071,15640,38812,1832,4497,9677
City Vineyard (Pier 26),2026,2026-05-31,6,1,0,0,0,2173,9200,27169,869,1914,4219
City Vineyard (Pier 26),2026,2026-06-01,0,1,0,0,0,2173,9200,27169,869,1914,4219
City Vineyard (Pier 26),2026,2026-06-02,1,1,0,0,0,2173,9200,27169,869,1914,4219
City Vineyard (Pier 26),2026,2026-06-03,2,1,0,0,0,2173,9200,27169,869,1914,4219
City Vineyard (Pier 26),2026,2026-06-04,3,1,0,0,0,2173,9200,27169,869,1914,4219
City Vineyard (Pier 26),2026,2026-06-05,4,1,1,0,0,5071,15640,38812,1832,4497,9677
City Vineyard (Pier 26),2026,2026-06-06,5,1,1,0,0,5071,15640,38812,1832,4497,9677
City Vineyard (Pier 26),2026,2026-06-07,6,1,0,0,0,2173,9200,27169,869,1914,4219
City Vineyard (Pier 26),2026,2026-06-08,0,1,0,0,0,2173,9200,27169,869,1914,4219
City Vineyard (Pier 26),2026,2026-06-09,1,1,0,0,0,2173,9200,27169,869,1914,4219
City Vineyard (Pier 26),2026,2026-06-10,2,1,0,0,0,2173,9200,27169,869,1914,4219
City Vineyard (Pier 26),2026,2026-06-11,3,1,0,0,0,2173,9200,27169,869,1914,4219
City Vineyard (Pier 26),2026,2026-06-12,4,1,1,0,0,5071,15640,38812,1832,4497,9677
City Vineyard (Pier 26),2026,2026-06-13,5,1,1,0,0,5071,15640,38812,1832,4497,9677
City Vineyard (Pier 26),2026,2026-06-14,6,1,0,0,0,2173,9200,27169,869,1914,4219
City Vineyard (Pier 26),2026,2026-06-15,0,1,0,0,0,2173,9200,27169,869,1914,4219
City Vineyard (Pier 26),2026,2026-06-16,1,1,0,0,0,2173,9200,27169,869,1914,4219
City Vineyard (Pier 26),2026,2026-06-17,2,1,0,0,0,2173,9200,27169,869,1914,4219
City Vineyard (Pier 26),2026,2026-06-18,3,1,0,0,0,2173,9200,27169,869,1914,4219
City Vineyard (Pier 26),2026,2026-06-19,4,1,1,0,0,5071,15640,38812,1832,4497,9677
City Vineyard (Pier 26),2026,2026-06-20,5,1,1,0,0,5071,15640,38812,1832,4497,9677
City Vineyard (Pier 26),2026,2026-06-21,6,1,0,0,0,2173,9200,27169,869,1914,4219
City Vineyard (Pier 26),2026,2026-06-22,0,1,0,0,0,2173,9200,27169,869,1914,4219
City Vineyard (Pier 26),2026,2026-06-23,1,1,0,0,0,2173,9200,27169,869,1914,4219
City Vineyard (Pier 26),2026,2026-06-24,2,1,0,0,0,2173,9200,27169,869,1914,4219
City Vineyard (Pier 26),2026,2026-06-25,3,1,0,0,0,2173,9200,27169,869,1914,4219
City Vineyard (Pier 26),2026,2026-06-26,4,1,1,0,0,5071,15640,38812,1832,4497,9677
City Vineyard (Pier 26),2026,2026-06-27,5,1,1,0,0,5071,15640,38812,1832,4497,9677
City Vineyard (Pier 26),2026,2026-06-28,6,1,0,0,0,2173,9200,27169,869,1914,4219
City Vineyard (Pier 26),2026,2026-06-29,0,1,0,0,0,2173,9200,27169,869,1914,4219
City Vineyard (Pier 26),2026,2026-06-30,1,1,0,0,0,2173,9200,27169,869,1914,4219
City Vineyard (Pier 26),2026,2026-07-01,2,1,0,0,0,2173,9200,27169,869,1914,4219
City Vineyard (Pier 26),2026,2026-07-02,3,1,0,0,0,2173,9200,27169,869,1914,4219
City Vineyard (Pier 26),2026,2026-07-03,4,1,1,1,0,5071,15640,38812,1832,4497,9677
City Vineyard (Pier 26),2026,2026-07-04,5,1,1,1,0,5071,15640,38812,1832,4497,9677
City Vineyard (Pier 26),2026,2026-07-05,6,1,0,0,0,2173,9200,27169,869,1914,4219
City Vineyard (Pier 26),2026,2026-07-06,0,1,0,0,0,2173,9200,27169,869,1914,4219
City Vineyard (Pier 26),2026,2026-07-07,1,1,0,0,0,2173,9200,27169,869,1914,4219
City Vineyard (Pier 26),2026,2026-07-08,2,1,0,0,0,2173,9200,27169,869,1914,4219
City Vineyard (Pier 26),2026,2026-07-09,3,1,0,0,0,2173,9200,27169,869,1914,4219
City Vineyard (Pier 26),2026,2026-07-10,4,1,1,0,0,5071,15640,38812,1832,4497,9677
City Vineyard (Pier 26),2026,2026-07-11,5,1,1,0,0,5071,15640,38812,1832,4497,9677
City Vineyard (Pier 26),2026,2026-07-12,6,1,0,0,0,2173,9200,27169,869,1914,4219
City Vineyard (Pier 26),2026,2026-07-13,0,1,0,0,0,2173,9200,27169,869,1914,4219
City Vineyard (Pier 26),2026,2026-07-14,1,1,0,0,0,2173,9200,27169,869,1914,4219
City Vineyard (Pier 26),2026,2026-07-15,2,1,0,0,0,2173,9200,27169,869,1914,4219
City Vineyard (Pier 26),2026,2026-07-16,3,1,0,0,0,2173,9200,27169,869,1914,4219
City Vineyard (Pier 26),2026,2026-07-17,4,1,1,0,0,5071,15640,38812,1832,4497,9677
City Vineyard (Pier 26),2026,2026-07-18,5,1,1,0,0,5071,15640,38812,1832,4497,9677
City Vineyard (Pier 26),2026,2026-07-19,6,1,0,0,0,2173,9200,27169,869,1914,4219
City Vineyard (Pier 26),2026,2026-07-20,0,1,0,0,0,2173,9200,27169,869,1914,4219
City Vineyard (Pier 26),2026,2026-07-21,1,1,0,0,0,2173,9200,27169,869,1914,4219
City Vineyard (Pier 26),2026,2026-07-22,2,1,0,0,0,2173,9200,27169,869,1914,4219
City Vineyard (Pier 26),2026,2026-07-23,3,1,0,0,0,2173,9200,27169,869,1914,4219
City Vineyard (Pier 26),2026,2026-07-24,4,1,1,0,0,5071,15640,38812,1832,4497,9677
City Vineyard (Pier 26),2026,2026-07-25,5,1,1,0,0,5071,15640,38812,1832,4497,9677
City Vineyard (Pier 26),2026,2026-07-26,6,1,0,0,0,2173,9200,27169,869,1914,4219
City Vineyard (Pier 26),2026,2026-07-27,0,1,0,0,0,2173,9200,27169,869,1914,4219
City Vineyard (Pier 26),2026,2026-07-28,1,1,0,0,0,2173,9200,27169,869,1914,4219
City Vineyard (Pier 26),2026,2026-07-29,2,1,0,0,0,2173,9200,27169,869,1914,4219
City Vineyard (Pier 26),2026,2026-07-30,3,1,0,0,0,2173,9200,27169,869,1914,4219
City Vineyard (Pier 26),2026,2026-07-31,4,1,1,0,0,5071,15640,38812,1832,4497,9677
City Vineyard (Pier 26),2026,2026-08-01,5,1,1,0,0,5071,15640,38812,1832,4497,9677
City Vineyard (Pier 26),2026,2026-08-02,6,1,0,0,0,2173,9200,27169,869,1914,4219
City Vineyard (Pier 26),2026,2026-08-03,0,1,0,0,0,2173,9200,27169,869,1914,4219
City Vineyard (Pier 26),2026,2026-08-04,1,1,0,0,0,2173,9200,27169,869,1914,4219
City Vineyard (Pier 26),2026,2026-08-05,2,1,0,0,0,2173,9200,27169,869,1914,4219
City Vineyard (Pier 26),2026,2026-08-06,3,1,0,0,0,2173,9200,27169,869,1914,4219
City Vineyard (Pier 26),2026,2026-08-07,4,1,1,0,0,5071,15640,38812,1832,4497,9677
City Vineyard (Pier 26),2026,2026-08-08,5,1,1,0,0,5071,15640,38812,1832,4497,9677
City Vineyard (Pier 26),2026,2026-08-09,6,1,0,0,0,2173,9200,27169,869,1914,4219
City Vineyard (Pier 26),2026,2026-08-10,0,1,0,0,0,2173,9200,27169,869,1914,4219
City Vineyard (Pier 26),2026,2026-08-11,1,1,0,0,0,2173,9200,27169,869,1914,4219
City Vineyard (Pier 26),2026,2026-08-12,2,1,0,0,0,2173,9200,27169,869,1914,4219
City Vineyard (Pier 26),2026,2026-08-13,3,1,0,0,0,2173,9200,27169,869,1914,4219
City Vineyard (Pier 26),2026,2026-08-14,4,1,1,0,0,5071,15640,38812,1832,4497,9677
City Vineyard (Pier 26),2026,2026-08-15,5,1,1,0,0,5071,15640,38812,1832,4497,9677
City Vineyard (Pier 26),2026,2026-08-16,6,1,0,0,0,2173,9200,27169,869,1914,4219
City Vineyard (Pier 26),2026,2026-08-17,0,1,0,0,0,2173,9200,27169,869,1914,4219
City Vineyard (Pier 26),2026,2026-08-18,1,1,0,0,0,2173,9200,27169,869,1914,4219
City Vineyard (Pier 26),2026,2026-08-19,2,1,0,0,0,2173,9200,27169,869,1914,4219
City Vineyard (Pier 26),2026,2026-08-20,3,1,0,0,0,2173,9200,27169,869,1914,4219
City Vineyard (Pier 26),2026,2026-08-21,4,1,1,0,0,5071,15640,38812,1832,4497,9677
City Vineyard (Pier 26),2026,2026-08-22,5,1,1,0,0,5071,15640,38812,1832,4497,9677
City Vineyard (Pier 26),2026,2026-08-23,6,1,0,0,0,2173,9200,27169,869,1914,4219
City Vineyard (Pier 26),2026,2026-08-24,0,1,0,0,0,2173,9200,27169,869,1914,4219
City Vineyard (Pier 26),2026,2026-08-25,1,1,0,0,0,2173,9200,27169,869,1914,4219
City Vineyard (Pier 26),2026,2026-08-26,2,1,0,0,0,2173,9200,27169,869,1914,4219
City Vineyard (Pier 26),2026,2026-08-27,3,1,0,0,0,2173,9200,27169,869,1914,4219
City Vineyard (Pier 26),2026,2026-08-28,4,1,1,0,0,5071,15640,38812,1832,4497,9677
City Vineyard (Pier 26),2026,2026-08-29,5,1,1,0,0,5071,15640,38812,1832,4497,9677
City Vineyard (Pier 26),2026,2026-08-30,6,1,0,0,0,2173,9200,27169,869,1914,4219
City Vineyard (Pier 26),2026,2026-08-31,0,1,0,0,0,2173,9200,27169,869,1914,4219
City Vineyard (Pier 26),2026,2026-09-01,1,1,0,0,0,2173,9200,27169,869,1914,4219
City Vineyard (Pier 26),2026,2026-09-02,2,1,0,0,0,2173,9200,27169,869,1914,4219
City Vineyard (Pier 26),2026,2026-09-03,3,1,0,0,0,2173,9200,27169,869,1914,4219
City Vineyard (Pier 26),2026,2026-09-04,4,1,1,0,0,5071,15640,38812,1832,4497,9677
City Vineyard (Pier 26),2026,2026-09-05,5,1,1,0,0,5071,15640,38812,1832,4497,9677
City Vineyard (Pier 26),2026,2026-09-06,6,1,1,1,0,5071,15640,38812,1832,4497,9677
City Vineyard (Pier 26),2026,2026-09-07,0,1,1,1,0,5071,15640,38812,1832,4497,9677
City Vineyard (Pier 26),2026,2026-09-08,1,1,0,0,0,2173,9200,27169,869,1914,4219
City Vineyard (Pier 26),2026,2026-09-09,2,1,0,0,0,2173,9200,27169,869,1914,4219
City Vineyard (Pier 26),2026,2026-09-10,3,1,0,0,0,2173,9200,27169,869,1914,4219
City Vineyard (Pier 26),2026,2026-09-11,4,1,1,0,0,5071,15640,38812,1832,4497,9677
City Vineyard (Pier 26),2026,2026-09-12,5,1,1,0,0,5071,15640,38812,1832,4497,9677
City Vineyard (Pier 26),2026,2026-09-13,6,1,0,0,0,2173,9200,27169,869,1914,4219
City Vineyard (Pier 26),2026,2026-09-14,0,1,0,0,0,2173,9200,27169,869,1914,4219
City Vineyard (Pier 26),2026,2026-09-15,1,1,1,0,1,5071,15640,38812,1832,4497,9677
Bar 13,2025,2025-05-01,3,1,1,0,1,2576,9164,24840,1197,2772,6587
Bar 13,2025,2025-05-02,4,1,1,0,0,2576,9164,24840,1197,2772,6587
Bar 13,2025,2025-05-03,5,1,1,0,0,2576,9164,24840,1197,2772,6587
Bar 13,2025,2025-05-04,6,1,0,0,0,828,3881,12420,677,1319,3016
Bar 13,2025,2025-05-05,0,1,0,0,0,828,3881,12420,677,1319,3016
Bar 13,2025,2025-05-06,1,1,0,0,0,828,3881,12420,677,1319,3016
Bar 13,2025,2025-05-07,2,1,0,0,0,828,3881,12420,677,1319,3016
Bar 13,2025,2025-05-08,3,1,0,0,0,828,3881,12420,677,1319,3016
Bar 13,2025,2025-05-09,4,1,1,0,0,2576,9164,24840,1197,2772,6587
Bar 13,2025,2025-05-10,5,1,1,0,0,2576,9164,24840,1197,2772,6587
Bar 13,2025,2025-05-11,6,1,0,0,0,828,3881,12420,677,1319,3016
Bar 13,2025,2025-05-12,0,1,0,0,0,828,3881,12420,677,1319,3016
Bar 13,2025,2025-05-13,1,1,0,0,0,828,3881,12420,677,1319,3016
Bar 13,2025,2025-05-14,2,1,0,0,0,828,3881,12420,677,1319,3016
Bar 13,2025,2025-05-15,3,1,0,0,0,828,3881,12420,677,1319,3016
Bar 13,2025,2025-05-16,4,1,1,0,0,2576,9164,24840,1197,2772,6587
Bar 13,2025,2025-05-17,5,1,1,0,0,2576,9164,24840,1197,2772,6587
Bar 13,2025,2025-05-18,6,1,0,0,0,828,3881,12420,677,1319,3016
Bar 13,2025,2025-05-19,0,1,0,0,0,828,3881,12420,677,1319,3016
Bar 13,2025,2025-05-20,1,1,0,0,0,828,3881,12420,677,1319,3016
Bar 13,2025,2025-05-21,2,1,0,0,0,828,3881,12420,677,1319,3016
Bar 13,2025,2025-05-22,3,1,0,0,0,828,3881,12420,677,1319,3016
Bar 13,2025,2025-05-23,4,1,1,0,0,2576,9164,24840,1197,2772,6587
Bar 13,2025,2025-05-24,5,1,1,0,0,2576,9164,24840,1197,2772,6587
Bar 13,2025,2025-05-25,6,1,1,1,0,2576,9164,24840,1197,2772,6587
Bar 13,2025,2025-05-26,0,1,1,1,0,2576,9164,24840,1197,2772,6587
Bar 13,2025,2025-05-27,1,1,0,0,0,828,3881,12420,677,1319,3016
Bar 13,2025,2025-05-28,2,1,0,0,0,828,3881,12420,677,1319,3016
Bar 13,2025,2025-05-29,3,1,0,0,0,828,3881,12420,677,1319,3016
Bar 13,2025,2025-05-30,4,1,1,0,0,2576,9164,24840,1197,2772,6587
Bar 13,2025,2025-05-31,5,1,1,0,0,2576,9164,24840,1197,2772,6587
Bar 13,2025,2025-06-01,6,1,0,0,0,828,3881,12420,677,1319,3016
Bar 13,2025,2025-06-02,0,1,0,0,0,828,3881,12420,677,1319,3016
Bar 13,2025,2025-06-03,1,1,0,0,0,828,3881,12420,677,1319,3016
Bar 13,2025,2025-06-04,2,1,0,0,0,828,3881,12420,677,1319,3016
Bar 13,2025,2025-06-05,3,1,0,0,0,828,3881,12420,677,1319,3016
Bar 13,2025,2025-06-06,4,1,1,0,0,2576,9164,24840,1197,2772,6587
Bar 13,2025,2025-06-07,5,1,1,0,0,2576,9164,24840,1197,2772,6587
Bar 13,2025,2025-06-08,6,1,0,0,0,828,3881,12420,677,1319,3016
Bar 13,2025,2025-06-09,0,1,0,0,0,828,3881,12420,677,1319,3016
Bar 13,2025,2025-06-10,1,1,0,0,0,828,3881,12420,677,1319,3016
Bar 13,2025,2025-06-11,2,1,0,0,0,828,3881,12420,677,1319,3016
Bar 13,2025,2025-06-12,3,1,0,0,0,828,3881,12420,677,1319,3016
Bar 13,2025,2025-06-13,4,1,1,0,0,2576,9164,24840,1197,2772,6587
Bar 13,2025,2025-06-14,5,1,1,0,0,2576,9164,24840,1197,2772,6587
Bar 13,2025,2025-06-15,6,1,0,0,0,828,3881,12420,677,1319,3016
Bar 13,2025,2025-06-16,0,1,0,0,0,828,3881,12420,677,1319,3016
Bar 13,2025,2025-06-17,1,1,0,0,0,828,3881,12420,677,1319,3016
Bar 13,2025,2025-06-18,2,1,0,0,0,828,3881,12420,677,1319,3016
Bar 13,2025,2025-06-19,3,1,0,0,0,828,3881,12420,677,1319,3016
Bar 13,2025,2025-06-20,4,1,1,0,0,2576,9164,24840,1197,2772,6587
Bar 13,2025,2025-06-21,5,1,1,0,0,2576,9164,24840,1197,2772,6587
Bar 13,2025,2025-06-22,6,1,0,0,0,828,3881,12420,677,1319,3016
Bar 13,2025,2025-06-23,0,1,0,0,0,828,3881,12420,677,1319,3016
Bar 13,2025,2025-06-24,1,1,0,0,0,828,3881,12420,677,1319,3016
Bar 13,2025,2025-06-25,2,1,0,0,0,828,3881,12420,677,1319,3016
Bar 13,2025,2025-06-26,3,1,0,0,0,828,3881,12420,677,1319,3016
Bar 13,2025,2025-06-27,4,1,1,0,0,2576,9164,24840,1197,2772,6587
Bar 13,2025,2025-06-28,5,1,1,0,0,2576,9164,24840,1197,2772,6587
Bar 13,2025,2025-06-29,6,1,0,0,0,828,3881,12420,677,1319,3016
Bar 13,2025,2025-06-30,0,1,0,0,0,828,3881,12420,677,1319,3016
Bar 13,2025,2025-07-01,1,1,0,0,0,828,3881,12420,677,1319,3016
Bar 13,2025,2025-07-02,2,1,0,0,0,828,3881,12420,677,1319,3016
Bar 13,2025,2025-07-03,3,1,1,1,0,2576,9164,24840,1197,2772,6587
Bar 13,2025,2025-07-04,4,1,1,1,0,2576,9164,24840,1197,2772,6587
Bar 13,2025,2025-07-05,5,1,1,0,0,2576,9164,24840,1197,2772,6587
Bar 13,2025,2025-07-06,6,1,0,0,0,828,3881,12420,677,1319,3016
Bar 13,2025,2025-07-07,0,1,0,0,0,828,3881,12420,677,1319,3016
Bar 13,2025,2025-07-08,1,1,0,0,0,828,3881,12420,677,1319,3016
Bar 13,2025,2025-07-09,2,1,0,0,0,828,3881,12420,677,1319,3016
Bar 13,2025,2025-07-10,3,1,0,0,0,828,3881,12420,677,1319,3016
Bar 13,2025,2025-07-11,4,1,1,0,0,2576,9164,24840,1197,2772,6587
Bar 13,2025,2025-07-12,5,1,1,0,0,2576,9164,24840,1197,2772,6587
Bar 13,2025,2025-07-13,6,1,0,0,0,828,3881,12420,677,1319,3016
Bar 13,2025,2025-07-14,0,1,0,0,0,828,3881,12420,677,1319,3016
Bar 13,2025,2025-07-15,1,1,0,0,0,828,3881,12420,677,1319,3016
Bar 13,2025,2025-07-16,2,1,0,0,0,828,3881,12420,677,1319,3016
Bar 13,2025,2025-07-17,3,1,0,0,0,828,3881,12420,677,1319,3016
Bar 13,2025,2025-07-18,4,1,1,0,0,2576,9164,24840,1197,2772,6587
Bar 13,2025,2025-07-19,5,1,1,0,0,2576,9164,24840,1197,2772,6587
Bar 13,2025,2025-07-20,6,1,0,0,0,828,3881,12420,677,1319,3016
Bar 13,2025,2025-07-21,0,1,0,0,0,828,3881,12420,677,1319,3016
Bar 13,2025,2025-07-22,1,1,0,0,0,828,3881,12420,677,1319,3016
Bar 13,2025,2025-07-23,2,1,0,0,0,828,3881,12420,677,1319,3016
Bar 13,2025,2025-07-24,3,1,0,0,0,828,3881,12420,677,1319,3016
Bar 13,2025,2025-07-25,4,1,1,0,0,2576,9164,24840,1197,2772,6587
Bar 13,2025,2025-07-26,5,1,1,0,0,2576,9164,24840,1197,2772,6587
Bar 13,2025,2025-07-27,6,1,0,0,0,828,3881,12420,677,1319,3016
Bar 13,2025,2025-07-28,0,1,0,0,0,828,3881,12420,677,1319,3016
Bar 13,2025,2025-07-29,1,1,0,0,0,828,3881,12420,677,1319,3016
Bar 13,2025,2025-07-30,2,1,0,0,0,828,3881,12420,677,1319,3016
Bar 13,2025,2025-07-31,3,1,0,0,0,828,3881,12420,677,1319,3016
Bar 13,2025,2025-08-01,4,1,1,0,0,2576,9164,24840,1197,2772,6587
Bar 13,2025,2025-08-02,5,1,1,0,0,2576,9164,24840,1197,2772,6587
Bar 13,2025,2025-08-03,6,1,0,0,0,828,3881,12420,677,1319,3016
Bar 13,2025,2025-08-04,0,1,0,0,0,828,3881,12420,677,1319,3016
Bar 13,2025,2025-08-05,1,1,0,0,0,828,3881,12420,677,1319,3016
Bar 13,2025,2025-08-06,2,1,0,0,0,828,3881,12420,677,1319,3016
Bar 13,2025,2025-08-07,3,1,0,0,0,828,3881,12420,677,1319,3016
Bar 13,2025,2025-08-08,4,1,1,0,0,2576,9164,24840,1197,2772,6587
Bar 13,2025,2025-08-09,5,1,1,0,0,2576,9164,24840,1197,2772,6587
Bar 13,2025,2025-08-10,6,1,0,0,0,828,3881,12420,677,1319,3016
Bar 13,2025,2025-08-11,0,1,0,0,0,828,3881,12420,677,1319,3016
Bar 13,2025,2025-08-12,1,1,0,0,0,828,3881,12420,677,1319,3016
Bar 13,2025,2025-08-13,2,1,0,0,0,828,3881,12420,677,1319,3016
Bar 13,2025,2025-08-14,3,1,0,0,0,828,3881,12420,677,1319,3016
Bar 13,2025,2025-08-15,4,1,1,0,0,2576,9164,24840,1197,2772,6587
Bar 13,2025,2025-08-16,5,1,1,0,0,2576,9164,24840,1197,2772,6587
Bar 13,2025,2025-08-17,6,1,0,0,0,828,3881,12420,677,1319,3016
Bar 13,2025,2025-08-18,0,1,0,0,0,828,3881,12420,677,1319,3016
Bar 13,2025,2025-08-19,1,1,0,0,0,828,3881,12420,677,1319,3016
Bar 13,2025,2025-08-20,2,1,0,0,0,828,3881,12420,677,1319,3016
Bar 13,2025,2025-08-21,3,1,0,0,0,828,3881,12420,677,1319,3016
Bar 13,2025,2025-08-22,4,1,1,0,0,2576,9164,24840,1197,2772,6587
Bar 13,2025,2025-08-23,5,1,1,0,0,2576,9164,24840,1197,2772,6587
Bar 13,2025,2025-08-24,6,1,0,0,0,828,3881,12420,677,1319,3016
Bar 13,2025,2025-08-25,0,1,0,0,0,828,3881,12420,677,1319,3016
Bar 13,2025,2025-08-26,1,1,0,0,0,828,3881,12420,677,1319,3016
Bar 13,2025,2025-08-27,2,1,0,0,0,828,3881,12420,677,1319,3016
Bar 13,2025,2025-08-28,3,1,0,0,0,828,3881,12420,677,1319,3016
Bar 13,2025,2025-08-29,4,1,1,0,0,2576,9164,24840,1197,2772,6587
Bar 13,2025,2025-08-30,5,1,1,0,0,2576,9164,24840,1197,2772,6587
Bar 13,2025,2025-08-31,6,1,1,1,0,2576,9164,24840,1197,2772,6587
Bar 13,2025,2025-09-01,0,1,1,1,0,2576,9164,24840,1197,2772,6587
Bar 13,2025,2025-09-02,1,1,0,0,0,828,3881,12420,677,1319,3016
Bar 13,2025,2025-09-03,2,1,0,0,0,828,3881,12420,677,1319,3016
Bar 13,2025,2025-09-04,3,1,0,0,0,828,3881,12420,677,1319,3016
Bar 13,2025,2025-09-05,4,1,1,0,0,2576,9164,24840,1197,2772,6587
Bar 13,2025,2025-09-06,5,1,1,0,0,2576,9164,24840,1197,2772,6587
Bar 13,2025,2025-09-07,6,1,0,0,0,828,3881,12420,677,1319,3016
Bar 13,2025,2025-09-08,0,1,0,0,0,828,3881,12420,677,1319,3016
Bar 13,2025,2025-09-09,1,1,0,0,0,828,3881,12420,677,1319,3016
Bar 13,2025,2025-09-10,2,1,0,0,0,828,3881,12420,677,1319,3016
Bar 13,2025,2025-09-11,3,1,0,0,0,828,3881,12420,677,1319,3016
Bar 13,2025,2025-09-12,4,1,1,0,0,2576,9164,24840,1197,2772,6587
Bar 13,2025,2025-09-13,5,1,1,0,0,2576,9164,24840,1197,2772,6587
Bar 13,2025,2025-09-14,6,1,0,0,0,828,3881,12420,677,1319,3016
Bar 13,2025,2025-09-15,0,1,0,0,0,828,3881,12420,677,1319,3016
Bar 13,2025,2025-09-16,1,1,0,0,0,828,3881,12420,677,1319,3016
Bar 13,2025,2025-09-17,2,1,0,0,0,828,3881,12420,677,1319,3016
Bar 13,2025,2025-09-18,3,1,0,0,0,828,3881,12420,677,1319,3016
Bar 13,2025,2025-09-19,4,1,1,0,0,2576,9164,24840,1197,2772,6587
Bar 13,2025,2025-09-20,5,1,1,0,0,2576,9164,24840,1197,2772,6587
Bar 13,2025,2025-09-21,6,1,0,0,0,828,3881,12420,677,1319,3016
Bar 13,2025,2025-09-22,0,1,0,0,0,828,3881,12420,677,1319,3016
Bar 13,2025,2025-09-23,1,1,0,0,0,828,3881,12420,677,1319,3016
Bar 13,2025,2025-09-24,2,1,0,0,0,828,3881,12420,677,1319,3016
Bar 13,2025,2025-09-25,3,1,0,0,0,828,3881,12420,677,1319,3016
Bar 13,2025,2025-09-26,4,1,1,0,0,2576,9164,24840,1197,2772,6587
Bar 13,2025,2025-09-27,5,1,1,0,0,2576,9164,24840,1197,2772,6587
Bar 13,2025,2025-09-28,6,1,0,0,0,828,3881,12420,677,1319,3016
Bar 13,2025,2025-09-29,0,1,0,0,0,828,3881,12420,677,1319,3016
Bar 13,2025,2025-09-30,1,1,1,0,1,2576,9164,24840,1197,2772,6587
Bar 13,2026,2026-05-01,4,1,1,0,1,2576,9164,24840,1197,2772,6587
Bar 13,2026,2026-05-02,5,1,1,0,0,2576,9164,24840,1197,2772,6587
Bar 13,2026,2026-05-03,6,1,0,0,0,828,3881,12420,677,1319,3016
Bar 13,2026,2026-05-04,0,1,0,0,0,828,3881,12420,677,1319,3016
Bar 13,2026,2026-05-05,1,1,0,0,0,828,3881,12420,677,1319,3016
Bar 13,2026,2026-05-06,2,1,0,0,0,828,3881,12420,677,1319,3016
Bar 13,2026,2026-05-07,3,1,0,0,0,828,3881,12420,677,1319,3016
Bar 13,2026,2026-05-08,4,1,1,0,0,2576,9164,24840,1197,2772,6587
Bar 13,2026,2026-05-09,5,1,1,0,0,2576,9164,24840,1197,2772,6587
Bar 13,2026,2026-05-10,6,1,0,0,0,828,3881,12420,677,1319,3016
Bar 13,2026,2026-05-11,0,1,0,0,0,828,3881,12420,677,1319,3016
Bar 13,2026,2026-05-12,1,1,0,0,0,828,3881,12420,677,1319,3016
Bar 13,2026,2026-05-13,2,1,0,0,0,828,3881,12420,677,1319,3016
Bar 13,2026,2026-05-14,3,1,0,0,0,828,3881,12420,677,1319,3016
Bar 13,2026,2026-05-15,4,1,1,0,0,2576,9164,24840,1197,2772,6587
Bar 13,2026,2026-05-16,5,1,1,0,0,2576,9164,24840,1197,2772,6587
Bar 13,2026,2026-05-17,6,1,0,0,0,828,3881,12420,677,1319,3016
Bar 13,2026,2026-05-18,0,1,0,0,0,828,3881,12420,677,1319,3016
Bar 13,2026,2026-05-19,1,1,0,0,0,828,3881,12420,677,1319,3016
Bar 13,2026,2026-05-20,2,1,0,0,0,828,3881,12420,677,1319,3016
Bar 13,2026,2026-05-21,3,1,0,0,0,828,3881,12420,677,1319,3016
Bar 13,2026,2026-05-22,4,1,1,0,0,2576,9164,24840,1197,2772,6587
Bar 13,2026,2026-05-23,5,1,1,0,0,2576,9164,24840,1197,2772,6587
Bar 13,2026,2026-05-24,6,1,1,1,0,2576,9164,24840,1197,2772,6587
Bar 13,2026,2026-05-25,0,1,1,1,0,2576,9164,24840,1197,2772,6587
Bar 13,2026,2026-05-26,1,1,0,0,0,828,3881,12420,677,1319,3016
Bar 13,2026,2026-05-27,2,1,0,0,0,828,3881,12420,677,1319,3016
Bar 13,2026,2026-05-28,3,1,0,0,0,828,3881,12420,677,1319,3016
Bar 13,2026,2026-05-29,4,1,1,0,0,2576,9164,24840,1197,2772,6587
Bar 13,2026,2026-05-30,5,1,1,0,0,2576,9164,24840,1197,2772,6587
Bar 13,2026,2026-05-31,6,1,0,0,0,828,3881,12420,677,1319,3016
Bar 13,2026,2026-06-01,0,1,0,0,0,828,3881,12420,677,1319,3016
Bar 13,2026,2026-06-02,1,1,0,0,0,828,3881,12420,677,1319,3016
Bar 13,2026,2026-06-03,2,1,0,0,0,828,3881,12420,677,1319,3016
Bar 13,2026,2026-06-04,3,1,0,0,0,828,3881,12420,677,1319,3016
Bar 13,2026,2026-06-05,4,1,1,0,0,2576,9164,24840,1197,2772,6587
Bar 13,2026,2026-06-06,5,1,1,0,0,2576,9164,24840,1197,2772,6587
Bar 13,2026,2026-06-07,6,1,0,0,0,828,3881,12420,677,1319,3016
Bar 13,2026,2026-06-08,0,1,0,0,0,828,3881,12420,677,1319,3016
Bar 13,2026,2026-06-09,1,1,0,0,0,828,3881,12420,677,1319,3016
Bar 13,2026,2026-06-10,2,1,0,0,0,828,3881,12420,677,1319,3016
Bar 13,2026,2026-06-11,3,1,0,0,0,828,3881,12420,677,1319,3016
Bar 13,2026,2026-06-12,4,1,1,0,0,2576,9164,24840,1197,2772,6587
Bar 13,2026,2026-06-13,5,1,1,0,0,2576,9164,24840,1197,2772,6587
Bar 13,2026,2026-06-14,6,1,0,0,0,828,3881,12420,677,1319,3016
Bar 13,2026,2026-06-15,0,1,0,0,0,828,3881,12420,677,1319,3016
Bar 13,2026,2026-06-16,1,1,0,0,0,828,3881,12420,677,1319,3016
Bar 13,2026,2026-06-17,2,1,0,0,0,828,3881,12420,677,1319,3016
Bar 13,2026,2026-06-18,3,1,0,0,0,828,3881,12420,677,1319,3016
Bar 13,2026,2026-06-19,4,1,1,0,0,2576,9164,24840,1197,2772,6587
Bar 13,2026,2026-06-20,5,1,1,0,0,2576,9164,24840,1197,2772,6587
Bar 13,2026,2026-06-21,6,1,0,0,0,828,3881,12420,677,1319,3016
Bar 13,2026,2026-06-22,0,1,0,0,0,828,3881,12420,677,1319,3016
Bar 13,2026,2026-06-23,1,1,0,0,0,828,3881,12420,677,1319,3016
Bar 13,2026,2026-06-24,2,1,0,0,0,828,3881,12420,677,1319,3016
Bar 13,2026,2026-06-25,3,1,0,0,0,828,3881,12420,677,1319,3016
Bar 13,2026,2026-06-26,4,1,1,0,0,2576,9164,24840,1197,2772,6587
Bar 13,2026,2026-06-27,5,1,1,0,0,2576,9164,24840,1197,2772,6587
Bar 13,2026,2026-06-28,6,1,0,0,0,828,3881,12420,677,1319,3016
Bar 13,2026,2026-06-29,0,1,0,0,0,828,3881,12420,677,1319,3016
Bar 13,2026,2026-06-30,1,1,0,0,0,828,3881,12420,677,1319,3016
Bar 13,2026,2026-07-01,2,1,0,0,0,828,3881,12420,677,1319,3016
Bar 13,2026,2026-07-02,3,1,0,0,0,828,3881,12420,677,1319,3016
Bar 13,2026,2026-07-03,4,1,1,1,0,2576,9164,24840,1197,2772,6587
Bar 13,2026,2026-07-04,5,1,1,1,0,2576,9164,24840,1197,2772,6587
Bar 13,2026,2026-07-05,6,1,0,0,0,828,3881,12420,677,1319,3016
Bar 13,2026,2026-07-06,0,1,0,0,0,828,3881,12420,677,1319,3016
Bar 13,2026,2026-07-07,1,1,0,0,0,828,3881,12420,677,1319,3016
Bar 13,2026,2026-07-08,2,1,0,0,0,828,3881,12420,677,1319,3016
Bar 13,2026,2026-07-09,3,1,0,0,0,828,3881,12420,677,1319,3016
Bar 13,2026,2026-07-10,4,1,1,0,0,2576,9164,24840,1197,2772,6587
Bar 13,2026,2026-07-11,5,1,1,0,0,2576,9164,24840,1197,2772,6587
Bar 13,2026,2026-07-12,6,1,0,0,0,828,3881,12420,677,1319,3016
Bar 13,2026,2026-07-13,0,1,0,0,0,828,3881,12420,677,1319,3016
Bar 13,2026,2026-07-14,1,1,0,0,0,828,3881,12420,677,1319,3016
Bar 13,2026,2026-07-15,2,1,0,0,0,828,3881,12420,677,1319,3016
Bar 13,2026,2026-07-16,3,1,0,0,0,828,3881,12420,677,1319,3016
Bar 13,2026,2026-07-17,4,1,1,0,0,2576,9164,24840,1197,2772,6587
Bar 13,2026,2026-07-18,5,1,1,0,0,2576,9164,24840,1197,2772,6587
Bar 13,2026,2026-07-19,6,1,0,0,0,828,3881,12420,677,1319,3016
Bar 13,2026,2026-07-20,0,1,0,0,0,828,3881,12420,677,1319,3016
Bar 13,2026,2026-07-21,1,1,0,0,0,828,3881,12420,677,1319,3016
Bar 13,2026,2026-07-22,2,1,0,0,0,828,3881,12420,677,1319,3016
Bar 13,2026,2026-07-23,3,1,0,0,0,828,3881,12420,677,1319,3016
Bar 13,2026,2026-07-24,4,1,1,0,0,2576,9164,24840,1197,2772,6587
Bar 13,2026,2026-07-25,5,1,1,0,0,2576,9164,24840,1197,2772,6587
Bar 13,2026,2026-07-26,6,1,0,0,0,828,3881,12420,677,1319,3016
Bar 13,2026,2026-07-27,0,1,0,0,0,828,3881,12420,677,1319,3016
Bar 13,2026,2026-07-28,1,1,0,0,0,828,3881,12420,677,1319,3016
Bar 13,2026,2026-07-29,2,1,0,0,0,828,3881,12420,677,1319,3016
Bar 13,2026,2026-07-30,3,1,0,0,0,828,3881,12420,677,1319,3016
Bar 13,2026,2026-07-31,4,1,1,0,0,2576,9164,24840,1197,2772,6587
Bar 13,2026,2026-08-01,5,1,1,0,0,2576,9164,24840,1197,2772,6587
Bar 13,2026,2026-08-02,6,1,0,0,0,828,3881,12420,677,1319,3016
Bar 13,2026,2026-08-03,0,1,0,0,0,828,3881,12420,677,1319,3016
Bar 13,2026,2026-08-04,1,1,0,0,0,828,3881,12420,677,1319,3016
Bar 13,2026,2026-08-05,2,1,0,0,0,828,3881,12420,677,1319,3016
Bar 13,2026,2026-08-06,3,1,0,0,0,828,3881,12420,677,1319,3016
Bar 13,2026,2026-08-07,4,1,1,0,0,2576,9164,24840,1197,2772,6587
Bar 13,2026,2026-08-08,5,1,1,0,0,2576,9164,24840,1197,2772,6587
Bar 13,2026,2026-08-09,6,1,0,0,0,828,3881,12420,677,1319,3016
Bar 13,2026,2026-08-10,0,1,0,0,0,828,3881,12420,677,1319,3016
Bar 13,2026,2026-08-11,1,1,0,0,0,828,3881,12420,677,1319,3016
Bar 13,2026,2026-08-12,2,1,0,0,0,828,3881,12420,677,1319,3016
Bar 13,2026,2026-08-13,3,1,0,0,0,828,3881,12420,677,1319,3016
Bar 13,2026,2026-08-14,4,1,1,0,0,2576,9164,24840,1197,2772,6587
Bar 13,2026,2026-08-15,5,1,1,0,0,2576,9164,24840,1197,2772,6587
Bar 13,2026,2026-08-16,6,1,0,0,0,828,3881,12420,677,1319,3016
Bar 13,2026,2026-08-17,0,1,0,0,0,828,3881,12420,677,1319,3016
Bar 13,2026,2026-08-18,1,1,0,0,0,828,3881,12420,677,1319,3016
Bar 13,2026,2026-08-19,2,1,0,0,0,828,3881,12420,677,1319,3016
Bar 13,2026,2026-08-20,3,1,0,0,0,828,3881,12420,677,1319,3016
Bar 13,2026,2026-08-21,4,1,1,0,0,2576,9164,24840,1197,2772,6587
Bar 13,2026,2026-08-22,5,1,1,0,0,2576,9164,24840,1197,2772,6587
Bar 13,2026,2026-08-23,6,1,0,0,0,828,3881,12420,677,1319,3016
Bar 13,2026,2026-08-24,0,1,0,0,0,828,3881,12420,677,1319,3016
Bar 13,2026,2026-08-25,1,1,0,0,0,828,3881,12420,677,1319,3016
Bar 13,2026,2026-08-26,2,1,0,0,0,828,3881,12420,677,1319,3016
Bar 13,2026,2026-08-27,3,1,0,0,0,828,3881,12420,677,1319,3016
Bar 13,2026,2026-08-28,4,1,1,0,0,2576,9164,24840,1197,2772,6587
Bar 13,2026,2026-08-29,5,1,1,0,0,2576,9164,24840,1197,2772,6587
Bar 13,2026,2026-08-30,6,1,0,0,0,828,3881,12420,677,1319,3016
Bar 13,2026,2026-08-31,0,1,0,0,0,828,3881,12420,677,1319,3016
Bar 13,2026,2026-09-01,1,1,0,0,0,828,3881,12420,677,1319,3016
Bar 13,2026,2026-09-02,2,1,0,0,0,828,3881,12420,677,1319,3016
Bar 13,2026,2026-09-03,3,1,0,0,0,828,3881,12420,677,1319,3016
Bar 13,2026,2026-09-04,4,1,1,0,0,2576,9164,24840,1197,2772,6587
Bar 13,2026,2026-09-05,5,1,1,0,0,2576,9164,24840,1197,2772,6587
Bar 13,2026,2026-09-06,6,1,1,1,0,2576,9164,24840,1197,2772,6587
Bar 13,2026,2026-09-07,0,1,1,1,0,2576,9164,24840,1197,2772,6587
Bar 13,2026,2026-09-08,1,1,0,0,0,828,3881,12420,677,1319,3016
Bar 13,2026,2026-09-09,2,1,0,0,0,828,3881,12420,677,1319,3016
Bar 13,2026,2026-09-10,3,1,0,0,0,828,3881,12420,677,1319,3016
Bar 13,2026,2026-09-11,4,1,1,0,0,2576,9164,24840,1197,2772,6587
Bar 13,2026,2026-09-12,5,1,1,0,0,2576,9164,24840,1197,2772,6587
Bar 13,2026,2026-09-13,6,1,0,0,0,828,3881,12420,677,1319,3016
Bar 13,2026,2026-09-14,0,1,0,0,0,828,3881,12420,677,1319,3016
Bar 13,2026,2026-09-15,1,1,1,0,1,2576,9164,24840,1197,2772,6587
Watermark (Pier 15),2025,2025-05-01,3,1,1,0,1,19872,72450,198720,5356,14355,34605
Watermark (Pier 15),2025,2025-05-02,4,1,1,0,0,19872,72450,198720,5356,14355,34605
Watermark (Pier 15),2025,2025-05-03,5,1,1,0,0,19872,72450,198720,5356,14355,34605
Watermark (Pier 15),2025,2025-05-04,6,1,0,0,0,6210,28980,91080,2638,6718,16296
Watermark (Pier 15),2025,2025-05-05,0,1,0,0,0,6210,28980,91080,2638,6718,16296
Watermark (Pier 15),2025,2025-05-06,1,1,0,0,0,6210,28980,91080,2638,6718,16296
Watermark (Pier 15),2025,2025-05-07,2,1,0,0,0,6210,28980,91080,2638,6718,16296
Watermark (Pier 15),2025,2025-05-08,3,1,0,0,0,6210,28980,91080,2638,6718,16296
Watermark (Pier 15),2025,2025-05-09,4,1,1,0,0,19872,72450,198720,5356,14355,34605
Watermark (Pier 15),2025,2025-05-10,5,1,1,0,0,19872,72450,198720,5356,14355,34605
Watermark (Pier 15),2025,2025-05-11,6,1,0,0,0,6210,28980,91080,2638,6718,16296
Watermark (Pier 15),2025,2025-05-12,0,1,0,0,0,6210,28980,91080,2638,6718,16296
Watermark (Pier 15),2025,2025-05-13,1,1,0,0,0,6210,28980,91080,2638,6718,16296
Watermark (Pier 15),2025,2025-05-14,2,1,0,0,0,6210,28980,91080,2638,6718,16296
Watermark (Pier 15),2025,2025-05-15,3,1,0,0,0,6210,28980,91080,2638,6718,16296
Watermark (Pier 15),2025,2025-05-16,4,1,1,0,0,19872,72450,198720,5356,14355,34605
Watermark (Pier 15),2025,2025-05-17,5,1,1,0,0,19872,72450,198720,5356,14355,34605
Watermark (Pier 15),2025,2025-05-18,6,1,0,0,0,6210,28980,91080,2638,6718,16296
Watermark (Pier 15),2025,2025-05-19,0,1,0,0,0,6210,28980,91080,2638,6718,16296
Watermark (Pier 15),2025,2025-05-20,1,1,0,0,0,6210,28980,91080,2638,6718,16296
Watermark (Pier 15),2025,2025-05-21,2,1,0,0,0,6210,28980,91080,2638,6718,16296
Watermark (Pier 15),2025,2025-05-22,3,1,0,0,0,6210,28980,91080,2638,6718,16296
Watermark (Pier 15),2025,2025-05-23,4,1,1,0,0,19872,72450,198720,5356,14355,34605
Watermark (Pier 15),2025,2025-05-24,5,1,1,0,0,19872,72450,198720,5356,14355,34605
Watermark (Pier 15),2025,2025-05-25,6,1,1,1,0,19872,72450,198720,5356,14355,34605
Watermark (Pier 15),2025,2025-05-26,0,1,1,1,0,19872,72450,198720,5356,14355,34605
Watermark (Pier 15),2025,2025-05-27,1,1,0,0,0,6210,28980,91080,2638,6718,16296
Watermark (Pier 15),2025,2025-05-28,2,1,0,0,0,6210,28980,91080,2638,6718,16296
Watermark (Pier 15),2025,2025-05-29,3,1,0,0,0,6210,28980,91080,2638,6718,16296
Watermark (Pier 15),2025,2025-05-30,4,1,1,0,0,19872,72450,198720,5356,14355,34605
Watermark (Pier 15),2025,2025-05-31,5,1,1,0,0,19872,72450,198720,5356,14355,34605
Watermark (Pier 15),2025,2025-06-01,6,1,0,0,0,6210,28980,91080,2638,6718,16296
Watermark (Pier 15),2025,2025-06-02,0,1,0,0,0,6210,28980,91080,2638,6718,16296
Watermark (Pier 15),2025,2025-06-03,1,1,0,0,0,6210,28980,91080,2638,6718,16296
Watermark (Pier 15),2025,2025-06-04,2,1,0,0,0,6210,28980,91080,2638,6718,16296
Watermark (Pier 15),2025,2025-06-05,3,1,0,0,0,6210,28980,91080,2638,6718,16296
Watermark (Pier 15),2025,2025-06-06,4,1,1,0,0,19872,72450,198720,5356,14355,34605
Watermark (Pier 15),2025,2025-06-07,5,1,1,0,0,19872,72450,198720,5356,14355,34605
Watermark (Pier 15),2025,2025-06-08,6,1,0,0,0,6210,28980,91080,2638,6718,16296
Watermark (Pier 15),2025,2025-06-09,0,1,0,0,0,6210,28980,91080,2638,6718,16296
Watermark (Pier 15),2025,2025-06-10,1,1,0,0,0,6210,28980,91080,2638,6718,16296
Watermark (Pier 15),2025,2025-06-11,2,1,0,0,0,6210,28980,91080,2638,6718,16296
Watermark (Pier 15),2025,2025-06-12,3,1,0,0,0,6210,28980,91080,2638,6718,16296
Watermark (Pier 15),2025,2025-06-13,4,1,1,0,0,19872,72450,198720,5356,14355,34605
Watermark (Pier 15),2025,2025-06-14,5,1,1,0,0,19872,72450,198720,5356,14355,34605
Watermark (Pier 15),2025,2025-06-15,6,1,0,0,0,6210,28980,91080,2638,6718,16296
Watermark (Pier 15),2025,2025-06-16,0,1,0,0,0,6210,28980,91080,2638,6718,16296
Watermark (Pier 15),2025,2025-06-17,1,1,0,0,0,6210,28980,91080,2638,6718,16296
Watermark (Pier 15),2025,2025-06-18,2,1,0,0,0,6210,28980,91080,2638,6718,16296
Watermark (Pier 15),2025,2025-06-19,3,1,0,0,0,6210,28980,91080,2638,6718,16296
Watermark (Pier 15),2025,2025-06-20,4,1,1,0,0,19872,72450,198720,5356,14355,34605
Watermark (Pier 15),2025,2025-06-21,5,1,1,0,0,19872,72450,198720,5356,14355,34605
Watermark (Pier 15),2025,2025-06-22,6,1,0,0,0,6210,28980,91080,2638,6718,16296
Watermark (Pier 15),2025,2025-06-23,0,1,0,0,0,6210,28980,91080,2638,6718,16296
Watermark (Pier 15),2025,2025-06-24,1,1,0,0,0,6210,28980,91080,2638,6718,16296
Watermark (Pier 15),2025,2025-06-25,2,1,0,0,0,6210,28980,91080,2638,6718,16296
Watermark (Pier 15),2025,2025-06-26,3,1,0,0,0,6210,28980,91080,2638,6718,16296
Watermark (Pier 15),2025,2025-06-27,4,1,1,0,0,19872,72450,198720,5356,14355,34605
Watermark (Pier 15),2025,2025-06-28,5,1,1,0,0,19872,72450,198720,5356,14355,34605
Watermark (Pier 15),2025,2025-06-29,6,1,0,0,0,6210,28980,91080,2638,6718,16296
Watermark (Pier 15),2025,2025-06-30,0,1,0,0,0,6210,28980,91080,2638,6718,16296
Watermark (Pier 15),2025,2025-07-01,1,1,0,0,0,6210,28980,91080,2638,6718,16296
Watermark (Pier 15),2025,2025-07-02,2,1,0,0,0,6210,28980,91080,2638,6718,16296
Watermark (Pier 15),2025,2025-07-03,3,1,1,1,0,19872,72450,198720,5356,14355,34605
Watermark (Pier 15),2025,2025-07-04,4,1,1,1,0,19872,72450,198720,5356,14355,34605
Watermark (Pier 15),2025,2025-07-05,5,1,1,0,0,19872,72450,198720,5356,14355,34605
Watermark (Pier 15),2025,2025-07-06,6,1,0,0,0,6210,28980,91080,2638,6718,16296
Watermark (Pier 15),2025,2025-07-07,0,1,0,0,0,6210,28980,91080,2638,6718,16296
Watermark (Pier 15),2025,2025-07-08,1,1,0,0,0,6210,28980,91080,2638,6718,16296
Watermark (Pier 15),2025,2025-07-09,2,1,0,0,0,6210,28980,91080,2638,6718,16296
Watermark (Pier 15),2025,2025-07-10,3,1,0,0,0,6210,28980,91080,2638,6718,16296
Watermark (Pier 15),2025,2025-07-11,4,1,1,0,0,19872,72450,198720,5356,14355,34605
Watermark (Pier 15),2025,2025-07-12,5,1,1,0,0,19872,72450,198720,5356,14355,34605
Watermark (Pier 15),2025,2025-07-13,6,1,0,0,0,6210,28980,91080,2638,6718,16296
Watermark (Pier 15),2025,2025-07-14,0,1,0,0,0,6210,28980,91080,2638,6718,16296
Watermark (Pier 15),2025,2025-07-15,1,1,0,0,0,6210,28980,91080,2638,6718,16296
Watermark (Pier 15),2025,2025-07-16,2,1,0,0,0,6210,28980,91080,2638,6718,16296
Watermark (Pier 15),2025,2025-07-17,3,1,0,0,0,6210,28980,91080,2638,6718,16296
Watermark (Pier 15),2025,2025-07-18,4,1,1,0,0,19872,72450,198720,5356,14355,34605
Watermark (Pier 15),2025,2025-07-19,5,1,1,0,0,19872,72450,198720,5356,14355,34605
Watermark (Pier 15),2025,2025-07-20,6,1,0,0,0,6210,28980,91080,2638,6718,16296
Watermark (Pier 15),2025,2025-07-21,0,1,0,0,0,6210,28980,91080,2638,6718,16296
Watermark (Pier 15),2025,2025-07-22,1,1,0,0,0,6210,28980,91080,2638,6718,16296
Watermark (Pier 15),2025,2025-07-23,2,1,0,0,0,6210,28980,91080,2638,6718,16296
Watermark (Pier 15),2025,2025-07-24,3,1,0,0,0,6210,28980,91080,2638,6718,16296
Watermark (Pier 15),2025,2025-07-25,4,1,1,0,0,19872,72450,198720,5356,14355,34605
Watermark (Pier 15),2025,2025-07-26,5,1,1,0,0,19872,72450,198720,5356,14355,34605
Watermark (Pier 15),2025,2025-07-27,6,1,0,0,0,6210,28980,91080,2638,6718,16296
Watermark (Pier 15),2025,2025-07-28,0,1,0,0,0,6210,28980,91080,2638,6718,16296
Watermark (Pier 15),2025,2025-07-29,1,1,0,0,0,6210,28980,91080,2638,6718,16296
Watermark (Pier 15),2025,2025-07-30,2,1,0,0,0,6210,28980,91080,2638,6718,16296
Watermark (Pier 15),2025,2025-07-31,3,1,0,0,0,6210,28980,91080,2638,6718,16296
Watermark (Pier 15),2025,2025-08-01,4,1,1,0,0,19872,72450,198720,5356,14355,34605
Watermark (Pier 15),2025,2025-08-02,5,1,1,0,0,19872,72450,198720,5356,14355,34605
Watermark (Pier 15),2025,2025-08-03,6,1,0,0,0,6210,28980,91080,2638,6718,16296
Watermark (Pier 15),2025,2025-08-04,0,1,0,0,0,6210,28980,91080,2638,6718,16296
Watermark (Pier 15),2025,2025-08-05,1,1,0,0,0,6210,28980,91080,2638,6718,16296
Watermark (Pier 15),2025,2025-08-06,2,1,0,0,0,6210,28980,91080,2638,6718,16296
Watermark (Pier 15),2025,2025-08-07,3,1,0,0,0,6210,28980,91080,2638,6718,16296
Watermark (Pier 15),2025,2025-08-08,4,1,1,0,0,19872,72450,198720,5356,14355,34605
Watermark (Pier 15),2025,2025-08-09,5,1,1,0,0,19872,72450,198720,5356,14355,34605
Watermark (Pier 15),2025,2025-08-10,6,1,0,0,0,6210,28980,91080,2638,6718,16296
Watermark (Pier 15),2025,2025-08-11,0,1,0,0,0,6210,28980,91080,2638,6718,16296
Watermark (Pier 15),2025,2025-08-12,1,1,0,0,0,6210,28980,91080,2638,6718,16296
Watermark (Pier 15),2025,2025-08-13,2,1,0,0,0,6210,28980,91080,2638,6718,16296
Watermark (Pier 15),2025,2025-08-14,3,1,0,0,0,6210,28980,91080,2638,6718,16296
Watermark (Pier 15),2025,2025-08-15,4,1,1,0,0,19872,72450,198720,5356,14355,34605
Watermark (Pier 15),2025,2025-08-16,5,1,1,0,0,19872,72450,198720,5356,14355,34605
Watermark (Pier 15),2025,2025-08-17,6,1,0,0,0,6210,28980,91080,2638,6718,16296
Watermark (Pier 15),2025,2025-08-18,0,1,0,0,0,6210,28980,91080,2638,6718,16296
Watermark (Pier 15),2025,2025-08-19,1,1,0,0,0,6210,28980,91080,2638,6718,16296
Watermark (Pier 15),2025,2025-08-20,2,1,0,0,0,6210,28980,91080,2638,6718,16296
Watermark (Pier 15),2025,2025-08-21,3,1,0,0,0,6210,28980,91080,2638,6718,16296
Watermark (Pier 15),2025,2025-08-22,4,1,1,0,0,19872,72450,198720,5356,14355,34605
Watermark (Pier 15),2025,2025-08-23,5,1,1,0,0,19872,72450,198720,5356,14355,34605
Watermark (Pier 15),2025,2025-08-24,6,1,0,0,0,6210,28980,91080,2638,6718,16296
Watermark (Pier 15),2025,2025-08-25,0,1,0,0,0,6210,28980,91080,2638,6718,16296
Watermark (Pier 15),2025,2025-08-26,1,1,0,0,0,6210,28980,91080,2638,6718,16296
Watermark (Pier 15),2025,2025-08-27,2,1,0,0,0,6210,28980,91080,2638,6718,16296
Watermark (Pier 15),2025,2025-08-28,3,1,0,0,0,6210,28980,91080,2638,6718,16296
Watermark (Pier 15),2025,2025-08-29,4,1,1,0,0,19872,72450,198720,5356,14355,34605
Watermark (Pier 15),2025,2025-08-30,5,1,1,0,0,19872,72450,198720,5356,14355,34605
Watermark (Pier 15),2025,2025-08-31,6,1,1,1,0,19872,72450,198720,5356,14355,34605
Watermark (Pier 15),2025,2025-09-01,0,1,1,1,0,19872,72450,198720,5356,14355,34605
Watermark (Pier 15),2025,2025-09-02,1,1,0,0,0,6210,28980,91080,2638,6718,16296
Watermark (Pier 15),2025,2025-09-03,2,1,0,0,0,6210,28980,91080,2638,6718,16296
Watermark (Pier 15),2025,2025-09-04,3,1,0,0,0,6210,28980,91080,2638,6718,16296
Watermark (Pier 15),2025,2025-09-05,4,1,1,0,0,19872,72450,198720,5356,14355,34605
Watermark (Pier 15),2025,2025-09-06,5,1,1,0,0,19872,72450,198720,5356,14355,34605
Watermark (Pier 15),2025,2025-09-07,6,1,0,0,0,6210,28980,91080,2638,6718,16296
Watermark (Pier 15),2025,2025-09-08,0,1,0,0,0,6210,28980,91080,2638,6718,16296
Watermark (Pier 15),2025,2025-09-09,1,1,0,0,0,6210,28980,91080,2638,6718,16296
Watermark (Pier 15),2025,2025-09-10,2,1,0,0,0,6210,28980,91080,2638,6718,16296
Watermark (Pier 15),2025,2025-09-11,3,1,0,0,0,6210,28980,91080,2638,6718,16296
Watermark (Pier 15),2025,2025-09-12,4,1,1,0,0,19872,72450,198720,5356,14355,34605
Watermark (Pier 15),2025,2025-09-13,5,1,1,0,0,19872,72450,198720,5356,14355,34605
Watermark (Pier 15),2025,2025-09-14,6,1,0,0,0,6210,28980,91080,2638,6718,16296
Watermark (Pier 15),2025,2025-09-15,0,1,0,0,0,6210,28980,91080,2638,6718,16296
Watermark (Pier 15),2025,2025-09-16,1,1,0,0,0,6210,28980,91080,2638,6718,16296
Watermark (Pier 15),2025,2025-09-17,2,1,0,0,0,6210,28980,91080,2638,6718,16296
Watermark (Pier 15),2025,2025-09-18,3,1,0,0,0,6210,28980,91080,2638,6718,16296
Watermark (Pier 15),2025,2025-09-19,4,1,1,0,0,19872,72450,198720,5356,14355,34605
Watermark (Pier 15),2025,2025-09-20,5,1,1,0,0,19872,72450,198720,5356,14355,34605
Watermark (Pier 15),2025,2025-09-21,6,1,0,0,0,6210,28980,91080,2638,6718,16296
Watermark (Pier 15),2025,2025-09-22,0,1,0,0,0,6210,28980,91080,2638,6718,16296
Watermark (Pier 15),2025,2025-09-23,1,1,0,0,0,6210,28980,91080,2638,6718,16296
Watermark (Pier 15),2025,2025-09-24,2,1,0,0,0,6210,28980,91080,2638,6718,16296
Watermark (Pier 15),2025,2025-09-25,3,1,0,0,0,6210,28980,91080,2638,6718,16296
Watermark (Pier 15),2025,2025-09-26,4,1,1,0,0,19872,72450,198720,5356,14355,34605
Watermark (Pier 15),2025,2025-09-27,5,1,1,0,0,19872,72450,198720,5356,14355,34605
Watermark (Pier 15),2025,2025-09-28,6,1,0,0,0,6210,28980,91080,2638,6718,16296
Watermark (Pier 15),2025,2025-09-29,0,1,0,0,0,6210,28980,91080,2638,6718,16296
Watermark (Pier 15),2025,2025-09-30,1,1,1,0,1,19872,72450,198720,5356,14355,34605
Watermark (Pier 15),2026,2026-05-01,4,1,1,0,1,19872,72450,198720,5356,14355,34605
Watermark (Pier 15),2026,2026-05-02,5,1,1,0,0,19872,72450,198720,5356,14355,34605
Watermark (Pier 15),2026,2026-05-03,6,1,0,0,0,6210,28980,91080,2638,6718,16296
Watermark (Pier 15),2026,2026-05-04,0,1,0,0,0,6210,28980,91080,2638,6718,16296
Watermark (Pier 15),2026,2026-05-05,1,1,0,0,0,6210,28980,91080,2638,6718,16296
Watermark (Pier 15),2026,2026-05-06,2,1,0,0,0,6210,28980,91080,2638,6718,16296
Watermark (Pier 15),2026,2026-05-07,3,1,0,0,0,6210,28980,91080,2638,6718,16296
Watermark (Pier 15),2026,2026-05-08,4,1,1,0,0,19872,72450,198720,5356,14355,34605
Watermark (Pier 15),2026,2026-05-09,5,1,1,0,0,19872,72450,198720,5356,14355,34605
Watermark (Pier 15),2026,2026-05-10,6,1,0,0,0,6210,28980,91080,2638,6718,16296
Watermark (Pier 15),2026,2026-05-11,0,1,0,0,0,6210,28980,91080,2638,6718,16296
Watermark (Pier 15),2026,2026-05-12,1,1,0,0,0,6210,28980,91080,2638,6718,16296
Watermark (Pier 15),2026,2026-05-13,2,1,0,0,0,6210,28980,91080,2638,6718,16296
Watermark (Pier 15),2026,2026-05-14,3,1,0,0,0,6210,28980,91080,2638,6718,16296
Watermark (Pier 15),2026,2026-05-15,4,1,1,0,0,19872,72450,198720,5356,14355,34605
Watermark (Pier 15),2026,2026-05-16,5,1,1,0,0,19872,72450,198720,5356,14355,34605
Watermark (Pier 15),2026,2026-05-17,6,1,0,0,0,6210,28980,91080,2638,6718,16296
Watermark (Pier 15),2026,2026-05-18,0,1,0,0,0,6210,28980,91080,2638,6718,16296
Watermark (Pier 15),2026,2026-05-19,1,1,0,0,0,6210,28980,91080,2638,6718,16296
Watermark (Pier 15),2026,2026-05-20,2,1,0,0,0,6210,28980,91080,2638,6718,16296
Watermark (Pier 15),2026,2026-05-21,3,1,0,0,0,6210,28980,91080,2638,6718,16296
Watermark (Pier 15),2026,2026-05-22,4,1,1,0,0,19872,72450,198720,5356,14355,34605
Watermark (Pier 15),2026,2026-05-23,5,1,1,0,0,19872,72450,198720,5356,14355,34605
Watermark (Pier 15),2026,2026-05-24,6,1,1,1,0,19872,72450,198720,5356,14355,34605
Watermark (Pier 15),2026,2026-05-25,0,1,1,1,0,19872,72450,198720,5356,14355,34605
Watermark (Pier 15),2026,2026-05-26,1,1,0,0,0,6210,28980,91080,2638,6718,16296
Watermark (Pier 15),2026,2026-05-27,2,1,0,0,0,6210,28980,91080,2638,6718,16296
Watermark (Pier 15),2026,2026-05-28,3,1,0,0,0,6210,28980,91080,2638,6718,16296
Watermark (Pier 15),2026,2026-05-29,4,1,1,0,0,19872,72450,198720,5356,14355,34605
Watermark (Pier 15),2026,2026-05-30,5,1,1,0,0,19872,72450,198720,5356,14355,34605
Watermark (Pier 15),2026,2026-05-31,6,1,0,0,0,6210,28980,91080,2638,6718,16296
Watermark (Pier 15),2026,2026-06-01,0,1,0,0,0,6210,28980,91080,2638,6718,16296
Watermark (Pier 15),2026,2026-06-02,1,1,0,0,0,6210,28980,91080,2638,6718,16296
Watermark (Pier 15),2026,2026-06-03,2,1,0,0,0,6210,28980,91080,2638,6718,16296
Watermark (Pier 15),2026,2026-06-04,3,1,0,0,0,6210,28980,91080,2638,6718,16296
Watermark (Pier 15),2026,2026-06-05,4,1,1,0,0,19872,72450,198720,5356,14355,34605
Watermark (Pier 15),2026,2026-06-06,5,1,1,0,0,19872,72450,198720,5356,14355,34605
Watermark (Pier 15),2026,2026-06-07,6,1,0,0,0,6210,28980,91080,2638,6718,16296
Watermark (Pier 15),2026,2026-06-08,0,1,0,0,0,6210,28980,91080,2638,6718,16296
Watermark (Pier 15),2026,2026-06-09,1,1,0,0,0,6210,28980,91080,2638,6718,16296
Watermark (Pier 15),2026,2026-06-10,2,1,0,0,0,6210,28980,91080,2638,6718,16296
Watermark (Pier 15),2026,2026-06-11,3,1,0,0,0,6210,28980,91080,2638,6718,16296
Watermark (Pier 15),2026,2026-06-12,4,1,1,0,0,19872,72450,198720,5356,14355,34605
Watermark (Pier 15),2026,2026-06-13,5,1,1,0,0,19872,72450,198720,5356,14355,34605
Watermark (Pier 15),2026,2026-06-14,6,1,0,0,0,6210,28980,91080,2638,6718,16296
Watermark (Pier 15),2026,2026-06-15,0,1,0,0,0,6210,28980,91080,2638,6718,16296
Watermark (Pier 15),2026,2026-06-16,1,1,0,0,0,6210,28980,91080,2638,6718,16296
Watermark (Pier 15),2026,2026-06-17,2,1,0,0,0,6210,28980,91080,2638,6718,16296
Watermark (Pier 15),2026,2026-06-18,3,1,0,0,0,6210,28980,91080,2638,6718,16296
Watermark (Pier 15),2026,2026-06-19,4,1,1,0,0,19872,72450,198720,5356,14355,34605
Watermark (Pier 15),2026,2026-06-20,5,1,1,0,0,19872,72450,198720,5356,14355,34605
Watermark (Pier 15),2026,2026-06-21,6,1,0,0,0,6210,28980,91080,2638,6718,16296
Watermark (Pier 15),2026,2026-06-22,0,1,0,0,0,6210,28980,91080,2638,6718,16296
Watermark (Pier 15),2026,2026-06-23,1,1,0,0,0,6210,28980,91080,2638,6718,16296
Watermark (Pier 15),2026,2026-06-24,2,1,0,0,0,6210,28980,91080,2638,6718,16296
Watermark (Pier 15),2026,2026-06-25,3,1,0,0,0,6210,28980,91080,2638,6718,16296
Watermark (Pier 15),2026,2026-06-26,4,1,1,0,0,19872,72450,198720,5356,14355,34605
Watermark (Pier 15),2026,2026-06-27,5,1,1,0,0,19872,72450,198720,5356,14355,34605
Watermark (Pier 15),2026,2026-06-28,6,1,0,0,0,6210,28980,91080,2638,6718,16296
Watermark (Pier 15),2026,2026-06-29,0,1,0,0,0,6210,28980,91080,2638,6718,16296
Watermark (Pier 15),2026,2026-06-30,1,1,0,0,0,6210,28980,91080,2638,6718,16296
Watermark (Pier 15),2026,2026-07-01,2,1,0,0,0,6210,28980,91080,2638,6718,16296
Watermark (Pier 15),2026,2026-07-02,3,1,0,0,0,6210,28980,91080,2638,6718,16296
Watermark (Pier 15),2026,2026-07-03,4,1,1,1,0,19872,72450,198720,5356,14355,34605
Watermark (Pier 15),2026,2026-07-04,5,1,1,1,0,19872,72450,198720,5356,14355,34605
Watermark (Pier 15),2026,2026-07-05,6,1,0,0,0,6210,28980,91080,2638,6718,16296
Watermark (Pier 15),2026,2026-07-06,0,1,0,0,0,6210,28980,91080,2638,6718,16296
Watermark (Pier 15),2026,2026-07-07,1,1,0,0,0,6210,28980,91080,2638,6718,16296
Watermark (Pier 15),2026,2026-07-08,2,1,0,0,0,6210,28980,91080,2638,6718,16296
Watermark (Pier 15),2026,2026-07-09,3,1,0,0,0,6210,28980,91080,2638,6718,16296
Watermark (Pier 15),2026,2026-07-10,4,1,1,0,0,19872,72450,198720,5356,14355,34605
Watermark (Pier 15),2026,2026-07-11,5,1,1,0,0,19872,72450,198720,5356,14355,34605
Watermark (Pier 15),2026,2026-07-12,6,1,0,0,0,6210,28980,91080,2638,6718,16296
Watermark (Pier 15),2026,2026-07-13,0,1,0,0,0,6210,28980,91080,2638,6718,16296
Watermark (Pier 15),2026,2026-07-14,1,1,0,0,0,6210,28980,91080,2638,6718,16296
Watermark (Pier 15),2026,2026-07-15,2,1,0,0,0,6210,28980,91080,2638,6718,16296
Watermark (Pier 15),2026,2026-07-16,3,1,0,0,0,6210,28980,91080,2638,6718,16296
Watermark (Pier 15),2026,2026-07-17,4,1,1,0,0,19872,72450,198720,5356,14355,34605
Watermark (Pier 15),2026,2026-07-18,5,1,1,0,0,19872,72450,198720,5356,14355,34605
Watermark (Pier 15),2026,2026-07-19,6,1,0,0,0,6210,28980,91080,2638,6718,16296
Watermark (Pier 15),2026,2026-07-20,0,1,0,0,0,6210,28980,91080,2638,6718,16296
Watermark (Pier 15),2026,2026-07-21,1,1,0,0,0,6210,28980,91080,2638,6718,16296
Watermark (Pier 15),2026,2026-07-22,2,1,0,0,0,6210,28980,91080,2638,6718,16296
Watermark (Pier 15),2026,2026-07-23,3,1,0,0,0,6210,28980,91080,2638,6718,16296
Watermark (Pier 15),2026,2026-07-24,4,1,1,0,0,19872,72450,198720,5356,14355,34605
Watermark (Pier 15),2026,2026-07-25,5,1,1,0,0,19872,72450,198720,5356,14355,34605
Watermark (Pier 15),2026,2026-07-26,6,1,0,0,0,6210,28980,91080,2638,6718,16296
Watermark (Pier 15),2026,2026-07-27,0,1,0,0,0,6210,28980,91080,2638,6718,16296
Watermark (Pier 15),2026,2026-07-28,1,1,0,0,0,6210,28980,91080,2638,6718,16296
Watermark (Pier 15),2026,2026-07-29,2,1,0,0,0,6210,28980,91080,2638,6718,16296
Watermark (Pier 15),2026,2026-07-30,3,1,0,0,0,6210,28980,91080,2638,6718,16296
Watermark (Pier 15),2026,2026-07-31,4,1,1,0,0,19872,72450,198720,5356,14355,34605
Watermark (Pier 15),2026,2026-08-01,5,1,1,0,0,19872,72450,198720,5356,14355,34605
Watermark (Pier 15),2026,2026-08-02,6,1,0,0,0,6210,28980,91080,2638,6718,16296
Watermark (Pier 15),2026,2026-08-03,0,1,0,0,0,6210,28980,91080,2638,6718,16296
Watermark (Pier 15),2026,2026-08-04,1,1,0,0,0,6210,28980,91080,2638,6718,16296
Watermark (Pier 15),2026,2026-08-05,2,1,0,0,0,6210,28980,91080,2638,6718,16296
Watermark (Pier 15),2026,2026-08-06,3,1,0,0,0,6210,28980,91080,2638,6718,16296
Watermark (Pier 15),2026,2026-08-07,4,1,1,0,0,19872,72450,198720,5356,14355,34605
Watermark (Pier 15),2026,2026-08-08,5,1,1,0,0,19872,72450,198720,5356,14355,34605
Watermark (Pier 15),2026,2026-08-09,6,1,0,0,0,6210,28980,91080,2638,6718,16296
Watermark (Pier 15),2026,2026-08-10,0,1,0,0,0,6210,28980,91080,2638,6718,16296
Watermark (Pier 15),2026,2026-08-11,1,1,0,0,0,6210,28980,91080,2638,6718,16296
Watermark (Pier 15),2026,2026-08-12,2,1,0,0,0,6210,28980,91080,2638,6718,16296
Watermark (Pier 15),2026,2026-08-13,3,1,0,0,0,6210,28980,91080,2638,6718,16296
Watermark (Pier 15),2026,2026-08-14,4,1,1,0,0,19872,72450,198720,5356,14355,34605
Watermark (Pier 15),2026,2026-08-15,5,1,1,0,0,19872,72450,198720,5356,14355,34605
Watermark (Pier 15),2026,2026-08-16,6,1,0,0,0,6210,28980,91080,2638,6718,16296
Watermark (Pier 15),2026,2026-08-17,0,1,0,0,0,6210,28980,91080,2638,6718,16296
Watermark (Pier 15),2026,2026-08-18,1,1,0,0,0,6210,28980,91080,2638,6718,16296
Watermark (Pier 15),2026,2026-08-19,2,1,0,0,0,6210,28980,91080,2638,6718,16296
Watermark (Pier 15),2026,2026-08-20,3,1,0,0,0,6210,28980,91080,2638,6718,16296
Watermark (Pier 15),2026,2026-08-21,4,1,1,0,0,19872,72450,198720,5356,14355,34605
Watermark (Pier 15),2026,2026-08-22,5,1,1,0,0,19872,72450,198720,5356,14355,34605
Watermark (Pier 15),2026,2026-08-23,6,1,0,0,0,6210,28980,91080,2638,6718,16296
Watermark (Pier 15),2026,2026-08-24,0,1,0,0,0,6210,28980,91080,2638,6718,16296
Watermark (Pier 15),2026,2026-08-25,1,1,0,0,0,6210,28980,91080,2638,6718,16296
Watermark (Pier 15),2026,2026-08-26,2,1,0,0,0,6210,28980,91080,2638,6718,16296
Watermark (Pier 15),2026,2026-08-27,3,1,0,0,0,6210,28980,91080,2638,6718,16296
Watermark (Pier 15),2026,2026-08-28,4,1,1,0,0,19872,72450,198720,5356,14355,34605
Watermark (Pier 15),2026,2026-08-29,5,1,1,0,0,19872,72450,198720,5356,14355,34605
Watermark (Pier 15),2026,2026-08-30,6,1,0,0,0,6210,28980,91080,2638,6718,16296
Watermark (Pier 15),2026,2026-08-31,0,1,0,0,0,6210,28980,91080,2638,6718,16296
Watermark (Pier 15),2026,2026-09-01,1,1,0,0,0,6210,28980,91080,2638,6718,16296
Watermark (Pier 15),2026,2026-09-02,2,1,0,0,0,6210,28980,91080,2638,6718,16296
Watermark (Pier 15),2026,2026-09-03,3,1,0,0,0,6210,28980,91080,2638,6718,16296
Watermark (Pier 15),2026,2026-09-04,4,1,1,0,0,19872,72450,198720,5356,14355,34605
Watermark (Pier 15),2026,2026-09-05,5,1,1,0,0,19872,72450,198720,5356,14355,34605
Watermark (Pier 15),2026,2026-09-06,6,1,1,1,0,19872,72450,198720,5356,14355,34605
Watermark (Pier 15),2026,2026-09-07,0,1,1,1,0,19872,72450,198720,5356,14355,34605
Watermark (Pier 15),2026,2026-09-08,1,1,0,0,0,6210,28980,91080,2638,6718,16296
Watermark (Pier 15),2026,2026-09-09,2,1,0,0,0,6210,28980,91080,2638,6718,16296
Watermark (Pier 15),2026,2026-09-10,3,1,0,0,0,6210,28980,91080,2638,6718,16296
Watermark (Pier 15),2026,2026-09-11,4,1,1,0,0,19872,72450,198720,5356,14355,34605
Watermark (Pier 15),2026,2026-09-12,5,1,1,0,0,19872,72450,198720,5356,14355,34605
Watermark (Pier 15),2026,2026-09-13,6,1,0,0,0,6210,28980,91080,2638,6718,16296
Watermark (Pier 15),2026,2026-09-14,0,1,0,0,0,6210,28980,91080,2638,6718,16296
Watermark (Pier 15),2026,2026-09-15,1,1,1,0,1,19872,72450,198720,5356,14355,34605
