nom,saison,date,grosse,D,Y,pi,couverte,h,critere,seuil,recette_sans,recette_avec,cf_sans,cf_avec,cum_recette_sans,cum_recette_avec,cum_cf_sans,cum_cf_avec
230 Fifth,2026,2026-05-01,1,0,1,0.04,0,1.0,grosses,0.5,110400.0,110400.0,91140.0,91140.0,110400.0,110400.0,91140.0,91140.0
230 Fifth,2026,2026-05-02,1,0,1,0.33,0,1.0,grosses,0.5,110400.0,110400.0,91140.0,91140.0,220800.0,220800.0,182280.0,182280.0
230 Fifth,2026,2026-05-03,0,0,0,0.02,0,1.0,grosses,0.5,38640.0,38640.0,29828.0,29828.0,259440.0,259440.0,212108.0,212108.0
230 Fifth,2026,2026-05-04,0,0,0,0.01,0,1.0,grosses,0.5,38640.0,38640.0,29828.0,29828.0,298080.0,298080.0,241936.0,241936.0
230 Fifth,2026,2026-05-05,0,0,0,0.19,0,1.0,grosses,0.5,38640.0,38640.0,29828.0,29828.0,336720.0,336720.0,271764.0,271764.0
230 Fifth,2026,2026-05-06,0,1,1,0.99,0,1.0,grosses,0.5,19320.0,19320.0,10508.0,10508.0,356040.0,356040.0,282272.0,282272.0
230 Fifth,2026,2026-05-07,0,0,1,0.05,0,1.0,grosses,0.5,38640.0,38640.0,29828.0,29828.0,394680.0,394680.0,312100.0,312100.0
230 Fifth,2026,2026-05-08,1,0,1,0.64,1,1.0,grosses,0.5,110400.0,148363.4688,91140.0,129103.4688,505080.0,543043.4688,403240.0,441203.46880000003
230 Fifth,2026,2026-05-09,1,1,1,0.89,1,1.0,grosses,0.5,55200.0,66587.4288,35940.0,47327.428799999994,560280.0,609630.8976,439180.0,488530.8976
230 Fifth,2026,2026-05-10,0,0,1,0.87,0,1.0,grosses,0.5,38640.0,38640.0,29828.0,29828.0,598920.0,648270.8976,469008.0,518358.8976
230 Fifth,2026,2026-05-11,0,0,0,0.46,0,1.0,grosses,0.5,38640.0,38640.0,29828.0,29828.0,637560.0,686910.8976,498836.0,548186.8976
230 Fifth,2026,2026-05-12,0,0,0,0.01,0,1.0,grosses,0.5,38640.0,38640.0,29828.0,29828.0,676200.0,725550.8976,528664.0,578014.8976
230 Fifth,2026,2026-05-13,0,0,1,0.15,0,1.0,grosses,0.5,38640.0,38640.0,29828.0,29828.0,714840.0,764190.8976,558492.0,607842.8976
230 Fifth,2026,2026-05-14,0,0,1,0.99,0,1.0,grosses,0.5,38640.0,38640.0,29828.0,29828.0,753480.0,802830.8976,588320.0,637670.8976
230 Fifth,2026,2026-05-15,1,0,0,0.5,1,1.0,grosses,0.5,110400.0,53268.00000000001,91140.0,34008.00000000001,863880.0,856098.8976,679460.0,671678.8976
230 Fifth,2026,2026-05-16,1,0,0,0.115,0,1.0,grosses,0.5,110400.0,110400.0,91140.0,91140.0,974280.0,966498.8976,770600.0,762818.8976
230 Fifth,2026,2026-05-17,0,0,0,0.15,0,1.0,grosses,0.5,38640.0,38640.0,29828.0,29828.0,1012920.0,1005138.8976,800428.0,792646.8976
230 Fifth,2026,2026-05-18,0,0,0,0.03,0,1.0,grosses,0.5,38640.0,38640.0,29828.0,29828.0,1051560.0,1043778.8976,830256.0,822474.8976
230 Fifth,2026,2026-05-19,0,0,0,0.445,0,1.0,grosses,0.5,38640.0,38640.0,29828.0,29828.0,1090200.0,1082418.8976,860084.0,852302.8976
230 Fifth,2026,2026-05-20,0,1,1,0.8,0,1.0,grosses,0.5,19320.0,19320.0,10508.0,10508.0,1109520.0,1101738.8976,870592.0,862810.8976
230 Fifth,2026,2026-05-21,0,0,1,0.9,0,1.0,grosses,0.5,38640.0,38640.0,29828.0,29828.0,1148160.0,1140378.8976,900420.0,892638.8976
230 Fifth,2026,2026-05-22,1,0,0,0.14,0,1.0,grosses,0.5,110400.0,110400.0,91140.0,91140.0,1258560.0,1250778.8976,991560.0,983778.8976
230 Fifth,2026,2026-05-23,1,1,1,0.99,1,1.0,grosses,0.5,55200.0,56227.4928,35940.0,36967.4928,1313760.0,1307006.3904,1027500.0,1020746.3904
230 Fifth,2026,2026-05-24,1,0,1,0.99,1,1.0,grosses,0.5,110400.0,111427.4928,91140.0,92167.4928,1424160.0,1418433.8832,1118640.0,1112913.8832
230 Fifth,2026,2026-05-25,1,0,1,0.87,1,1.0,grosses,0.5,110400.0,123877.9632,91140.0,104617.9632,1534560.0,1542311.8464000002,1209780.0,1217531.8464000002
230 Fifth,2026,2026-05-26,0,0,0,0.03,0,1.0,grosses,0.5,38640.0,38640.0,29828.0,29828.0,1573200.0,1580951.8464000002,1239608.0,1247359.8464000002
230 Fifth,2026,2026-05-27,0,0,1,0.1,0,1.0,grosses,0.5,38640.0,38640.0,29828.0,29828.0,1611840.0,1619591.8464000002,1269436.0,1277187.8464000002
230 Fifth,2026,2026-05-28,0,0,0,0.04,0,1.0,grosses,0.5,38640.0,38640.0,29828.0,29828.0,1650480.0,1658231.8464000002,1299264.0,1307015.8464000002
230 Fifth,2026,2026-05-29,1,0,0,0.1,0,1.0,grosses,0.5,110400.0,110400.0,91140.0,91140.0,1760880.0,1768631.8464000002,1390404.0,1398155.8464000002
230 Fifth,2026,2026-05-30,1,0,1,0.445,0,1.0,grosses,0.5,110400.0,110400.0,91140.0,91140.0,1871280.0,1879031.8464000002,1481544.0,1489295.8464000002
230 Fifth,2026,2026-05-31,0,0,0,0.445,0,1.0,grosses,0.5,38640.0,38640.0,29828.0,29828.0,1909920.0,1917671.8464000002,1511372.0,1519123.8464000002
230 Fifth,2026,2026-06-01,0,0,1,0.475,0,1.0,grosses,0.5,38640.0,38640.0,29828.0,29828.0,1948560.0,1956311.8464000002,1541200.0,1548951.8464000002
230 Fifth,2026,2026-06-02,0,0,0,0.45,0,1.0,grosses,0.5,38640.0,38640.0,29828.0,29828.0,1987200.0,1994951.8464000002,1571028.0,1578779.8464000002
230 Fifth,2026,2026-06-03,0,0,0,0.04,0,1.0,grosses,0.5,38640.0,38640.0,29828.0,29828.0,2025840.0,2033591.8464000002,1600856.0,1608607.8464000002
230 Fifth,2026,2026-06-04,0,0,0,0.115,0,1.0,grosses,0.5,38640.0,38640.0,29828.0,29828.0,2064480.0,2072231.8464000002,1630684.0,1638435.8464000002
230 Fifth,2026,2026-06-05,1,0,0,0.38,0,1.0,grosses,0.5,110400.0,110400.0,91140.0,91140.0,2174880.0,2182631.8464,1721824.0,1729575.8464000002
230 Fifth,2026,2026-06-06,1,1,1,0.445,0,1.0,grosses,0.5,55200.0,55200.0,35940.0,35940.0,2230080.0,2237831.8464,1757764.0,1765515.8464000002
230 Fifth,2026,2026-06-07,0,0,1,0.16,0,1.0,grosses,0.5,38640.0,38640.0,29828.0,29828.0,2268720.0,2276471.8464,1787592.0,1795343.8464000002
230 Fifth,2026,2026-06-08,0,0,0,0.01,0,1.0,grosses,0.5,38640.0,38640.0,29828.0,29828.0,2307360.0,2315111.8464,1817420.0,1825171.8464000002
230 Fifth,2026,2026-06-09,0,0,0,0.445,0,1.0,grosses,0.5,38640.0,38640.0,29828.0,29828.0,2346000.0,2353751.8464,1847248.0,1854999.8464000002
230 Fifth,2026,2026-06-10,0,0,1,0.19,0,1.0,grosses,0.5,38640.0,38640.0,29828.0,29828.0,2384640.0,2392391.8464,1877076.0,1884827.8464000002
230 Fifth,2026,2026-06-11,0,1,1,0.9,0,1.0,grosses,0.5,19320.0,19320.0,10508.0,10508.0,2403960.0,2411711.8464,1887584.0,1895335.8464000002
230 Fifth,2026,2026-06-12,1,1,1,0.32,0,1.0,grosses,0.5,55200.0,55200.0,35940.0,35940.0,2459160.0,2466911.8464,1923524.0,1931275.8464000002
230 Fifth,2026,2026-06-13,1,0,0,0.4599999999999999,0,1.0,grosses,0.5,110400.0,110400.0,91140.0,91140.0,2569560.0,2577311.8464,2014664.0,2022415.8464000002
230 Fifth,2026,2026-06-14,0,1,1,0.84,0,1.0,grosses,0.5,19320.0,19320.0,10508.0,10508.0,2588880.0,2596631.8464,2025172.0,2032923.8464000002
230 Fifth,2026,2026-06-15,0,0,1,0.32,0,1.0,grosses,0.5,38640.0,38640.0,29828.0,29828.0,2627520.0,2635271.8464,2055000.0,2062751.8464000002
230 Fifth,2026,2026-06-16,0,0,0,0.16,0,1.0,grosses,0.5,38640.0,38640.0,29828.0,29828.0,2666160.0,2673911.8464,2084828.0,2092579.8464000002
230 Fifth,2026,2026-06-17,0,0,1,0.59,0,1.0,grosses,0.5,38640.0,38640.0,29828.0,29828.0,2704800.0,2712551.8464,2114656.0,2122407.8464
230 Fifth,2026,2026-06-18,0,0,1,0.86,0,1.0,grosses,0.5,38640.0,38640.0,29828.0,29828.0,2743440.0,2751191.8464,2144484.0,2152235.8464
230 Fifth,2026,2026-06-19,1,0,0,0.19,0,1.0,grosses,0.5,110400.0,110400.0,91140.0,91140.0,2853840.0,2861591.8464,2235624.0,2243375.8464
230 Fifth,2026,2026-06-20,1,0,0,0.39,0,1.0,grosses,0.5,110400.0,110400.0,91140.0,91140.0,2964240.0,2971991.8464,2326764.0,2334515.8464
230 Fifth,2026,2026-06-21,0,0,0,0.58,0,1.0,grosses,0.5,38640.0,38640.0,29828.0,29828.0,3002880.0,3010631.8464,2356592.0,2364343.8464
230 Fifth,2026,2026-06-22,0,1,1,0.87,0,1.0,grosses,0.5,19320.0,19320.0,10508.0,10508.0,3022200.0,3029951.8464,2367100.0,2374851.8464
230 Fifth,2026,2026-06-23,0,0,1,0.95,0,1.0,grosses,0.5,38640.0,38640.0,29828.0,29828.0,3060840.0,3068591.8464,2396928.0,2404679.8464
230 Fifth,2026,2026-06-24,0,0,0,0.04,0,1.0,grosses,0.5,38640.0,38640.0,29828.0,29828.0,3099480.0,3107231.8464,2426756.0,2434507.8464
230 Fifth,2026,2026-06-25,0,0,0,0.85,0,1.0,grosses,0.5,38640.0,38640.0,29828.0,29828.0,3138120.0,3145871.8464,2456584.0,2464335.8464
230 Fifth,2026,2026-06-26,1,0,1,0.86,1,1.0,grosses,0.5,110400.0,124925.5488,91140.0,105665.5488,3248520.0,3270797.3952,2547724.0,2570001.3952
230 Fifth,2026,2026-06-27,1,0,1,0.85,1,1.0,grosses,0.5,110400.0,125974.68,91140.0,106714.68,3358920.0,3396772.0752000003,2638864.0,2676716.0752000003
230 Fifth,2026,2026-06-28,0,0,0,0.85,0,1.0,grosses,0.5,38640.0,38640.0,29828.0,29828.0,3397560.0,3435412.0752000003,2668692.0,2706544.0752000003
230 Fifth,2026,2026-06-29,0,0,0,0.14,0,1.0,grosses,0.5,38640.0,38640.0,29828.0,29828.0,3436200.0,3474052.0752000003,2698520.0,2736372.0752000003
230 Fifth,2026,2026-06-30,0,0,1,0.15,0,1.0,grosses,0.5,38640.0,38640.0,29828.0,29828.0,3474840.0,3512692.0752000003,2728348.0,2766200.0752000003
230 Fifth,2026,2026-07-01,0,0,0,0.08,0,1.0,grosses,0.5,38640.0,38640.0,29828.0,29828.0,3513480.0,3551332.0752000003,2758176.0,2796028.0752000003
230 Fifth,2026,2026-07-02,0,0,0,0.26,0,1.0,grosses,0.5,38640.0,38640.0,29828.0,29828.0,3552120.0,3589972.0752000003,2788004.0,2825856.0752000003
230 Fifth,2026,2026-07-03,1,1,1,0.86,1,1.0,grosses,0.5,55200.0,69725.5488,35940.0,50465.548800000004,3607320.0,3659697.624,2823944.0,2876321.624
230 Fifth,2026,2026-07-04,1,1,1,0.86,1,1.0,grosses,0.5,55200.0,69725.5488,35940.0,50465.548800000004,3662520.0,3729423.1728,2859884.0,2926787.1728
230 Fifth,2026,2026-07-05,0,1,1,0.86,0,1.0,grosses,0.5,19320.0,19320.0,10508.0,10508.0,3681840.0,3748743.1728,2870392.0,2937295.1728
230 Fifth,2026,2026-07-06,0,1,1,0.99,0,1.0,grosses,0.5,19320.0,19320.0,10508.0,10508.0,3701160.0,3768063.1728,2880900.0,2947803.1728
230 Fifth,2026,2026-07-07,0,0,1,0.95,0,1.0,grosses,0.5,38640.0,38640.0,29828.0,29828.0,3739800.0,3806703.1728,2910728.0,2977631.1728
230 Fifth,2026,2026-07-08,0,0,0,0.12,0,1.0,grosses,0.5,38640.0,38640.0,29828.0,29828.0,3778440.0,3845343.1728,2940556.0,3007459.1728
230 Fifth,2026,2026-07-09,0,0,1,0.85,0,1.0,grosses,0.5,38640.0,38640.0,29828.0,29828.0,3817080.0,3883983.1728,2970384.0,3037287.1728
230 Fifth,2026,2026-07-10,1,0,0,0.86,1,1.0,grosses,0.5,110400.0,14525.548800000004,91140.0,-4734.451199999996,3927480.0,3898508.7216,3061524.0,3032552.7216
230 Fifth,2026,2026-07-11,1,0,1,0.83,1,1.0,grosses,0.5,110400.0,128077.57920000001,91140.0,108817.57920000001,4037880.0,4026586.3008000003,3152664.0,3141370.3008000003
230 Fifth,2026,2026-07-12,0,0,0,0.1,0,1.0,grosses,0.5,38640.0,38640.0,29828.0,29828.0,4076520.0,4065226.3008000003,3182492.0,3171198.3008000003
230 Fifth,2026,2026-07-13,0,0,0,0.075,0,1.0,grosses,0.5,38640.0,38640.0,29828.0,29828.0,4115160.0,4103866.3008000003,3212320.0,3201026.3008000003
230 Fifth,2026,2026-07-14,0,0,0,0.01,0,1.0,grosses,0.5,38640.0,38640.0,29828.0,29828.0,4153800.0,4142506.3008000003,3242148.0,3230854.3008000003
230 Fifth,2026,2026-07-15,0,0,1,,0,1.0,grosses,0.5,38640.0,38640.0,29828.0,29828.0,4192440.0,4181146.3008000003,3271976.0,3260682.3008000003
230 Fifth,2026,2026-07-15,0,0,1,0.465,0,1.0,grosses,0.5,38640.0,38640.0,29828.0,29828.0,4231080.0,4219786.3008,3301804.0,3290510.3008000003
230 Fifth,2026,2026-07-17,1,0,0,,0,1.0,grosses,0.5,110400.0,110400.0,91140.0,91140.0,4341480.0,4330186.3008,3392944.0,3381650.3008000003
230 Fifth,2026,2026-07-22,0,0,0,,0,1.0,grosses,0.5,38640.0,38640.0,29828.0,29828.0,4380120.0,4368826.3008,3422772.0,3411478.3008000003
230 Fifth,2026,2026-07-23,0,0,0,0.22,0,1.0,grosses,0.5,38640.0,38640.0,29828.0,29828.0,4418760.0,4407466.300799999,3452600.0,3441306.3008000003
230 Fifth,2026,2026-07-24,1,0,0,0.43,0,1.0,grosses,0.5,110400.0,110400.0,91140.0,91140.0,4529160.0,4517866.300799999,3543740.0,3532446.3008000003
230 Fifth,2026,2026-07-25,1,0,0,0.12,0,1.0,grosses,0.5,110400.0,110400.0,91140.0,91140.0,4639560.0,4628266.300799999,3634880.0,3623586.3008000003
230 Fifth,2026,2026-07-26,0,0,0,0.425,0,1.0,grosses,0.5,38640.0,38640.0,29828.0,29828.0,4678200.0,4666906.300799999,3664708.0,3653414.3008000003
230 Fifth,2026,2026-07-27,0,1,1,0.87,0,1.0,grosses,0.5,19320.0,19320.0,10508.0,10508.0,4697520.0,4686226.300799999,3675216.0,3663922.3008000003
230 Fifth,2026,2026-07-28,0,1,1,0.92,0,1.0,grosses,0.5,19320.0,19320.0,10508.0,10508.0,4716840.0,4705546.300799999,3685724.0,3674430.3008000003
230 Fifth,2026,2026-07-29,0,0,1,0.81,0,1.0,grosses,0.5,38640.0,38640.0,29828.0,29828.0,4755480.0,4744186.300799999,3715552.0,3704258.3008000003
230 Fifth,2026,2026-07-30,0,0,1,0.3,0,1.0,grosses,0.5,38640.0,38640.0,29828.0,29828.0,4794120.0,4782826.300799999,3745380.0,3734086.3008000003
230 Fifth,2026,2026-07-31,1,0,1,0.02,0,1.0,grosses,0.5,110400.0,110400.0,91140.0,91140.0,4904520.0,4893226.300799999,3836520.0,3825226.3008000003
230 Fifth,2026,2026-08-01,1,0,0,0.21,0,1.0,grosses,0.5,110400.0,110400.0,91140.0,91140.0,5014920.0,5003626.300799999,3927660.0,3916366.3008000003
230 Fifth,2026,2026-08-02,0,1,1,0.73,0,1.0,grosses,0.5,19320.0,19320.0,10508.0,10508.0,5034240.0,5022946.300799999,3938168.0,3926874.3008000003
230 Fifth,2026,2026-08-03,0,0,1,0.96,0,1.0,grosses,0.5,38640.0,38640.0,29828.0,29828.0,5072880.0,5061586.300799999,3967996.0,3956702.3008000003
230 Fifth,2026,2026-08-04,0,0,0,0.06,0,1.0,grosses,0.5,38640.0,38640.0,29828.0,29828.0,5111520.0,5100226.300799999,3997824.0,3986530.3008000003
230 Fifth,2026,2026-08-05,0,1,1,0.52,0,1.0,grosses,0.5,19320.0,19320.0,10508.0,10508.0,5130840.0,5119546.300799999,4008332.0,3997038.3008000003
230 Fifth,2026,2026-08-06,0,0,1,0.62,0,1.0,grosses,0.5,38640.0,38640.0,29828.0,29828.0,5169480.0,5158186.300799999,4038160.0,4026866.3008000003
230 Fifth,2026,2026-08-07,1,1,1,0.69,1,1.0,grosses,0.5,55200.0,87770.9808,35940.0,68510.9808,5224680.0,5245957.281599999,4074100.0,4095377.2816000003
230 Fifth,2026,2026-08-08,1,0,0,0.51,1,1.0,grosses,0.5,110400.0,52164.7728,91140.0,32904.7728,5335080.0,5298122.0544,4165240.0,4128282.0544
230 Fifth,2026,2026-08-09,0,0,0,0.09,0,1.0,grosses,0.5,38640.0,38640.0,29828.0,29828.0,5373720.0,5336762.0544,4195068.0,4158110.0544
230 Fifth,2026,2026-08-10,0,0,1,0.36,0,1.0,grosses,0.5,38640.0,38640.0,29828.0,29828.0,5412360.0,5375402.0544,4224896.0,4187938.0544
230 Fifth,2026,2026-08-11,0,0,0,0.22,0,1.0,grosses,0.5,38640.0,38640.0,29828.0,29828.0,5451000.0,5414042.0544,4254724.0,4217766.0544
230 Fifth,2026,2026-08-12,0,0,0,0.53,0,1.0,grosses,0.5,38640.0,38640.0,29828.0,29828.0,5489640.0,5452682.0544,4284552.0,4247594.0544
230 Fifth,2026,2026-08-13,0,0,1,0.71,0,1.0,grosses,0.5,38640.0,38640.0,29828.0,29828.0,5528280.0,5491322.0544,4314380.0,4277422.0544
230 Fifth,2026,2026-08-14,1,0,0,,0,1.0,grosses,0.5,110400.0,110400.0,91140.0,91140.0,5638680.0,5601722.0544,4405520.0,4368562.0544
230 Fifth,2026,2026-08-15,1,0,0,0.44,0,1.0,grosses,0.5,110400.0,110400.0,91140.0,91140.0,5749080.0,5712122.0544,4496660.0,4459702.0544
230 Fifth,2026,2026-08-16,0,1,1,,0,1.0,grosses,0.5,19320.0,19320.0,10508.0,10508.0,5768400.0,5731442.0544,4507168.0,4470210.0544
230 Fifth,2026,2026-08-17,0,0,1,0.88,0,1.0,grosses,0.5,38640.0,38640.0,29828.0,29828.0,5807040.0,5770082.0544,4536996.0,4500038.0544
230 Fifth,2026,2026-08-18,0,0,1,0.12,0,1.0,grosses,0.5,38640.0,38640.0,29828.0,29828.0,5845680.0,5808722.0544,4566824.0,4529866.0544
230 Fifth,2026,2026-08-19,0,0,0,0.05,0,1.0,grosses,0.5,38640.0,38640.0,29828.0,29828.0,5884320.0,5847362.0544,4596652.0,4559694.0544
230 Fifth,2026,2026-08-20,0,1,1,0.8,0,1.0,grosses,0.5,19320.0,19320.0,10508.0,10508.0,5903640.0,5866682.0544,4607160.0,4570202.0544
230 Fifth,2026,2026-08-21,1,0,0,0.58,1,1.0,grosses,0.5,110400.0,44485.45920000001,91140.0,25225.459200000012,6014040.0,5911167.5136,4698300.0,4595427.5136
230 Fifth,2026,2026-08-22,1,0,0,0.5,1,1.0,grosses,0.5,110400.0,53268.00000000001,91140.0,34008.00000000001,6124440.0,5964435.5136,4789440.0,4629435.5136
230 Fifth,2026,2026-08-23,0,0,1,0.67,0,1.0,grosses,0.5,38640.0,38640.0,29828.0,29828.0,6163080.0,6003075.5136,4819268.0,4659263.5136
230 Fifth,2026,2026-08-24,0,0,0,0.25,0,1.0,grosses,0.5,38640.0,38640.0,29828.0,29828.0,6201720.0,6041715.513599999,4849096.0,4689091.513599999
230 Fifth,2026,2026-08-25,0,0,0,0.15,0,1.0,grosses,0.5,38640.0,38640.0,29828.0,29828.0,6240360.0,6080355.513599999,4878924.0,4718919.513599999
230 Fifth,2026,2026-08-26,0,0,0,0.12,0,1.0,grosses,0.5,38640.0,38640.0,29828.0,29828.0,6279000.0,6118995.513599999,4908752.0,4748747.513599999
230 Fifth,2026,2026-08-27,0,0,1,0.79,0,1.0,grosses,0.5,38640.0,38640.0,29828.0,29828.0,6317640.0,6157635.513599999,4938580.0,4778575.513599999
230 Fifth,2026,2026-08-28,1,0,0,0.71,1,1.0,grosses,0.5,110400.0,30424.804799999998,91140.0,11164.804799999998,6428040.0,6188060.318399999,5029720.0,4789740.318399999
230 Fifth,2026,2026-08-29,1,0,0,0.05,0,1.0,grosses,0.5,110400.0,110400.0,91140.0,91140.0,6538440.0,6298460.318399999,5120860.0,4880880.318399999
230 Fifth,2026,2026-08-30,0,1,1,0.62,0,1.0,grosses,0.5,19320.0,19320.0,10508.0,10508.0,6557760.0,6317780.318399999,5131368.0,4891388.318399999
230 Fifth,2026,2026-08-31,0,0,1,0.55,0,1.0,grosses,0.5,38640.0,38640.0,29828.0,29828.0,6596400.0,6356420.318399999,5161196.0,4921216.318399999
230 Fifth,2026,2026-09-01,0,1,1,0.75,0,1.0,grosses,0.5,19320.0,19320.0,10508.0,10508.0,6615720.0,6375740.318399999,5171704.0,4931724.318399999
230 Fifth,2026,2026-09-02,0,0,1,0.62,0,1.0,grosses,0.5,38640.0,38640.0,29828.0,29828.0,6654360.0,6414380.318399999,5201532.0,4961552.318399999
230 Fifth,2026,2026-09-03,0,0,1,0.8,0,1.0,grosses,0.5,38640.0,38640.0,29828.0,29828.0,6693000.0,6453020.318399999,5231360.0,4991380.318399999
230 Fifth,2026,2026-09-04,1,0,1,0.61,1,1.0,grosses,0.5,110400.0,151617.5088,91140.0,132357.5088,6803400.0,6604637.827199999,5322500.0,5123737.827199999
230 Fifth,2026,2026-09-05,1,0,0,0.11,0,1.0,grosses,0.5,110400.0,110400.0,91140.0,91140.0,6913800.0,6715037.827199999,5413640.0,5214877.827199999
230 Fifth,2026,2026-09-06,1,0,0,0.17,0,1.0,grosses,0.5,110400.0,110400.0,91140.0,91140.0,7024200.0,6825437.827199999,5504780.0,5306017.827199999
230 Fifth,2026,2026-09-07,1,0,0,0.04,0,1.0,grosses,0.5,110400.0,110400.0,91140.0,91140.0,7134600.0,6935837.827199999,5595920.0,5397157.827199999
230 Fifth,2026,2026-09-08,0,0,0,0.06,0,1.0,grosses,0.5,38640.0,38640.0,29828.0,29828.0,7173240.0,6974477.827199999,5625748.0,5426985.827199999
230 Fifth,2026,2026-09-09,0,0,0,0.08,0,1.0,grosses,0.5,38640.0,38640.0,29828.0,29828.0,7211880.0,7013117.827199999,5655576.0,5456813.827199999
230 Fifth,2026,2026-09-10,0,0,1,0.3,0,1.0,grosses,0.5,38640.0,38640.0,29828.0,29828.0,7250520.0,7051757.827199999,5685404.0,5486641.827199999
230 Fifth,2026,2026-09-11,1,0,0,0.0849999999999999,0,1.0,grosses,0.5,110400.0,110400.0,91140.0,91140.0,7360920.0,7162157.827199999,5776544.0,5577781.827199999
230 Fifth,2026,2026-09-12,1,0,0,0.27,0,1.0,grosses,0.5,110400.0,110400.0,91140.0,91140.0,7471320.0,7272557.827199999,5867684.0,5668921.827199999
230 Fifth,2026,2026-09-13,0,0,1,0.98,0,1.0,grosses,0.5,38640.0,38640.0,29828.0,29828.0,7509960.0,7311197.827199999,5897512.0,5698749.827199999
230 Fifth,2026,2026-09-14,0,0,0,0.15,0,1.0,grosses,0.5,38640.0,38640.0,29828.0,29828.0,7548600.0,7349837.827199999,5927340.0,5728577.827199999
230 Fifth,2025,2025-05-01,1,0,0,,0,1.0,grosses,0.0,110400.0,110400.0,91140.0,91140.0,110400.0,110400.0,91140.0,91140.0
230 Fifth,2025,2025-05-02,1,0,0,,0,1.0,grosses,0.0,110400.0,110400.0,91140.0,91140.0,220800.0,220800.0,182280.0,182280.0
230 Fifth,2025,2025-05-03,1,1,1,0.5,1,1.0,grosses,0.0,55200.0,108468.0,35940.0,89208.0,276000.0,329268.0,218220.0,271488.0
230 Fifth,2025,2025-05-04,0,1,1,0.55,0,1.0,grosses,0.0,19320.0,19320.0,10508.0,10508.0,295320.0,348588.0,228728.0,281996.0
230 Fifth,2025,2025-05-05,0,1,1,,0,1.0,grosses,0.0,19320.0,19320.0,10508.0,10508.0,314640.0,367908.0,239236.0,292504.0
230 Fifth,2025,2025-05-06,0,0,1,0.8,0,1.0,grosses,0.0,38640.0,38640.0,29828.0,29828.0,353280.0,406548.0,269064.0,322332.0
230 Fifth,2025,2025-05-07,0,0,1,,0,1.0,grosses,0.0,38640.0,38640.0,29828.0,29828.0,391920.0,445188.0,298892.0,352160.0
230 Fifth,2025,2025-05-08,0,0,1,,0,1.0,grosses,0.0,38640.0,38640.0,29828.0,29828.0,430560.0,483828.0,328720.0,381988.0
230 Fifth,2025,2025-05-09,1,0,1,,0,1.0,grosses,0.0,110400.0,110400.0,91140.0,91140.0,540960.0,594228.0,419860.0,473128.0
230 Fifth,2025,2025-05-10,1,0,1,,0,1.0,grosses,0.0,110400.0,110400.0,91140.0,91140.0,651360.0,704628.0,511000.0,564268.0
230 Fifth,2025,2025-05-11,0,0,0,,0,1.0,grosses,0.0,38640.0,38640.0,29828.0,29828.0,690000.0,743268.0,540828.0,594096.0
230 Fifth,2025,2025-05-12,0,0,0,,0,1.0,grosses,0.0,38640.0,38640.0,29828.0,29828.0,728640.0,781908.0,570656.0,623924.0
230 Fifth,2025,2025-05-13,0,1,1,,0,1.0,grosses,0.0,19320.0,19320.0,10508.0,10508.0,747960.0,801228.0,581164.0,634432.0
230 Fifth,2025,2025-05-14,0,1,1,,0,1.0,grosses,0.0,19320.0,19320.0,10508.0,10508.0,767280.0,820548.0,591672.0,644940.0
230 Fifth,2025,2025-05-15,0,0,0,,0,1.0,grosses,0.0,38640.0,38640.0,29828.0,29828.0,805920.0,859188.0,621500.0,674768.0
230 Fifth,2025,2025-05-16,1,0,1,,0,1.0,grosses,0.0,110400.0,110400.0,91140.0,91140.0,916320.0,969588.0,712640.0,765908.0
230 Fifth,2025,2025-05-17,1,0,1,,0,1.0,grosses,0.0,110400.0,110400.0,91140.0,91140.0,1026720.0,1079988.0,803780.0,857048.0
230 Fifth,2025,2025-05-18,0,0,0,,0,1.0,grosses,0.0,38640.0,38640.0,29828.0,29828.0,1065360.0,1118628.0,833608.0,886876.0
230 Fifth,2025,2025-05-19,0,0,0,,0,1.0,grosses,0.0,38640.0,38640.0,29828.0,29828.0,1104000.0,1157268.0,863436.0,916704.0
230 Fifth,2025,2025-05-20,0,0,0,,0,1.0,grosses,0.0,38640.0,38640.0,29828.0,29828.0,1142640.0,1195908.0,893264.0,946532.0
230 Fifth,2025,2025-05-21,0,0,1,,0,1.0,grosses,0.0,38640.0,38640.0,29828.0,29828.0,1181280.0,1234548.0,923092.0,976360.0
230 Fifth,2025,2025-05-22,0,1,1,,0,1.0,grosses,0.0,19320.0,19320.0,10508.0,10508.0,1200600.0,1253868.0,933600.0,986868.0
230 Fifth,2025,2025-05-23,1,1,1,0.8,1,1.0,grosses,0.0,55200.0,76043.51999999999,35940.0,56783.52,1255800.0,1329911.52,969540.0,1043651.52
230 Fifth,2025,2025-05-24,1,0,1,,0,1.0,grosses,0.0,110400.0,110400.0,91140.0,91140.0,1366200.0,1440311.52,1060680.0,1134791.52
230 Fifth,2025,2025-05-25,1,0,0,,0,1.0,grosses,0.0,110400.0,110400.0,91140.0,91140.0,1476600.0,1550711.52,1151820.0,1225931.52
230 Fifth,2025,2025-05-26,1,0,0,,0,1.0,grosses,0.0,110400.0,110400.0,91140.0,91140.0,1587000.0,1661111.52,1242960.0,1317071.52
230 Fifth,2025,2025-05-27,0,0,0,,0,1.0,grosses,0.0,38640.0,38640.0,29828.0,29828.0,1625640.0,1699751.52,1272788.0,1346899.52
230 Fifth,2025,2025-05-29,0,0,1,,0,1.0,grosses,0.0,38640.0,38640.0,29828.0,29828.0,1664280.0,1738391.52,1302616.0,1376727.52
230 Fifth,2025,2025-05-30,1,0,1,,0,1.0,grosses,0.0,110400.0,110400.0,91140.0,91140.0,1774680.0,1848791.52,1393756.0,1467867.52
230 Fifth,2025,2025-05-31,1,0,1,,0,1.0,grosses,0.0,110400.0,110400.0,91140.0,91140.0,1885080.0,1959191.52,1484896.0,1559007.52
230 Fifth,2025,2025-06-01,0,0,0,,0,1.0,grosses,0.0,38640.0,38640.0,29828.0,29828.0,1923720.0,1997831.52,1514724.0,1588835.52
230 Fifth,2025,2025-06-02,0,0,0,,0,1.0,grosses,0.0,38640.0,38640.0,29828.0,29828.0,1962360.0,2036471.52,1544552.0,1618663.52
230 Fifth,2025,2025-06-03,0,0,0,,0,1.0,grosses,0.0,38640.0,38640.0,29828.0,29828.0,2001000.0,2075111.52,1574380.0,1648491.52
230 Fifth,2025,2025-06-04,0,0,0,0.25,0,1.0,grosses,0.0,38640.0,38640.0,29828.0,29828.0,2039640.0,2113751.52,1604208.0,1678319.52
230 Fifth,2025,2025-06-05,0,0,0,,0,1.0,grosses,0.0,38640.0,38640.0,29828.0,29828.0,2078280.0,2152391.52,1634036.0,1708147.52
230 Fifth,2025,2025-06-06,1,0,1,,0,1.0,grosses,0.0,110400.0,110400.0,91140.0,91140.0,2188680.0,2262791.52,1725176.0,1799287.52
230 Fifth,2025,2025-06-07,1,1,1,,0,1.0,grosses,0.0,55200.0,55200.0,35940.0,35940.0,2243880.0,2317991.52,1761116.0,1835227.52
230 Fifth,2025,2025-06-08,0,0,1,,0,1.0,grosses,0.0,38640.0,38640.0,29828.0,29828.0,2282520.0,2356631.52,1790944.0,1865055.52
230 Fifth,2025,2025-06-09,0,0,1,,0,1.0,grosses,0.0,38640.0,38640.0,29828.0,29828.0,2321160.0,2395271.52,1820772.0,1894883.52
230 Fifth,2025,2025-06-10,0,0,1,,0,1.0,grosses,0.0,38640.0,38640.0,29828.0,29828.0,2359800.0,2433911.52,1850600.0,1924711.52
230 Fifth,2025,2025-06-11,0,0,0,,0,1.0,grosses,0.0,38640.0,38640.0,29828.0,29828.0,2398440.0,2472551.52,1880428.0,1954539.52
230 Fifth,2025,2025-06-12,0,0,0,,0,1.0,grosses,0.0,38640.0,38640.0,29828.0,29828.0,2437080.0,2511191.52,1910256.0,1984367.52
230 Fifth,2025,2025-06-13,1,0,0,,0,1.0,grosses,0.0,110400.0,110400.0,91140.0,91140.0,2547480.0,2621591.52,2001396.0,2075507.52
230 Fifth,2025,2025-06-14,1,0,1,,0,1.0,grosses,0.0,110400.0,110400.0,91140.0,91140.0,2657880.0,2731991.52,2092536.0,2166647.52
230 Fifth,2025,2025-06-15,0,0,1,,0,1.0,grosses,0.0,38640.0,38640.0,29828.0,29828.0,2696520.0,2770631.52,2122364.0,2196475.52
230 Fifth,2025,2025-06-16,0,1,1,,0,1.0,grosses,0.0,19320.0,19320.0,10508.0,10508.0,2715840.0,2789951.52,2132872.0,2206983.52
230 Fifth,2025,2025-06-17,0,0,1,,0,1.0,grosses,0.0,38640.0,38640.0,29828.0,29828.0,2754480.0,2828591.52,2162700.0,2236811.52
230 Fifth,2025,2025-06-18,0,0,1,0.55,0,1.0,grosses,0.0,38640.0,38640.0,29828.0,29828.0,2793120.0,2867231.52,2192528.0,2266639.52
230 Fifth,2025,2025-06-19,0,1,1,,0,1.0,grosses,0.0,19320.0,19320.0,10508.0,10508.0,2812440.0,2886551.52,2203036.0,2277147.52
230 Fifth,2025,2025-06-20,1,0,0,,0,1.0,grosses,0.0,110400.0,110400.0,91140.0,91140.0,2922840.0,2996951.52,2294176.0,2368287.52
230 Fifth,2025,2025-06-21,1,0,0,,0,1.0,grosses,0.0,110400.0,110400.0,91140.0,91140.0,3033240.0,3107351.52,2385316.0,2459427.52
230 Fifth,2025,2025-06-22,0,0,1,,0,1.0,grosses,0.0,38640.0,38640.0,29828.0,29828.0,3071880.0,3145991.52,2415144.0,2489255.52
230 Fifth,2025,2025-06-23,0,0,0,,0,1.0,grosses,0.0,38640.0,38640.0,29828.0,29828.0,3110520.0,3184631.52,2444972.0,2519083.52
230 Fifth,2025,2025-06-24,0,0,0,,0,1.0,grosses,0.0,38640.0,38640.0,29828.0,29828.0,3149160.0,3223271.52,2474800.0,2548911.52
230 Fifth,2025,2025-06-25,0,0,0,,0,1.0,grosses,0.0,38640.0,38640.0,29828.0,29828.0,3187800.0,3261911.52,2504628.0,2578739.52
230 Fifth,2025,2025-06-26,0,0,1,,0,1.0,grosses,0.0,38640.0,38640.0,29828.0,29828.0,3226440.0,3300551.52,2534456.0,2608567.52
230 Fifth,2025,2025-06-27,1,0,1,,0,1.0,grosses,0.0,110400.0,110400.0,91140.0,91140.0,3336840.0,3410951.52,2625596.0,2699707.52
230 Fifth,2025,2025-06-28,1,0,1,,0,1.0,grosses,0.0,110400.0,110400.0,91140.0,91140.0,3447240.0,3521351.52,2716736.0,2790847.52
230 Fifth,2025,2025-06-29,0,0,0,,0,1.0,grosses,0.0,38640.0,38640.0,29828.0,29828.0,3485880.0,3559991.52,2746564.0,2820675.52
230 Fifth,2025,2025-06-30,0,0,1,,0,1.0,grosses,0.0,38640.0,38640.0,29828.0,29828.0,3524520.0,3598631.52,2776392.0,2850503.52
230 Fifth,2025,2025-07-01,0,1,1,,0,1.0,grosses,0.0,19320.0,19320.0,10508.0,10508.0,3543840.0,3617951.52,2786900.0,2861011.52
230 Fifth,2025,2025-07-02,0,0,1,,0,1.0,grosses,0.0,38640.0,38640.0,29828.0,29828.0,3582480.0,3656591.52,2816728.0,2890839.52
230 Fifth,2025,2025-07-03,1,0,1,,0,1.0,grosses,0.0,110400.0,110400.0,91140.0,91140.0,3692880.0,3766991.52,2907868.0,2981979.52
230 Fifth,2025,2025-07-04,1,0,0,,0,1.0,grosses,0.0,110400.0,110400.0,91140.0,91140.0,3803280.0,3877391.52,2999008.0,3073119.52
230 Fifth,2025,2025-07-05,1,0,0,0.495,1,1.0,grosses,0.0,110400.0,53820.193199999994,91140.0,34560.193199999994,3913680.0,3931211.7132,3090148.0,3107679.7132
230 Fifth,2025,2025-07-06,0,0,0,,0,1.0,grosses,0.0,38640.0,38640.0,29828.0,29828.0,3952320.0,3969851.7132,3119976.0,3137507.7132
230 Fifth,2025,2025-07-07,0,0,1,,0,1.0,grosses,0.0,38640.0,38640.0,29828.0,29828.0,3990960.0,4008491.7132,3149804.0,3167335.7132
230 Fifth,2025,2025-07-08,0,1,1,,0,1.0,grosses,0.0,19320.0,19320.0,10508.0,10508.0,4010280.0,4027811.7132,3160312.0,3177843.7132
230 Fifth,2025,2025-07-09,0,1,1,,0,1.0,grosses,0.0,19320.0,19320.0,10508.0,10508.0,4029600.0,4047131.7132,3170820.0,3188351.7132
230 Fifth,2025,2025-07-10,0,0,1,,0,1.0,grosses,0.0,38640.0,38640.0,29828.0,29828.0,4068240.0,4085771.7132,3200648.0,3218179.7132
230 Fifth,2025,2025-07-11,1,0,0,,0,1.0,grosses,0.0,110400.0,110400.0,91140.0,91140.0,4178640.0,4196171.7132,3291788.0,3309319.7132
230 Fifth,2025,2025-07-12,1,0,0,,0,1.0,grosses,0.0,110400.0,110400.0,91140.0,91140.0,4289040.0,4306571.7132,3382928.0,3400459.7132
230 Fifth,2025,2025-07-13,0,0,1,,0,1.0,grosses,0.0,38640.0,38640.0,29828.0,29828.0,4327680.0,4345211.7132,3412756.0,3430287.7132
230 Fifth,2025,2025-07-14,0,1,1,,0,1.0,grosses,0.0,19320.0,19320.0,10508.0,10508.0,4347000.0,4364531.7132,3423264.0,3440795.7132
230 Fifth,2025,2025-07-15,0,0,0,,0,1.0,grosses,0.0,38640.0,38640.0,29828.0,29828.0,4385640.0,4403171.7132,3453092.0,3470623.7132
230 Fifth,2025,2025-07-16,0,0,1,,0,1.0,grosses,0.0,38640.0,38640.0,29828.0,29828.0,4424280.0,4441811.7132,3482920.0,3500451.7132
230 Fifth,2025,2025-07-17,0,0,1,,0,1.0,grosses,0.0,38640.0,38640.0,29828.0,29828.0,4462920.0,4480451.7132,3512748.0,3530279.7132
230 Fifth,2025,2025-07-18,1,0,0,0.25,1,1.0,grosses,0.0,110400.0,81351.0,91140.0,62091.0,4573320.0,4561802.7132,3603888.0,3592370.7132
230 Fifth,2025,2025-07-19,1,0,1,,0,1.0,grosses,0.0,110400.0,110400.0,91140.0,91140.0,4683720.0,4672202.7132,3695028.0,3683510.7132
230 Fifth,2025,2025-07-20,0,0,1,,0,1.0,grosses,0.0,38640.0,38640.0,29828.0,29828.0,4722360.0,4710842.7132,3724856.0,3713338.7132
230 Fifth,2025,2025-07-21,0,0,0,,0,1.0,grosses,0.0,38640.0,38640.0,29828.0,29828.0,4761000.0,4749482.7132,3754684.0,3743166.7132
230 Fifth,2025,2025-07-22,0,0,0,,0,1.0,grosses,0.0,38640.0,38640.0,29828.0,29828.0,4799640.0,4788122.7132,3784512.0,3772994.7132
230 Fifth,2025,2025-07-23,0,0,0,,0,1.0,grosses,0.0,38640.0,38640.0,29828.0,29828.0,4838280.0,4826762.7132,3814340.0,3802822.7132
230 Fifth,2025,2025-07-24,0,0,0,0.035,0,1.0,grosses,0.0,38640.0,38640.0,29828.0,29828.0,4876920.0,4865402.7132,3844168.0,3832650.7132
230 Fifth,2025,2025-07-25,1,0,1,0.64,1,1.0,grosses,0.0,110400.0,148363.4688,91140.0,129103.4688,4987320.0,5013766.182,3935308.0,3961754.182
230 Fifth,2025,2025-07-26,1,0,0,0.24,1,1.0,grosses,0.0,110400.0,82494.4128,91140.0,63234.412800000006,5097720.0,5096260.5948,4026448.0,4024988.5948
230 Fifth,2025,2025-07-27,0,0,1,0.87,0,1.0,grosses,0.0,38640.0,38640.0,29828.0,29828.0,5136360.0,5134900.5948,4056276.0,4054816.5948
230 Fifth,2025,2025-07-28,0,0,0,0.1699999999999999,0,1.0,grosses,0.0,38640.0,38640.0,29828.0,29828.0,5175000.0,5173540.5948,4086104.0,4084644.5948
230 Fifth,2025,2025-07-29,0,0,0,0.045,0,1.0,grosses,0.0,38640.0,38640.0,29828.0,29828.0,5213640.0,5212180.5948,4115932.0,4114472.5948
230 Fifth,2025,2025-07-30,0,1,1,0.5549999999999999,0,1.0,grosses,0.0,19320.0,19320.0,10508.0,10508.0,5232960.0,5231500.5948,4126440.0,4124980.5948
230 Fifth,2025,2025-07-31,0,1,1,0.87,0,1.0,grosses,0.0,19320.0,19320.0,10508.0,10508.0,5252280.0,5250820.5948,4136948.0,4135488.5948
230 Fifth,2025,2025-08-01,1,0,1,0.9,1,1.0,grosses,0.0,110400.0,120744.48,91140.0,101484.48,5362680.0,5371565.0748000005,4228088.0,4236973.0748000005
230 Fifth,2025,2025-08-02,1,0,0,0.035,1,1.0,grosses,0.0,110400.0,106274.9868,91140.0,87014.9868,5473080.0,5477840.061600001,4319228.0,4323988.061600001
230 Fifth,2025,2025-08-03,0,0,0,0.025,0,1.0,grosses,0.0,38640.0,38640.0,29828.0,29828.0,5511720.0,5516480.061600001,4349056.0,4353816.061600001
230 Fifth,2025,2025-08-04,0,0,0,0.035,0,1.0,grosses,0.0,38640.0,38640.0,29828.0,29828.0,5550360.0,5555120.061600001,4378884.0,4383644.061600001
230 Fifth,2025,2025-08-05,0,0,0,0.06,0,1.0,grosses,0.0,38640.0,38640.0,29828.0,29828.0,5589000.0,5593760.0616,4408712.0,4413472.0616
230 Fifth,2025,2025-08-06,0,1,1,0.09,0,1.0,grosses,0.0,19320.0,19320.0,10508.0,10508.0,5608320.0,5613080.0616,4419220.0,4423980.0616
230 Fifth,2025,2025-08-07,0,0,1,0.045,0,1.0,grosses,0.0,38640.0,38640.0,29828.0,29828.0,5646960.0,5651720.0616,4449048.0,4453808.0616
230 Fifth,2025,2025-08-08,1,0,0,0.04,1,1.0,grosses,0.0,110400.0,105687.2448,91140.0,86427.2448,5757360.0,5757407.3064,4540188.0,4540235.3064
230 Fifth,2025,2025-08-09,1,0,0,0.04,1,1.0,grosses,0.0,110400.0,105687.2448,91140.0,86427.2448,5867760.0,5863094.551200001,4631328.0,4626662.551200001
230 Fifth,2025,2025-08-10,0,0,0,0.035,0,1.0,grosses,0.0,38640.0,38640.0,29828.0,29828.0,5906400.0,5901734.551200001,4661156.0,4656490.551200001
230 Fifth,2025,2025-08-11,0,0,0,0.03,0,1.0,grosses,0.0,38640.0,38640.0,29828.0,29828.0,5945040.0,5940374.551200001,4690984.0,4686318.551200001
230 Fifth,2025,2025-08-12,0,0,0,0.1,0,1.0,grosses,0.0,38640.0,38640.0,29828.0,29828.0,5983680.0,5979014.551200001,4720812.0,4716146.551200001
230 Fifth,2025,2025-08-13,0,1,1,0.6,0,1.0,grosses,0.0,19320.0,19320.0,10508.0,10508.0,6003000.0,5998334.551200001,4731320.0,4726654.551200001
230 Fifth,2025,2025-08-14,0,0,0,0.5700000000000001,0,1.0,grosses,0.0,38640.0,38640.0,29828.0,29828.0,6041640.0,6036974.551200001,4761148.0,4756482.551200001
230 Fifth,2025,2025-08-15,1,0,0,0.25,1,1.0,grosses,0.0,110400.0,81351.0,91140.0,62091.0,6152040.0,6118325.551200001,4852288.0,4818573.551200001
230 Fifth,2025,2025-08-16,1,0,0,0.12,1,1.0,grosses,0.0,110400.0,96335.9232,91140.0,77075.9232,6262440.0,6214661.474400001,4943428.0,4895649.474400001
230 Fifth,2025,2025-08-17,0,1,1,0.59,0,1.0,grosses,0.0,19320.0,19320.0,10508.0,10508.0,6281760.0,6233981.474400001,4953936.0,4906157.474400001
230 Fifth,2025,2025-08-18,0,0,0,0.46,0,1.0,grosses,0.0,38640.0,38640.0,29828.0,29828.0,6320400.0,6272621.474400001,4983764.0,4935985.474400001
230 Fifth,2025,2025-08-19,0,0,0,0.09,0,1.0,grosses,0.0,38640.0,38640.0,29828.0,29828.0,6359040.0,6311261.474400001,5013592.0,4965813.474400001
230 Fifth,2025,2025-08-20,0,1,1,0.91,0,1.0,grosses,0.0,19320.0,19320.0,10508.0,10508.0,6378360.0,6330581.474400001,5024100.0,4976321.474400001
230 Fifth,2025,2025-08-21,0,0,1,0.86,0,1.0,grosses,0.0,38640.0,38640.0,29828.0,29828.0,6417000.0,6369221.474400001,5053928.0,5006149.474400001
230 Fifth,2025,2025-08-22,1,0,0,0.03,1,1.0,grosses,0.0,110400.0,106863.1152,91140.0,87603.1152,6527400.0,6476084.5896000005,5145068.0,5093752.5896000005
230 Fifth,2025,2025-08-23,1,0,0,0.035,1,1.0,grosses,0.0,110400.0,106274.9868,91140.0,87014.9868,6637800.0,6582359.576400001,5236208.0,5180767.576400001
230 Fifth,2025,2025-08-24,0,0,0,0.34,0,1.0,grosses,0.0,38640.0,38640.0,29828.0,29828.0,6676440.0,6620999.576400001,5266036.0,5210595.576400001
230 Fifth,2025,2025-08-25,0,0,0,0.4,0,1.0,grosses,0.0,38640.0,38640.0,29828.0,29828.0,6715080.0,6659639.576400001,5295864.0,5240423.576400001
230 Fifth,2025,2025-08-26,0,0,0,0.035,0,1.0,grosses,0.0,38640.0,38640.0,29828.0,29828.0,6753720.0,6698279.576400001,5325692.0,5270251.576400001
230 Fifth,2025,2025-08-27,0,0,0,0.035,0,1.0,grosses,0.0,38640.0,38640.0,29828.0,29828.0,6792360.0,6736919.576400001,5355520.0,5300079.576400001
230 Fifth,2025,2025-08-28,0,0,0,0.5,0,1.0,grosses,0.0,38640.0,38640.0,29828.0,29828.0,6831000.0,6775559.576400001,5385348.0,5329907.576400001
230 Fifth,2025,2025-08-29,1,0,0,,0,1.0,grosses,0.0,110400.0,110400.0,91140.0,91140.0,6941400.0,6885959.576400001,5476488.0,5421047.576400001
230 Fifth,2025,2025-08-30,1,0,0,,0,1.0,grosses,0.0,110400.0,110400.0,91140.0,91140.0,7051800.0,6996359.576400001,5567628.0,5512187.576400001
230 Fifth,2025,2025-08-31,1,0,0,,0,1.0,grosses,0.0,110400.0,110400.0,91140.0,91140.0,7162200.0,7106759.576400001,5658768.0,5603327.576400001
230 Fifth,2025,2025-09-01,1,0,0,,0,1.0,grosses,0.0,110400.0,110400.0,91140.0,91140.0,7272600.0,7217159.576400001,5749908.0,5694467.576400001
230 Fifth,2025,2025-09-02,0,0,0,0.375,0,1.0,grosses,0.0,38640.0,38640.0,29828.0,29828.0,7311240.0,7255799.576400001,5779736.0,5724295.576400001
230 Fifth,2025,2025-09-03,0,0,0,,0,1.0,grosses,0.0,38640.0,38640.0,29828.0,29828.0,7349880.0,7294439.576400001,5809564.0,5754123.576400001
230 Fifth,2025,2025-09-04,0,1,1,0.65,0,1.0,grosses,0.0,19320.0,19320.0,10508.0,10508.0,7369200.0,7313759.576400001,5820072.0,5764631.576400001
230 Fifth,2025,2025-09-05,1,0,1,0.7,1,1.0,grosses,0.0,110400.0,141897.12,91140.0,122637.12000000001,7479600.0,7455656.696400001,5911212.0,5887268.696400001
230 Fifth,2025,2025-09-06,1,1,1,0.89,1,1.0,grosses,0.0,55200.0,66587.4288,35940.0,47327.428799999994,7534800.0,7522244.1252,5947152.0,5934596.1252
230 Fifth,2025,2025-09-07,0,0,1,0.88,0,1.0,grosses,0.0,38640.0,38640.0,29828.0,29828.0,7573440.0,7560884.1252,5976980.0,5964424.1252
230 Fifth,2025,2025-09-08,0,0,0,0.03,0,1.0,grosses,0.0,38640.0,38640.0,29828.0,29828.0,7612080.0,7599524.1252,6006808.0,5994252.1252
230 Fifth,2025,2025-09-09,0,0,0,0.08,0,1.0,grosses,0.0,38640.0,38640.0,29828.0,29828.0,7650720.0,7638164.1252,6036636.0,6024080.1252
230 Fifth,2025,2025-09-10,0,0,1,0.75,0,1.0,grosses,0.0,38640.0,38640.0,29828.0,29828.0,7689360.0,7676804.1252,6066464.0,6053908.1252
230 Fifth,2025,2025-09-11,0,0,0,0.04,0,1.0,grosses,0.0,38640.0,38640.0,29828.0,29828.0,7728000.0,7715444.1252,6096292.0,6083736.1252
230 Fifth,2025,2025-09-12,1,0,0,0.15,1,1.0,grosses,0.0,110400.0,92854.68,91140.0,73594.68,7838400.0,7808298.8052,6187432.0,6157330.8052
230 Fifth,2025,2025-09-13,1,0,0,0.1,1,1.0,grosses,0.0,110400.0,98664.48,91140.0,79404.48,7948800.0,7906963.2852,6278572.0,6236735.2852
230 Fifth,2025,2025-09-14,0,0,0,0.44,0,1.0,grosses,0.0,38640.0,38640.0,29828.0,29828.0,7987440.0,7945603.2852,6308400.0,6266563.2852
230 Fifth,2025,2025-09-15,0,0,0,0.22,0,1.0,grosses,0.0,38640.0,38640.0,29828.0,29828.0,8026080.0,7984243.2852,6338228.0,6296391.2852
230 Fifth,2025,2025-09-16,0,0,0,0.37,0,1.0,grosses,0.0,38640.0,38640.0,29828.0,29828.0,8064720.0,8022883.2852,6368056.0,6326219.2852
230 Fifth,2025,2025-09-17,0,0,1,0.91,0,1.0,grosses,0.0,38640.0,38640.0,29828.0,29828.0,8103360.0,8061523.2852,6397884.0,6356047.2852
230 Fifth,2025,2025-09-18,0,0,1,0.66,0,1.0,grosses,0.0,38640.0,38640.0,29828.0,29828.0,8142000.0,8100163.2852,6427712.0,6385875.2852
230 Fifth,2025,2025-09-19,1,0,0,0.035,1,1.0,grosses,0.0,110400.0,106274.9868,91140.0,87014.9868,8252400.0,8206438.272,6518852.0,6472890.272
230 Fifth,2025,2025-09-20,1,0,0,0.035,1,1.0,grosses,0.0,110400.0,106274.9868,91140.0,87014.9868,8362800.0,8312713.2588,6609992.0,6559905.2588
230 Fifth,2025,2025-09-21,0,0,0,0.045,0,1.0,grosses,0.0,38640.0,38640.0,29828.0,29828.0,8401440.0,8351353.2588,6639820.0,6589733.2588
230 Fifth,2025,2025-09-22,0,0,0,0.0699999999999999,0,1.0,grosses,0.0,38640.0,38640.0,29828.0,29828.0,8440080.0,8389993.2588,6669648.0,6619561.2588
230 Fifth,2025,2025-09-24,0,1,1,0.78,0,1.0,grosses,0.0,19320.0,19320.0,10508.0,10508.0,8459400.0,8409313.2588,6680156.0,6630069.2588
230 Fifth,2025,2025-09-25,0,0,1,0.95,0,1.0,grosses,0.0,38640.0,38640.0,29828.0,29828.0,8498040.0,8447953.2588,6709984.0,6659897.2588
230 Fifth,2025,2025-09-26,1,0,0,0.39,1,1.0,grosses,0.0,110400.0,65505.508799999996,91140.0,46245.508799999996,8608440.0,8513458.7676,6801124.0,6706142.7676
230 Fifth,2025,2025-09-27,1,0,1,0.4,1,1.0,grosses,0.0,110400.0,174785.28,91140.0,155525.28,8718840.0,8688244.047600001,6892264.0,6861668.047599999
230 Fifth,2025,2025-09-28,0,0,1,0.8400000000000001,0,1.0,grosses,0.0,38640.0,38640.0,29828.0,29828.0,8757480.0,8726884.047600001,6922092.0,6891496.047599999
230 Fifth,2025,2025-09-29,0,0,0,0.035,0,1.0,grosses,0.0,38640.0,38640.0,29828.0,29828.0,8796120.0,8765524.047600001,6951920.0,6921324.047599999
230 Fifth,2025,2025-09-30,1,0,0,0.04,1,1.0,grosses,0.0,110400.0,105687.2448,91140.0,86427.2448,8906520.0,8871211.2924,7043060.0,7007751.2924
Elsewhere Rooftop,2026,2026-05-01,1,0,1,0.04,0,1.0,grosses,0.6,29325.0,29325.0,20136.0,20136.0,29325.0,29325.0,20136.0,20136.0
Elsewhere Rooftop,2026,2026-05-02,1,0,1,0.33,0,1.0,grosses,0.6,29325.0,29325.0,20136.0,20136.0,58650.0,58650.0,40272.0,40272.0
Elsewhere Rooftop,2026,2026-05-03,0,0,0,0.02,0,1.0,grosses,0.6,11644.0,11644.0,7702.0,7702.0,70294.0,70294.0,47974.0,47974.0
Elsewhere Rooftop,2026,2026-05-07,0,0,1,0.05,0,1.0,grosses,0.6,11644.0,11644.0,7702.0,7702.0,81938.0,81938.0,55676.0,55676.0
Elsewhere Rooftop,2026,2026-05-08,1,0,1,0.64,1,1.0,grosses,0.6,29325.0,39409.0464,20136.0,30220.0464,111263.0,121347.04639999999,75812.0,85896.04639999999
Elsewhere Rooftop,2026,2026-05-09,1,1,1,0.89,1,1.0,grosses,0.6,14662.5,17687.285775,5473.5,8498.285775,125925.5,139034.332175,81285.5,94394.33217499999
Elsewhere Rooftop,2026,2026-05-10,0,0,1,0.87,0,1.0,grosses,0.6,11644.0,11644.0,7702.0,7702.0,137569.5,150678.332175,88987.5,102096.33217499999
Elsewhere Rooftop,2026,2026-05-14,0,0,1,0.99,0,1.0,grosses,0.6,11644.0,11644.0,7702.0,7702.0,149213.5,162322.332175,96689.5,109798.332175
Elsewhere Rooftop,2026,2026-05-15,1,0,0,0.5,0,1.0,grosses,0.6,29325.0,29325.0,20136.0,20136.0,178538.5,191647.332175,116825.5,129934.332175
Elsewhere Rooftop,2026,2026-05-16,1,0,0,0.115,0,1.0,grosses,0.6,29325.0,29325.0,20136.0,20136.0,207863.5,220972.332175,136961.5,150070.332175
Elsewhere Rooftop,2026,2026-05-17,0,0,0,0.15,0,1.0,grosses,0.6,11644.0,11644.0,7702.0,7702.0,219507.5,232616.332175,144663.5,157772.332175
Elsewhere Rooftop,2026,2026-05-21,0,0,1,0.9,0,1.0,grosses,0.6,11644.0,11644.0,7702.0,7702.0,231151.5,244260.332175,152365.5,165474.332175
Elsewhere Rooftop,2026,2026-05-22,1,0,0,0.14,0,1.0,grosses,0.6,29325.0,29325.0,20136.0,20136.0,260476.5,273585.332175,172501.5,185610.332175
Elsewhere Rooftop,2026,2026-05-23,1,1,1,0.99,1,1.0,grosses,0.6,14662.5,14935.427775,5473.5,5746.427775,275139.0,288520.75995,177975.0,191356.75994999998
Elsewhere Rooftop,2026,2026-05-24,1,0,1,0.99,1,1.0,grosses,0.6,29325.0,29597.927775,20136.0,20408.927775,304464.0,318118.68772499997,198111.0,211765.68772499997
Elsewhere Rooftop,2026,2026-05-28,0,0,0,0.04,0,1.0,grosses,0.6,11644.0,11644.0,7702.0,7702.0,316108.0,329762.68772499997,205813.0,219467.687725
Elsewhere Rooftop,2026,2026-05-29,1,0,0,0.1,0,1.0,grosses,0.6,29325.0,29325.0,20136.0,20136.0,345433.0,359087.68772499997,225949.0,239603.687725
Elsewhere Rooftop,2026,2026-05-30,1,0,1,0.445,0,1.0,grosses,0.6,29325.0,29325.0,20136.0,20136.0,374758.0,388412.68772499997,246085.0,259739.687725
Elsewhere Rooftop,2026,2026-05-31,0,0,0,0.445,0,1.0,grosses,0.6,11644.0,11644.0,7702.0,7702.0,386402.0,400056.68772499997,253787.0,267441.68772499997
Elsewhere Rooftop,2026,2026-06-04,0,0,0,0.115,0,1.0,grosses,0.6,11644.0,11644.0,7702.0,7702.0,398046.0,411700.68772499997,261489.0,275143.68772499997
Elsewhere Rooftop,2026,2026-06-05,1,0,0,0.38,0,1.0,grosses,0.6,29325.0,29325.0,20136.0,20136.0,427371.0,441025.68772499997,281625.0,295279.68772499997
Elsewhere Rooftop,2026,2026-06-06,1,1,1,0.445,0,1.0,grosses,0.6,14662.5,14662.5,5473.5,5473.5,442033.5,455688.18772499997,287098.5,300753.18772499997
Elsewhere Rooftop,2026,2026-06-07,0,0,1,0.16,0,1.0,grosses,0.6,11644.0,11644.0,7702.0,7702.0,453677.5,467332.18772499997,294800.5,308455.18772499997
Elsewhere Rooftop,2026,2026-06-11,0,1,1,0.9,0,1.0,grosses,0.6,5822.0,5822.0,1880.0,1880.0,459499.5,473154.18772499997,296680.5,310335.18772499997
Elsewhere Rooftop,2026,2026-06-12,1,1,1,0.32,0,1.0,grosses,0.6,14662.5,14662.5,5473.5,5473.5,474162.0,487816.68772499997,302154.0,315808.68772499997
Elsewhere Rooftop,2026,2026-06-13,1,0,0,0.4599999999999999,0,1.0,grosses,0.6,29325.0,29325.0,20136.0,20136.0,503487.0,517141.68772499997,322290.0,335944.68772499997
Elsewhere Rooftop,2026,2026-06-14,0,1,1,0.84,0,1.0,grosses,0.6,5822.0,5822.0,1880.0,1880.0,509309.0,522963.68772499997,324170.0,337824.68772499997
Elsewhere Rooftop,2026,2026-06-18,0,0,1,0.86,0,1.0,grosses,0.6,11644.0,11644.0,7702.0,7702.0,520953.0,534607.687725,331872.0,345526.68772499997
Elsewhere Rooftop,2026,2026-06-19,1,0,0,0.19,0,1.0,grosses,0.6,29325.0,29325.0,20136.0,20136.0,550278.0,563932.687725,352008.0,365662.68772499997
Elsewhere Rooftop,2026,2026-06-20,1,0,0,0.39,0,1.0,grosses,0.6,29325.0,29325.0,20136.0,20136.0,579603.0,593257.687725,372144.0,385798.68772499997
Elsewhere Rooftop,2026,2026-06-21,0,0,0,0.58,0,1.0,grosses,0.6,11644.0,11644.0,7702.0,7702.0,591247.0,604901.687725,379846.0,393500.68772499997
Elsewhere Rooftop,2026,2026-06-25,0,0,0,0.85,0,1.0,grosses,0.6,11644.0,11644.0,7702.0,7702.0,602891.0,616545.687725,387548.0,401202.68772499997
Elsewhere Rooftop,2026,2026-06-26,1,0,1,0.86,1,1.0,grosses,0.6,29325.0,33183.3489,20136.0,23994.3489,632216.0,649729.036625,407684.0,425197.03662499995
Elsewhere Rooftop,2026,2026-06-27,1,0,1,0.85,1,1.0,grosses,0.6,29325.0,33462.024375,20136.0,24273.024375,661541.0,683191.061,427820.0,449470.0609999999
Elsewhere Rooftop,2026,2026-06-28,0,0,0,0.85,0,1.0,grosses,0.6,11644.0,11644.0,7702.0,7702.0,673185.0,694835.061,435522.0,457172.0609999999
Elsewhere Rooftop,2026,2026-07-02,0,0,0,0.26,0,1.0,grosses,0.6,11644.0,11644.0,7702.0,7702.0,684829.0,706479.061,443224.0,464874.0609999999
Elsewhere Rooftop,2026,2026-07-03,1,1,1,0.86,1,1.0,grosses,0.6,14662.5,18520.8489,5473.5,9331.8489,699491.5,724999.9099,448697.5,474205.9098999999
Elsewhere Rooftop,2026,2026-07-04,1,1,1,0.86,1,1.0,grosses,0.6,14662.5,18520.8489,5473.5,9331.8489,714154.0,743520.7588,454171.0,483537.7587999999
Elsewhere Rooftop,2026,2026-07-05,0,1,1,0.86,0,1.0,grosses,0.6,5822.0,5822.0,1880.0,1880.0,719976.0,749342.7588,456051.0,485417.7587999999
Elsewhere Rooftop,2026,2026-07-09,0,0,1,0.85,0,1.0,grosses,0.6,11644.0,11644.0,7702.0,7702.0,731620.0,760986.7588,463753.0,493119.7588
Elsewhere Rooftop,2026,2026-07-10,1,0,0,0.86,1,1.0,grosses,0.6,29325.0,3858.348900000001,20136.0,-5330.651099999999,760945.0,764845.1076999999,483889.0,487789.1077
Elsewhere Rooftop,2026,2026-07-11,1,0,1,0.83,1,1.0,grosses,0.6,29325.0,34020.606975,20136.0,24831.606975000002,790270.0,798865.7146749999,504025.0,512620.714675
Elsewhere Rooftop,2026,2026-07-12,0,0,0,0.1,0,1.0,grosses,0.6,11644.0,11644.0,7702.0,7702.0,801914.0,810509.7146749999,511727.0,520322.714675
Elsewhere Rooftop,2026,2026-07-17,1,0,0,,0,1.0,grosses,0.6,29325.0,29325.0,20136.0,20136.0,831239.0,839834.7146749999,531863.0,540458.7146749999
Elsewhere Rooftop,2026,2026-07-23,0,0,0,0.22,0,1.0,grosses,0.6,11644.0,11644.0,7702.0,7702.0,842883.0,851478.7146749999,539565.0,548160.7146749999
Elsewhere Rooftop,2026,2026-07-24,1,0,0,0.43,0,1.0,grosses,0.6,29325.0,29325.0,20136.0,20136.0,872208.0,880803.7146749999,559701.0,568296.7146749999
Elsewhere Rooftop,2026,2026-07-25,1,0,0,0.12,0,1.0,grosses,0.6,29325.0,29325.0,20136.0,20136.0,901533.0,910128.7146749999,579837.0,588432.7146749999
Elsewhere Rooftop,2026,2026-07-26,0,0,0,0.425,0,1.0,grosses,0.6,11644.0,11644.0,7702.0,7702.0,913177.0,921772.7146749999,587539.0,596134.7146749999
Elsewhere Rooftop,2026,2026-07-30,0,0,1,0.3,0,1.0,grosses,0.6,11644.0,11644.0,7702.0,7702.0,924821.0,933416.7146749999,595241.0,603836.7146749999
Elsewhere Rooftop,2026,2026-07-31,1,0,1,0.02,0,1.0,grosses,0.6,29325.0,29325.0,20136.0,20136.0,954146.0,962741.7146749999,615377.0,623972.7146749999
Elsewhere Rooftop,2026,2026-08-01,1,0,0,0.21,0,1.0,grosses,0.6,29325.0,29325.0,20136.0,20136.0,983471.0,992066.7146749999,635513.0,644108.7146749999
Elsewhere Rooftop,2026,2026-08-02,0,1,1,0.73,0,1.0,grosses,0.6,5822.0,5822.0,1880.0,1880.0,989293.0,997888.7146749999,637393.0,645988.7146749999
Elsewhere Rooftop,2026,2026-08-06,0,0,1,0.62,0,1.0,grosses,0.6,11644.0,11644.0,7702.0,7702.0,1000937.0,1009532.7146749999,645095.0,653690.7146749999
Elsewhere Rooftop,2026,2026-08-07,1,1,1,0.69,1,1.0,grosses,0.6,14662.5,23314.166775,5473.5,14125.166775000002,1015599.5,1032846.88145,650568.5,667815.88145
Elsewhere Rooftop,2026,2026-08-08,1,0,0,0.51,0,1.0,grosses,0.6,29325.0,29325.0,20136.0,20136.0,1044924.5,1062171.88145,670704.5,687951.88145
Elsewhere Rooftop,2026,2026-08-09,0,0,0,0.09,0,1.0,grosses,0.6,11644.0,11644.0,7702.0,7702.0,1056568.5,1073815.88145,678406.5,695653.88145
Elsewhere Rooftop,2026,2026-08-13,0,0,1,0.71,0,1.0,grosses,0.6,11644.0,11644.0,7702.0,7702.0,1068212.5,1085459.88145,686108.5,703355.88145
Elsewhere Rooftop,2026,2026-08-14,1,0,0,,0,1.0,grosses,0.6,29325.0,29325.0,20136.0,20136.0,1097537.5,1114784.88145,706244.5,723491.88145
Elsewhere Rooftop,2026,2026-08-15,1,0,0,0.44,0,1.0,grosses,0.6,29325.0,29325.0,20136.0,20136.0,1126862.5,1144109.88145,726380.5,743627.88145
Elsewhere Rooftop,2026,2026-08-16,0,1,1,,0,1.0,grosses,0.6,5822.0,5822.0,1880.0,1880.0,1132684.5,1149931.88145,728260.5,745507.88145
Elsewhere Rooftop,2026,2026-08-20,0,1,1,0.8,0,1.0,grosses,0.6,5822.0,5822.0,1880.0,1880.0,1138506.5,1155753.88145,730140.5,747387.88145
Elsewhere Rooftop,2026,2026-08-21,1,0,0,0.58,0,1.0,grosses,0.6,29325.0,29325.0,20136.0,20136.0,1167831.5,1185078.88145,750276.5,767523.88145
Elsewhere Rooftop,2026,2026-08-22,1,0,0,0.5,0,1.0,grosses,0.6,29325.0,29325.0,20136.0,20136.0,1197156.5,1214403.88145,770412.5,787659.88145
Elsewhere Rooftop,2026,2026-08-23,0,0,1,0.67,0,1.0,grosses,0.6,11644.0,11644.0,7702.0,7702.0,1208800.5,1226047.88145,778114.5,795361.88145
Elsewhere Rooftop,2026,2026-08-27,0,0,1,0.79,0,1.0,grosses,0.6,11644.0,11644.0,7702.0,7702.0,1220444.5,1237691.88145,785816.5,803063.88145
Elsewhere Rooftop,2026,2026-08-28,1,0,0,0.71,1,1.0,grosses,0.6,29325.0,8081.588775,20136.0,-1107.4112249999998,1249769.5,1245773.470225,805952.5,801956.4702249999
Elsewhere Rooftop,2026,2026-08-29,1,0,0,0.05,0,1.0,grosses,0.6,29325.0,29325.0,20136.0,20136.0,1279094.5,1275098.470225,826088.5,822092.4702249999
Elsewhere Rooftop,2026,2026-08-30,0,1,1,0.62,0,1.0,grosses,0.6,5822.0,5822.0,1880.0,1880.0,1284916.5,1280920.470225,827968.5,823972.4702249999
Elsewhere Rooftop,2026,2026-09-03,0,0,1,0.8,0,1.0,grosses,0.6,11644.0,11644.0,7702.0,7702.0,1296560.5,1292564.470225,835670.5,831674.4702249999
Elsewhere Rooftop,2026,2026-09-04,1,0,1,0.61,1,1.0,grosses,0.6,29325.0,40273.400775,20136.0,31084.400775000002,1325885.5,1332837.871,855806.5,862758.8709999999
Elsewhere Rooftop,2026,2026-09-05,1,0,0,0.11,0,1.0,grosses,0.6,29325.0,29325.0,20136.0,20136.0,1355210.5,1362162.871,875942.5,882894.8709999999
Elsewhere Rooftop,2026,2026-09-06,1,0,0,0.17,0,1.0,grosses,0.6,29325.0,29325.0,20136.0,20136.0,1384535.5,1391487.8709999998,896078.5,903030.871
Elsewhere Rooftop,2026,2026-09-10,0,0,1,0.3,0,1.0,grosses,0.6,11644.0,11644.0,7702.0,7702.0,1396179.5,1403131.8709999998,903780.5,910732.871
Elsewhere Rooftop,2026,2026-09-11,1,0,0,0.0849999999999999,0,1.0,grosses,0.6,29325.0,29325.0,20136.0,20136.0,1425504.5,1432456.8709999998,923916.5,930868.871
Elsewhere Rooftop,2026,2026-09-12,1,0,0,0.27,0,1.0,grosses,0.6,29325.0,29325.0,20136.0,20136.0,1454829.5,1461781.8709999998,944052.5,951004.871
Elsewhere Rooftop,2026,2026-09-13,1,0,1,0.98,1,1.0,grosses,0.6,29325.0,29871.2661,20136.0,20682.2661,1484154.5,1491653.1370999997,964188.5,971687.1371
Elsewhere Rooftop,2025,2025-05-01,1,0,0,,0,0.8,grosses,0.6,29325.0,29325.0,20136.0,20136.0,29325.0,29325.0,20136.0,20136.0
Elsewhere Rooftop,2025,2025-05-02,1,0,0,,0,0.8,grosses,0.6,29325.0,29325.0,20136.0,20136.0,58650.0,58650.0,40272.0,40272.0
Elsewhere Rooftop,2025,2025-05-03,1,1,1,0.5,0,0.8,grosses,0.6,14662.5,14662.5,5473.5,5473.5,73312.5,73312.5,45745.5,45745.5
Elsewhere Rooftop,2025,2025-05-04,0,1,1,0.55,0,0.8,grosses,0.6,5822.0,5822.0,1880.0,1880.0,79134.5,79134.5,47625.5,47625.5
Elsewhere Rooftop,2025,2025-05-08,0,0,1,,0,0.8,grosses,0.6,11644.0,11644.0,7702.0,7702.0,90778.5,90778.5,55327.5,55327.5
Elsewhere Rooftop,2025,2025-05-09,1,0,1,,0,0.8,grosses,0.6,29325.0,29325.0,20136.0,20136.0,120103.5,120103.5,75463.5,75463.5
Elsewhere Rooftop,2025,2025-05-10,1,0,1,,0,0.8,grosses,0.6,29325.0,29325.0,20136.0,20136.0,149428.5,149428.5,95599.5,95599.5
Elsewhere Rooftop,2025,2025-05-11,0,0,0,,0,0.8,grosses,0.6,11644.0,11644.0,7702.0,7702.0,161072.5,161072.5,103301.5,103301.5
Elsewhere Rooftop,2025,2025-05-15,0,0,0,,0,0.8,grosses,0.6,11644.0,11644.0,7702.0,7702.0,172716.5,172716.5,111003.5,111003.5
Elsewhere Rooftop,2025,2025-05-16,1,0,1,,0,0.8,grosses,0.6,29325.0,29325.0,20136.0,20136.0,202041.5,202041.5,131139.5,131139.5
Elsewhere Rooftop,2025,2025-05-17,1,0,1,,0,0.8,grosses,0.6,29325.0,29325.0,20136.0,20136.0,231366.5,231366.5,151275.5,151275.5
Elsewhere Rooftop,2025,2025-05-18,0,0,0,,0,0.8,grosses,0.6,11644.0,11644.0,7702.0,7702.0,243010.5,243010.5,158977.5,158977.5
Elsewhere Rooftop,2025,2025-05-22,0,1,1,,0,0.8,grosses,0.6,5822.0,5822.0,1880.0,1880.0,248832.5,248832.5,160857.5,160857.5
Elsewhere Rooftop,2025,2025-05-23,1,1,1,0.8,1,0.8,grosses,0.6,14662.5,19091.748,5473.5,9902.748,263495.0,267924.248,166331.0,170760.248
Elsewhere Rooftop,2025,2025-05-24,1,0,1,,0,0.8,grosses,0.6,29325.0,29325.0,20136.0,20136.0,292820.0,297249.248,186467.0,190896.248
Elsewhere Rooftop,2025,2025-05-25,1,0,0,,0,0.8,grosses,0.6,29325.0,29325.0,20136.0,20136.0,322145.0,326574.248,206603.0,211032.248
Elsewhere Rooftop,2025,2025-05-29,0,0,1,,0,0.8,grosses,0.6,11644.0,11644.0,7702.0,7702.0,333789.0,338218.248,214305.0,218734.248
Elsewhere Rooftop,2025,2025-05-30,1,0,1,,0,0.8,grosses,0.6,29325.0,29325.0,20136.0,20136.0,363114.0,367543.248,234441.0,238870.248
Elsewhere Rooftop,2025,2025-05-31,1,0,1,,0,0.8,grosses,0.6,29325.0,29325.0,20136.0,20136.0,392439.0,396868.248,254577.0,259006.248
Elsewhere Rooftop,2025,2025-06-01,0,0,0,,0,0.8,grosses,0.6,11644.0,11644.0,7702.0,7702.0,404083.0,408512.248,262279.0,266708.248
Elsewhere Rooftop,2025,2025-06-05,0,0,0,,0,0.8,grosses,0.6,11644.0,11644.0,7702.0,7702.0,415727.0,420156.248,269981.0,274410.248
Elsewhere Rooftop,2025,2025-06-06,1,0,1,,0,0.8,grosses,0.6,29325.0,29325.0,20136.0,20136.0,445052.0,449481.248,290117.0,294546.248
Elsewhere Rooftop,2025,2025-06-07,1,1,1,,0,0.8,grosses,0.6,14662.5,14662.5,5473.5,5473.5,459714.5,464143.748,295590.5,300019.748
Elsewhere Rooftop,2025,2025-06-08,0,0,1,,0,0.8,grosses,0.6,11644.0,11644.0,7702.0,7702.0,471358.5,475787.748,303292.5,307721.748
Elsewhere Rooftop,2025,2025-06-12,0,0,0,,0,0.8,grosses,0.6,11644.0,11644.0,7702.0,7702.0,483002.5,487431.748,310994.5,315423.748
Elsewhere Rooftop,2025,2025-06-13,1,0,0,,0,0.8,grosses,0.6,29325.0,29325.0,20136.0,20136.0,512327.5,516756.748,331130.5,335559.748
Elsewhere Rooftop,2025,2025-06-14,1,0,1,,0,0.8,grosses,0.6,29325.0,29325.0,20136.0,20136.0,541652.5,546081.748,351266.5,355695.748
Elsewhere Rooftop,2025,2025-06-15,0,0,1,,0,0.8,grosses,0.6,11644.0,11644.0,7702.0,7702.0,553296.5,557725.748,358968.5,363397.748
Elsewhere Rooftop,2025,2025-06-19,0,1,1,,0,0.8,grosses,0.6,5822.0,5822.0,1880.0,1880.0,559118.5,563547.748,360848.5,365277.748
Elsewhere Rooftop,2025,2025-06-20,1,0,0,,0,0.8,grosses,0.6,29325.0,29325.0,20136.0,20136.0,588443.5,592872.748,380984.5,385413.748
Elsewhere Rooftop,2025,2025-06-21,1,0,0,,0,0.8,grosses,0.6,29325.0,29325.0,20136.0,20136.0,617768.5,622197.748,401120.5,405549.748
Elsewhere Rooftop,2025,2025-06-22,0,0,1,,0,0.8,grosses,0.6,11644.0,11644.0,7702.0,7702.0,629412.5,633841.748,408822.5,413251.748
Elsewhere Rooftop,2025,2025-06-26,0,0,1,,0,0.8,grosses,0.6,11644.0,11644.0,7702.0,7702.0,641056.5,645485.748,416524.5,420953.748
Elsewhere Rooftop,2025,2025-06-27,1,0,1,,0,0.8,grosses,0.6,29325.0,29325.0,20136.0,20136.0,670381.5,674810.748,436660.5,441089.748
Elsewhere Rooftop,2025,2025-06-28,1,0,1,,0,0.8,grosses,0.6,29325.0,29325.0,20136.0,20136.0,699706.5,704135.748,456796.5,461225.748
Elsewhere Rooftop,2025,2025-06-29,0,0,0,,0,0.8,grosses,0.6,11644.0,11644.0,7702.0,7702.0,711350.5,715779.748,464498.5,468927.748
Elsewhere Rooftop,2025,2025-07-03,1,0,1,,0,0.8,grosses,0.6,29325.0,29325.0,20136.0,20136.0,740675.5,745104.748,484634.5,489063.748
Elsewhere Rooftop,2025,2025-07-04,1,0,0,,0,0.8,grosses,0.6,29325.0,29325.0,20136.0,20136.0,770000.5,774429.748,504770.5,509199.748
Elsewhere Rooftop,2025,2025-07-05,1,0,0,0.495,0,0.8,grosses,0.6,29325.0,29325.0,20136.0,20136.0,799325.5,803754.748,524906.5,529335.748
Elsewhere Rooftop,2025,2025-07-06,0,0,0,,0,0.8,grosses,0.6,11644.0,11644.0,7702.0,7702.0,810969.5,815398.748,532608.5,537037.748
Elsewhere Rooftop,2025,2025-07-10,0,0,1,,0,0.8,grosses,0.6,11644.0,11644.0,7702.0,7702.0,822613.5,827042.748,540310.5,544739.748
Elsewhere Rooftop,2025,2025-07-11,1,0,0,,0,0.8,grosses,0.6,29325.0,29325.0,20136.0,20136.0,851938.5,856367.748,560446.5,564875.748
Elsewhere Rooftop,2025,2025-07-12,1,0,0,,0,0.8,grosses,0.6,29325.0,29325.0,20136.0,20136.0,881263.5,885692.748,580582.5,585011.748
Elsewhere Rooftop,2025,2025-07-13,0,0,1,,0,0.8,grosses,0.6,11644.0,11644.0,7702.0,7702.0,892907.5,897336.748,588284.5,592713.748
Elsewhere Rooftop,2025,2025-07-17,0,0,1,,0,0.8,grosses,0.6,11644.0,11644.0,7702.0,7702.0,904551.5,908980.748,595986.5,600415.748
Elsewhere Rooftop,2025,2025-07-18,1,0,0,0.25,0,0.8,grosses,0.6,29325.0,29325.0,20136.0,20136.0,933876.5,938305.748,616122.5,620551.748
Elsewhere Rooftop,2025,2025-07-19,1,0,1,,0,0.8,grosses,0.6,29325.0,29325.0,20136.0,20136.0,963201.5,967630.748,636258.5,640687.748
Elsewhere Rooftop,2025,2025-07-20,0,0,1,,0,0.8,grosses,0.6,11644.0,11644.0,7702.0,7702.0,974845.5,979274.748,643960.5,648389.748
Elsewhere Rooftop,2025,2025-07-24,0,0,0,0.035,0,0.8,grosses,0.6,11644.0,11644.0,7702.0,7702.0,986489.5,990918.748,651662.5,656091.748
Elsewhere Rooftop,2025,2025-07-25,1,0,1,0.64,1,0.8,grosses,0.6,29325.0,37392.23712,20136.0,28203.237119999998,1015814.5,1028310.98512,671798.5,684294.98512
Elsewhere Rooftop,2025,2025-07-26,1,0,0,0.24,0,0.8,grosses,0.6,29325.0,29325.0,20136.0,20136.0,1045139.5,1057635.9851199999,691934.5,704430.98512
Elsewhere Rooftop,2025,2025-07-27,0,0,1,0.87,0,0.8,grosses,0.6,11644.0,11644.0,7702.0,7702.0,1056783.5,1069279.9851199999,699636.5,712132.98512
Elsewhere Rooftop,2025,2025-07-31,0,1,1,0.87,0,0.8,grosses,0.6,5822.0,5822.0,1880.0,1880.0,1062605.5,1075101.9851199999,701516.5,714012.98512
Elsewhere Rooftop,2025,2025-08-01,1,0,1,0.9,1,0.8,grosses,0.6,29325.0,31523.201999999997,20136.0,22334.201999999997,1091930.5,1106625.18712,721652.5,736347.18712
Elsewhere Rooftop,2025,2025-08-02,1,0,0,0.035,0,0.8,grosses,0.6,29325.0,29325.0,20136.0,20136.0,1121255.5,1135950.18712,741788.5,756483.18712
Elsewhere Rooftop,2025,2025-08-03,0,0,0,0.025,0,0.8,grosses,0.6,11644.0,11644.0,7702.0,7702.0,1132899.5,1147594.18712,749490.5,764185.1871199999
Elsewhere Rooftop,2025,2025-08-07,0,0,1,0.045,0,0.8,grosses,0.6,11644.0,11644.0,7702.0,7702.0,1144543.5,1159238.18712,757192.5,771887.1871199999
Elsewhere Rooftop,2025,2025-08-08,1,0,0,0.04,0,0.8,grosses,0.6,29325.0,29325.0,20136.0,20136.0,1173868.5,1188563.18712,777328.5,792023.1871199999
Elsewhere Rooftop,2025,2025-08-09,1,0,0,0.04,0,0.8,grosses,0.6,29325.0,29325.0,20136.0,20136.0,1203193.5,1217888.18712,797464.5,812159.1871199999
Elsewhere Rooftop,2025,2025-08-10,0,0,0,0.035,0,0.8,grosses,0.6,11644.0,11644.0,7702.0,7702.0,1214837.5,1229532.18712,805166.5,819861.1871199999
Elsewhere Rooftop,2025,2025-08-14,0,0,0,0.5700000000000001,0,0.8,grosses,0.6,11644.0,11644.0,7702.0,7702.0,1226481.5,1241176.18712,812868.5,827563.1871199999
Elsewhere Rooftop,2025,2025-08-15,1,0,0,0.25,0,0.8,grosses,0.6,29325.0,29325.0,20136.0,20136.0,1255806.5,1270501.18712,833004.5,847699.1871199999
Elsewhere Rooftop,2025,2025-08-16,1,0,0,0.12,0,0.8,grosses,0.6,29325.0,29325.0,20136.0,20136.0,1285131.5,1299826.18712,853140.5,867835.1871199999
Elsewhere Rooftop,2025,2025-08-17,0,1,1,0.59,0,0.8,grosses,0.6,5822.0,5822.0,1880.0,1880.0,1290953.5,1305648.18712,855020.5,869715.1871199999
Elsewhere Rooftop,2025,2025-08-21,0,0,1,0.86,0,0.8,grosses,0.6,11644.0,11644.0,7702.0,7702.0,1302597.5,1317292.18712,862722.5,877417.1871199999
Elsewhere Rooftop,2025,2025-08-22,1,0,0,0.03,0,0.8,grosses,0.6,29325.0,29325.0,20136.0,20136.0,1331922.5,1346617.18712,882858.5,897553.1871199999
Elsewhere Rooftop,2025,2025-08-23,1,0,0,0.035,0,0.8,grosses,0.6,29325.0,29325.0,20136.0,20136.0,1361247.5,1375942.18712,902994.5,917689.1871199999
Elsewhere Rooftop,2025,2025-08-24,0,0,0,0.34,0,0.8,grosses,0.6,11644.0,11644.0,7702.0,7702.0,1372891.5,1387586.18712,910696.5,925391.1871199999
Elsewhere Rooftop,2025,2025-08-28,0,0,0,0.5,0,0.8,grosses,0.6,11644.0,11644.0,7702.0,7702.0,1384535.5,1399230.18712,918398.5,933093.1871199999
Elsewhere Rooftop,2025,2025-08-29,1,0,0,,0,0.8,grosses,0.6,29325.0,29325.0,20136.0,20136.0,1413860.5,1428555.18712,938534.5,953229.1871199999
Elsewhere Rooftop,2025,2025-08-30,1,0,0,,0,0.8,grosses,0.6,29325.0,29325.0,20136.0,20136.0,1443185.5,1457880.18712,958670.5,973365.1871199999
Elsewhere Rooftop,2025,2025-08-31,1,0,0,,0,0.8,grosses,0.6,29325.0,29325.0,20136.0,20136.0,1472510.5,1487205.18712,978806.5,993501.1871199999
Elsewhere Rooftop,2025,2025-09-04,0,1,1,0.65,0,0.8,grosses,0.6,5822.0,5822.0,1880.0,1880.0,1478332.5,1493027.18712,980686.5,995381.1871199999
Elsewhere Rooftop,2025,2025-09-05,1,0,1,0.7,1,0.8,grosses,0.6,29325.0,36018.138,20136.0,26829.138,1507657.5,1529045.32512,1000822.5,1022210.3251199999
Elsewhere Rooftop,2025,2025-09-06,1,1,1,0.89,1,0.8,grosses,0.6,14662.5,17082.32862,5473.5,7893.32862,1522320.0,1546127.65374,1006296.0,1030103.65374
Elsewhere Rooftop,2025,2025-09-07,0,0,1,0.88,0,0.8,grosses,0.6,11644.0,11644.0,7702.0,7702.0,1533964.0,1557771.65374,1013998.0,1037805.65374
Elsewhere Rooftop,2025,2025-09-11,0,0,0,0.04,0,0.8,grosses,0.6,11644.0,11644.0,7702.0,7702.0,1545608.0,1569415.65374,1021700.0,1045507.65374
Elsewhere Rooftop,2025,2025-09-12,1,0,0,0.15,0,0.8,grosses,0.6,29325.0,29325.0,20136.0,20136.0,1574933.0,1598740.65374,1041836.0,1065643.65374
Elsewhere Rooftop,2025,2025-09-13,1,0,0,0.1,0,0.8,grosses,0.6,29325.0,29325.0,20136.0,20136.0,1604258.0,1628065.65374,1061972.0,1085779.65374
Elsewhere Rooftop,2025,2025-09-14,0,0,0,0.44,0,0.8,grosses,0.6,11644.0,11644.0,7702.0,7702.0,1615902.0,1639709.65374,1069674.0,1093481.65374
Elsewhere Rooftop,2025,2025-09-18,0,0,1,0.66,0,0.8,grosses,0.6,11644.0,11644.0,7702.0,7702.0,1627546.0,1651353.65374,1077376.0,1101183.65374
Elsewhere Rooftop,2025,2025-09-19,1,0,0,0.035,0,0.8,grosses,0.6,29325.0,29325.0,20136.0,20136.0,1656871.0,1680678.65374,1097512.0,1121319.65374
Elsewhere Rooftop,2025,2025-09-20,1,0,0,0.035,0,0.8,grosses,0.6,29325.0,29325.0,20136.0,20136.0,1686196.0,1710003.65374,1117648.0,1141455.65374
Elsewhere Rooftop,2025,2025-09-21,0,0,0,0.045,0,0.8,grosses,0.6,11644.0,11644.0,7702.0,7702.0,1697840.0,1721647.65374,1125350.0,1149157.65374
Elsewhere Rooftop,2025,2025-09-25,0,0,1,0.95,0,0.8,grosses,0.6,11644.0,11644.0,7702.0,7702.0,1709484.0,1733291.65374,1133052.0,1156859.65374
Elsewhere Rooftop,2025,2025-09-26,1,0,0,0.39,0,0.8,grosses,0.6,29325.0,29325.0,20136.0,20136.0,1738809.0,1762616.65374,1153188.0,1176995.65374
Elsewhere Rooftop,2025,2025-09-27,1,0,1,0.4,0,0.8,grosses,0.6,29325.0,29325.0,20136.0,20136.0,1768134.0,1791941.65374,1173324.0,1197131.65374
Elsewhere Rooftop,2025,2025-09-28,1,0,1,0.8400000000000001,1,0.8,grosses,0.6,29325.0,32857.88832,20136.0,23668.88832,1797459.0,1824799.54206,1193460.0,1220800.54206
The Rooftop at Pier 17,2026,2026-05-01,1,0,1,0.04,0,1.0,grosses,0.6,282948.0,282948.0,179584.0,179584.0,282948.0,282948.0,179584.0,179584.0
The Rooftop at Pier 17,2026,2026-05-02,1,0,1,0.33,0,1.0,grosses,0.6,282948.0,282948.0,179584.0,179584.0,565896.0,565896.0,359168.0,359168.0
The Rooftop at Pier 17,2026,2026-05-03,0,0,0,0.02,0,1.0,grosses,0.6,282948.0,282948.0,179584.0,179584.0,848844.0,848844.0,538752.0,538752.0
The Rooftop at Pier 17,2026,2026-05-07,0,0,1,0.05,0,1.0,grosses,0.6,282948.0,282948.0,179584.0,179584.0,1131792.0,1131792.0,718336.0,718336.0
The Rooftop at Pier 17,2026,2026-05-08,1,0,1,0.64,1,1.0,grosses,0.6,282948.0,380245.89465599996,179584.0,276881.89465599996,1414740.0,1512037.894656,897920.0,995217.894656
The Rooftop at Pier 17,2026,2026-05-09,1,1,1,0.89,1,1.0,grosses,0.6,141474.0,170659.237356,38110.0,67295.237356,1556214.0,1682697.1320119998,936030.0,1062513.1320119998
The Rooftop at Pier 17,2026,2026-05-10,0,0,1,0.87,0,1.0,grosses,0.6,282948.0,282948.0,179584.0,179584.0,1839162.0,1965645.1320119998,1115614.0,1242097.1320119998
The Rooftop at Pier 17,2026,2026-05-14,0,0,1,0.99,0,1.0,grosses,0.6,282948.0,282948.0,179584.0,179584.0,2122110.0,2248593.132012,1295198.0,1421681.1320119998
The Rooftop at Pier 17,2026,2026-05-15,1,0,0,0.5,0,1.0,grosses,0.6,282948.0,282948.0,179584.0,179584.0,2405058.0,2531541.132012,1474782.0,1601265.1320119998
The Rooftop at Pier 17,2026,2026-05-16,1,0,0,0.115,0,1.0,grosses,0.6,282948.0,282948.0,179584.0,179584.0,2688006.0,2814489.132012,1654366.0,1780849.1320119998
The Rooftop at Pier 17,2026,2026-05-17,0,0,0,0.15,0,1.0,grosses,0.6,282948.0,282948.0,179584.0,179584.0,2970954.0,3097437.132012,1833950.0,1960433.1320119998
The Rooftop at Pier 17,2026,2026-05-21,0,0,1,0.9,0,1.0,grosses,0.6,282948.0,282948.0,179584.0,179584.0,3253902.0,3380385.132012,2013534.0,2140017.132012
The Rooftop at Pier 17,2026,2026-05-22,1,0,0,0.14,0,1.0,grosses,0.6,282948.0,282948.0,179584.0,179584.0,3536850.0,3663333.132012,2193118.0,2319601.132012
The Rooftop at Pier 17,2026,2026-05-23,1,1,1,0.99,1,1.0,grosses,0.6,141474.0,144107.397036,38110.0,40743.397036,3678324.0,3807440.529048,2231228.0,2360344.529048
The Rooftop at Pier 17,2026,2026-05-24,1,0,1,0.99,1,1.0,grosses,0.6,282948.0,285581.397036,179584.0,182217.397036,3961272.0,4093021.926084,2410812.0,2542561.926084
The Rooftop at Pier 17,2026,2026-05-28,0,0,0,0.04,0,1.0,grosses,0.6,282948.0,282948.0,179584.0,179584.0,4244220.0,4375969.926084,2590396.0,2722145.926084
The Rooftop at Pier 17,2026,2026-05-29,1,0,0,0.1,0,1.0,grosses,0.6,282948.0,282948.0,179584.0,179584.0,4527168.0,4658917.926084,2769980.0,2901729.926084
The Rooftop at Pier 17,2026,2026-05-30,1,0,1,0.445,0,1.0,grosses,0.6,282948.0,282948.0,179584.0,179584.0,4810116.0,4941865.926084,2949564.0,3081313.926084
The Rooftop at Pier 17,2026,2026-05-31,0,0,0,0.445,0,1.0,grosses,0.6,282948.0,282948.0,179584.0,179584.0,5093064.0,5224813.926084,3129148.0,3260897.926084
The Rooftop at Pier 17,2026,2026-06-04,0,0,0,0.115,0,1.0,grosses,0.6,282948.0,282948.0,179584.0,179584.0,5376012.0,5507761.926084,3308732.0,3440481.926084
The Rooftop at Pier 17,2026,2026-06-05,1,0,0,0.38,0,1.0,grosses,0.6,282948.0,282948.0,179584.0,179584.0,5658960.0,5790709.926084,3488316.0,3620065.926084
The Rooftop at Pier 17,2026,2026-06-06,1,1,1,0.445,0,1.0,grosses,0.6,141474.0,141474.0,38110.0,38110.0,5800434.0,5932183.926084,3526426.0,3658175.926084
The Rooftop at Pier 17,2026,2026-06-07,0,0,1,0.16,0,1.0,grosses,0.6,282948.0,282948.0,179584.0,179584.0,6083382.0,6215131.926084,3706010.0,3837759.926084
The Rooftop at Pier 17,2026,2026-06-11,0,1,1,0.9,0,1.0,grosses,0.6,141474.0,141474.0,38110.0,38110.0,6224856.0,6356605.926084,3744120.0,3875869.926084
The Rooftop at Pier 17,2026,2026-06-12,1,1,1,0.32,0,1.0,grosses,0.6,141474.0,141474.0,38110.0,38110.0,6366330.0,6498079.926084,3782230.0,3913979.926084
The Rooftop at Pier 17,2026,2026-06-13,1,0,0,0.4599999999999999,0,1.0,grosses,0.6,282948.0,282948.0,179584.0,179584.0,6649278.0,6781027.926084,3961814.0,4093563.926084
The Rooftop at Pier 17,2026,2026-06-14,0,1,1,0.84,0,1.0,grosses,0.6,141474.0,141474.0,38110.0,38110.0,6790752.0,6922501.926084,3999924.0,4131673.926084
The Rooftop at Pier 17,2026,2026-06-18,0,0,1,0.86,0,1.0,grosses,0.6,282948.0,282948.0,179584.0,179584.0,7073700.0,7205449.926084,4179508.0,4311257.926084001
The Rooftop at Pier 17,2026,2026-06-19,1,0,0,0.19,0,1.0,grosses,0.6,282948.0,282948.0,179584.0,179584.0,7356648.0,7488397.926084,4359092.0,4490841.926084001
The Rooftop at Pier 17,2026,2026-06-20,1,0,0,0.39,0,1.0,grosses,0.6,282948.0,282948.0,179584.0,179584.0,7639596.0,7771345.926084,4538676.0,4670425.926084001
The Rooftop at Pier 17,2026,2026-06-21,0,0,0,0.58,0,1.0,grosses,0.6,282948.0,282948.0,179584.0,179584.0,7922544.0,8054293.926084,4718260.0,4850009.926084001
The Rooftop at Pier 17,2026,2026-06-25,0,0,0,0.85,0,1.0,grosses,0.6,282948.0,282948.0,179584.0,179584.0,8205492.0,8337241.926084001,4897844.0,5029593.926084001
The Rooftop at Pier 17,2026,2026-06-26,1,0,1,0.86,1,1.0,grosses,0.6,282948.0,320176.034256,179584.0,216812.034256,8488440.0,8657417.96034,5077428.0,5246405.960340001
The Rooftop at Pier 17,2026,2026-06-27,1,0,1,0.85,1,1.0,grosses,0.6,282948.0,322864.88910000003,179584.0,219500.8891,8771388.0,8980282.849440001,5257012.0,5465906.849440001
The Rooftop at Pier 17,2026,2026-06-28,0,0,0,0.85,0,1.0,grosses,0.6,282948.0,282948.0,179584.0,179584.0,9054336.0,9263230.849440001,5436596.0,5645490.849440001
The Rooftop at Pier 17,2026,2026-07-02,0,0,0,0.26,0,1.0,grosses,0.6,282948.0,282948.0,179584.0,179584.0,9337284.0,9546178.849440001,5616180.0,5825074.849440001
The Rooftop at Pier 17,2026,2026-07-03,1,1,1,0.86,1,1.0,grosses,0.6,141474.0,178702.034256,38110.0,75338.03425600001,9478758.0,9724880.883696001,5654290.0,5900412.883696001
The Rooftop at Pier 17,2026,2026-07-04,1,1,1,0.86,1,1.0,grosses,0.6,141474.0,178702.034256,38110.0,75338.03425600001,9620232.0,9903582.917952001,5692400.0,5975750.917952001
The Rooftop at Pier 17,2026,2026-07-05,0,1,1,0.86,0,1.0,grosses,0.6,141474.0,141474.0,38110.0,38110.0,9761706.0,10045056.917952001,5730510.0,6013860.917952001
The Rooftop at Pier 17,2026,2026-07-09,0,0,1,0.85,0,1.0,grosses,0.6,282948.0,282948.0,179584.0,179584.0,10044654.0,10328004.917952001,5910094.0,6193444.917952001
The Rooftop at Pier 17,2026,2026-07-10,1,0,0,0.86,1,1.0,grosses,0.6,282948.0,37228.03425600001,179584.0,-66135.96574399999,10327602.0,10365232.952208001,6089678.0,6127308.952208001
The Rooftop at Pier 17,2026,2026-07-11,1,0,1,0.83,1,1.0,grosses,0.6,282948.0,328254.482604,179584.0,224890.48260400002,10610550.0,10693487.434812002,6269262.0,6352199.434812001
The Rooftop at Pier 17,2026,2026-07-12,0,0,0,0.1,0,1.0,grosses,0.6,282948.0,282948.0,179584.0,179584.0,10893498.0,10976435.434812002,6448846.0,6531783.434812001
The Rooftop at Pier 17,2026,2026-07-17,1,0,0,,0,1.0,grosses,0.6,282948.0,282948.0,179584.0,179584.0,11176446.0,11259383.434812002,6628430.0,6711367.434812001
The Rooftop at Pier 17,2026,2026-07-23,0,0,0,0.22,0,1.0,grosses,0.6,282948.0,282948.0,179584.0,179584.0,11459394.0,11542331.434812002,6808014.0,6890951.434812001
The Rooftop at Pier 17,2026,2026-07-24,1,0,0,0.43,0,1.0,grosses,0.6,282948.0,282948.0,179584.0,179584.0,11742342.0,11825279.434812002,6987598.0,7070535.434812001
The Rooftop at Pier 17,2026,2026-07-25,1,0,0,0.12,0,1.0,grosses,0.6,282948.0,282948.0,179584.0,179584.0,12025290.0,12108227.434812002,7167182.0,7250119.434812001
The Rooftop at Pier 17,2026,2026-07-26,0,0,0,0.425,0,1.0,grosses,0.6,282948.0,282948.0,179584.0,179584.0,12308238.0,12391175.434812002,7346766.0,7429703.434812
The Rooftop at Pier 17,2026,2026-07-30,0,0,1,0.3,0,1.0,grosses,0.6,282948.0,282948.0,179584.0,179584.0,12591186.0,12674123.434812002,7526350.0,7609287.434812
The Rooftop at Pier 17,2026,2026-07-31,1,0,1,0.02,0,1.0,grosses,0.6,282948.0,282948.0,179584.0,179584.0,12874134.0,12957071.434812002,7705934.0,7788871.434812
The Rooftop at Pier 17,2026,2026-08-01,1,0,0,0.21,0,1.0,grosses,0.6,282948.0,282948.0,179584.0,179584.0,13157082.0,13240019.434812002,7885518.0,7968455.434812
The Rooftop at Pier 17,2026,2026-08-02,0,1,1,0.73,0,1.0,grosses,0.6,141474.0,141474.0,38110.0,38110.0,13298556.0,13381493.434812002,7923628.0,8006565.434812
The Rooftop at Pier 17,2026,2026-08-06,0,0,1,0.62,0,1.0,grosses,0.6,282948.0,282948.0,179584.0,179584.0,13581504.0,13664441.434812002,8103212.0,8186149.434812
The Rooftop at Pier 17,2026,2026-08-07,1,1,1,0.69,1,1.0,grosses,0.6,141474.0,224951.299596,38110.0,121587.29959600001,13722978.0,13889392.734408002,8141322.0,8307736.7344080005
The Rooftop at Pier 17,2026,2026-08-08,1,0,0,0.51,0,1.0,grosses,0.6,282948.0,282948.0,179584.0,179584.0,14005926.0,14172340.734408002,8320906.0,8487320.734408
The Rooftop at Pier 17,2026,2026-08-09,0,0,0,0.09,0,1.0,grosses,0.6,282948.0,282948.0,179584.0,179584.0,14288874.0,14455288.734408,8500490.0,8666904.734408
The Rooftop at Pier 17,2026,2026-08-13,0,0,1,0.71,0,1.0,grosses,0.6,282948.0,282948.0,179584.0,179584.0,14571822.0,14738236.734408,8680074.0,8846488.734408
The Rooftop at Pier 17,2026,2026-08-14,1,0,0,,0,1.0,grosses,0.6,282948.0,282948.0,179584.0,179584.0,14854770.0,15021184.734408,8859658.0,9026072.734408
The Rooftop at Pier 17,2026,2026-08-15,1,0,0,0.44,0,1.0,grosses,0.6,282948.0,282948.0,179584.0,179584.0,15137718.0,15304132.734408,9039242.0,9205656.734408
The Rooftop at Pier 17,2026,2026-08-16,0,1,1,,0,1.0,grosses,0.6,141474.0,141474.0,38110.0,38110.0,15279192.0,15445606.734408,9077352.0,9243766.734408
The Rooftop at Pier 17,2026,2026-08-20,0,1,1,0.8,0,1.0,grosses,0.6,141474.0,141474.0,38110.0,38110.0,15420666.0,15587080.734408,9115462.0,9281876.734408
The Rooftop at Pier 17,2026,2026-08-21,1,0,0,0.58,0,1.0,grosses,0.6,282948.0,282948.0,179584.0,179584.0,15703614.0,15870028.734408,9295046.0,9461460.734408
The Rooftop at Pier 17,2026,2026-08-22,1,0,0,0.5,0,1.0,grosses,0.6,282948.0,282948.0,179584.0,179584.0,15986562.0,16152976.734408,9474630.0,9641044.734408
The Rooftop at Pier 17,2026,2026-08-23,0,0,1,0.67,0,1.0,grosses,0.6,282948.0,282948.0,179584.0,179584.0,16269510.0,16435924.734408,9654214.0,9820628.734408
The Rooftop at Pier 17,2026,2026-08-27,0,0,1,0.79,0,1.0,grosses,0.6,282948.0,282948.0,179584.0,179584.0,16552458.0,16718872.734408,9833798.0,10000212.734408
The Rooftop at Pier 17,2026,2026-08-28,1,0,0,0.71,1,1.0,grosses,0.6,282948.0,77976.790476,179584.0,-25387.209524000005,16835406.0,16796849.524884,10013382.0,9974825.524884
The Rooftop at Pier 17,2026,2026-08-29,1,0,0,0.05,0,1.0,grosses,0.6,282948.0,282948.0,179584.0,179584.0,17118354.0,17079797.524884,10192966.0,10154409.524884
The Rooftop at Pier 17,2026,2026-08-30,0,1,1,0.62,0,1.0,grosses,0.6,141474.0,141474.0,38110.0,38110.0,17259828.0,17221271.524884,10231076.0,10192519.524884
The Rooftop at Pier 17,2026,2026-09-03,0,0,1,0.8,0,1.0,grosses,0.6,282948.0,282948.0,179584.0,179584.0,17542776.0,17504219.524884,10410660.0,10372103.524884
The Rooftop at Pier 17,2026,2026-09-04,1,0,1,0.61,1,1.0,grosses,0.6,282948.0,388585.786956,179584.0,285221.786956,17825724.0,17892805.31184,10590244.0,10657325.31184
The Rooftop at Pier 17,2026,2026-09-05,1,0,0,0.11,0,1.0,grosses,0.6,282948.0,282948.0,179584.0,179584.0,18108672.0,18175753.31184,10769828.0,10836909.31184
The Rooftop at Pier 17,2026,2026-09-06,1,0,0,0.17,0,1.0,grosses,0.6,282948.0,282948.0,179584.0,179584.0,18391620.0,18458701.311839998,10949412.0,11016493.311840001
The Rooftop at Pier 17,2026,2026-09-10,0,0,1,0.3,0,1.0,grosses,0.6,282948.0,282948.0,179584.0,179584.0,18674568.0,18741649.311839998,11128996.0,11196077.311840001
The Rooftop at Pier 17,2026,2026-09-11,1,0,0,0.0849999999999999,0,1.0,grosses,0.6,282948.0,282948.0,179584.0,179584.0,18957516.0,19024597.311839998,11308580.0,11375661.311840001
The Rooftop at Pier 17,2026,2026-09-12,1,0,0,0.27,0,1.0,grosses,0.6,282948.0,282948.0,179584.0,179584.0,19240464.0,19307545.311839998,11488164.0,11555245.311840001
The Rooftop at Pier 17,2026,2026-09-13,1,0,1,0.98,1,1.0,grosses,0.6,282948.0,288218.755344,179584.0,184854.755344,19523412.0,19595764.067183997,11667748.0,11740100.067184001
The Rooftop at Pier 17,2025,2025-05-01,1,0,0,,0,0.7,grosses,0.6,282948.0,282948.0,179584.0,179584.0,282948.0,282948.0,179584.0,179584.0
The Rooftop at Pier 17,2025,2025-05-02,1,0,0,,0,0.7,grosses,0.6,282948.0,282948.0,179584.0,179584.0,565896.0,565896.0,359168.0,359168.0
The Rooftop at Pier 17,2025,2025-05-03,1,1,1,0.5,0,0.7,grosses,0.6,141474.0,141474.0,38110.0,38110.0,707370.0,707370.0,397278.0,397278.0
The Rooftop at Pier 17,2025,2025-05-04,0,1,1,0.55,0,0.7,grosses,0.6,141474.0,141474.0,38110.0,38110.0,848844.0,848844.0,435388.0,435388.0
The Rooftop at Pier 17,2025,2025-05-08,0,0,1,,0,0.7,grosses,0.6,282948.0,282948.0,179584.0,179584.0,1131792.0,1131792.0,614972.0,614972.0
The Rooftop at Pier 17,2025,2025-05-09,1,0,1,,0,0.7,grosses,0.6,282948.0,282948.0,179584.0,179584.0,1414740.0,1414740.0,794556.0,794556.0
The Rooftop at Pier 17,2025,2025-05-10,1,0,1,,0,0.7,grosses,0.6,282948.0,282948.0,179584.0,179584.0,1697688.0,1697688.0,974140.0,974140.0
The Rooftop at Pier 17,2025,2025-05-11,0,0,0,,0,0.7,grosses,0.6,282948.0,282948.0,179584.0,179584.0,1980636.0,1980636.0,1153724.0,1153724.0
The Rooftop at Pier 17,2025,2025-05-15,0,0,0,,0,0.7,grosses,0.6,282948.0,282948.0,179584.0,179584.0,2263584.0,2263584.0,1333308.0,1333308.0
The Rooftop at Pier 17,2025,2025-05-16,1,0,1,,0,0.7,grosses,0.6,282948.0,282948.0,179584.0,179584.0,2546532.0,2546532.0,1512892.0,1512892.0
The Rooftop at Pier 17,2025,2025-05-17,1,0,1,,0,0.7,grosses,0.6,282948.0,282948.0,179584.0,179584.0,2829480.0,2829480.0,1692476.0,1692476.0
The Rooftop at Pier 17,2025,2025-05-18,0,0,0,,0,0.7,grosses,0.6,282948.0,282948.0,179584.0,179584.0,3112428.0,3112428.0,1872060.0,1872060.0
The Rooftop at Pier 17,2025,2025-05-22,0,1,1,,0,0.7,grosses,0.6,141474.0,141474.0,38110.0,38110.0,3253902.0,3253902.0,1910170.0,1910170.0
The Rooftop at Pier 17,2025,2025-05-23,1,1,1,0.8,1,0.7,grosses,0.6,141474.0,178868.40768,38110.0,75504.40767999999,3395376.0,3432770.40768,1948280.0,1985674.40768
The Rooftop at Pier 17,2025,2025-05-24,1,0,1,,0,0.7,grosses,0.6,282948.0,282948.0,179584.0,179584.0,3678324.0,3715718.40768,2127864.0,2165258.40768
The Rooftop at Pier 17,2025,2025-05-25,1,0,0,,0,0.7,grosses,0.6,282948.0,282948.0,179584.0,179584.0,3961272.0,3998666.40768,2307448.0,2344842.40768
The Rooftop at Pier 17,2025,2025-05-29,0,0,1,,0,0.7,grosses,0.6,282948.0,282948.0,179584.0,179584.0,4244220.0,4281614.40768,2487032.0,2524426.40768
The Rooftop at Pier 17,2025,2025-05-30,1,0,1,,0,0.7,grosses,0.6,282948.0,282948.0,179584.0,179584.0,4527168.0,4564562.40768,2666616.0,2704010.40768
The Rooftop at Pier 17,2025,2025-05-31,1,0,1,,0,0.7,grosses,0.6,282948.0,282948.0,179584.0,179584.0,4810116.0,4847510.40768,2846200.0,2883594.40768
The Rooftop at Pier 17,2025,2025-06-01,0,0,0,,0,0.7,grosses,0.6,282948.0,282948.0,179584.0,179584.0,5093064.0,5130458.40768,3025784.0,3063178.40768
The Rooftop at Pier 17,2025,2025-06-05,0,0,0,,0,0.7,grosses,0.6,282948.0,282948.0,179584.0,179584.0,5376012.0,5413406.40768,3205368.0,3242762.40768
The Rooftop at Pier 17,2025,2025-06-06,1,0,1,,0,0.7,grosses,0.6,282948.0,282948.0,179584.0,179584.0,5658960.0,5696354.40768,3384952.0,3422346.40768
The Rooftop at Pier 17,2025,2025-06-07,1,1,1,,0,0.7,grosses,0.6,141474.0,141474.0,38110.0,38110.0,5800434.0,5837828.40768,3423062.0,3460456.40768
The Rooftop at Pier 17,2025,2025-06-08,0,0,1,,0,0.7,grosses,0.6,282948.0,282948.0,179584.0,179584.0,6083382.0,6120776.40768,3602646.0,3640040.40768
The Rooftop at Pier 17,2025,2025-06-12,0,0,0,,0,0.7,grosses,0.6,282948.0,282948.0,179584.0,179584.0,6366330.0,6403724.40768,3782230.0,3819624.40768
The Rooftop at Pier 17,2025,2025-06-13,1,0,0,,0,0.7,grosses,0.6,282948.0,282948.0,179584.0,179584.0,6649278.0,6686672.40768,3961814.0,3999208.40768
The Rooftop at Pier 17,2025,2025-06-14,1,0,1,,0,0.7,grosses,0.6,282948.0,282948.0,179584.0,179584.0,6932226.0,6969620.40768,4141398.0,4178792.40768
The Rooftop at Pier 17,2025,2025-06-15,0,0,1,,0,0.7,grosses,0.6,282948.0,282948.0,179584.0,179584.0,7215174.0,7252568.40768,4320982.0,4358376.40768
The Rooftop at Pier 17,2025,2025-06-19,0,1,1,,0,0.7,grosses,0.6,141474.0,141474.0,38110.0,38110.0,7356648.0,7394042.40768,4359092.0,4396486.40768
The Rooftop at Pier 17,2025,2025-06-20,1,0,0,,0,0.7,grosses,0.6,282948.0,282948.0,179584.0,179584.0,7639596.0,7676990.40768,4538676.0,4576070.40768
The Rooftop at Pier 17,2025,2025-06-21,1,0,0,,0,0.7,grosses,0.6,282948.0,282948.0,179584.0,179584.0,7922544.0,7959938.40768,4718260.0,4755654.40768
The Rooftop at Pier 17,2025,2025-06-22,0,0,1,,0,0.7,grosses,0.6,282948.0,282948.0,179584.0,179584.0,8205492.0,8242886.40768,4897844.0,4935238.40768
The Rooftop at Pier 17,2025,2025-06-26,0,0,1,,0,0.7,grosses,0.6,282948.0,282948.0,179584.0,179584.0,8488440.0,8525834.407680001,5077428.0,5114822.40768
The Rooftop at Pier 17,2025,2025-06-27,1,0,1,,0,0.7,grosses,0.6,282948.0,282948.0,179584.0,179584.0,8771388.0,8808782.407680001,5257012.0,5294406.40768
The Rooftop at Pier 17,2025,2025-06-28,1,0,1,,0,0.7,grosses,0.6,282948.0,282948.0,179584.0,179584.0,9054336.0,9091730.407680001,5436596.0,5473990.40768
The Rooftop at Pier 17,2025,2025-06-29,0,0,0,,0,0.7,grosses,0.6,282948.0,282948.0,179584.0,179584.0,9337284.0,9374678.407680001,5616180.0,5653574.40768
The Rooftop at Pier 17,2025,2025-07-03,1,0,1,,0,0.7,grosses,0.6,282948.0,282948.0,179584.0,179584.0,9620232.0,9657626.407680001,5795764.0,5833158.40768
The Rooftop at Pier 17,2025,2025-07-04,1,0,0,,0,0.7,grosses,0.6,282948.0,282948.0,179584.0,179584.0,9903180.0,9940574.407680001,5975348.0,6012742.40768
The Rooftop at Pier 17,2025,2025-07-05,1,0,0,0.495,0,0.7,grosses,0.6,282948.0,282948.0,179584.0,179584.0,10186128.0,10223522.407680001,6154932.0,6192326.40768
The Rooftop at Pier 17,2025,2025-07-06,0,0,0,,0,0.7,grosses,0.6,282948.0,282948.0,179584.0,179584.0,10469076.0,10506470.407680001,6334516.0,6371910.40768
The Rooftop at Pier 17,2025,2025-07-10,0,0,1,,0,0.7,grosses,0.6,282948.0,282948.0,179584.0,179584.0,10752024.0,10789418.407680001,6514100.0,6551494.40768
The Rooftop at Pier 17,2025,2025-07-11,1,0,0,,0,0.7,grosses,0.6,282948.0,282948.0,179584.0,179584.0,11034972.0,11072366.407680001,6693684.0,6731078.40768
The Rooftop at Pier 17,2025,2025-07-12,1,0,0,,0,0.7,grosses,0.6,282948.0,282948.0,179584.0,179584.0,11317920.0,11355314.407680001,6873268.0,6910662.40768
The Rooftop at Pier 17,2025,2025-07-13,0,0,1,,0,0.7,grosses,0.6,282948.0,282948.0,179584.0,179584.0,11600868.0,11638262.407680001,7052852.0,7090246.40768
The Rooftop at Pier 17,2025,2025-07-17,0,0,1,,0,0.7,grosses,0.6,282948.0,282948.0,179584.0,179584.0,11883816.0,11921210.407680001,7232436.0,7269830.40768
The Rooftop at Pier 17,2025,2025-07-18,1,0,0,0.25,0,0.7,grosses,0.6,282948.0,282948.0,179584.0,179584.0,12166764.0,12204158.407680001,7412020.0,7449414.40768
The Rooftop at Pier 17,2025,2025-07-19,1,0,1,,0,0.7,grosses,0.6,282948.0,282948.0,179584.0,179584.0,12449712.0,12487106.407680001,7591604.0,7628998.40768
The Rooftop at Pier 17,2025,2025-07-20,0,0,1,,0,0.7,grosses,0.6,282948.0,282948.0,179584.0,179584.0,12732660.0,12770054.407680001,7771188.0,7808582.40768
The Rooftop at Pier 17,2025,2025-07-24,0,0,0,0.035,0,0.7,grosses,0.6,282948.0,282948.0,179584.0,179584.0,13015608.0,13053002.407680001,7950772.0,7988166.40768
The Rooftop at Pier 17,2025,2025-07-25,1,0,1,0.64,1,0.7,grosses,0.6,282948.0,351056.52625919995,179584.0,247692.52625919998,13298556.0,13404058.933939202,8130356.0,8235858.9339392
The Rooftop at Pier 17,2025,2025-07-26,1,0,0,0.24,0,0.7,grosses,0.6,282948.0,282948.0,179584.0,179584.0,13581504.0,13687006.933939202,8309940.0,8415442.9339392
The Rooftop at Pier 17,2025,2025-07-27,0,0,1,0.87,0,0.7,grosses,0.6,282948.0,282948.0,179584.0,179584.0,13864452.0,13969954.933939202,8489524.0,8595026.9339392
The Rooftop at Pier 17,2025,2025-07-31,0,1,1,0.87,0,0.7,grosses,0.6,141474.0,141474.0,38110.0,38110.0,14005926.0,14111428.933939202,8527634.0,8633136.9339392
The Rooftop at Pier 17,2025,2025-08-01,1,0,1,0.9,1,0.7,grosses,0.6,282948.0,301506.55932,179584.0,198142.55932,14288874.0,14412935.493259203,8707218.0,8831279.493259199
The Rooftop at Pier 17,2025,2025-08-02,1,0,0,0.035,0,0.7,grosses,0.6,282948.0,282948.0,179584.0,179584.0,14571822.0,14695883.493259203,8886802.0,9010863.493259199
The Rooftop at Pier 17,2025,2025-08-03,0,0,0,0.025,0,0.7,grosses,0.6,282948.0,282948.0,179584.0,179584.0,14854770.0,14978831.493259199,9066386.0,9190447.493259199
The Rooftop at Pier 17,2025,2025-08-07,0,0,1,0.045,0,0.7,grosses,0.6,282948.0,282948.0,179584.0,179584.0,15137718.0,15261779.493259199,9245970.0,9370031.493259199
The Rooftop at Pier 17,2025,2025-08-08,1,0,0,0.04,0,0.7,grosses,0.6,282948.0,282948.0,179584.0,179584.0,15420666.0,15544727.493259199,9425554.0,9549615.493259199
The Rooftop at Pier 17,2025,2025-08-09,1,0,0,0.04,0,0.7,grosses,0.6,282948.0,282948.0,179584.0,179584.0,15703614.0,15827675.493259199,9605138.0,9729199.493259199
The Rooftop at Pier 17,2025,2025-08-10,0,0,0,0.035,0,0.7,grosses,0.6,282948.0,282948.0,179584.0,179584.0,15986562.0,16110623.493259199,9784722.0,9908783.493259199
The Rooftop at Pier 17,2025,2025-08-14,0,0,0,0.5700000000000001,0,0.7,grosses,0.6,282948.0,282948.0,179584.0,179584.0,16269510.0,16393571.493259199,9964306.0,10088367.493259199
The Rooftop at Pier 17,2025,2025-08-15,1,0,0,0.25,0,0.7,grosses,0.6,282948.0,282948.0,179584.0,179584.0,16552458.0,16676519.493259199,10143890.0,10267951.493259199
The Rooftop at Pier 17,2025,2025-08-16,1,0,0,0.12,0,0.7,grosses,0.6,282948.0,282948.0,179584.0,179584.0,16835406.0,16959467.4932592,10323474.0,10447535.493259199
The Rooftop at Pier 17,2025,2025-08-17,0,1,1,0.59,0,0.7,grosses,0.6,141474.0,141474.0,38110.0,38110.0,16976880.0,17100941.4932592,10361584.0,10485645.493259199
The Rooftop at Pier 17,2025,2025-08-21,0,0,1,0.86,0,0.7,grosses,0.6,282948.0,282948.0,179584.0,179584.0,17259828.0,17383889.4932592,10541168.0,10665229.493259199
The Rooftop at Pier 17,2025,2025-08-22,1,0,0,0.03,0,0.7,grosses,0.6,282948.0,282948.0,179584.0,179584.0,17542776.0,17666837.4932592,10720752.0,10844813.493259199
The Rooftop at Pier 17,2025,2025-08-23,1,0,0,0.035,0,0.7,grosses,0.6,282948.0,282948.0,179584.0,179584.0,17825724.0,17949785.4932592,10900336.0,11024397.493259199
The Rooftop at Pier 17,2025,2025-08-24,0,0,0,0.34,0,0.7,grosses,0.6,282948.0,282948.0,179584.0,179584.0,18108672.0,18232733.4932592,11079920.0,11203981.493259199
The Rooftop at Pier 17,2025,2025-08-28,0,0,0,0.5,0,0.7,grosses,0.6,282948.0,282948.0,179584.0,179584.0,18391620.0,18515681.4932592,11259504.0,11383565.493259199
The Rooftop at Pier 17,2025,2025-08-29,1,0,0,,0,0.7,grosses,0.6,282948.0,282948.0,179584.0,179584.0,18674568.0,18798629.4932592,11439088.0,11563149.493259199
The Rooftop at Pier 17,2025,2025-08-30,1,0,0,,0,0.7,grosses,0.6,282948.0,282948.0,179584.0,179584.0,18957516.0,19081577.4932592,11618672.0,11742733.493259199
The Rooftop at Pier 17,2025,2025-08-31,1,0,0,,0,0.7,grosses,0.6,282948.0,282948.0,179584.0,179584.0,19240464.0,19364525.4932592,11798256.0,11922317.493259199
The Rooftop at Pier 17,2025,2025-09-04,0,1,1,0.65,0,0.7,grosses,0.6,141474.0,141474.0,38110.0,38110.0,19381938.0,19505999.4932592,11836366.0,11960427.493259199
The Rooftop at Pier 17,2025,2025-09-05,1,0,1,0.7,1,0.7,grosses,0.6,282948.0,339455.54508,179584.0,236091.54508,19664886.0,19845455.038339198,12015950.0,12196519.0383392
The Rooftop at Pier 17,2025,2025-09-06,1,1,1,0.89,1,0.7,grosses,0.6,141474.0,161903.6661492,38110.0,58539.6661492,19806360.0,20007358.704488397,12054060.0,12255058.7044884
The Rooftop at Pier 17,2025,2025-09-07,0,0,1,0.88,0,0.7,grosses,0.6,282948.0,282948.0,179584.0,179584.0,20089308.0,20290306.704488397,12233644.0,12434642.7044884
The Rooftop at Pier 17,2025,2025-09-11,0,0,0,0.04,0,0.7,grosses,0.6,282948.0,282948.0,179584.0,179584.0,20372256.0,20573254.704488397,12413228.0,12614226.7044884
The Rooftop at Pier 17,2025,2025-09-12,1,0,0,0.15,0,0.7,grosses,0.6,282948.0,282948.0,179584.0,179584.0,20655204.0,20856202.704488397,12592812.0,12793810.7044884
The Rooftop at Pier 17,2025,2025-09-13,1,0,0,0.1,0,0.7,grosses,0.6,282948.0,282948.0,179584.0,179584.0,20938152.0,21139150.704488397,12772396.0,12973394.7044884
The Rooftop at Pier 17,2025,2025-09-14,0,0,0,0.44,0,0.7,grosses,0.6,282948.0,282948.0,179584.0,179584.0,21221100.0,21422098.7044884,12951980.0,13152978.7044884
The Rooftop at Pier 17,2025,2025-09-18,0,0,1,0.66,0,0.7,grosses,0.6,282948.0,282948.0,179584.0,179584.0,21504048.0,21705046.7044884,13131564.0,13332562.7044884
The Rooftop at Pier 17,2025,2025-09-19,1,0,0,0.035,0,0.7,grosses,0.6,282948.0,282948.0,179584.0,179584.0,21786996.0,21987994.7044884,13311148.0,13512146.7044884
The Rooftop at Pier 17,2025,2025-09-20,1,0,0,0.035,0,0.7,grosses,0.6,282948.0,282948.0,179584.0,179584.0,22069944.0,22270942.7044884,13490732.0,13691730.7044884
The Rooftop at Pier 17,2025,2025-09-21,0,0,0,0.045,0,0.7,grosses,0.6,282948.0,282948.0,179584.0,179584.0,22352892.0,22553890.7044884,13670316.0,13871314.7044884
The Rooftop at Pier 17,2025,2025-09-25,0,0,1,0.95,0,0.7,grosses,0.6,282948.0,282948.0,179584.0,179584.0,22635840.0,22836838.7044884,13849900.0,14050898.7044884
The Rooftop at Pier 17,2025,2025-09-26,1,0,0,0.39,0,0.7,grosses,0.6,282948.0,282948.0,179584.0,179584.0,22918788.0,23119786.7044884,14029484.0,14230482.7044884
The Rooftop at Pier 17,2025,2025-09-27,1,0,1,0.4,0,0.7,grosses,0.6,282948.0,282948.0,179584.0,179584.0,23201736.0,23402734.7044884,14209068.0,14410066.7044884
The Rooftop at Pier 17,2025,2025-09-28,1,0,1,0.8400000000000001,1,0.7,grosses,0.6,282948.0,312774.79365119996,179584.0,209410.7936512,23484684.0,23715509.4981396,14388652.0,14619477.498139601
Berry Park,2026,2026-05-01,1,0,1,0.04,0,1.0,grosses,0.5,20161.0,20161.0,15336.0,15336.0,20161.0,20161.0,15336.0,15336.0
Berry Park,2026,2026-05-02,1,0,1,0.33,0,1.0,grosses,0.5,20161.0,20161.0,15336.0,15336.0,40322.0,40322.0,30672.0,30672.0
Berry Park,2026,2026-05-03,0,0,0,0.02,0,1.0,grosses,0.5,8539.0,8539.0,6178.0,6178.0,48861.0,48861.0,36850.0,36850.0
Berry Park,2026,2026-05-05,0,0,0,0.19,0,1.0,grosses,0.5,8539.0,8539.0,6178.0,6178.0,57400.0,57400.0,43028.0,43028.0
Berry Park,2026,2026-05-06,0,1,1,0.99,0,1.0,grosses,0.5,4269.5,4269.5,1908.5,1908.5,61669.5,61669.5,44936.5,44936.5
Berry Park,2026,2026-05-07,0,0,1,0.05,0,1.0,grosses,0.5,8539.0,8539.0,6178.0,6178.0,70208.5,70208.5,51114.5,51114.5
Berry Park,2026,2026-05-08,1,0,1,0.64,1,1.0,grosses,0.5,20161.0,27093.803391999998,15336.0,22268.803391999998,90369.5,97302.303392,66450.5,73383.303392
Berry Park,2026,2026-05-09,1,1,1,0.89,1,1.0,grosses,0.5,10080.5,12160.046666999999,5255.5,7335.046667,100450.0,109462.35005899999,71706.0,80718.35005899999
Berry Park,2026,2026-05-10,0,0,1,0.87,0,1.0,grosses,0.5,8539.0,8539.0,6178.0,6178.0,108989.0,118001.35005899999,77884.0,86896.35005899999
Berry Park,2026,2026-05-12,0,0,0,0.01,0,1.0,grosses,0.5,8539.0,8539.0,6178.0,6178.0,117528.0,126540.35005899999,84062.0,93074.35005899999
Berry Park,2026,2026-05-13,0,0,1,0.15,0,1.0,grosses,0.5,8539.0,8539.0,6178.0,6178.0,126067.0,135079.350059,90240.0,99252.35005899999
Berry Park,2026,2026-05-14,0,0,1,0.99,0,1.0,grosses,0.5,8539.0,8539.0,6178.0,6178.0,134606.0,143618.350059,96418.0,105430.35005899999
Berry Park,2026,2026-05-15,1,0,0,0.5,1,1.0,grosses,0.5,20161.0,9727.6825,15336.0,4902.682500000001,154767.0,153346.03255899998,111754.0,110333.03255899998
Berry Park,2026,2026-05-16,1,0,0,0.115,0,1.0,grosses,0.5,20161.0,20161.0,15336.0,15336.0,174928.0,173507.03255899998,127090.0,125669.03255899998
Berry Park,2026,2026-05-17,0,0,0,0.15,0,1.0,grosses,0.5,8539.0,8539.0,6178.0,6178.0,183467.0,182046.03255899998,133268.0,131847.03255899998
Berry Park,2026,2026-05-19,0,0,0,0.445,0,1.0,grosses,0.5,8539.0,8539.0,6178.0,6178.0,192006.0,190585.032559,139446.0,138025.032559
Berry Park,2026,2026-05-20,0,1,1,0.8,0,1.0,grosses,0.5,4269.5,4269.5,1908.5,1908.5,196275.5,194854.532559,141354.5,139933.532559
Berry Park,2026,2026-05-21,0,0,1,0.9,0,1.0,grosses,0.5,8539.0,8539.0,6178.0,6178.0,204814.5,203393.532559,147532.5,146111.532559
Berry Park,2026,2026-05-22,1,0,0,0.14,0,1.0,grosses,0.5,20161.0,20161.0,15336.0,15336.0,224975.5,223554.532559,162868.5,161447.532559
Berry Park,2026,2026-05-23,1,1,1,0.99,1,1.0,grosses,0.5,10080.5,10268.138427,5255.5,5443.138427,235056.0,233822.670986,168124.0,166890.670986
Berry Park,2026,2026-05-24,1,0,1,0.99,1,1.0,grosses,0.5,20161.0,20348.638427,15336.0,15523.638427,255217.0,254171.309413,183460.0,182414.309413
Berry Park,2026,2026-05-26,0,0,0,0.03,0,1.0,grosses,0.5,8539.0,8539.0,6178.0,6178.0,263756.0,262710.309413,189638.0,188592.309413
Berry Park,2026,2026-05-27,0,0,1,0.1,0,1.0,grosses,0.5,8539.0,8539.0,6178.0,6178.0,272295.0,271249.309413,195816.0,194770.309413
Berry Park,2026,2026-05-28,0,0,0,0.04,0,1.0,grosses,0.5,8539.0,8539.0,6178.0,6178.0,280834.0,279788.309413,201994.0,200948.309413
Berry Park,2026,2026-05-29,1,0,0,0.1,0,1.0,grosses,0.5,20161.0,20161.0,15336.0,15336.0,300995.0,299949.309413,217330.0,216284.309413
Berry Park,2026,2026-05-30,1,0,1,0.445,0,1.0,grosses,0.5,20161.0,20161.0,15336.0,15336.0,321156.0,320110.309413,232666.0,231620.309413
Berry Park,2026,2026-05-31,0,0,0,0.445,0,1.0,grosses,0.5,8539.0,8539.0,6178.0,6178.0,329695.0,328649.309413,238844.0,237798.309413
Berry Park,2026,2026-06-02,0,0,0,0.45,0,1.0,grosses,0.5,8539.0,8539.0,6178.0,6178.0,338234.0,337188.309413,245022.0,243976.309413
Berry Park,2026,2026-06-03,0,0,0,0.04,0,1.0,grosses,0.5,8539.0,8539.0,6178.0,6178.0,346773.0,345727.309413,251200.0,250154.309413
Berry Park,2026,2026-06-04,0,0,0,0.115,0,1.0,grosses,0.5,8539.0,8539.0,6178.0,6178.0,355312.0,354266.309413,257378.0,256332.309413
Berry Park,2026,2026-06-05,1,0,0,0.38,0,1.0,grosses,0.5,20161.0,20161.0,15336.0,15336.0,375473.0,374427.309413,272714.0,271668.309413
Berry Park,2026,2026-06-06,1,1,1,0.445,0,1.0,grosses,0.5,10080.5,10080.5,5255.5,5255.5,385553.5,384507.809413,277969.5,276923.809413
Berry Park,2026,2026-06-07,0,0,1,0.16,0,1.0,grosses,0.5,8539.0,8539.0,6178.0,6178.0,394092.5,393046.809413,284147.5,283101.809413
Berry Park,2026,2026-06-09,0,0,0,0.445,0,1.0,grosses,0.5,8539.0,8539.0,6178.0,6178.0,402631.5,401585.809413,290325.5,289279.809413
Berry Park,2026,2026-06-10,0,0,1,0.19,0,1.0,grosses,0.5,8539.0,8539.0,6178.0,6178.0,411170.5,410124.809413,296503.5,295457.809413
Berry Park,2026,2026-06-11,0,1,1,0.9,0,1.0,grosses,0.5,4269.5,4269.5,1908.5,1908.5,415440.0,414394.309413,298412.0,297366.309413
Berry Park,2026,2026-06-12,1,1,1,0.32,0,1.0,grosses,0.5,10080.5,10080.5,5255.5,5255.5,425520.5,424474.809413,303667.5,302621.809413
Berry Park,2026,2026-06-13,1,0,0,0.4599999999999999,0,1.0,grosses,0.5,20161.0,20161.0,15336.0,15336.0,445681.5,444635.809413,319003.5,317957.809413
Berry Park,2026,2026-06-14,0,1,1,0.84,0,1.0,grosses,0.5,4269.5,4269.5,1908.5,1908.5,449951.0,448905.309413,320912.0,319866.309413
Berry Park,2026,2026-06-16,0,0,0,0.16,0,1.0,grosses,0.5,8539.0,8539.0,6178.0,6178.0,458490.0,457444.309413,327090.0,326044.309413
Berry Park,2026,2026-06-17,0,0,1,0.59,0,1.0,grosses,0.5,8539.0,8539.0,6178.0,6178.0,467029.0,465983.309413,333268.0,332222.309413
Berry Park,2026,2026-06-18,0,0,1,0.86,0,1.0,grosses,0.5,8539.0,8539.0,6178.0,6178.0,475568.0,474522.309413,339446.0,338400.309413
Berry Park,2026,2026-06-19,1,0,0,0.19,0,1.0,grosses,0.5,20161.0,20161.0,15336.0,15336.0,495729.0,494683.309413,354782.0,353736.309413
Berry Park,2026,2026-06-20,1,0,0,0.39,0,1.0,grosses,0.5,20161.0,20161.0,15336.0,15336.0,515890.0,514844.309413,370118.0,369072.309413
Berry Park,2026,2026-06-21,0,0,0,0.58,0,1.0,grosses,0.5,8539.0,8539.0,6178.0,6178.0,524429.0,523383.309413,376296.0,375250.309413
Berry Park,2026,2026-06-23,0,0,1,0.95,0,1.0,grosses,0.5,8539.0,8539.0,6178.0,6178.0,532968.0,531922.309413,382474.0,381428.309413
Berry Park,2026,2026-06-24,0,0,0,0.04,0,1.0,grosses,0.5,8539.0,8539.0,6178.0,6178.0,541507.0,540461.309413,388652.0,387606.309413
Berry Park,2026,2026-06-25,0,0,0,0.85,0,1.0,grosses,0.5,8539.0,8539.0,6178.0,6178.0,550046.0,549000.309413,394830.0,393784.309413
Berry Park,2026,2026-06-26,1,0,1,0.86,1,1.0,grosses,0.5,20161.0,22813.623092,15336.0,17988.623092,570207.0,571813.932505,410166.0,411772.93250500003
Berry Park,2026,2026-06-27,1,0,1,0.85,1,1.0,grosses,0.5,20161.0,23005.213075,15336.0,18180.213075,590368.0,594819.14558,425502.0,429953.14558
Berry Park,2026,2026-06-28,0,0,0,0.85,0,1.0,grosses,0.5,8539.0,8539.0,6178.0,6178.0,598907.0,603358.14558,431680.0,436131.14558
Berry Park,2026,2026-06-30,0,0,1,0.15,0,1.0,grosses,0.5,8539.0,8539.0,6178.0,6178.0,607446.0,611897.14558,437858.0,442309.14558
Berry Park,2026,2026-07-01,0,0,0,0.08,0,1.0,grosses,0.5,8539.0,8539.0,6178.0,6178.0,615985.0,620436.14558,444036.0,448487.14558
Berry Park,2026,2026-07-02,0,0,0,0.26,0,1.0,grosses,0.5,8539.0,8539.0,6178.0,6178.0,624524.0,628975.14558,450214.0,454665.14558
Berry Park,2026,2026-07-03,1,1,1,0.86,1,1.0,grosses,0.5,10080.5,12733.123092,5255.5,7908.123092,634604.5,641708.268672,455469.5,462573.26867200003
Berry Park,2026,2026-07-04,1,1,1,0.86,1,1.0,grosses,0.5,10080.5,12733.123092,5255.5,7908.123092,644685.0,654441.391764,460725.0,470481.391764
Berry Park,2026,2026-07-05,0,1,1,0.86,0,1.0,grosses,0.5,4269.5,4269.5,1908.5,1908.5,648954.5,658710.891764,462633.5,472389.891764
Berry Park,2026,2026-07-07,0,0,1,0.95,0,1.0,grosses,0.5,8539.0,8539.0,6178.0,6178.0,657493.5,667249.891764,468811.5,478567.891764
Berry Park,2026,2026-07-08,0,0,0,0.12,0,1.0,grosses,0.5,8539.0,8539.0,6178.0,6178.0,666032.5,675788.891764,474989.5,484745.891764
Berry Park,2026,2026-07-09,0,0,1,0.85,0,1.0,grosses,0.5,8539.0,8539.0,6178.0,6178.0,674571.5,684327.891764,481167.5,490923.891764
Berry Park,2026,2026-07-10,1,0,0,0.86,1,1.0,grosses,0.5,20161.0,2652.6230920000016,15336.0,-2172.3769079999984,694732.5,686980.5148560001,496503.5,488751.514856
Berry Park,2026,2026-07-11,1,0,1,0.83,1,1.0,grosses,0.5,20161.0,23389.239803,15336.0,18564.239803,714893.5,710369.7546590001,511839.5,507315.754659
Berry Park,2026,2026-07-12,0,0,0,0.1,0,1.0,grosses,0.5,8539.0,8539.0,6178.0,6178.0,723432.5,718908.7546590001,518017.5,513493.754659
Berry Park,2026,2026-07-14,0,0,0,0.01,0,1.0,grosses,0.5,8539.0,8539.0,6178.0,6178.0,731971.5,727447.7546590001,524195.5,519671.754659
Berry Park,2026,2026-07-15,0,0,1,,0,1.0,grosses,0.5,8539.0,8539.0,6178.0,6178.0,740510.5,735986.7546590001,530373.5,525849.7546590001
Berry Park,2026,2026-07-15,0,0,1,0.465,0,1.0,grosses,0.5,8539.0,8539.0,6178.0,6178.0,749049.5,744525.7546590001,536551.5,532027.7546590001
Berry Park,2026,2026-07-17,1,0,0,,0,1.0,grosses,0.5,20161.0,20161.0,15336.0,15336.0,769210.5,764686.7546590001,551887.5,547363.7546590001
Berry Park,2026,2026-07-22,0,0,0,,0,1.0,grosses,0.5,8539.0,8539.0,6178.0,6178.0,777749.5,773225.7546590001,558065.5,553541.7546590001
Berry Park,2026,2026-07-23,0,0,0,0.22,0,1.0,grosses,0.5,8539.0,8539.0,6178.0,6178.0,786288.5,781764.7546590001,564243.5,559719.7546590001
Berry Park,2026,2026-07-24,1,0,0,0.43,0,1.0,grosses,0.5,20161.0,20161.0,15336.0,15336.0,806449.5,801925.7546590001,579579.5,575055.7546590001
Berry Park,2026,2026-07-25,1,0,0,0.12,0,1.0,grosses,0.5,20161.0,20161.0,15336.0,15336.0,826610.5,822086.7546590001,594915.5,590391.7546590001
Berry Park,2026,2026-07-26,0,0,0,0.425,0,1.0,grosses,0.5,8539.0,8539.0,6178.0,6178.0,835149.5,830625.7546590001,601093.5,596569.7546590001
Berry Park,2026,2026-07-28,0,1,1,0.92,0,1.0,grosses,0.5,4269.5,4269.5,1908.5,1908.5,839419.0,834895.2546590001,603002.0,598478.2546590001
Berry Park,2026,2026-07-29,0,0,1,0.81,0,1.0,grosses,0.5,8539.0,8539.0,6178.0,6178.0,847958.0,843434.2546590001,609180.0,604656.2546590001
Berry Park,2026,2026-07-30,0,0,1,0.3,0,1.0,grosses,0.5,8539.0,8539.0,6178.0,6178.0,856497.0,851973.2546590001,615358.0,610834.2546590001
Berry Park,2026,2026-07-31,1,0,1,0.02,0,1.0,grosses,0.5,20161.0,20161.0,15336.0,15336.0,876658.0,872134.2546590001,630694.0,626170.2546590001
Berry Park,2026,2026-08-01,1,0,0,0.21,0,1.0,grosses,0.5,20161.0,20161.0,15336.0,15336.0,896819.0,892295.2546590001,646030.0,641506.2546590001
Berry Park,2026,2026-08-02,0,1,1,0.73,0,1.0,grosses,0.5,4269.5,4269.5,1908.5,1908.5,901088.5,896564.7546590001,647938.5,643414.7546590001
Berry Park,2026,2026-08-04,0,0,0,0.06,0,1.0,grosses,0.5,8539.0,8539.0,6178.0,6178.0,909627.5,905103.7546590001,654116.5,649592.7546590001
Berry Park,2026,2026-08-05,0,1,1,0.52,0,1.0,grosses,0.5,4269.5,4269.5,1908.5,1908.5,913897.0,909373.2546590001,656025.0,651501.2546590001
Berry Park,2026,2026-08-06,0,0,1,0.62,0,1.0,grosses,0.5,8539.0,8539.0,6178.0,6178.0,922436.0,917912.2546590001,662203.0,657679.2546590001
Berry Park,2026,2026-08-07,1,1,1,0.69,1,1.0,grosses,0.5,10080.5,16028.539347000002,5255.5,11203.539347000002,932516.5,933940.794006,667458.5,668882.794006
Berry Park,2026,2026-08-08,1,0,0,0.51,1,1.0,grosses,0.5,20161.0,9526.213627000001,15336.0,4701.213627000001,952677.5,943467.007633,682794.5,673584.007633
Berry Park,2026,2026-08-09,0,0,0,0.09,0,1.0,grosses,0.5,8539.0,8539.0,6178.0,6178.0,961216.5,952006.007633,688972.5,679762.007633
Berry Park,2026,2026-08-11,0,0,0,0.22,0,1.0,grosses,0.5,8539.0,8539.0,6178.0,6178.0,969755.5,960545.007633,695150.5,685940.007633
Berry Park,2026,2026-08-12,0,0,0,0.53,0,1.0,grosses,0.5,8539.0,8539.0,6178.0,6178.0,978294.5,969084.007633,701328.5,692118.007633
Berry Park,2026,2026-08-13,0,0,1,0.71,0,1.0,grosses,0.5,8539.0,8539.0,6178.0,6178.0,986833.5,977623.007633,707506.5,698296.007633
Berry Park,2026,2026-08-14,1,0,0,,0,1.0,grosses,0.5,20161.0,20161.0,15336.0,15336.0,1006994.5,997784.007633,722842.5,713632.007633
Berry Park,2026,2026-08-15,1,0,0,0.44,0,1.0,grosses,0.5,20161.0,20161.0,15336.0,15336.0,1027155.5,1017945.007633,738178.5,728968.007633
Berry Park,2026,2026-08-16,0,1,1,,0,1.0,grosses,0.5,4269.5,4269.5,1908.5,1908.5,1031425.0,1022214.507633,740087.0,730876.507633
Berry Park,2026,2026-08-18,0,0,1,0.12,0,1.0,grosses,0.5,8539.0,8539.0,6178.0,6178.0,1039964.0,1030753.507633,746265.0,737054.507633
Berry Park,2026,2026-08-19,0,0,0,0.05,0,1.0,grosses,0.5,8539.0,8539.0,6178.0,6178.0,1048503.0,1039292.507633,752443.0,743232.507633
Berry Park,2026,2026-08-20,0,1,1,0.8,0,1.0,grosses,0.5,4269.5,4269.5,1908.5,1908.5,1052772.5,1043562.007633,754351.5,745141.007633
Berry Park,2026,2026-08-21,1,0,0,0.58,1,1.0,grosses,0.5,20161.0,8123.834628000002,15336.0,3298.8346280000023,1072933.5,1051685.842261,769687.5,748439.8422610001
Berry Park,2026,2026-08-22,1,0,0,0.5,1,1.0,grosses,0.5,20161.0,9727.6825,15336.0,4902.682500000001,1093094.5,1061413.5247610002,785023.5,753342.5247610001
Berry Park,2026,2026-08-23,0,0,1,0.67,0,1.0,grosses,0.5,8539.0,8539.0,6178.0,6178.0,1101633.5,1069952.524761,791201.5,759520.524761
Berry Park,2026,2026-08-25,0,0,0,0.15,0,1.0,grosses,0.5,8539.0,8539.0,6178.0,6178.0,1110172.5,1078491.524761,797379.5,765698.524761
Berry Park,2026,2026-08-26,0,0,0,0.12,0,1.0,grosses,0.5,8539.0,8539.0,6178.0,6178.0,1118711.5,1087030.524761,803557.5,771876.524761
Berry Park,2026,2026-08-27,0,0,1,0.79,0,1.0,grosses,0.5,8539.0,8539.0,6178.0,6178.0,1127250.5,1095569.524761,809735.5,778054.524761
Berry Park,2026,2026-08-28,1,0,0,0.71,1,1.0,grosses,0.5,20161.0,5556.109507000001,15336.0,731.109507000001,1147411.5,1101125.634268,825071.5,778785.6342679999
Berry Park,2026,2026-08-29,1,0,0,0.05,0,1.0,grosses,0.5,20161.0,20161.0,15336.0,15336.0,1167572.5,1121286.634268,840407.5,794121.6342679999
Berry Park,2026,2026-08-30,0,1,1,0.62,0,1.0,grosses,0.5,4269.5,4269.5,1908.5,1908.5,1171842.0,1125556.134268,842316.0,796030.1342679999
Berry Park,2026,2026-09-01,0,1,1,0.75,0,1.0,grosses,0.5,4269.5,4269.5,1908.5,1908.5,1176111.5,1129825.634268,844224.5,797938.6342679999
Berry Park,2026,2026-09-02,0,0,1,0.62,0,1.0,grosses,0.5,8539.0,8539.0,6178.0,6178.0,1184650.5,1138364.6342679998,850402.5,804116.634268
Berry Park,2026,2026-09-03,0,0,1,0.8,0,1.0,grosses,0.5,8539.0,8539.0,6178.0,6178.0,1193189.5,1146903.6342679998,856580.5,810294.634268
Berry Park,2026,2026-09-04,1,0,1,0.61,1,1.0,grosses,0.5,20161.0,27688.048866999998,15336.0,22863.048866999998,1213350.5,1174591.6831349998,871916.5,833157.683135
Berry Park,2026,2026-09-05,1,0,0,0.11,0,1.0,grosses,0.5,20161.0,20161.0,15336.0,15336.0,1233511.5,1194752.6831349998,887252.5,848493.683135
Berry Park,2026,2026-09-06,1,0,0,0.17,0,1.0,grosses,0.5,20161.0,20161.0,15336.0,15336.0,1253672.5,1214913.6831349998,902588.5,863829.683135
Berry Park,2026,2026-09-08,0,0,0,0.06,0,1.0,grosses,0.5,8539.0,8539.0,6178.0,6178.0,1262211.5,1223452.6831349998,908766.5,870007.683135
Berry Park,2026,2026-09-09,0,0,0,0.08,0,1.0,grosses,0.5,8539.0,8539.0,6178.0,6178.0,1270750.5,1231991.6831349998,914944.5,876185.683135
Berry Park,2026,2026-09-10,0,0,1,0.3,0,1.0,grosses,0.5,8539.0,8539.0,6178.0,6178.0,1279289.5,1240530.6831349998,921122.5,882363.683135
Berry Park,2026,2026-09-11,1,0,0,0.0849999999999999,0,1.0,grosses,0.5,20161.0,20161.0,15336.0,15336.0,1299450.5,1260691.683135,936458.5,897699.6831349999
Berry Park,2026,2026-09-12,1,0,0,0.27,0,1.0,grosses,0.5,20161.0,20161.0,15336.0,15336.0,1319611.5,1280852.683135,951794.5,913035.6831349999
Berry Park,2026,2026-09-13,0,0,1,0.98,0,1.0,grosses,0.5,8539.0,8539.0,6178.0,6178.0,1328150.5,1289391.683135,957972.5,919213.6831349999
Berry Park,2025,2025-05-01,1,0,0,,0,1.0,grosses,0.0,20161.0,20161.0,15336.0,15336.0,20161.0,20161.0,15336.0,15336.0
Berry Park,2025,2025-05-02,1,0,0,,0,1.0,grosses,0.0,20161.0,20161.0,15336.0,15336.0,40322.0,40322.0,30672.0,30672.0
Berry Park,2025,2025-05-03,1,1,1,0.5,1,1.0,grosses,0.0,10080.5,19808.1825,5255.5,14983.182499999999,50402.5,60130.182499999995,35927.5,45655.182499999995
Berry Park,2025,2025-05-04,0,1,1,0.55,0,1.0,grosses,0.0,4269.5,4269.5,1908.5,1908.5,54672.0,64399.682499999995,37836.0,47563.682499999995
Berry Park,2025,2025-05-06,0,0,1,0.8,0,1.0,grosses,0.0,8539.0,8539.0,6178.0,6178.0,63211.0,72938.6825,44014.0,53741.682499999995
Berry Park,2025,2025-05-07,0,0,1,,0,1.0,grosses,0.0,8539.0,8539.0,6178.0,6178.0,71750.0,81477.6825,50192.0,59919.682499999995
Berry Park,2025,2025-05-08,0,0,1,,0,1.0,grosses,0.0,8539.0,8539.0,6178.0,6178.0,80289.0,90016.6825,56370.0,66097.6825
Berry Park,2025,2025-05-09,1,0,1,,0,1.0,grosses,0.0,20161.0,20161.0,15336.0,15336.0,100450.0,110177.6825,71706.0,81433.6825
Berry Park,2025,2025-05-10,1,0,1,,0,1.0,grosses,0.0,20161.0,20161.0,15336.0,15336.0,120611.0,130338.6825,87042.0,96769.6825
Berry Park,2025,2025-05-11,0,0,0,,0,1.0,grosses,0.0,8539.0,8539.0,6178.0,6178.0,129150.0,138877.6825,93220.0,102947.6825
Berry Park,2025,2025-05-13,0,1,1,,0,1.0,grosses,0.0,4269.5,4269.5,1908.5,1908.5,133419.5,143147.1825,95128.5,104856.1825
Berry Park,2025,2025-05-14,0,1,1,,0,1.0,grosses,0.0,4269.5,4269.5,1908.5,1908.5,137689.0,147416.6825,97037.0,106764.6825
Berry Park,2025,2025-05-15,0,0,0,,0,1.0,grosses,0.0,8539.0,8539.0,6178.0,6178.0,146228.0,155955.6825,103215.0,112942.6825
Berry Park,2025,2025-05-16,1,0,1,,0,1.0,grosses,0.0,20161.0,20161.0,15336.0,15336.0,166389.0,176116.6825,118551.0,128278.6825
Berry Park,2025,2025-05-17,1,0,1,,0,1.0,grosses,0.0,20161.0,20161.0,15336.0,15336.0,186550.0,196277.6825,133887.0,143614.6825
Berry Park,2025,2025-05-18,0,0,0,,0,1.0,grosses,0.0,8539.0,8539.0,6178.0,6178.0,195089.0,204816.6825,140065.0,149792.6825
Berry Park,2025,2025-05-20,0,0,0,,0,1.0,grosses,0.0,8539.0,8539.0,6178.0,6178.0,203628.0,213355.6825,146243.0,155970.6825
Berry Park,2025,2025-05-21,0,0,1,,0,1.0,grosses,0.0,8539.0,8539.0,6178.0,6178.0,212167.0,221894.6825,152421.0,162148.6825
Berry Park,2025,2025-05-22,0,1,1,,0,1.0,grosses,0.0,4269.5,4269.5,1908.5,1908.5,216436.5,226164.1825,154329.5,164057.1825
Berry Park,2025,2025-05-23,1,1,1,0.8,1,1.0,grosses,0.0,10080.5,13886.896799999999,5255.5,9061.896799999999,226517.0,240051.07929999998,159585.0,173119.07929999998
Berry Park,2025,2025-05-24,1,0,1,,0,1.0,grosses,0.0,20161.0,20161.0,15336.0,15336.0,246678.0,260212.07929999998,174921.0,188455.07929999998
Berry Park,2025,2025-05-25,1,0,0,,0,1.0,grosses,0.0,20161.0,20161.0,15336.0,15336.0,266839.0,280373.0793,190257.0,203791.07929999998
Berry Park,2025,2025-05-27,0,0,0,,0,1.0,grosses,0.0,8539.0,8539.0,6178.0,6178.0,275378.0,288912.0793,196435.0,209969.07929999998
Berry Park,2025,2025-05-29,0,0,1,,0,1.0,grosses,0.0,8539.0,8539.0,6178.0,6178.0,283917.0,297451.0793,202613.0,216147.07929999998
Berry Park,2025,2025-05-30,1,0,1,,0,1.0,grosses,0.0,20161.0,20161.0,15336.0,15336.0,304078.0,317612.0793,217949.0,231483.07929999998
Berry Park,2025,2025-05-31,1,0,1,,0,1.0,grosses,0.0,20161.0,20161.0,15336.0,15336.0,324239.0,337773.0793,233285.0,246819.07929999998
Berry Park,2025,2025-06-01,0,0,0,,0,1.0,grosses,0.0,8539.0,8539.0,6178.0,6178.0,332778.0,346312.0793,239463.0,252997.07929999998
Berry Park,2025,2025-06-03,0,0,0,,0,1.0,grosses,0.0,8539.0,8539.0,6178.0,6178.0,341317.0,354851.0793,245641.0,259175.07929999998
Berry Park,2025,2025-06-04,0,0,0,0.25,0,1.0,grosses,0.0,8539.0,8539.0,6178.0,6178.0,349856.0,363390.0793,251819.0,265353.0793
Berry Park,2025,2025-06-05,0,0,0,,0,1.0,grosses,0.0,8539.0,8539.0,6178.0,6178.0,358395.0,371929.0793,257997.0,271531.0793
Berry Park,2025,2025-06-06,1,0,1,,0,1.0,grosses,0.0,20161.0,20161.0,15336.0,15336.0,378556.0,392090.0793,273333.0,286867.0793
Berry Park,2025,2025-06-07,1,1,1,,0,1.0,grosses,0.0,10080.5,10080.5,5255.5,5255.5,388636.5,402170.5793,278588.5,292122.5793
Berry Park,2025,2025-06-08,0,0,1,,0,1.0,grosses,0.0,8539.0,8539.0,6178.0,6178.0,397175.5,410709.5793,284766.5,298300.5793
Berry Park,2025,2025-06-10,0,0,1,,0,1.0,grosses,0.0,8539.0,8539.0,6178.0,6178.0,405714.5,419248.5793,290944.5,304478.5793
Berry Park,2025,2025-06-11,0,0,0,,0,1.0,grosses,0.0,8539.0,8539.0,6178.0,6178.0,414253.5,427787.5793,297122.5,310656.5793
Berry Park,2025,2025-06-12,0,0,0,,0,1.0,grosses,0.0,8539.0,8539.0,6178.0,6178.0,422792.5,436326.5793,303300.5,316834.5793
Berry Park,2025,2025-06-13,1,0,0,,0,1.0,grosses,0.0,20161.0,20161.0,15336.0,15336.0,442953.5,456487.5793,318636.5,332170.5793
Berry Park,2025,2025-06-14,1,0,1,,0,1.0,grosses,0.0,20161.0,20161.0,15336.0,15336.0,463114.5,476648.5793,333972.5,347506.5793
Berry Park,2025,2025-06-15,0,0,1,,0,1.0,grosses,0.0,8539.0,8539.0,6178.0,6178.0,471653.5,485187.5793,340150.5,353684.5793
Berry Park,2025,2025-06-17,0,0,1,,0,1.0,grosses,0.0,8539.0,8539.0,6178.0,6178.0,480192.5,493726.5793,346328.5,359862.5793
Berry Park,2025,2025-06-18,0,0,1,0.55,0,1.0,grosses,0.0,8539.0,8539.0,6178.0,6178.0,488731.5,502265.5793,352506.5,366040.5793
Berry Park,2025,2025-06-19,0,1,1,,0,1.0,grosses,0.0,4269.5,4269.5,1908.5,1908.5,493001.0,506535.0793,354415.0,367949.0793
Berry Park,2025,2025-06-20,1,0,0,,0,1.0,grosses,0.0,20161.0,20161.0,15336.0,15336.0,513162.0,526696.0793,369751.0,383285.0793
Berry Park,2025,2025-06-21,1,0,0,,0,1.0,grosses,0.0,20161.0,20161.0,15336.0,15336.0,533323.0,546857.0793,385087.0,398621.0793
Berry Park,2025,2025-06-22,0,0,1,,0,1.0,grosses,0.0,8539.0,8539.0,6178.0,6178.0,541862.0,555396.0793,391265.0,404799.0793
Berry Park,2025,2025-06-24,0,0,0,,0,1.0,grosses,0.0,8539.0,8539.0,6178.0,6178.0,550401.0,563935.0793,397443.0,410977.0793
Berry Park,2025,2025-06-25,0,0,0,,0,1.0,grosses,0.0,8539.0,8539.0,6178.0,6178.0,558940.0,572474.0793,403621.0,417155.0793
Berry Park,2025,2025-06-26,0,0,1,,0,1.0,grosses,0.0,8539.0,8539.0,6178.0,6178.0,567479.0,581013.0793,409799.0,423333.0793
Berry Park,2025,2025-06-27,1,0,1,,0,1.0,grosses,0.0,20161.0,20161.0,15336.0,15336.0,587640.0,601174.0793,425135.0,438669.0793
Berry Park,2025,2025-06-28,1,0,1,,0,1.0,grosses,0.0,20161.0,20161.0,15336.0,15336.0,607801.0,621335.0793,440471.0,454005.0793
Berry Park,2025,2025-06-29,0,0,0,,0,1.0,grosses,0.0,8539.0,8539.0,6178.0,6178.0,616340.0,629874.0793,446649.0,460183.0793
Berry Park,2025,2025-07-01,0,1,1,,0,1.0,grosses,0.0,4269.5,4269.5,1908.5,1908.5,620609.5,634143.5793,448557.5,462091.5793
Berry Park,2025,2025-07-02,0,0,1,,0,1.0,grosses,0.0,8539.0,8539.0,6178.0,6178.0,629148.5,642682.5793,454735.5,468269.5793
Berry Park,2025,2025-07-03,1,0,1,,0,1.0,grosses,0.0,20161.0,20161.0,15336.0,15336.0,649309.5,662843.5793,470071.5,483605.5793
Berry Park,2025,2025-07-04,1,0,0,,0,1.0,grosses,0.0,20161.0,20161.0,15336.0,15336.0,669470.5,683004.5793,485407.5,498941.5793
Berry Park,2025,2025-07-05,1,0,0,0.495,1,1.0,grosses,0.0,20161.0,9828.52278175,15336.0,5003.52278175,689631.5,692833.10208175,500743.5,503945.10208175
Berry Park,2025,2025-07-06,0,0,0,,0,1.0,grosses,0.0,8539.0,8539.0,6178.0,6178.0,698170.5,701372.10208175,506921.5,510123.10208175
Berry Park,2025,2025-07-08,0,1,1,,0,1.0,grosses,0.0,4269.5,4269.5,1908.5,1908.5,702440.0,705641.60208175,508830.0,512031.60208175
Berry Park,2025,2025-07-09,0,1,1,,0,1.0,grosses,0.0,4269.5,4269.5,1908.5,1908.5,706709.5,709911.10208175,510738.5,513940.10208175
Berry Park,2025,2025-07-10,0,0,1,,0,1.0,grosses,0.0,8539.0,8539.0,6178.0,6178.0,715248.5,718450.10208175,516916.5,520118.10208175
Berry Park,2025,2025-07-11,1,0,0,,0,1.0,grosses,0.0,20161.0,20161.0,15336.0,15336.0,735409.5,738611.10208175,532252.5,535454.10208175
Berry Park,2025,2025-07-12,1,0,0,,0,1.0,grosses,0.0,20161.0,20161.0,15336.0,15336.0,755570.5,758772.10208175,547588.5,550790.10208175
Berry Park,2025,2025-07-13,0,0,1,,0,1.0,grosses,0.0,8539.0,8539.0,6178.0,6178.0,764109.5,767311.10208175,553766.5,556968.10208175
Berry Park,2025,2025-07-15,0,0,0,,0,1.0,grosses,0.0,8539.0,8539.0,6178.0,6178.0,772648.5,775850.10208175,559944.5,563146.10208175
Berry Park,2025,2025-07-16,0,0,1,,0,1.0,grosses,0.0,8539.0,8539.0,6178.0,6178.0,781187.5,784389.10208175,566122.5,569324.10208175
Berry Park,2025,2025-07-17,0,0,1,,0,1.0,grosses,0.0,8539.0,8539.0,6178.0,6178.0,789726.5,792928.10208175,572300.5,575502.10208175
Berry Park,2025,2025-07-18,1,0,0,0.25,1,1.0,grosses,0.0,20161.0,14856.136875,15336.0,10031.136875,809887.5,807784.23895675,587636.5,585533.23895675
Berry Park,2025,2025-07-19,1,0,1,,0,1.0,grosses,0.0,20161.0,20161.0,15336.0,15336.0,830048.5,827945.23895675,602972.5,600869.23895675
Berry Park,2025,2025-07-20,0,0,1,,0,1.0,grosses,0.0,8539.0,8539.0,6178.0,6178.0,838587.5,836484.23895675,609150.5,607047.23895675
Berry Park,2025,2025-07-22,0,0,0,,0,1.0,grosses,0.0,8539.0,8539.0,6178.0,6178.0,847126.5,845023.23895675,615328.5,613225.23895675
Berry Park,2025,2025-07-23,0,0,0,,0,1.0,grosses,0.0,8539.0,8539.0,6178.0,6178.0,855665.5,853562.23895675,621506.5,619403.23895675
Berry Park,2025,2025-07-24,0,0,0,0.035,0,1.0,grosses,0.0,8539.0,8539.0,6178.0,6178.0,864204.5,862101.23895675,627684.5,625581.23895675
Berry Park,2025,2025-07-25,1,0,1,0.64,1,1.0,grosses,0.0,20161.0,27093.803391999998,15336.0,22268.803391999998,884365.5,889195.04234875,643020.5,647850.04234875
Berry Park,2025,2025-07-26,1,0,0,0.24,1,1.0,grosses,0.0,20161.0,15064.944352,15336.0,10239.944352,904526.5,904259.9867007501,658356.5,658089.9867007501
Berry Park,2025,2025-07-27,0,0,1,0.87,0,1.0,grosses,0.0,8539.0,8539.0,6178.0,6178.0,913065.5,912798.9867007501,664534.5,664267.9867007501
Berry Park,2025,2025-07-29,0,0,0,0.045,0,1.0,grosses,0.0,8539.0,8539.0,6178.0,6178.0,921604.5,921337.9867007501,670712.5,670445.9867007501
Berry Park,2025,2025-07-30,0,1,1,0.5549999999999999,0,1.0,grosses,0.0,4269.5,4269.5,1908.5,1908.5,925874.0,925607.4867007501,672621.0,672354.4867007501
Berry Park,2025,2025-07-31,0,1,1,0.87,0,1.0,grosses,0.0,4269.5,4269.5,1908.5,1908.5,930143.5,929876.9867007501,674529.5,674262.9867007501
Berry Park,2025,2025-08-01,1,0,1,0.9,1,1.0,grosses,0.0,20161.0,22050.0857,15336.0,17225.0857,950304.5,951927.0724007501,689865.5,691488.0724007501
Berry Park,2025,2025-08-02,1,0,0,0.035,1,1.0,grosses,0.0,20161.0,19407.69935575,15336.0,14582.699355749999,970465.5,971334.7717565,705201.5,706070.7717565
Berry Park,2025,2025-08-03,0,0,0,0.025,0,1.0,grosses,0.0,8539.0,8539.0,6178.0,6178.0,979004.5,979873.7717565,711379.5,712248.7717565
Berry Park,2025,2025-08-05,0,0,0,0.06,0,1.0,grosses,0.0,8539.0,8539.0,6178.0,6178.0,987543.5,988412.7717565,717557.5,718426.7717565
Berry Park,2025,2025-08-06,0,1,1,0.09,0,1.0,grosses,0.0,4269.5,4269.5,1908.5,1908.5,991813.0,992682.2717565,719466.0,720335.2717565
Berry Park,2025,2025-08-07,0,0,1,0.045,0,1.0,grosses,0.0,8539.0,8539.0,6178.0,6178.0,1000352.0,1001221.2717565,725644.0,726513.2717565
Berry Park,2025,2025-08-08,1,0,0,0.04,1,1.0,grosses,0.0,20161.0,19300.367232,15336.0,14475.367232,1020513.0,1020521.6389885,740980.0,740988.6389885
Berry Park,2025,2025-08-09,1,0,0,0.04,1,1.0,grosses,0.0,20161.0,19300.367232,15336.0,14475.367232,1040674.0,1039822.0062205,756316.0,755464.0062205
Berry Park,2025,2025-08-10,0,0,0,0.035,0,1.0,grosses,0.0,8539.0,8539.0,6178.0,6178.0,1049213.0,1048361.0062205,762494.0,761642.0062205
Berry Park,2025,2025-08-12,0,0,0,0.1,0,1.0,grosses,0.0,8539.0,8539.0,6178.0,6178.0,1057752.0,1056900.0062205,768672.0,767820.0062205
Berry Park,2025,2025-08-13,0,1,1,0.6,0,1.0,grosses,0.0,4269.5,4269.5,1908.5,1908.5,1062021.5,1061169.5062205,770580.5,769728.5062205
Berry Park,2025,2025-08-14,0,0,0,0.5700000000000001,0,1.0,grosses,0.0,8539.0,8539.0,6178.0,6178.0,1070560.5,1069708.5062205,776758.5,775906.5062205
Berry Park,2025,2025-08-15,1,0,0,0.25,1,1.0,grosses,0.0,20161.0,14856.136875,15336.0,10031.136875,1090721.5,1084564.6430955,792094.5,785937.6430955
Berry Park,2025,2025-08-16,1,0,0,0.12,1,1.0,grosses,0.0,20161.0,17592.649888,15336.0,12767.649888,1110882.5,1102157.2929835,807430.5,798705.2929834999
Berry Park,2025,2025-08-17,0,1,1,0.59,0,1.0,grosses,0.0,4269.5,4269.5,1908.5,1908.5,1115152.0,1106426.7929835,809339.0,800613.7929834999
Berry Park,2025,2025-08-19,0,0,0,0.09,0,1.0,grosses,0.0,8539.0,8539.0,6178.0,6178.0,1123691.0,1114965.7929835,815517.0,806791.7929834999
Berry Park,2025,2025-08-20,0,1,1,0.91,0,1.0,grosses,0.0,4269.5,4269.5,1908.5,1908.5,1127960.5,1119235.2929835,817425.5,808700.2929834999
Berry Park,2025,2025-08-21,0,0,1,0.86,0,1.0,grosses,0.0,8539.0,8539.0,6178.0,6178.0,1136499.5,1127774.2929835,823603.5,814878.2929834999
Berry Park,2025,2025-08-22,1,0,0,0.03,1,1.0,grosses,0.0,20161.0,19515.102043,15336.0,14690.102043,1156660.5,1147289.3950265,838939.5,829568.3950265
Berry Park,2025,2025-08-23,1,0,0,0.035,1,1.0,grosses,0.0,20161.0,19407.69935575,15336.0,14582.699355749999,1176821.5,1166697.0943822502,854275.5,844151.09438225
Berry Park,2025,2025-08-24,0,0,0,0.34,0,1.0,grosses,0.0,8539.0,8539.0,6178.0,6178.0,1185360.5,1175236.0943822502,860453.5,850329.09438225
Berry Park,2025,2025-08-26,0,0,0,0.035,0,1.0,grosses,0.0,8539.0,8539.0,6178.0,6178.0,1193899.5,1183775.0943822502,866631.5,856507.09438225
Berry Park,2025,2025-08-27,0,0,0,0.035,0,1.0,grosses,0.0,8539.0,8539.0,6178.0,6178.0,1202438.5,1192314.0943822502,872809.5,862685.09438225
Berry Park,2025,2025-08-28,0,0,0,0.5,0,1.0,grosses,0.0,8539.0,8539.0,6178.0,6178.0,1210977.5,1200853.0943822502,878987.5,868863.09438225
Berry Park,2025,2025-08-29,1,0,0,,0,1.0,grosses,0.0,20161.0,20161.0,15336.0,15336.0,1231138.5,1221014.0943822502,894323.5,884199.09438225
Berry Park,2025,2025-08-30,1,0,0,,0,1.0,grosses,0.0,20161.0,20161.0,15336.0,15336.0,1251299.5,1241175.09438225,909659.5,899535.09438225
Berry Park,2025,2025-08-31,1,0,0,,0,1.0,grosses,0.0,20161.0,20161.0,15336.0,15336.0,1271460.5,1261336.09438225,924995.5,914871.09438225
Berry Park,2025,2025-09-02,0,0,0,0.375,0,1.0,grosses,0.0,8539.0,8539.0,6178.0,6178.0,1279999.5,1269875.09438225,931173.5,921049.09438225
Berry Park,2025,2025-09-03,0,0,0,,0,1.0,grosses,0.0,8539.0,8539.0,6178.0,6178.0,1288538.5,1278414.09438225,937351.5,927227.09438225
Berry Park,2025,2025-09-04,0,1,1,0.65,0,1.0,grosses,0.0,4269.5,4269.5,1908.5,1908.5,1292808.0,1282683.59438225,939260.0,929135.59438225
Berry Park,2025,2025-09-05,1,0,1,0.7,1,1.0,grosses,0.0,20161.0,25912.9333,15336.0,21087.9333,1312969.0,1308596.52768225,954596.0,950223.52768225
Berry Park,2025,2025-09-06,1,1,1,0.89,1,1.0,grosses,0.0,10080.5,12160.046666999999,5255.5,7335.046667,1323049.5,1320756.57434925,959851.5,957558.5743492501
Berry Park,2025,2025-09-07,0,0,1,0.88,0,1.0,grosses,0.0,8539.0,8539.0,6178.0,6178.0,1331588.5,1329295.57434925,966029.5,963736.5743492501
Berry Park,2025,2025-09-09,0,0,0,0.08,0,1.0,grosses,0.0,8539.0,8539.0,6178.0,6178.0,1340127.5,1337834.57434925,972207.5,969914.57434925
Berry Park,2025,2025-09-10,0,0,1,0.75,0,1.0,grosses,0.0,8539.0,8539.0,6178.0,6178.0,1348666.5,1346373.57434925,978385.5,976092.57434925
Berry Park,2025,2025-09-11,0,0,0,0.04,0,1.0,grosses,0.0,8539.0,8539.0,6178.0,6178.0,1357205.5,1354912.57434925,984563.5,982270.57434925
Berry Park,2025,2025-09-12,1,0,0,0.15,1,1.0,grosses,0.0,20161.0,16956.913075,15336.0,12131.913075,1377366.5,1371869.48742425,999899.5,994402.48742425
Berry Park,2025,2025-09-13,1,0,0,0.1,1,1.0,grosses,0.0,20161.0,18017.8857,15336.0,13192.885699999999,1397527.5,1389887.37312425,1015235.5,1007595.37312425
Berry Park,2025,2025-09-14,0,0,0,0.44,0,1.0,grosses,0.0,8539.0,8539.0,6178.0,6178.0,1406066.5,1398426.37312425,1021413.5,1013773.37312425
Berry Park,2025,2025-09-16,0,0,0,0.37,0,1.0,grosses,0.0,8539.0,8539.0,6178.0,6178.0,1414605.5,1406965.37312425,1027591.5,1019951.37312425
Berry Park,2025,2025-09-17,0,0,1,0.91,0,1.0,grosses,0.0,8539.0,8539.0,6178.0,6178.0,1423144.5,1415504.37312425,1033769.5,1026129.37312425
Berry Park,2025,2025-09-18,0,0,1,0.66,0,1.0,grosses,0.0,8539.0,8539.0,6178.0,6178.0,1431683.5,1424043.37312425,1039947.5,1032307.37312425
Berry Park,2025,2025-09-19,1,0,0,0.035,1,1.0,grosses,0.0,20161.0,19407.69935575,15336.0,14582.699355749999,1451844.5,1443451.07248,1055283.5,1046890.07248
Berry Park,2025,2025-09-20,1,0,0,0.035,1,1.0,grosses,0.0,20161.0,19407.69935575,15336.0,14582.699355749999,1472005.5,1462858.7718357502,1070619.5,1061472.77183575
Berry Park,2025,2025-09-21,0,0,0,0.045,0,1.0,grosses,0.0,8539.0,8539.0,6178.0,6178.0,1480544.5,1471397.7718357502,1076797.5,1067650.77183575
Berry Park,2025,2025-09-24,0,1,1,0.78,0,1.0,grosses,0.0,4269.5,4269.5,1908.5,1908.5,1484814.0,1475667.2718357502,1078706.0,1069559.27183575
Berry Park,2025,2025-09-25,0,0,1,0.95,0,1.0,grosses,0.0,8539.0,8539.0,6178.0,6178.0,1493353.0,1484206.2718357502,1084884.0,1075737.27183575
Berry Park,2025,2025-09-26,1,0,0,0.39,1,1.0,grosses,0.0,20161.0,11962.468867,15336.0,7137.468867,1513514.0,1496168.7407027502,1100220.0,1082874.74070275
Berry Park,2025,2025-09-27,1,0,1,0.4,1,1.0,grosses,0.0,20161.0,31918.8952,15336.0,27093.8952,1533675.0,1528087.63590275,1115556.0,1109968.6359027498
Berry Park,2025,2025-09-28,0,0,1,0.8400000000000001,0,1.0,grosses,0.0,8539.0,8539.0,6178.0,6178.0,1542214.0,1536626.63590275,1121734.0,1116146.63590275
Berry Park,2025,2025-09-30,1,0,0,0.04,1,1.0,grosses,0.0,20161.0,19300.367232,15336.0,14475.367232,1562375.0,1555927.00313475,1137070.0,1130622.00313475
Time Out Market rooftop,2026,2026-05-01,1,0,1,0.04,0,1.0,grosses,0.5,36351.0,36351.0,29315.0,29315.0,36351.0,36351.0,29315.0,29315.0
Time Out Market rooftop,2026,2026-05-02,1,0,1,0.33,0,1.0,grosses,0.5,36351.0,36351.0,29315.0,29315.0,72702.0,72702.0,58630.0,58630.0
Time Out Market rooftop,2026,2026-05-03,0,0,0,0.02,0,1.0,grosses,0.5,15396.0,15396.0,12394.0,12394.0,88098.0,88098.0,71024.0,71024.0
Time Out Market rooftop,2026,2026-05-04,0,0,0,0.01,0,1.0,grosses,0.5,15396.0,15396.0,12394.0,12394.0,103494.0,103494.0,83418.0,83418.0
Time Out Market rooftop,2026,2026-05-05,0,0,0,0.19,0,1.0,grosses,0.5,15396.0,15396.0,12394.0,12394.0,118890.0,118890.0,95812.0,95812.0
Time Out Market rooftop,2026,2026-05-06,0,1,1,0.99,0,1.0,grosses,0.5,7698.0,7698.0,4696.0,4696.0,126588.0,126588.0,100508.0,100508.0
Time Out Market rooftop,2026,2026-05-07,0,0,1,0.05,0,1.0,grosses,0.5,15396.0,15396.0,12394.0,12394.0,141984.0,141984.0,112902.0,112902.0
Time Out Market rooftop,2026,2026-05-08,1,0,1,0.64,1,1.0,grosses,0.5,36351.0,48851.091071999996,29315.0,41815.091071999996,178335.0,190835.09107199998,142217.0,154717.09107199998
Time Out Market rooftop,2026,2026-05-09,1,1,1,0.89,1,1.0,grosses,0.5,18175.5,21924.996596999998,11139.5,14888.996597,196510.5,212760.08766899997,153356.5,169606.08766899997
Time Out Market rooftop,2026,2026-05-10,0,0,1,0.87,0,1.0,grosses,0.5,15396.0,15396.0,12394.0,12394.0,211906.5,228156.08766899997,165750.5,182000.08766899997
Time Out Market rooftop,2026,2026-05-11,0,0,0,0.46,0,1.0,grosses,0.5,15396.0,15396.0,12394.0,12394.0,227302.5,243552.08766899997,178144.5,194394.08766899997
Time Out Market rooftop,2026,2026-05-12,0,0,0,0.01,0,1.0,grosses,0.5,15396.0,15396.0,12394.0,12394.0,242698.5,258948.08766899997,190538.5,206788.08766899997
Time Out Market rooftop,2026,2026-05-13,0,0,1,0.15,0,1.0,grosses,0.5,15396.0,15396.0,12394.0,12394.0,258094.5,274344.087669,202932.5,219182.08766899997
Time Out Market rooftop,2026,2026-05-14,0,0,1,0.99,0,1.0,grosses,0.5,15396.0,15396.0,12394.0,12394.0,273490.5,289740.087669,215326.5,231576.08766899997
Time Out Market rooftop,2026,2026-05-15,1,0,0,0.5,1,1.0,grosses,0.5,36351.0,17539.357500000002,29315.0,10503.357500000002,309841.5,307279.44516899996,244641.5,242079.44516899998
Time Out Market rooftop,2026,2026-05-16,1,0,0,0.115,0,1.0,grosses,0.5,36351.0,36351.0,29315.0,29315.0,346192.5,343630.44516899996,273956.5,271394.44516899996
Time Out Market rooftop,2026,2026-05-17,0,0,0,0.15,0,1.0,grosses,0.5,15396.0,15396.0,12394.0,12394.0,361588.5,359026.44516899996,286350.5,283788.44516899996
Time Out Market rooftop,2026,2026-05-18,0,0,0,0.03,0,1.0,grosses,0.5,15396.0,15396.0,12394.0,12394.0,376984.5,374422.44516899996,298744.5,296182.44516899996
Time Out Market rooftop,2026,2026-05-19,0,0,0,0.445,0,1.0,grosses,0.5,15396.0,15396.0,12394.0,12394.0,392380.5,389818.44516899996,311138.5,308576.44516899996
Time Out Market rooftop,2026,2026-05-20,0,1,1,0.8,0,1.0,grosses,0.5,7698.0,7698.0,4696.0,4696.0,400078.5,397516.44516899996,315834.5,313272.44516899996
Time Out Market rooftop,2026,2026-05-21,0,0,1,0.9,0,1.0,grosses,0.5,15396.0,15396.0,12394.0,12394.0,415474.5,412912.44516899996,328228.5,325666.44516899996
Time Out Market rooftop,2026,2026-05-22,1,0,0,0.14,0,1.0,grosses,0.5,36351.0,36351.0,29315.0,29315.0,451825.5,449263.44516899996,357543.5,354981.44516899996
Time Out Market rooftop,2026,2026-05-23,1,1,1,0.99,1,1.0,grosses,0.5,18175.5,18513.818757,11139.5,11477.818757000001,470001.0,467777.263926,368683.0,366459.263926
Time Out Market rooftop,2026,2026-05-24,1,0,1,0.99,1,1.0,grosses,0.5,36351.0,36689.318757,29315.0,29653.318757,506352.0,504466.58268299996,397998.0,396112.582683
Time Out Market rooftop,2026,2026-05-25,1,0,1,0.87,1,1.0,grosses,0.5,36351.0,40788.839133,29315.0,33752.839133,542703.0,545255.421816,427313.0,429865.421816
Time Out Market rooftop,2026,2026-05-26,0,0,0,0.03,0,1.0,grosses,0.5,15396.0,15396.0,12394.0,12394.0,558099.0,560651.421816,439707.0,442259.421816
Time Out Market rooftop,2026,2026-05-27,0,0,1,0.1,0,1.0,grosses,0.5,15396.0,15396.0,12394.0,12394.0,573495.0,576047.421816,452101.0,454653.421816
Time Out Market rooftop,2026,2026-05-28,0,0,0,0.04,0,1.0,grosses,0.5,15396.0,15396.0,12394.0,12394.0,588891.0,591443.421816,464495.0,467047.421816
Time Out Market rooftop,2026,2026-05-29,1,0,0,0.1,0,1.0,grosses,0.5,36351.0,36351.0,29315.0,29315.0,625242.0,627794.421816,493810.0,496362.421816
Time Out Market rooftop,2026,2026-05-30,1,0,1,0.445,0,1.0,grosses,0.5,36351.0,36351.0,29315.0,29315.0,661593.0,664145.421816,523125.0,525677.421816
Time Out Market rooftop,2026,2026-05-31,0,0,0,0.445,0,1.0,grosses,0.5,15396.0,15396.0,12394.0,12394.0,676989.0,679541.421816,535519.0,538071.421816
Time Out Market rooftop,2026,2026-06-01,0,0,1,0.475,0,1.0,grosses,0.5,15396.0,15396.0,12394.0,12394.0,692385.0,694937.421816,547913.0,550465.421816
Time Out Market rooftop,2026,2026-06-02,0,0,0,0.45,0,1.0,grosses,0.5,15396.0,15396.0,12394.0,12394.0,707781.0,710333.421816,560307.0,562859.421816
Time Out Market rooftop,2026,2026-06-03,0,0,0,0.04,0,1.0,grosses,0.5,15396.0,15396.0,12394.0,12394.0,723177.0,725729.421816,572701.0,575253.421816
Time Out Market rooftop,2026,2026-06-04,0,0,0,0.115,0,1.0,grosses,0.5,15396.0,15396.0,12394.0,12394.0,738573.0,741125.421816,585095.0,587647.421816
Time Out Market rooftop,2026,2026-06-05,1,0,0,0.38,0,1.0,grosses,0.5,36351.0,36351.0,29315.0,29315.0,774924.0,777476.421816,614410.0,616962.421816
Time Out Market rooftop,2026,2026-06-06,1,1,1,0.445,0,1.0,grosses,0.5,18175.5,18175.5,11139.5,11139.5,793099.5,795651.921816,625549.5,628101.921816
Time Out Market rooftop,2026,2026-06-07,0,0,1,0.16,0,1.0,grosses,0.5,15396.0,15396.0,12394.0,12394.0,808495.5,811047.921816,637943.5,640495.921816
Time Out Market rooftop,2026,2026-06-08,0,0,0,0.01,0,1.0,grosses,0.5,15396.0,15396.0,12394.0,12394.0,823891.5,826443.921816,650337.5,652889.921816
Time Out Market rooftop,2026,2026-06-09,0,0,0,0.445,0,1.0,grosses,0.5,15396.0,15396.0,12394.0,12394.0,839287.5,841839.921816,662731.5,665283.921816
Time Out Market rooftop,2026,2026-06-10,0,0,1,0.19,0,1.0,grosses,0.5,15396.0,15396.0,12394.0,12394.0,854683.5,857235.921816,675125.5,677677.921816
Time Out Market rooftop,2026,2026-06-11,0,1,1,0.9,0,1.0,grosses,0.5,7698.0,7698.0,4696.0,4696.0,862381.5,864933.921816,679821.5,682373.921816
Time Out Market rooftop,2026,2026-06-12,1,1,1,0.32,0,1.0,grosses,0.5,18175.5,18175.5,11139.5,11139.5,880557.0,883109.421816,690961.0,693513.421816
Time Out Market rooftop,2026,2026-06-13,1,0,0,0.4599999999999999,0,1.0,grosses,0.5,36351.0,36351.0,29315.0,29315.0,916908.0,919460.421816,720276.0,722828.421816
Time Out Market rooftop,2026,2026-06-14,0,1,1,0.84,0,1.0,grosses,0.5,7698.0,7698.0,4696.0,4696.0,924606.0,927158.421816,724972.0,727524.421816
Time Out Market rooftop,2026,2026-06-15,0,0,1,0.32,0,1.0,grosses,0.5,15396.0,15396.0,12394.0,12394.0,940002.0,942554.421816,737366.0,739918.421816
Time Out Market rooftop,2026,2026-06-16,0,0,0,0.16,0,1.0,grosses,0.5,15396.0,15396.0,12394.0,12394.0,955398.0,957950.421816,749760.0,752312.421816
Time Out Market rooftop,2026,2026-06-17,0,0,1,0.59,0,1.0,grosses,0.5,15396.0,15396.0,12394.0,12394.0,970794.0,973346.421816,762154.0,764706.421816
Time Out Market rooftop,2026,2026-06-18,0,0,1,0.86,0,1.0,grosses,0.5,15396.0,15396.0,12394.0,12394.0,986190.0,988742.421816,774548.0,777100.421816
Time Out Market rooftop,2026,2026-06-19,1,0,0,0.19,0,1.0,grosses,0.5,36351.0,36351.0,29315.0,29315.0,1022541.0,1025093.421816,803863.0,806415.421816
Time Out Market rooftop,2026,2026-06-20,1,0,0,0.39,0,1.0,grosses,0.5,36351.0,36351.0,29315.0,29315.0,1058892.0,1061444.421816,833178.0,835730.421816
Time Out Market rooftop,2026,2026-06-21,0,0,0,0.58,0,1.0,grosses,0.5,15396.0,15396.0,12394.0,12394.0,1074288.0,1076840.421816,845572.0,848124.421816
Time Out Market rooftop,2026,2026-06-22,0,1,1,0.87,0,1.0,grosses,0.5,7698.0,7698.0,4696.0,4696.0,1081986.0,1084538.421816,850268.0,852820.421816
Time Out Market rooftop,2026,2026-06-23,0,0,1,0.95,0,1.0,grosses,0.5,15396.0,15396.0,12394.0,12394.0,1097382.0,1099934.421816,862662.0,865214.421816
Time Out Market rooftop,2026,2026-06-24,0,0,0,0.04,0,1.0,grosses,0.5,15396.0,15396.0,12394.0,12394.0,1112778.0,1115330.421816,875056.0,877608.421816
Time Out Market rooftop,2026,2026-06-25,0,0,0,0.85,0,1.0,grosses,0.5,15396.0,15396.0,12394.0,12394.0,1128174.0,1130726.421816,887450.0,890002.421816
Time Out Market rooftop,2026,2026-06-26,1,0,1,0.86,1,1.0,grosses,0.5,36351.0,41133.773772,29315.0,34097.773772,1164525.0,1171860.1955880001,916765.0,924100.195588
Time Out Market rooftop,2026,2026-06-27,1,0,1,0.85,1,1.0,grosses,0.5,36351.0,41479.217325,29315.0,34443.217325,1200876.0,1213339.4129130002,946080.0,958543.412913
Time Out Market rooftop,2026,2026-06-28,0,0,0,0.85,0,1.0,grosses,0.5,15396.0,15396.0,12394.0,12394.0,1216272.0,1228735.4129130002,958474.0,970937.412913
Time Out Market rooftop,2026,2026-06-29,0,0,0,0.14,0,1.0,grosses,0.5,15396.0,15396.0,12394.0,12394.0,1231668.0,1244131.4129130002,970868.0,983331.412913
Time Out Market rooftop,2026,2026-06-30,0,0,1,0.15,0,1.0,grosses,0.5,15396.0,15396.0,12394.0,12394.0,1247064.0,1259527.4129130002,983262.0,995725.412913
Time Out Market rooftop,2026,2026-07-01,0,0,0,0.08,0,1.0,grosses,0.5,15396.0,15396.0,12394.0,12394.0,1262460.0,1274923.4129130002,995656.0,1008119.412913
Time Out Market rooftop,2026,2026-07-02,0,0,0,0.26,0,1.0,grosses,0.5,15396.0,15396.0,12394.0,12394.0,1277856.0,1290319.4129130002,1008050.0,1020513.412913
Time Out Market rooftop,2026,2026-07-03,1,1,1,0.86,1,1.0,grosses,0.5,18175.5,22958.273772,11139.5,15922.273772,1296031.5,1313277.686685,1019189.5,1036435.6866850001
Time Out Market rooftop,2026,2026-07-04,1,1,1,0.86,1,1.0,grosses,0.5,18175.5,22958.273772,11139.5,15922.273772,1314207.0,1336235.9604570002,1030329.0,1052357.9604570002
Time Out Market rooftop,2026,2026-07-05,0,1,1,0.86,0,1.0,grosses,0.5,7698.0,7698.0,4696.0,4696.0,1321905.0,1343933.9604570002,1035025.0,1057053.9604570002
Time Out Market rooftop,2026,2026-07-06,0,1,1,0.99,0,1.0,grosses,0.5,7698.0,7698.0,4696.0,4696.0,1329603.0,1351631.9604570002,1039721.0,1061749.9604570002
Time Out Market rooftop,2026,2026-07-07,0,0,1,0.95,0,1.0,grosses,0.5,15396.0,15396.0,12394.0,12394.0,1344999.0,1367027.9604570002,1052115.0,1074143.9604570002
Time Out Market rooftop,2026,2026-07-08,0,0,0,0.12,0,1.0,grosses,0.5,15396.0,15396.0,12394.0,12394.0,1360395.0,1382423.9604570002,1064509.0,1086537.9604570002
Time Out Market rooftop,2026,2026-07-09,0,0,1,0.85,0,1.0,grosses,0.5,15396.0,15396.0,12394.0,12394.0,1375791.0,1397819.9604570002,1076903.0,1098931.9604570002
Time Out Market rooftop,2026,2026-07-10,1,0,0,0.86,1,1.0,grosses,0.5,36351.0,4782.7737720000005,29315.0,-2253.2262279999995,1412142.0,1402602.7342290003,1106218.0,1096678.7342290003
Time Out Market rooftop,2026,2026-07-11,1,0,1,0.83,1,1.0,grosses,0.5,36351.0,42171.631173,29315.0,35135.631173,1448493.0,1444774.365402,1135533.0,1131814.365402
Time Out Market rooftop,2026,2026-07-12,0,0,0,0.1,0,1.0,grosses,0.5,15396.0,15396.0,12394.0,12394.0,1463889.0,1460170.365402,1147927.0,1144208.365402
Time Out Market rooftop,2026,2026-07-13,0,0,0,0.075,0,1.0,grosses,0.5,15396.0,15396.0,12394.0,12394.0,1479285.0,1475566.365402,1160321.0,1156602.365402
Time Out Market rooftop,2026,2026-07-14,0,0,0,0.01,0,1.0,grosses,0.5,15396.0,15396.0,12394.0,12394.0,1494681.0,1490962.365402,1172715.0,1168996.365402
Time Out Market rooftop,2026,2026-07-15,0,0,1,,0,1.0,grosses,0.5,15396.0,15396.0,12394.0,12394.0,1510077.0,1506358.365402,1185109.0,1181390.365402
Time Out Market rooftop,2026,2026-07-15,0,0,1,0.465,0,1.0,grosses,0.5,15396.0,15396.0,12394.0,12394.0,1525473.0,1521754.365402,1197503.0,1193784.365402
Time Out Market rooftop,2026,2026-07-17,1,0,0,,0,1.0,grosses,0.5,36351.0,36351.0,29315.0,29315.0,1561824.0,1558105.365402,1226818.0,1223099.365402
Time Out Market rooftop,2026,2026-07-22,0,0,0,,0,1.0,grosses,0.5,15396.0,15396.0,12394.0,12394.0,1577220.0,1573501.365402,1239212.0,1235493.365402
Time Out Market rooftop,2026,2026-07-23,0,0,0,0.22,0,1.0,grosses,0.5,15396.0,15396.0,12394.0,12394.0,1592616.0,1588897.365402,1251606.0,1247887.365402
Time Out Market rooftop,2026,2026-07-24,1,0,0,0.43,0,1.0,grosses,0.5,36351.0,36351.0,29315.0,29315.0,1628967.0,1625248.365402,1280921.0,1277202.365402
Time Out Market rooftop,2026,2026-07-25,1,0,0,0.12,0,1.0,grosses,0.5,36351.0,36351.0,29315.0,29315.0,1665318.0,1661599.365402,1310236.0,1306517.365402
Time Out Market rooftop,2026,2026-07-26,0,0,0,0.425,0,1.0,grosses,0.5,15396.0,15396.0,12394.0,12394.0,1680714.0,1676995.365402,1322630.0,1318911.365402
Time Out Market rooftop,2026,2026-07-27,0,1,1,0.87,0,1.0,grosses,0.5,7698.0,7698.0,4696.0,4696.0,1688412.0,1684693.365402,1327326.0,1323607.365402
Time Out Market rooftop,2026,2026-07-28,0,1,1,0.92,0,1.0,grosses,0.5,7698.0,7698.0,4696.0,4696.0,1696110.0,1692391.365402,1332022.0,1328303.365402
Time Out Market rooftop,2026,2026-07-29,0,0,1,0.81,0,1.0,grosses,0.5,15396.0,15396.0,12394.0,12394.0,1711506.0,1707787.365402,1344416.0,1340697.365402
Time Out Market rooftop,2026,2026-07-30,0,0,1,0.3,0,1.0,grosses,0.5,15396.0,15396.0,12394.0,12394.0,1726902.0,1723183.365402,1356810.0,1353091.365402
Time Out Market rooftop,2026,2026-07-31,1,0,1,0.02,0,1.0,grosses,0.5,36351.0,36351.0,29315.0,29315.0,1763253.0,1759534.365402,1386125.0,1382406.365402
Time Out Market rooftop,2026,2026-08-01,1,0,0,0.21,0,1.0,grosses,0.5,36351.0,36351.0,29315.0,29315.0,1799604.0,1795885.365402,1415440.0,1411721.365402
Time Out Market rooftop,2026,2026-08-02,0,1,1,0.73,0,1.0,grosses,0.5,7698.0,7698.0,4696.0,4696.0,1807302.0,1803583.365402,1420136.0,1416417.365402
Time Out Market rooftop,2026,2026-08-03,0,0,1,0.96,0,1.0,grosses,0.5,15396.0,15396.0,12394.0,12394.0,1822698.0,1818979.365402,1432530.0,1428811.365402
Time Out Market rooftop,2026,2026-08-04,0,0,0,0.06,0,1.0,grosses,0.5,15396.0,15396.0,12394.0,12394.0,1838094.0,1834375.365402,1444924.0,1441205.365402
Time Out Market rooftop,2026,2026-08-05,0,1,1,0.52,0,1.0,grosses,0.5,7698.0,7698.0,4696.0,4696.0,1845792.0,1842073.365402,1449620.0,1445901.365402
Time Out Market rooftop,2026,2026-08-06,0,0,1,0.62,0,1.0,grosses,0.5,15396.0,15396.0,12394.0,12394.0,1861188.0,1857469.365402,1462014.0,1458295.365402
Time Out Market rooftop,2026,2026-08-07,1,1,1,0.69,1,1.0,grosses,0.5,18175.5,28900.026477,11139.5,21864.026477,1879363.5,1886369.391879,1473153.5,1480159.391879
Time Out Market rooftop,2026,2026-08-08,1,0,0,0.51,1,1.0,grosses,0.5,36351.0,17176.101957,29315.0,10140.101956999999,1915714.5,1903545.493836,1502468.5,1490299.493836
Time Out Market rooftop,2026,2026-08-09,0,0,0,0.09,0,1.0,grosses,0.5,15396.0,15396.0,12394.0,12394.0,1931110.5,1918941.493836,1514862.5,1502693.493836
Time Out Market rooftop,2026,2026-08-10,0,0,1,0.36,0,1.0,grosses,0.5,15396.0,15396.0,12394.0,12394.0,1946506.5,1934337.493836,1527256.5,1515087.493836
Time Out Market rooftop,2026,2026-08-11,0,0,0,0.22,0,1.0,grosses,0.5,15396.0,15396.0,12394.0,12394.0,1961902.5,1949733.493836,1539650.5,1527481.493836
Time Out Market rooftop,2026,2026-08-12,0,0,0,0.53,0,1.0,grosses,0.5,15396.0,15396.0,12394.0,12394.0,1977298.5,1965129.493836,1552044.5,1539875.493836
Time Out Market rooftop,2026,2026-08-13,0,0,1,0.71,0,1.0,grosses,0.5,15396.0,15396.0,12394.0,12394.0,1992694.5,1980525.493836,1564438.5,1552269.493836
Time Out Market rooftop,2026,2026-08-14,1,0,0,,0,1.0,grosses,0.5,36351.0,36351.0,29315.0,29315.0,2029045.5,2016876.493836,1593753.5,1581584.493836
Time Out Market rooftop,2026,2026-08-15,1,0,0,0.44,0,1.0,grosses,0.5,36351.0,36351.0,29315.0,29315.0,2065396.5,2053227.493836,1623068.5,1610899.493836
Time Out Market rooftop,2026,2026-08-16,0,1,1,,0,1.0,grosses,0.5,7698.0,7698.0,4696.0,4696.0,2073094.5,2060925.493836,1627764.5,1615595.493836
Time Out Market rooftop,2026,2026-08-17,0,0,1,0.88,0,1.0,grosses,0.5,15396.0,15396.0,12394.0,12394.0,2088490.5,2076321.493836,1640158.5,1627989.493836
Time Out Market rooftop,2026,2026-08-18,0,0,1,0.12,0,1.0,grosses,0.5,15396.0,15396.0,12394.0,12394.0,2103886.5,2091717.493836,1652552.5,1640383.493836
Time Out Market rooftop,2026,2026-08-19,0,0,0,0.05,0,1.0,grosses,0.5,15396.0,15396.0,12394.0,12394.0,2119282.5,2107113.493836,1664946.5,1652777.493836
Time Out Market rooftop,2026,2026-08-20,0,1,1,0.8,0,1.0,grosses,0.5,7698.0,7698.0,4696.0,4696.0,2126980.5,2114811.493836,1669642.5,1657473.493836
Time Out Market rooftop,2026,2026-08-21,1,0,0,0.58,1,1.0,grosses,0.5,36351.0,14647.562748000004,29315.0,7611.562748000004,2163331.5,2129459.056584,1698957.5,1665085.0565840001
Time Out Market rooftop,2026,2026-08-22,1,0,0,0.5,1,1.0,grosses,0.5,36351.0,17539.357500000002,29315.0,10503.357500000002,2199682.5,2146998.414084,1728272.5,1675588.414084
Time Out Market rooftop,2026,2026-08-23,0,0,1,0.67,0,1.0,grosses,0.5,15396.0,15396.0,12394.0,12394.0,2215078.5,2162394.414084,1740666.5,1687982.414084
Time Out Market rooftop,2026,2026-08-24,0,0,0,0.25,0,1.0,grosses,0.5,15396.0,15396.0,12394.0,12394.0,2230474.5,2177790.4140839996,1753060.5,1700376.414084
Time Out Market rooftop,2026,2026-08-25,0,0,0,0.15,0,1.0,grosses,0.5,15396.0,15396.0,12394.0,12394.0,2245870.5,2193186.4140839996,1765454.5,1712770.414084
Time Out Market rooftop,2026,2026-08-26,0,0,0,0.12,0,1.0,grosses,0.5,15396.0,15396.0,12394.0,12394.0,2261266.5,2208582.4140839996,1777848.5,1725164.414084
Time Out Market rooftop,2026,2026-08-27,0,0,1,0.79,0,1.0,grosses,0.5,15396.0,15396.0,12394.0,12394.0,2276662.5,2223978.4140839996,1790242.5,1737558.414084
Time Out Market rooftop,2026,2026-08-28,1,0,0,0.71,1,1.0,grosses,0.5,36351.0,10017.863037,29315.0,2981.863036999999,2313013.5,2233996.2771209995,1819557.5,1740540.277121
Time Out Market rooftop,2026,2026-08-29,1,0,0,0.05,0,1.0,grosses,0.5,36351.0,36351.0,29315.0,29315.0,2349364.5,2270347.2771209995,1848872.5,1769855.277121
Time Out Market rooftop,2026,2026-08-30,0,1,1,0.62,0,1.0,grosses,0.5,7698.0,7698.0,4696.0,4696.0,2357062.5,2278045.2771209995,1853568.5,1774551.277121
Time Out Market rooftop,2026,2026-08-31,0,0,1,0.55,0,1.0,grosses,0.5,15396.0,15396.0,12394.0,12394.0,2372458.5,2293441.2771209995,1865962.5,1786945.277121
Time Out Market rooftop,2026,2026-09-01,0,1,1,0.75,0,1.0,grosses,0.5,7698.0,7698.0,4696.0,4696.0,2380156.5,2301139.277121,1870658.5,1791641.277121
Time Out Market rooftop,2026,2026-09-02,0,0,1,0.62,0,1.0,grosses,0.5,15396.0,15396.0,12394.0,12394.0,2395552.5,2316535.277121,1883052.5,1804035.277121
Time Out Market rooftop,2026,2026-09-03,0,0,1,0.8,0,1.0,grosses,0.5,15396.0,15396.0,12394.0,12394.0,2410948.5,2331931.277121,1895446.5,1816429.277121
Time Out Market rooftop,2026,2026-09-04,1,0,1,0.61,1,1.0,grosses,0.5,36351.0,49922.536797,29315.0,42886.536797,2447299.5,2381853.813918,1924761.5,1859315.813918
Time Out Market rooftop,2026,2026-09-05,1,0,0,0.11,0,1.0,grosses,0.5,36351.0,36351.0,29315.0,29315.0,2483650.5,2418204.813918,1954076.5,1888630.813918
Time Out Market rooftop,2026,2026-09-06,1,0,0,0.17,0,1.0,grosses,0.5,36351.0,36351.0,29315.0,29315.0,2520001.5,2454555.813918,1983391.5,1917945.813918
Time Out Market rooftop,2026,2026-09-07,1,0,0,0.04,0,1.0,grosses,0.5,36351.0,36351.0,29315.0,29315.0,2556352.5,2490906.813918,2012706.5,1947260.813918
Time Out Market rooftop,2026,2026-09-08,0,0,0,0.06,0,1.0,grosses,0.5,15396.0,15396.0,12394.0,12394.0,2571748.5,2506302.813918,2025100.5,1959654.813918
Time Out Market rooftop,2026,2026-09-09,0,0,0,0.08,0,1.0,grosses,0.5,15396.0,15396.0,12394.0,12394.0,2587144.5,2521698.813918,2037494.5,1972048.813918
Time Out Market rooftop,2026,2026-09-10,0,0,1,0.3,0,1.0,grosses,0.5,15396.0,15396.0,12394.0,12394.0,2602540.5,2537094.813918,2049888.5,1984442.813918
Time Out Market rooftop,2026,2026-09-11,1,0,0,0.0849999999999999,0,1.0,grosses,0.5,36351.0,36351.0,29315.0,29315.0,2638891.5,2573445.813918,2079203.5,2013757.813918
Time Out Market rooftop,2026,2026-09-12,1,0,0,0.27,0,1.0,grosses,0.5,36351.0,36351.0,29315.0,29315.0,2675242.5,2609796.813918,2108518.5,2043072.813918
Time Out Market rooftop,2026,2026-09-13,0,0,1,0.98,0,1.0,grosses,0.5,15396.0,15396.0,12394.0,12394.0,2690638.5,2625192.813918,2120912.5,2055466.813918
Time Out Market rooftop,2026,2026-09-14,0,0,0,0.15,0,1.0,grosses,0.5,15396.0,15396.0,12394.0,12394.0,2706034.5,2640588.813918,2133306.5,2067860.813918
Time Out Market rooftop,2025,2025-05-01,1,0,0,,0,1.0,grosses,0.0,36351.0,36351.0,29315.0,29315.0,36351.0,36351.0,29315.0,29315.0
Time Out Market rooftop,2025,2025-05-02,1,0,0,,0,1.0,grosses,0.0,36351.0,36351.0,29315.0,29315.0,72702.0,72702.0,58630.0,58630.0
Time Out Market rooftop,2025,2025-05-03,1,1,1,0.5,1,1.0,grosses,0.0,18175.5,35714.8575,11139.5,28678.8575,90877.5,108416.8575,69769.5,87308.8575
Time Out Market rooftop,2025,2025-05-04,0,1,1,0.55,0,1.0,grosses,0.0,7698.0,7698.0,4696.0,4696.0,98575.5,116114.8575,74465.5,92004.8575
Time Out Market rooftop,2025,2025-05-05,0,1,1,,0,1.0,grosses,0.0,7698.0,7698.0,4696.0,4696.0,106273.5,123812.8575,79161.5,96700.8575
Time Out Market rooftop,2025,2025-05-06,0,0,1,0.8,0,1.0,grosses,0.0,15396.0,15396.0,12394.0,12394.0,121669.5,139208.85749999998,91555.5,109094.8575
Time Out Market rooftop,2025,2025-05-07,0,0,1,,0,1.0,grosses,0.0,15396.0,15396.0,12394.0,12394.0,137065.5,154604.85749999998,103949.5,121488.8575
Time Out Market rooftop,2025,2025-05-08,0,0,1,,0,1.0,grosses,0.0,15396.0,15396.0,12394.0,12394.0,152461.5,170000.85749999998,116343.5,133882.85749999998
Time Out Market rooftop,2025,2025-05-09,1,0,1,,0,1.0,grosses,0.0,36351.0,36351.0,29315.0,29315.0,188812.5,206351.85749999998,145658.5,163197.85749999998
Time Out Market rooftop,2025,2025-05-10,1,0,1,,0,1.0,grosses,0.0,36351.0,36351.0,29315.0,29315.0,225163.5,242702.85749999998,174973.5,192512.85749999998
Time Out Market rooftop,2025,2025-05-11,0,0,0,,0,1.0,grosses,0.0,15396.0,15396.0,12394.0,12394.0,240559.5,258098.85749999998,187367.5,204906.85749999998
Time Out Market rooftop,2025,2025-05-12,0,0,0,,0,1.0,grosses,0.0,15396.0,15396.0,12394.0,12394.0,255955.5,273494.8575,199761.5,217300.85749999998
Time Out Market rooftop,2025,2025-05-13,0,1,1,,0,1.0,grosses,0.0,7698.0,7698.0,4696.0,4696.0,263653.5,281192.8575,204457.5,221996.85749999998
Time Out Market rooftop,2025,2025-05-14,0,1,1,,0,1.0,grosses,0.0,7698.0,7698.0,4696.0,4696.0,271351.5,288890.8575,209153.5,226692.85749999998
Time Out Market rooftop,2025,2025-05-15,0,0,0,,0,1.0,grosses,0.0,15396.0,15396.0,12394.0,12394.0,286747.5,304286.8575,221547.5,239086.85749999998
Time Out Market rooftop,2025,2025-05-16,1,0,1,,0,1.0,grosses,0.0,36351.0,36351.0,29315.0,29315.0,323098.5,340637.8575,250862.5,268401.8575
Time Out Market rooftop,2025,2025-05-17,1,0,1,,0,1.0,grosses,0.0,36351.0,36351.0,29315.0,29315.0,359449.5,376988.8575,280177.5,297716.8575
Time Out Market rooftop,2025,2025-05-18,0,0,0,,0,1.0,grosses,0.0,15396.0,15396.0,12394.0,12394.0,374845.5,392384.8575,292571.5,310110.8575
Time Out Market rooftop,2025,2025-05-19,0,0,0,,0,1.0,grosses,0.0,15396.0,15396.0,12394.0,12394.0,390241.5,407780.8575,304965.5,322504.8575
Time Out Market rooftop,2025,2025-05-20,0,0,0,,0,1.0,grosses,0.0,15396.0,15396.0,12394.0,12394.0,405637.5,423176.8575,317359.5,334898.8575
Time Out Market rooftop,2025,2025-05-21,0,0,1,,0,1.0,grosses,0.0,15396.0,15396.0,12394.0,12394.0,421033.5,438572.8575,329753.5,347292.8575
Time Out Market rooftop,2025,2025-05-22,0,1,1,,0,1.0,grosses,0.0,7698.0,7698.0,4696.0,4696.0,428731.5,446270.8575,334449.5,351988.8575
Time Out Market rooftop,2025,2025-05-23,1,1,1,0.8,1,1.0,grosses,0.0,18175.5,25038.5688,11139.5,18002.5688,446907.0,471309.4263,345589.0,369991.4263
Time Out Market rooftop,2025,2025-05-24,1,0,1,,0,1.0,grosses,0.0,36351.0,36351.0,29315.0,29315.0,483258.0,507660.4263,374904.0,399306.4263
Time Out Market rooftop,2025,2025-05-25,1,0,0,,0,1.0,grosses,0.0,36351.0,36351.0,29315.0,29315.0,519609.0,544011.4262999999,404219.0,428621.4263
Time Out Market rooftop,2025,2025-05-26,1,0,0,,0,1.0,grosses,0.0,36351.0,36351.0,29315.0,29315.0,555960.0,580362.4262999999,433534.0,457936.4263
Time Out Market rooftop,2025,2025-05-27,0,0,0,,0,1.0,grosses,0.0,15396.0,15396.0,12394.0,12394.0,571356.0,595758.4262999999,445928.0,470330.4263
Time Out Market rooftop,2025,2025-05-29,0,0,1,,0,1.0,grosses,0.0,15396.0,15396.0,12394.0,12394.0,586752.0,611154.4262999999,458322.0,482724.4263
Time Out Market rooftop,2025,2025-05-30,1,0,1,,0,1.0,grosses,0.0,36351.0,36351.0,29315.0,29315.0,623103.0,647505.4262999999,487637.0,512039.4263
Time Out Market rooftop,2025,2025-05-31,1,0,1,,0,1.0,grosses,0.0,36351.0,36351.0,29315.0,29315.0,659454.0,683856.4262999999,516952.0,541354.4262999999
Time Out Market rooftop,2025,2025-06-01,0,0,0,,0,1.0,grosses,0.0,15396.0,15396.0,12394.0,12394.0,674850.0,699252.4262999999,529346.0,553748.4262999999
Time Out Market rooftop,2025,2025-06-02,0,0,0,,0,1.0,grosses,0.0,15396.0,15396.0,12394.0,12394.0,690246.0,714648.4262999999,541740.0,566142.4262999999
Time Out Market rooftop,2025,2025-06-03,0,0,0,,0,1.0,grosses,0.0,15396.0,15396.0,12394.0,12394.0,705642.0,730044.4262999999,554134.0,578536.4262999999
Time Out Market rooftop,2025,2025-06-04,0,0,0,0.25,0,1.0,grosses,0.0,15396.0,15396.0,12394.0,12394.0,721038.0,745440.4262999999,566528.0,590930.4262999999
Time Out Market rooftop,2025,2025-06-05,0,0,0,,0,1.0,grosses,0.0,15396.0,15396.0,12394.0,12394.0,736434.0,760836.4262999999,578922.0,603324.4262999999
Time Out Market rooftop,2025,2025-06-06,1,0,1,,0,1.0,grosses,0.0,36351.0,36351.0,29315.0,29315.0,772785.0,797187.4262999999,608237.0,632639.4262999999
Time Out Market rooftop,2025,2025-06-07,1,1,1,,0,1.0,grosses,0.0,18175.5,18175.5,11139.5,11139.5,790960.5,815362.9262999999,619376.5,643778.9262999999
Time Out Market rooftop,2025,2025-06-08,0,0,1,,0,1.0,grosses,0.0,15396.0,15396.0,12394.0,12394.0,806356.5,830758.9262999999,631770.5,656172.9262999999
Time Out Market rooftop,2025,2025-06-09,0,0,1,,0,1.0,grosses,0.0,15396.0,15396.0,12394.0,12394.0,821752.5,846154.9262999999,644164.5,668566.9262999999
Time Out Market rooftop,2025,2025-06-10,0,0,1,,0,1.0,grosses,0.0,15396.0,15396.0,12394.0,12394.0,837148.5,861550.9262999999,656558.5,680960.9262999999
Time Out Market rooftop,2025,2025-06-11,0,0,0,,0,1.0,grosses,0.0,15396.0,15396.0,12394.0,12394.0,852544.5,876946.9262999999,668952.5,693354.9262999999
Time Out Market rooftop,2025,2025-06-12,0,0,0,,0,1.0,grosses,0.0,15396.0,15396.0,12394.0,12394.0,867940.5,892342.9262999999,681346.5,705748.9262999999
Time Out Market rooftop,2025,2025-06-13,1,0,0,,0,1.0,grosses,0.0,36351.0,36351.0,29315.0,29315.0,904291.5,928693.9262999999,710661.5,735063.9262999999
Time Out Market rooftop,2025,2025-06-14,1,0,1,,0,1.0,grosses,0.0,36351.0,36351.0,29315.0,29315.0,940642.5,965044.9262999999,739976.5,764378.9262999999
Time Out Market rooftop,2025,2025-06-15,0,0,1,,0,1.0,grosses,0.0,15396.0,15396.0,12394.0,12394.0,956038.5,980440.9262999999,752370.5,776772.9262999999
Time Out Market rooftop,2025,2025-06-16,0,1,1,,0,1.0,grosses,0.0,7698.0,7698.0,4696.0,4696.0,963736.5,988138.9262999999,757066.5,781468.9262999999
Time Out Market rooftop,2025,2025-06-17,0,0,1,,0,1.0,grosses,0.0,15396.0,15396.0,12394.0,12394.0,979132.5,1003534.9262999999,769460.5,793862.9262999999
Time Out Market rooftop,2025,2025-06-18,0,0,1,0.55,0,1.0,grosses,0.0,15396.0,15396.0,12394.0,12394.0,994528.5,1018930.9262999999,781854.5,806256.9262999999
Time Out Market rooftop,2025,2025-06-19,0,1,1,,0,1.0,grosses,0.0,7698.0,7698.0,4696.0,4696.0,1002226.5,1026628.9262999999,786550.5,810952.9262999999
Time Out Market rooftop,2025,2025-06-20,1,0,0,,0,1.0,grosses,0.0,36351.0,36351.0,29315.0,29315.0,1038577.5,1062979.9263,815865.5,840267.9262999999
Time Out Market rooftop,2025,2025-06-21,1,0,0,,0,1.0,grosses,0.0,36351.0,36351.0,29315.0,29315.0,1074928.5,1099330.9263,845180.5,869582.9262999999
Time Out Market rooftop,2025,2025-06-22,0,0,1,,0,1.0,grosses,0.0,15396.0,15396.0,12394.0,12394.0,1090324.5,1114726.9263,857574.5,881976.9262999999
Time Out Market rooftop,2025,2025-06-23,0,0,0,,0,1.0,grosses,0.0,15396.0,15396.0,12394.0,12394.0,1105720.5,1130122.9263,869968.5,894370.9262999999
Time Out Market rooftop,2025,2025-06-24,0,0,0,,0,1.0,grosses,0.0,15396.0,15396.0,12394.0,12394.0,1121116.5,1145518.9263,882362.5,906764.9262999999
Time Out Market rooftop,2025,2025-06-25,0,0,0,,0,1.0,grosses,0.0,15396.0,15396.0,12394.0,12394.0,1136512.5,1160914.9263,894756.5,919158.9262999999
Time Out Market rooftop,2025,2025-06-26,0,0,1,,0,1.0,grosses,0.0,15396.0,15396.0,12394.0,12394.0,1151908.5,1176310.9263,907150.5,931552.9262999999
Time Out Market rooftop,2025,2025-06-27,1,0,1,,0,1.0,grosses,0.0,36351.0,36351.0,29315.0,29315.0,1188259.5,1212661.9263,936465.5,960867.9262999999
Time Out Market rooftop,2025,2025-06-28,1,0,1,,0,1.0,grosses,0.0,36351.0,36351.0,29315.0,29315.0,1224610.5,1249012.9263,965780.5,990182.9262999999
Time Out Market rooftop,2025,2025-06-29,0,0,0,,0,1.0,grosses,0.0,15396.0,15396.0,12394.0,12394.0,1240006.5,1264408.9263,978174.5,1002576.9262999999
Time Out Market rooftop,2025,2025-06-30,0,0,1,,0,1.0,grosses,0.0,15396.0,15396.0,12394.0,12394.0,1255402.5,1279804.9263,990568.5,1014970.9262999999
Time Out Market rooftop,2025,2025-07-01,0,1,1,,0,1.0,grosses,0.0,7698.0,7698.0,4696.0,4696.0,1263100.5,1287502.9263,995264.5,1019666.9262999999
Time Out Market rooftop,2025,2025-07-02,0,0,1,,0,1.0,grosses,0.0,15396.0,15396.0,12394.0,12394.0,1278496.5,1302898.9263,1007658.5,1032060.9262999999
Time Out Market rooftop,2025,2025-07-03,1,0,1,,0,1.0,grosses,0.0,36351.0,36351.0,29315.0,29315.0,1314847.5,1339249.9263,1036973.5,1061375.9263
Time Out Market rooftop,2025,2025-07-04,1,0,0,,0,1.0,grosses,0.0,36351.0,36351.0,29315.0,29315.0,1351198.5,1375600.9263,1066288.5,1090690.9263
Time Out Market rooftop,2025,2025-07-05,1,0,0,0.495,1,1.0,grosses,0.0,36351.0,17721.17611425,29315.0,10685.17611425,1387549.5,1393322.10241425,1095603.5,1101376.10241425
Time Out Market rooftop,2025,2025-07-06,0,0,0,,0,1.0,grosses,0.0,15396.0,15396.0,12394.0,12394.0,1402945.5,1408718.10241425,1107997.5,1113770.10241425
Time Out Market rooftop,2025,2025-07-07,0,0,1,,0,1.0,grosses,0.0,15396.0,15396.0,12394.0,12394.0,1418341.5,1424114.10241425,1120391.5,1126164.10241425
Time Out Market rooftop,2025,2025-07-08,0,1,1,,0,1.0,grosses,0.0,7698.0,7698.0,4696.0,4696.0,1426039.5,1431812.10241425,1125087.5,1130860.10241425
Time Out Market rooftop,2025,2025-07-09,0,1,1,,0,1.0,grosses,0.0,7698.0,7698.0,4696.0,4696.0,1433737.5,1439510.10241425,1129783.5,1135556.10241425
Time Out Market rooftop,2025,2025-07-10,0,0,1,,0,1.0,grosses,0.0,15396.0,15396.0,12394.0,12394.0,1449133.5,1454906.10241425,1142177.5,1147950.10241425
Time Out Market rooftop,2025,2025-07-11,1,0,0,,0,1.0,grosses,0.0,36351.0,36351.0,29315.0,29315.0,1485484.5,1491257.10241425,1171492.5,1177265.10241425
Time Out Market rooftop,2025,2025-07-12,1,0,0,,0,1.0,grosses,0.0,36351.0,36351.0,29315.0,29315.0,1521835.5,1527608.10241425,1200807.5,1206580.10241425
Time Out Market rooftop,2025,2025-07-13,0,0,1,,0,1.0,grosses,0.0,15396.0,15396.0,12394.0,12394.0,1537231.5,1543004.10241425,1213201.5,1218974.10241425
Time Out Market rooftop,2025,2025-07-14,0,1,1,,0,1.0,grosses,0.0,7698.0,7698.0,4696.0,4696.0,1544929.5,1550702.10241425,1217897.5,1223670.10241425
Time Out Market rooftop,2025,2025-07-15,0,0,0,,0,1.0,grosses,0.0,15396.0,15396.0,12394.0,12394.0,1560325.5,1566098.10241425,1230291.5,1236064.10241425
Time Out Market rooftop,2025,2025-07-16,0,0,1,,0,1.0,grosses,0.0,15396.0,15396.0,12394.0,12394.0,1575721.5,1581494.10241425,1242685.5,1248458.10241425
Time Out Market rooftop,2025,2025-07-17,0,0,1,,0,1.0,grosses,0.0,15396.0,15396.0,12394.0,12394.0,1591117.5,1596890.10241425,1255079.5,1260852.10241425
Time Out Market rooftop,2025,2025-07-18,1,0,0,0.25,1,1.0,grosses,0.0,36351.0,26786.143125000002,29315.0,19750.143125000002,1627468.5,1623676.2455392499,1284394.5,1280602.2455392499
Time Out Market rooftop,2025,2025-07-19,1,0,1,,0,1.0,grosses,0.0,36351.0,36351.0,29315.0,29315.0,1663819.5,1660027.2455392499,1313709.5,1309917.2455392499
Time Out Market rooftop,2025,2025-07-20,0,0,1,,0,1.0,grosses,0.0,15396.0,15396.0,12394.0,12394.0,1679215.5,1675423.2455392499,1326103.5,1322311.2455392499
Time Out Market rooftop,2025,2025-07-21,0,0,0,,0,1.0,grosses,0.0,15396.0,15396.0,12394.0,12394.0,1694611.5,1690819.2455392499,1338497.5,1334705.2455392499
Time Out Market rooftop,2025,2025-07-22,0,0,0,,0,1.0,grosses,0.0,15396.0,15396.0,12394.0,12394.0,1710007.5,1706215.2455392499,1350891.5,1347099.2455392499
Time Out Market rooftop,2025,2025-07-23,0,0,0,,0,1.0,grosses,0.0,15396.0,15396.0,12394.0,12394.0,1725403.5,1721611.2455392499,1363285.5,1359493.2455392499
Time Out Market rooftop,2025,2025-07-24,0,0,0,0.035,0,1.0,grosses,0.0,15396.0,15396.0,12394.0,12394.0,1740799.5,1737007.2455392499,1375679.5,1371887.2455392499
Time Out Market rooftop,2025,2025-07-25,1,0,1,0.64,1,1.0,grosses,0.0,36351.0,48851.091071999996,29315.0,41815.091071999996,1777150.5,1785858.33661125,1404994.5,1413702.33661125
Time Out Market rooftop,2025,2025-07-26,1,0,0,0.24,1,1.0,grosses,0.0,36351.0,27162.630431999998,29315.0,20126.630431999998,1813501.5,1813020.9670432499,1434309.5,1433828.9670432499
Time Out Market rooftop,2025,2025-07-27,0,0,1,0.87,0,1.0,grosses,0.0,15396.0,15396.0,12394.0,12394.0,1828897.5,1828416.9670432499,1446703.5,1446222.9670432499
Time Out Market rooftop,2025,2025-07-28,0,0,0,0.1699999999999999,0,1.0,grosses,0.0,15396.0,15396.0,12394.0,12394.0,1844293.5,1843812.9670432499,1459097.5,1458616.9670432499
Time Out Market rooftop,2025,2025-07-29,0,0,0,0.045,0,1.0,grosses,0.0,15396.0,15396.0,12394.0,12394.0,1859689.5,1859208.9670432499,1471491.5,1471010.9670432499
Time Out Market rooftop,2025,2025-07-30,0,1,1,0.5549999999999999,0,1.0,grosses,0.0,7698.0,7698.0,4696.0,4696.0,1867387.5,1866906.9670432499,1476187.5,1475706.9670432499
Time Out Market rooftop,2025,2025-07-31,0,1,1,0.87,0,1.0,grosses,0.0,7698.0,7698.0,4696.0,4696.0,1875085.5,1874604.9670432499,1480883.5,1480402.9670432499
Time Out Market rooftop,2025,2025-08-01,1,0,1,0.9,1,1.0,grosses,0.0,36351.0,39757.0887,29315.0,32721.0887,1911436.5,1914362.0557432498,1510198.5,1513124.0557432498
Time Out Market rooftop,2025,2025-08-02,1,0,0,0.035,1,1.0,grosses,0.0,36351.0,34992.77214825,29315.0,27956.77214825,1947787.5,1949354.8278914997,1539513.5,1541080.8278914997
Time Out Market rooftop,2025,2025-08-03,0,0,0,0.025,0,1.0,grosses,0.0,15396.0,15396.0,12394.0,12394.0,1963183.5,1964750.8278914997,1551907.5,1553474.8278914997
Time Out Market rooftop,2025,2025-08-04,0,0,0,0.035,0,1.0,grosses,0.0,15396.0,15396.0,12394.0,12394.0,1978579.5,1980146.8278914997,1564301.5,1565868.8278914997
Time Out Market rooftop,2025,2025-08-05,0,0,0,0.06,0,1.0,grosses,0.0,15396.0,15396.0,12394.0,12394.0,1993975.5,1995542.8278915,1576695.5,1578262.8278915
Time Out Market rooftop,2025,2025-08-06,0,1,1,0.09,0,1.0,grosses,0.0,7698.0,7698.0,4696.0,4696.0,2001673.5,2003240.8278915,1581391.5,1582958.8278915
Time Out Market rooftop,2025,2025-08-07,0,0,1,0.045,0,1.0,grosses,0.0,15396.0,15396.0,12394.0,12394.0,2017069.5,2018636.8278915,1593785.5,1595352.8278915
Time Out Market rooftop,2025,2025-08-08,1,0,0,0.04,1,1.0,grosses,0.0,36351.0,34799.248512,29315.0,27763.248512,2053420.5,2053436.0764035,1623100.5,1623116.0764035
Time Out Market rooftop,2025,2025-08-09,1,0,0,0.04,1,1.0,grosses,0.0,36351.0,34799.248512,29315.0,27763.248512,2089771.5,2088235.3249155001,1652415.5,1650879.3249155001
Time Out Market rooftop,2025,2025-08-10,0,0,0,0.035,0,1.0,grosses,0.0,15396.0,15396.0,12394.0,12394.0,2105167.5,2103631.3249155004,1664809.5,1663273.3249155001
Time Out Market rooftop,2025,2025-08-11,0,0,0,0.03,0,1.0,grosses,0.0,15396.0,15396.0,12394.0,12394.0,2120563.5,2119027.3249155004,1677203.5,1675667.3249155001
Time Out Market rooftop,2025,2025-08-12,0,0,0,0.1,0,1.0,grosses,0.0,15396.0,15396.0,12394.0,12394.0,2135959.5,2134423.3249155004,1689597.5,1688061.3249155001
Time Out Market rooftop,2025,2025-08-13,0,1,1,0.6,0,1.0,grosses,0.0,7698.0,7698.0,4696.0,4696.0,2143657.5,2142121.3249155,1694293.5,1692757.3249155
Time Out Market rooftop,2025,2025-08-14,0,0,0,0.5700000000000001,0,1.0,grosses,0.0,15396.0,15396.0,12394.0,12394.0,2159053.5,2157517.3249155,1706687.5,1705151.3249155
Time Out Market rooftop,2025,2025-08-15,1,0,0,0.25,1,1.0,grosses,0.0,36351.0,26786.143125000002,29315.0,19750.143125000002,2195404.5,2184303.4680405,1736002.5,1724901.4680404998
Time Out Market rooftop,2025,2025-08-16,1,0,0,0.12,1,1.0,grosses,0.0,36351.0,31720.173408,29315.0,24684.173408,2231755.5,2216023.6414484996,1765317.5,1749585.6414484999
Time Out Market rooftop,2025,2025-08-17,0,1,1,0.59,0,1.0,grosses,0.0,7698.0,7698.0,4696.0,4696.0,2239453.5,2223721.6414484996,1770013.5,1754281.6414484999
Time Out Market rooftop,2025,2025-08-18,0,0,0,0.46,0,1.0,grosses,0.0,15396.0,15396.0,12394.0,12394.0,2254849.5,2239117.6414484996,1782407.5,1766675.6414484999
Time Out Market rooftop,2025,2025-08-19,0,0,0,0.09,0,1.0,grosses,0.0,15396.0,15396.0,12394.0,12394.0,2270245.5,2254513.6414484996,1794801.5,1779069.6414484999
Time Out Market rooftop,2025,2025-08-20,0,1,1,0.91,0,1.0,grosses,0.0,7698.0,7698.0,4696.0,4696.0,2277943.5,2262211.6414484996,1799497.5,1783765.6414484999
Time Out Market rooftop,2025,2025-08-21,0,0,1,0.86,0,1.0,grosses,0.0,15396.0,15396.0,12394.0,12394.0,2293339.5,2277607.6414485,1811891.5,1796159.6414485
Time Out Market rooftop,2025,2025-08-22,1,0,0,0.03,1,1.0,grosses,0.0,36351.0,35186.423013,29315.0,28150.423013,2329690.5,2312794.0644615,1841206.5,1824310.0644615002
Time Out Market rooftop,2025,2025-08-23,1,0,0,0.035,1,1.0,grosses,0.0,36351.0,34992.77214825,29315.0,27956.77214825,2366041.5,2347786.83660975,1870521.5,1852266.83660975
Time Out Market rooftop,2025,2025-08-24,0,0,0,0.34,0,1.0,grosses,0.0,15396.0,15396.0,12394.0,12394.0,2381437.5,2363182.83660975,1882915.5,1864660.83660975
Time Out Market rooftop,2025,2025-08-25,0,0,0,0.4,0,1.0,grosses,0.0,15396.0,15396.0,12394.0,12394.0,2396833.5,2378578.83660975,1895309.5,1877054.83660975
Time Out Market rooftop,2025,2025-08-26,0,0,0,0.035,0,1.0,grosses,0.0,15396.0,15396.0,12394.0,12394.0,2412229.5,2393974.83660975,1907703.5,1889448.83660975
Time Out Market rooftop,2025,2025-08-27,0,0,0,0.035,0,1.0,grosses,0.0,15396.0,15396.0,12394.0,12394.0,2427625.5,2409370.83660975,1920097.5,1901842.83660975
Time Out Market rooftop,2025,2025-08-28,0,0,0,0.5,0,1.0,grosses,0.0,15396.0,15396.0,12394.0,12394.0,2443021.5,2424766.83660975,1932491.5,1914236.83660975
Time Out Market rooftop,2025,2025-08-29,1,0,0,,0,1.0,grosses,0.0,36351.0,36351.0,29315.0,29315.0,2479372.5,2461117.83660975,1961806.5,1943551.83660975
Time Out Market rooftop,2025,2025-08-30,1,0,0,,0,1.0,grosses,0.0,36351.0,36351.0,29315.0,29315.0,2515723.5,2497468.83660975,1991121.5,1972866.83660975
Time Out Market rooftop,2025,2025-08-31,1,0,0,,0,1.0,grosses,0.0,36351.0,36351.0,29315.0,29315.0,2552074.5,2533819.83660975,2020436.5,2002181.83660975
Time Out Market rooftop,2025,2025-09-01,1,0,0,,0,1.0,grosses,0.0,36351.0,36351.0,29315.0,29315.0,2588425.5,2570170.83660975,2049751.5,2031496.83660975
Time Out Market rooftop,2025,2025-09-02,0,0,0,0.375,0,1.0,grosses,0.0,15396.0,15396.0,12394.0,12394.0,2603821.5,2585566.83660975,2062145.5,2043890.83660975
Time Out Market rooftop,2025,2025-09-03,0,0,0,,0,1.0,grosses,0.0,15396.0,15396.0,12394.0,12394.0,2619217.5,2600962.83660975,2074539.5,2056284.83660975
Time Out Market rooftop,2025,2025-09-04,0,1,1,0.65,0,1.0,grosses,0.0,7698.0,7698.0,4696.0,4696.0,2626915.5,2608660.83660975,2079235.5,2060980.83660975
Time Out Market rooftop,2025,2025-09-05,1,0,1,0.7,1,1.0,grosses,0.0,36351.0,46721.9403,29315.0,39685.9403,2663266.5,2655382.77690975,2108550.5,2100666.77690975
Time Out Market rooftop,2025,2025-09-06,1,1,1,0.89,1,1.0,grosses,0.0,18175.5,21924.996596999998,11139.5,14888.996597,2681442.0,2677307.77350675,2119690.0,2115555.77350675
Time Out Market rooftop,2025,2025-09-07,0,0,1,0.88,0,1.0,grosses,0.0,15396.0,15396.0,12394.0,12394.0,2696838.0,2692703.77350675,2132084.0,2127949.77350675
Time Out Market rooftop,2025,2025-09-08,0,0,0,0.03,0,1.0,grosses,0.0,15396.0,15396.0,12394.0,12394.0,2712234.0,2708099.77350675,2144478.0,2140343.77350675
Time Out Market rooftop,2025,2025-09-09,0,0,0,0.08,0,1.0,grosses,0.0,15396.0,15396.0,12394.0,12394.0,2727630.0,2723495.77350675,2156872.0,2152737.77350675
Time Out Market rooftop,2025,2025-09-10,0,0,1,0.75,0,1.0,grosses,0.0,15396.0,15396.0,12394.0,12394.0,2743026.0,2738891.77350675,2169266.0,2165131.77350675
Time Out Market rooftop,2025,2025-09-11,0,0,0,0.04,0,1.0,grosses,0.0,15396.0,15396.0,12394.0,12394.0,2758422.0,2754287.77350675,2181660.0,2177525.77350675
Time Out Market rooftop,2025,2025-09-12,1,0,0,0.15,1,1.0,grosses,0.0,36351.0,30573.917325000002,29315.0,23537.917325000002,2794773.0,2784861.6908317497,2210975.0,2201063.6908317497
Time Out Market rooftop,2025,2025-09-13,1,0,0,0.1,1,1.0,grosses,0.0,36351.0,32486.8887,29315.0,25450.8887,2831124.0,2817348.5795317497,2240290.0,2226514.5795317497
Time Out Market rooftop,2025,2025-09-14,0,0,0,0.44,0,1.0,grosses,0.0,15396.0,15396.0,12394.0,12394.0,2846520.0,2832744.5795317497,2252684.0,2238908.5795317497
Time Out Market rooftop,2025,2025-09-15,0,0,0,0.22,0,1.0,grosses,0.0,15396.0,15396.0,12394.0,12394.0,2861916.0,2848140.5795317497,2265078.0,2251302.5795317497
Time Out Market rooftop,2025,2025-09-16,0,0,0,0.37,0,1.0,grosses,0.0,15396.0,15396.0,12394.0,12394.0,2877312.0,2863536.5795317497,2277472.0,2263696.5795317497
Time Out Market rooftop,2025,2025-09-17,0,0,1,0.91,0,1.0,grosses,0.0,15396.0,15396.0,12394.0,12394.0,2892708.0,2878932.5795317497,2289866.0,2276090.5795317497
Time Out Market rooftop,2025,2025-09-18,0,0,1,0.66,0,1.0,grosses,0.0,15396.0,15396.0,12394.0,12394.0,2908104.0,2894328.5795317497,2302260.0,2288484.5795317497
Time Out Market rooftop,2025,2025-09-19,1,0,0,0.035,1,1.0,grosses,0.0,36351.0,34992.77214825,29315.0,27956.77214825,2944455.0,2929321.35168,2331575.0,2316441.35168
Time Out Market rooftop,2025,2025-09-20,1,0,0,0.035,1,1.0,grosses,0.0,36351.0,34992.77214825,29315.0,27956.77214825,2980806.0,2964314.12382825,2360890.0,2344398.12382825
Time Out Market rooftop,2025,2025-09-21,0,0,0,0.045,0,1.0,grosses,0.0,15396.0,15396.0,12394.0,12394.0,2996202.0,2979710.12382825,2373284.0,2356792.12382825
Time Out Market rooftop,2025,2025-09-22,0,0,0,0.0699999999999999,0,1.0,grosses,0.0,15396.0,15396.0,12394.0,12394.0,3011598.0,2995106.12382825,2385678.0,2369186.12382825
Time Out Market rooftop,2025,2025-09-24,0,1,1,0.78,0,1.0,grosses,0.0,7698.0,7698.0,4696.0,4696.0,3019296.0,3002804.12382825,2390374.0,2373882.12382825
Time Out Market rooftop,2025,2025-09-25,0,0,1,0.95,0,1.0,grosses,0.0,15396.0,15396.0,12394.0,12394.0,3034692.0,3018200.12382825,2402768.0,2386276.12382825
Time Out Market rooftop,2025,2025-09-26,1,0,0,0.39,1,1.0,grosses,0.0,36351.0,21568.756797,29315.0,14532.756796999998,3071043.0,3039768.88062525,2432083.0,2400808.88062525
Time Out Market rooftop,2025,2025-09-27,1,0,1,0.4,1,1.0,grosses,0.0,36351.0,57550.9032,29315.0,50514.9032,3107394.0,3097319.7838252503,2461398.0,2451323.7838252503
Time Out Market rooftop,2025,2025-09-28,0,0,1,0.8400000000000001,0,1.0,grosses,0.0,15396.0,15396.0,12394.0,12394.0,3122790.0,3112715.7838252503,2473792.0,2463717.7838252503
Time Out Market rooftop,2025,2025-09-29,0,0,0,0.035,0,1.0,grosses,0.0,15396.0,15396.0,12394.0,12394.0,3138186.0,3128111.7838252503,2486186.0,2476111.7838252503
Time Out Market rooftop,2025,2025-09-30,1,0,0,0.04,1,1.0,grosses,0.0,36351.0,34799.248512,29315.0,27763.248512,3174537.0,3162911.03233725,2515501.0,2503875.03233725
Sultan Room Rooftop,2026,2026-05-01,1,0,1,0.04,0,1.0,grosses,0.5,13685.0,13685.0,9986.0,9986.0,13685.0,13685.0,9986.0,9986.0
Sultan Room Rooftop,2026,2026-05-02,1,0,1,0.33,0,1.0,grosses,0.5,13685.0,13685.0,9986.0,9986.0,27370.0,27370.0,19972.0,19972.0
Sultan Room Rooftop,2026,2026-05-03,0,0,0,0.02,0,1.0,grosses,0.5,5434.0,5434.0,3738.0,3738.0,32804.0,32804.0,23710.0,23710.0
Sultan Room Rooftop,2026,2026-05-05,0,0,0,0.19,0,1.0,grosses,0.5,5434.0,5434.0,3738.0,3738.0,38238.0,38238.0,27448.0,27448.0
Sultan Room Rooftop,2026,2026-05-06,0,1,1,0.99,0,1.0,grosses,0.5,2717.0,2717.0,1021.0,1021.0,40955.0,40955.0,28469.0,28469.0
Sultan Room Rooftop,2026,2026-05-07,0,0,1,0.05,0,1.0,grosses,0.5,5434.0,5434.0,3738.0,3738.0,46389.0,46389.0,32207.0,32207.0
Sultan Room Rooftop,2026,2026-05-08,1,0,1,0.64,1,1.0,grosses,0.5,13685.0,18390.88832,9986.0,14691.888319999998,60074.0,64779.88832,42193.0,46898.88832
Sultan Room Rooftop,2026,2026-05-09,1,1,1,0.89,1,1.0,grosses,0.5,6842.5,8254.066695,3143.5,4555.0666949999995,66916.5,73033.955015,45336.5,51453.955015
Sultan Room Rooftop,2026,2026-05-10,0,0,1,0.87,0,1.0,grosses,0.5,5434.0,5434.0,3738.0,3738.0,72350.5,78467.955015,49074.5,55191.955015
Sultan Room Rooftop,2026,2026-05-12,0,0,0,0.01,0,1.0,grosses,0.5,5434.0,5434.0,3738.0,3738.0,77784.5,83901.955015,52812.5,58929.955015
Sultan Room Rooftop,2026,2026-05-13,0,0,1,0.15,0,1.0,grosses,0.5,5434.0,5434.0,3738.0,3738.0,83218.5,89335.955015,56550.5,62667.955015
Sultan Room Rooftop,2026,2026-05-14,0,0,1,0.99,0,1.0,grosses,0.5,5434.0,5434.0,3738.0,3738.0,88652.5,94769.955015,60288.5,66405.955015
Sultan Room Rooftop,2026,2026-05-15,1,0,0,0.5,1,1.0,grosses,0.5,13685.0,6603.012500000001,9986.0,2904.0125000000007,102337.5,101372.967515,70274.5,69309.967515
Sultan Room Rooftop,2026,2026-05-16,1,0,0,0.115,0,1.0,grosses,0.5,13685.0,13685.0,9986.0,9986.0,116022.5,115057.967515,80260.5,79295.967515
Sultan Room Rooftop,2026,2026-05-17,0,0,0,0.15,0,1.0,grosses,0.5,5434.0,5434.0,3738.0,3738.0,121456.5,120491.967515,83998.5,83033.967515
Sultan Room Rooftop,2026,2026-05-19,0,0,0,0.445,0,1.0,grosses,0.5,5434.0,5434.0,3738.0,3738.0,126890.5,125925.967515,87736.5,86771.967515
Sultan Room Rooftop,2026,2026-05-20,0,1,1,0.8,0,1.0,grosses,0.5,2717.0,2717.0,1021.0,1021.0,129607.5,128642.967515,88757.5,87792.967515
Sultan Room Rooftop,2026,2026-05-21,0,0,1,0.9,0,1.0,grosses,0.5,5434.0,5434.0,3738.0,3738.0,135041.5,134076.967515,92495.5,91530.967515
Sultan Room Rooftop,2026,2026-05-22,1,0,0,0.14,0,1.0,grosses,0.5,13685.0,13685.0,9986.0,9986.0,148726.5,147761.967515,102481.5,101516.967515
Sultan Room Rooftop,2026,2026-05-23,1,1,1,0.99,1,1.0,grosses,0.5,6842.5,6969.866295,3143.5,3270.8662950000003,155569.0,154731.83380999998,105625.0,104787.83381
Sultan Room Rooftop,2026,2026-05-24,1,0,1,0.99,1,1.0,grosses,0.5,13685.0,13812.366295,9986.0,10113.366295,169254.0,168544.200105,115611.0,114901.200105
Sultan Room Rooftop,2026,2026-05-26,0,0,0,0.03,0,1.0,grosses,0.5,5434.0,5434.0,3738.0,3738.0,174688.0,173978.200105,119349.0,118639.200105
Sultan Room Rooftop,2026,2026-05-27,0,0,1,0.1,0,1.0,grosses,0.5,5434.0,5434.0,3738.0,3738.0,180122.0,179412.200105,123087.0,122377.200105
Sultan Room Rooftop,2026,2026-05-28,0,0,0,0.04,0,1.0,grosses,0.5,5434.0,5434.0,3738.0,3738.0,185556.0,184846.200105,126825.0,126115.200105
Sultan Room Rooftop,2026,2026-05-29,1,0,0,0.1,0,1.0,grosses,0.5,13685.0,13685.0,9986.0,9986.0,199241.0,198531.200105,136811.0,136101.200105
Sultan Room Rooftop,2026,2026-05-30,1,0,1,0.445,0,1.0,grosses,0.5,13685.0,13685.0,9986.0,9986.0,212926.0,212216.200105,146797.0,146087.200105
Sultan Room Rooftop,2026,2026-05-31,0,0,0,0.445,0,1.0,grosses,0.5,5434.0,5434.0,3738.0,3738.0,218360.0,217650.200105,150535.0,149825.200105
Sultan Room Rooftop,2026,2026-06-02,0,0,0,0.45,0,1.0,grosses,0.5,5434.0,5434.0,3738.0,3738.0,223794.0,223084.200105,154273.0,153563.200105
Sultan Room Rooftop,2026,2026-06-03,0,0,0,0.04,0,1.0,grosses,0.5,5434.0,5434.0,3738.0,3738.0,229228.0,228518.200105,158011.0,157301.200105
Sultan Room Rooftop,2026,2026-06-04,0,0,0,0.115,0,1.0,grosses,0.5,5434.0,5434.0,3738.0,3738.0,234662.0,233952.200105,161749.0,161039.200105
Sultan Room Rooftop,2026,2026-06-05,1,0,0,0.38,0,1.0,grosses,0.5,13685.0,13685.0,9986.0,9986.0,248347.0,247637.200105,171735.0,171025.200105
Sultan Room Rooftop,2026,2026-06-06,1,1,1,0.445,0,1.0,grosses,0.5,6842.5,6842.5,3143.5,3143.5,255189.5,254479.700105,174878.5,174168.700105
Sultan Room Rooftop,2026,2026-06-07,0,0,1,0.16,0,1.0,grosses,0.5,5434.0,5434.0,3738.0,3738.0,260623.5,259913.700105,178616.5,177906.700105
Sultan Room Rooftop,2026,2026-06-09,0,0,0,0.445,0,1.0,grosses,0.5,5434.0,5434.0,3738.0,3738.0,266057.5,265347.700105,182354.5,181644.700105
Sultan Room Rooftop,2026,2026-06-10,0,0,1,0.19,0,1.0,grosses,0.5,5434.0,5434.0,3738.0,3738.0,271491.5,270781.700105,186092.5,185382.700105
Sultan Room Rooftop,2026,2026-06-11,0,1,1,0.9,0,1.0,grosses,0.5,2717.0,2717.0,1021.0,1021.0,274208.5,273498.700105,187113.5,186403.700105
Sultan Room Rooftop,2026,2026-06-12,1,1,1,0.32,0,1.0,grosses,0.5,6842.5,6842.5,3143.5,3143.5,281051.0,280341.200105,190257.0,189547.200105
Sultan Room Rooftop,2026,2026-06-13,1,0,0,0.4599999999999999,0,1.0,grosses,0.5,13685.0,13685.0,9986.0,9986.0,294736.0,294026.200105,200243.0,199533.200105
Sultan Room Rooftop,2026,2026-06-14,0,1,1,0.84,0,1.0,grosses,0.5,2717.0,2717.0,1021.0,1021.0,297453.0,296743.200105,201264.0,200554.200105
Sultan Room Rooftop,2026,2026-06-16,0,0,0,0.16,0,1.0,grosses,0.5,5434.0,5434.0,3738.0,3738.0,302887.0,302177.200105,205002.0,204292.200105
Sultan Room Rooftop,2026,2026-06-17,0,0,1,0.59,0,1.0,grosses,0.5,5434.0,5434.0,3738.0,3738.0,308321.0,307611.200105,208740.0,208030.200105
Sultan Room Rooftop,2026,2026-06-18,0,0,1,0.86,0,1.0,grosses,0.5,5434.0,5434.0,3738.0,3738.0,313755.0,313045.200105,212478.0,211768.200105
Sultan Room Rooftop,2026,2026-06-19,1,0,0,0.19,0,1.0,grosses,0.5,13685.0,13685.0,9986.0,9986.0,327440.0,326730.200105,222464.0,221754.200105
Sultan Room Rooftop,2026,2026-06-20,1,0,0,0.39,0,1.0,grosses,0.5,13685.0,13685.0,9986.0,9986.0,341125.0,340415.200105,232450.0,231740.200105
Sultan Room Rooftop,2026,2026-06-21,0,0,0,0.58,0,1.0,grosses,0.5,5434.0,5434.0,3738.0,3738.0,346559.0,345849.200105,236188.0,235478.200105
Sultan Room Rooftop,2026,2026-06-23,0,0,1,0.95,0,1.0,grosses,0.5,5434.0,5434.0,3738.0,3738.0,351993.0,351283.200105,239926.0,239216.200105
Sultan Room Rooftop,2026,2026-06-24,0,0,0,0.04,0,1.0,grosses,0.5,5434.0,5434.0,3738.0,3738.0,357427.0,356717.200105,243664.0,242954.200105
Sultan Room Rooftop,2026,2026-06-25,0,0,0,0.85,0,1.0,grosses,0.5,5434.0,5434.0,3738.0,3738.0,362861.0,362151.200105,247402.0,246692.200105
Sultan Room Rooftop,2026,2026-06-26,1,0,1,0.86,1,1.0,grosses,0.5,13685.0,15485.562820000001,9986.0,11786.562820000001,376546.0,377636.762925,257388.0,258478.762925
Sultan Room Rooftop,2026,2026-06-27,1,0,1,0.85,1,1.0,grosses,0.5,13685.0,15615.611375,9986.0,11916.611375,390231.0,393252.37429999997,267374.0,270395.37429999997
Sultan Room Rooftop,2026,2026-06-28,0,0,0,0.85,0,1.0,grosses,0.5,5434.0,5434.0,3738.0,3738.0,395665.0,398686.37429999997,271112.0,274133.37429999997
Sultan Room Rooftop,2026,2026-06-30,0,0,1,0.15,0,1.0,grosses,0.5,5434.0,5434.0,3738.0,3738.0,401099.0,404120.37429999997,274850.0,277871.37429999997
Sultan Room Rooftop,2026,2026-07-01,0,0,0,0.08,0,1.0,grosses,0.5,5434.0,5434.0,3738.0,3738.0,406533.0,409554.37429999997,278588.0,281609.37429999997
Sultan Room Rooftop,2026,2026-07-02,0,0,0,0.26,0,1.0,grosses,0.5,5434.0,5434.0,3738.0,3738.0,411967.0,414988.37429999997,282326.0,285347.37429999997
Sultan Room Rooftop,2026,2026-07-03,1,1,1,0.86,1,1.0,grosses,0.5,6842.5,8643.062820000001,3143.5,4944.06282,418809.5,423631.43711999996,285469.5,290291.43711999996
Sultan Room Rooftop,2026,2026-07-04,1,1,1,0.86,1,1.0,grosses,0.5,6842.5,8643.062820000001,3143.5,4944.06282,425652.0,432274.49994,288613.0,295235.49994
Sultan Room Rooftop,2026,2026-07-05,0,1,1,0.86,0,1.0,grosses,0.5,2717.0,2717.0,1021.0,1021.0,428369.0,434991.49994,289634.0,296256.49994
Sultan Room Rooftop,2026,2026-07-07,0,0,1,0.95,0,1.0,grosses,0.5,5434.0,5434.0,3738.0,3738.0,433803.0,440425.49994,293372.0,299994.49994
Sultan Room Rooftop,2026,2026-07-08,0,0,0,0.12,0,1.0,grosses,0.5,5434.0,5434.0,3738.0,3738.0,439237.0,445859.49994,297110.0,303732.49994
Sultan Room Rooftop,2026,2026-07-09,0,0,1,0.85,0,1.0,grosses,0.5,5434.0,5434.0,3738.0,3738.0,444671.0,451293.49994,300848.0,307470.49994
Sultan Room Rooftop,2026,2026-07-10,1,0,0,0.86,1,1.0,grosses,0.5,13685.0,1800.562820000001,9986.0,-1898.437179999999,458356.0,453094.06276,310834.0,305572.06276
Sultan Room Rooftop,2026,2026-07-11,1,0,1,0.83,1,1.0,grosses,0.5,13685.0,15876.283255,9986.0,12177.283255,472041.0,468970.346015,320820.0,317749.346015
Sultan Room Rooftop,2026,2026-07-12,0,0,0,0.1,0,1.0,grosses,0.5,5434.0,5434.0,3738.0,3738.0,477475.0,474404.346015,324558.0,321487.346015
Sultan Room Rooftop,2026,2026-07-14,0,0,0,0.01,0,1.0,grosses,0.5,5434.0,5434.0,3738.0,3738.0,482909.0,479838.346015,328296.0,325225.346015
Sultan Room Rooftop,2026,2026-07-15,0,0,1,,0,1.0,grosses,0.5,5434.0,5434.0,3738.0,3738.0,488343.0,485272.346015,332034.0,328963.346015
Sultan Room Rooftop,2026,2026-07-15,0,0,1,0.465,0,1.0,grosses,0.5,5434.0,5434.0,3738.0,3738.0,493777.0,490706.346015,335772.0,332701.346015
Sultan Room Rooftop,2026,2026-07-17,1,0,0,,0,1.0,grosses,0.5,13685.0,13685.0,9986.0,9986.0,507462.0,504391.346015,345758.0,342687.346015
Sultan Room Rooftop,2026,2026-07-22,0,0,0,,0,1.0,grosses,0.5,5434.0,5434.0,3738.0,3738.0,512896.0,509825.346015,349496.0,346425.346015
Sultan Room Rooftop,2026,2026-07-23,0,0,0,0.22,0,1.0,grosses,0.5,5434.0,5434.0,3738.0,3738.0,518330.0,515259.346015,353234.0,350163.346015
Sultan Room Rooftop,2026,2026-07-24,1,0,0,0.43,0,1.0,grosses,0.5,13685.0,13685.0,9986.0,9986.0,532015.0,528944.346015,363220.0,360149.346015
Sultan Room Rooftop,2026,2026-07-25,1,0,0,0.12,0,1.0,grosses,0.5,13685.0,13685.0,9986.0,9986.0,545700.0,542629.346015,373206.0,370135.346015
Sultan Room Rooftop,2026,2026-07-26,0,0,0,0.425,0,1.0,grosses,0.5,5434.0,5434.0,3738.0,3738.0,551134.0,548063.346015,376944.0,373873.346015
Sultan Room Rooftop,2026,2026-07-28,0,1,1,0.92,0,1.0,grosses,0.5,2717.0,2717.0,1021.0,1021.0,553851.0,550780.346015,377965.0,374894.346015
Sultan Room Rooftop,2026,2026-07-29,0,0,1,0.81,0,1.0,grosses,0.5,5434.0,5434.0,3738.0,3738.0,559285.0,556214.346015,381703.0,378632.346015
Sultan Room Rooftop,2026,2026-07-30,0,0,1,0.3,0,1.0,grosses,0.5,5434.0,5434.0,3738.0,3738.0,564719.0,561648.346015,385441.0,382370.346015
Sultan Room Rooftop,2026,2026-07-31,1,0,1,0.02,0,1.0,grosses,0.5,13685.0,13685.0,9986.0,9986.0,578404.0,575333.346015,395427.0,392356.346015
Sultan Room Rooftop,2026,2026-08-01,1,0,0,0.21,0,1.0,grosses,0.5,13685.0,13685.0,9986.0,9986.0,592089.0,589018.346015,405413.0,402342.346015
Sultan Room Rooftop,2026,2026-08-02,0,1,1,0.73,0,1.0,grosses,0.5,2717.0,2717.0,1021.0,1021.0,594806.0,591735.346015,406434.0,403363.346015
Sultan Room Rooftop,2026,2026-08-04,0,0,0,0.06,0,1.0,grosses,0.5,5434.0,5434.0,3738.0,3738.0,600240.0,597169.346015,410172.0,407101.346015
Sultan Room Rooftop,2026,2026-08-05,0,1,1,0.52,0,1.0,grosses,0.5,2717.0,2717.0,1021.0,1021.0,602957.0,599886.346015,411193.0,408122.346015
Sultan Room Rooftop,2026,2026-08-06,0,0,1,0.62,0,1.0,grosses,0.5,5434.0,5434.0,3738.0,3738.0,608391.0,605320.346015,414931.0,411860.346015
Sultan Room Rooftop,2026,2026-08-07,1,1,1,0.69,1,1.0,grosses,0.5,6842.5,10879.944495,3143.5,7180.944495000001,615233.5,616200.29051,418074.5,419041.29051
Sultan Room Rooftop,2026,2026-08-08,1,0,0,0.51,1,1.0,grosses,0.5,13685.0,6466.2582950000005,9986.0,2767.2582950000005,628918.5,622666.5488049999,428060.5,421808.548805
Sultan Room Rooftop,2026,2026-08-09,0,0,0,0.09,0,1.0,grosses,0.5,5434.0,5434.0,3738.0,3738.0,634352.5,628100.5488049999,431798.5,425546.548805
Sultan Room Rooftop,2026,2026-08-11,0,0,0,0.22,0,1.0,grosses,0.5,5434.0,5434.0,3738.0,3738.0,639786.5,633534.5488049999,435536.5,429284.548805
Sultan Room Rooftop,2026,2026-08-12,0,0,0,0.53,0,1.0,grosses,0.5,5434.0,5434.0,3738.0,3738.0,645220.5,638968.5488049999,439274.5,433022.548805
Sultan Room Rooftop,2026,2026-08-13,0,0,1,0.71,0,1.0,grosses,0.5,5434.0,5434.0,3738.0,3738.0,650654.5,644402.5488049999,443012.5,436760.548805
Sultan Room Rooftop,2026,2026-08-14,1,0,0,,0,1.0,grosses,0.5,13685.0,13685.0,9986.0,9986.0,664339.5,658087.548805,452998.5,446746.548805
Sultan Room Rooftop,2026,2026-08-15,1,0,0,0.44,0,1.0,grosses,0.5,13685.0,13685.0,9986.0,9986.0,678024.5,671772.548805,462984.5,456732.548805
Sultan Room Rooftop,2026,2026-08-16,0,1,1,,0,1.0,grosses,0.5,2717.0,2717.0,1021.0,1021.0,680741.5,674489.548805,464005.5,457753.548805
Sultan Room Rooftop,2026,2026-08-18,0,0,1,0.12,0,1.0,grosses,0.5,5434.0,5434.0,3738.0,3738.0,686175.5,679923.548805,467743.5,461491.548805
Sultan Room Rooftop,2026,2026-08-19,0,0,0,0.05,0,1.0,grosses,0.5,5434.0,5434.0,3738.0,3738.0,691609.5,685357.548805,471481.5,465229.548805
Sultan Room Rooftop,2026,2026-08-20,0,1,1,0.8,0,1.0,grosses,0.5,2717.0,2717.0,1021.0,1021.0,694326.5,688074.548805,472502.5,466250.548805
Sultan Room Rooftop,2026,2026-08-21,1,0,0,0.58,1,1.0,grosses,0.5,13685.0,5514.343380000001,9986.0,1815.3433800000012,708011.5,693588.892185,482488.5,468065.892185
Sultan Room Rooftop,2026,2026-08-22,1,0,0,0.5,1,1.0,grosses,0.5,13685.0,6603.012500000001,9986.0,2904.0125000000007,721696.5,700191.904685,492474.5,470969.904685
Sultan Room Rooftop,2026,2026-08-23,0,0,1,0.67,0,1.0,grosses,0.5,5434.0,5434.0,3738.0,3738.0,727130.5,705625.9046850001,496212.5,474707.904685
Sultan Room Rooftop,2026,2026-08-25,0,0,0,0.15,0,1.0,grosses,0.5,5434.0,5434.0,3738.0,3738.0,732564.5,711059.9046850001,499950.5,478445.904685
Sultan Room Rooftop,2026,2026-08-26,0,0,0,0.12,0,1.0,grosses,0.5,5434.0,5434.0,3738.0,3738.0,737998.5,716493.9046850001,503688.5,482183.904685
Sultan Room Rooftop,2026,2026-08-27,0,0,1,0.79,0,1.0,grosses,0.5,5434.0,5434.0,3738.0,3738.0,743432.5,721927.9046850001,507426.5,485921.904685
Sultan Room Rooftop,2026,2026-08-28,1,0,0,0.71,1,1.0,grosses,0.5,13685.0,3771.4080950000007,9986.0,72.40809500000069,757117.5,725699.31278,517412.5,485994.31278000004
Sultan Room Rooftop,2026,2026-08-29,1,0,0,0.05,0,1.0,grosses,0.5,13685.0,13685.0,9986.0,9986.0,770802.5,739384.31278,527398.5,495980.31278000004
Sultan Room Rooftop,2026,2026-08-30,0,1,1,0.62,0,1.0,grosses,0.5,2717.0,2717.0,1021.0,1021.0,773519.5,742101.31278,528419.5,497001.31278000004
Sultan Room Rooftop,2026,2026-09-01,0,1,1,0.75,0,1.0,grosses,0.5,2717.0,2717.0,1021.0,1021.0,776236.5,744818.31278,529440.5,498022.31278000004
Sultan Room Rooftop,2026,2026-09-02,0,0,1,0.62,0,1.0,grosses,0.5,5434.0,5434.0,3738.0,3738.0,781670.5,750252.31278,533178.5,501760.31278000004
Sultan Room Rooftop,2026,2026-09-03,0,0,1,0.8,0,1.0,grosses,0.5,5434.0,5434.0,3738.0,3738.0,787104.5,755686.31278,536916.5,505498.31278000004
Sultan Room Rooftop,2026,2026-09-04,1,0,1,0.61,1,1.0,grosses,0.5,13685.0,18794.253695,9986.0,15095.253695,800789.5,774480.566475,546902.5,520593.56647500006
Sultan Room Rooftop,2026,2026-09-05,1,0,0,0.11,0,1.0,grosses,0.5,13685.0,13685.0,9986.0,9986.0,814474.5,788165.566475,556888.5,530579.566475
Sultan Room Rooftop,2026,2026-09-06,1,0,0,0.17,0,1.0,grosses,0.5,13685.0,13685.0,9986.0,9986.0,828159.5,801850.566475,566874.5,540565.566475
Sultan Room Rooftop,2026,2026-09-08,0,0,0,0.06,0,1.0,grosses,0.5,5434.0,5434.0,3738.0,3738.0,833593.5,807284.566475,570612.5,544303.566475
Sultan Room Rooftop,2026,2026-09-09,0,0,0,0.08,0,1.0,grosses,0.5,5434.0,5434.0,3738.0,3738.0,839027.5,812718.566475,574350.5,548041.566475
Sultan Room Rooftop,2026,2026-09-10,0,0,1,0.3,0,1.0,grosses,0.5,5434.0,5434.0,3738.0,3738.0,844461.5,818152.566475,578088.5,551779.566475
Sultan Room Rooftop,2026,2026-09-11,1,0,0,0.0849999999999999,0,1.0,grosses,0.5,13685.0,13685.0,9986.0,9986.0,858146.5,831837.566475,588074.5,561765.566475
Sultan Room Rooftop,2026,2026-09-12,1,0,0,0.27,0,1.0,grosses,0.5,13685.0,13685.0,9986.0,9986.0,871831.5,845522.566475,598060.5,571751.566475
Sultan Room Rooftop,2026,2026-09-13,0,0,1,0.98,0,1.0,grosses,0.5,5434.0,5434.0,3738.0,3738.0,877265.5,850956.566475,601798.5,575489.566475
Sultan Room Rooftop,2025,2025-05-01,1,0,0,,0,1.0,grosses,0.0,13685.0,13685.0,9986.0,9986.0,13685.0,13685.0,9986.0,9986.0
Sultan Room Rooftop,2025,2025-05-02,1,0,0,,0,1.0,grosses,0.0,13685.0,13685.0,9986.0,9986.0,27370.0,27370.0,19972.0,19972.0
Sultan Room Rooftop,2025,2025-05-03,1,1,1,0.5,1,1.0,grosses,0.0,6842.5,13445.5125,3143.5,9746.5125,34212.5,40815.5125,23115.5,29718.5125
Sultan Room Rooftop,2025,2025-05-04,0,1,1,0.55,0,1.0,grosses,0.0,2717.0,2717.0,1021.0,1021.0,36929.5,43532.5125,24136.5,30739.5125
Sultan Room Rooftop,2025,2025-05-06,0,0,1,0.8,0,1.0,grosses,0.0,5434.0,5434.0,3738.0,3738.0,42363.5,48966.5125,27874.5,34477.5125
Sultan Room Rooftop,2025,2025-05-07,0,0,1,,0,1.0,grosses,0.0,5434.0,5434.0,3738.0,3738.0,47797.5,54400.5125,31612.5,38215.5125
Sultan Room Rooftop,2025,2025-05-08,0,0,1,,0,1.0,grosses,0.0,5434.0,5434.0,3738.0,3738.0,53231.5,59834.5125,35350.5,41953.5125
Sultan Room Rooftop,2025,2025-05-09,1,0,1,,0,1.0,grosses,0.0,13685.0,13685.0,9986.0,9986.0,66916.5,73519.5125,45336.5,51939.5125
Sultan Room Rooftop,2025,2025-05-10,1,0,1,,0,1.0,grosses,0.0,13685.0,13685.0,9986.0,9986.0,80601.5,87204.5125,55322.5,61925.5125
Sultan Room Rooftop,2025,2025-05-11,0,0,0,,0,1.0,grosses,0.0,5434.0,5434.0,3738.0,3738.0,86035.5,92638.5125,59060.5,65663.5125
Sultan Room Rooftop,2025,2025-05-13,0,1,1,,0,1.0,grosses,0.0,2717.0,2717.0,1021.0,1021.0,88752.5,95355.5125,60081.5,66684.5125
Sultan Room Rooftop,2025,2025-05-14,0,1,1,,0,1.0,grosses,0.0,2717.0,2717.0,1021.0,1021.0,91469.5,98072.5125,61102.5,67705.5125
Sultan Room Rooftop,2025,2025-05-15,0,0,0,,0,1.0,grosses,0.0,5434.0,5434.0,3738.0,3738.0,96903.5,103506.5125,64840.5,71443.5125
Sultan Room Rooftop,2025,2025-05-16,1,0,1,,0,1.0,grosses,0.0,13685.0,13685.0,9986.0,9986.0,110588.5,117191.5125,74826.5,81429.5125
Sultan Room Rooftop,2025,2025-05-17,1,0,1,,0,1.0,grosses,0.0,13685.0,13685.0,9986.0,9986.0,124273.5,130876.5125,84812.5,91415.5125
Sultan Room Rooftop,2025,2025-05-18,0,0,0,,0,1.0,grosses,0.0,5434.0,5434.0,3738.0,3738.0,129707.5,136310.5125,88550.5,95153.5125
Sultan Room Rooftop,2025,2025-05-20,0,0,0,,0,1.0,grosses,0.0,5434.0,5434.0,3738.0,3738.0,135141.5,141744.5125,92288.5,98891.5125
Sultan Room Rooftop,2025,2025-05-21,0,0,1,,0,1.0,grosses,0.0,5434.0,5434.0,3738.0,3738.0,140575.5,147178.5125,96026.5,102629.5125
Sultan Room Rooftop,2025,2025-05-22,0,1,1,,0,1.0,grosses,0.0,2717.0,2717.0,1021.0,1021.0,143292.5,149895.5125,97047.5,103650.5125
Sultan Room Rooftop,2025,2025-05-23,1,1,1,0.8,1,1.0,grosses,0.0,6842.5,9426.228,3143.5,5727.227999999999,150135.0,159321.7405,100191.0,109377.7405
Sultan Room Rooftop,2025,2025-05-24,1,0,1,,0,1.0,grosses,0.0,13685.0,13685.0,9986.0,9986.0,163820.0,173006.7405,110177.0,119363.7405
Sultan Room Rooftop,2025,2025-05-25,1,0,0,,0,1.0,grosses,0.0,13685.0,13685.0,9986.0,9986.0,177505.0,186691.7405,120163.0,129349.7405
Sultan Room Rooftop,2025,2025-05-27,0,0,0,,0,1.0,grosses,0.0,5434.0,5434.0,3738.0,3738.0,182939.0,192125.7405,123901.0,133087.7405
Sultan Room Rooftop,2025,2025-05-29,0,0,1,,0,1.0,grosses,0.0,5434.0,5434.0,3738.0,3738.0,188373.0,197559.7405,127639.0,136825.7405
Sultan Room Rooftop,2025,2025-05-30,1,0,1,,0,1.0,grosses,0.0,13685.0,13685.0,9986.0,9986.0,202058.0,211244.7405,137625.0,146811.7405
Sultan Room Rooftop,2025,2025-05-31,1,0,1,,0,1.0,grosses,0.0,13685.0,13685.0,9986.0,9986.0,215743.0,224929.7405,147611.0,156797.7405
Sultan Room Rooftop,2025,2025-06-01,0,0,0,,0,1.0,grosses,0.0,5434.0,5434.0,3738.0,3738.0,221177.0,230363.7405,151349.0,160535.7405
Sultan Room Rooftop,2025,2025-06-03,0,0,0,,0,1.0,grosses,0.0,5434.0,5434.0,3738.0,3738.0,226611.0,235797.7405,155087.0,164273.7405
Sultan Room Rooftop,2025,2025-06-04,0,0,0,0.25,0,1.0,grosses,0.0,5434.0,5434.0,3738.0,3738.0,232045.0,241231.7405,158825.0,168011.7405
Sultan Room Rooftop,2025,2025-06-05,0,0,0,,0,1.0,grosses,0.0,5434.0,5434.0,3738.0,3738.0,237479.0,246665.7405,162563.0,171749.7405
Sultan Room Rooftop,2025,2025-06-06,1,0,1,,0,1.0,grosses,0.0,13685.0,13685.0,9986.0,9986.0,251164.0,260350.7405,172549.0,181735.7405
Sultan Room Rooftop,2025,2025-06-07,1,1,1,,0,1.0,grosses,0.0,6842.5,6842.5,3143.5,3143.5,258006.5,267193.2405,175692.5,184879.2405
Sultan Room Rooftop,2025,2025-06-08,0,0,1,,0,1.0,grosses,0.0,5434.0,5434.0,3738.0,3738.0,263440.5,272627.2405,179430.5,188617.2405
Sultan Room Rooftop,2025,2025-06-10,0,0,1,,0,1.0,grosses,0.0,5434.0,5434.0,3738.0,3738.0,268874.5,278061.2405,183168.5,192355.2405
Sultan Room Rooftop,2025,2025-06-11,0,0,0,,0,1.0,grosses,0.0,5434.0,5434.0,3738.0,3738.0,274308.5,283495.2405,186906.5,196093.2405
Sultan Room Rooftop,2025,2025-06-12,0,0,0,,0,1.0,grosses,0.0,5434.0,5434.0,3738.0,3738.0,279742.5,288929.2405,190644.5,199831.2405
Sultan Room Rooftop,2025,2025-06-13,1,0,0,,0,1.0,grosses,0.0,13685.0,13685.0,9986.0,9986.0,293427.5,302614.2405,200630.5,209817.2405
Sultan Room Rooftop,2025,2025-06-14,1,0,1,,0,1.0,grosses,0.0,13685.0,13685.0,9986.0,9986.0,307112.5,316299.2405,210616.5,219803.2405
Sultan Room Rooftop,2025,2025-06-15,0,0,1,,0,1.0,grosses,0.0,5434.0,5434.0,3738.0,3738.0,312546.5,321733.2405,214354.5,223541.2405
Sultan Room Rooftop,2025,2025-06-17,0,0,1,,0,1.0,grosses,0.0,5434.0,5434.0,3738.0,3738.0,317980.5,327167.2405,218092.5,227279.2405
Sultan Room Rooftop,2025,2025-06-18,0,0,1,0.55,0,1.0,grosses,0.0,5434.0,5434.0,3738.0,3738.0,323414.5,332601.2405,221830.5,231017.2405
Sultan Room Rooftop,2025,2025-06-19,0,1,1,,0,1.0,grosses,0.0,2717.0,2717.0,1021.0,1021.0,326131.5,335318.2405,222851.5,232038.2405
Sultan Room Rooftop,2025,2025-06-20,1,0,0,,0,1.0,grosses,0.0,13685.0,13685.0,9986.0,9986.0,339816.5,349003.2405,232837.5,242024.2405
Sultan Room Rooftop,2025,2025-06-21,1,0,0,,0,1.0,grosses,0.0,13685.0,13685.0,9986.0,9986.0,353501.5,362688.2405,242823.5,252010.2405
Sultan Room Rooftop,2025,2025-06-22,0,0,1,,0,1.0,grosses,0.0,5434.0,5434.0,3738.0,3738.0,358935.5,368122.2405,246561.5,255748.2405
Sultan Room Rooftop,2025,2025-06-24,0,0,0,,0,1.0,grosses,0.0,5434.0,5434.0,3738.0,3738.0,364369.5,373556.2405,250299.5,259486.2405
Sultan Room Rooftop,2025,2025-06-25,0,0,0,,0,1.0,grosses,0.0,5434.0,5434.0,3738.0,3738.0,369803.5,378990.2405,254037.5,263224.2405
Sultan Room Rooftop,2025,2025-06-26,0,0,1,,0,1.0,grosses,0.0,5434.0,5434.0,3738.0,3738.0,375237.5,384424.2405,257775.5,266962.2405
Sultan Room Rooftop,2025,2025-06-27,1,0,1,,0,1.0,grosses,0.0,13685.0,13685.0,9986.0,9986.0,388922.5,398109.2405,267761.5,276948.2405
Sultan Room Rooftop,2025,2025-06-28,1,0,1,,0,1.0,grosses,0.0,13685.0,13685.0,9986.0,9986.0,402607.5,411794.2405,277747.5,286934.2405
Sultan Room Rooftop,2025,2025-06-29,0,0,0,,0,1.0,grosses,0.0,5434.0,5434.0,3738.0,3738.0,408041.5,417228.2405,281485.5,290672.2405
Sultan Room Rooftop,2025,2025-07-01,0,1,1,,0,1.0,grosses,0.0,2717.0,2717.0,1021.0,1021.0,410758.5,419945.2405,282506.5,291693.2405
Sultan Room Rooftop,2025,2025-07-02,0,0,1,,0,1.0,grosses,0.0,5434.0,5434.0,3738.0,3738.0,416192.5,425379.2405,286244.5,295431.2405
Sultan Room Rooftop,2025,2025-07-03,1,0,1,,0,1.0,grosses,0.0,13685.0,13685.0,9986.0,9986.0,429877.5,439064.2405,296230.5,305417.2405
Sultan Room Rooftop,2025,2025-07-04,1,0,0,,0,1.0,grosses,0.0,13685.0,13685.0,9986.0,9986.0,443562.5,452749.2405,306216.5,315403.2405
Sultan Room Rooftop,2025,2025-07-05,1,0,0,0.495,1,1.0,grosses,0.0,13685.0,6671.461448749999,9986.0,2972.4614487499994,457247.5,459420.70194875,316202.5,318375.70194875
Sultan Room Rooftop,2025,2025-07-06,0,0,0,,0,1.0,grosses,0.0,5434.0,5434.0,3738.0,3738.0,462681.5,464854.70194875,319940.5,322113.70194875
Sultan Room Rooftop,2025,2025-07-08,0,1,1,,0,1.0,grosses,0.0,2717.0,2717.0,1021.0,1021.0,465398.5,467571.70194875,320961.5,323134.70194875
Sultan Room Rooftop,2025,2025-07-09,0,1,1,,0,1.0,grosses,0.0,2717.0,2717.0,1021.0,1021.0,468115.5,470288.70194875,321982.5,324155.70194875
Sultan Room Rooftop,2025,2025-07-10,0,0,1,,0,1.0,grosses,0.0,5434.0,5434.0,3738.0,3738.0,473549.5,475722.70194875,325720.5,327893.70194875
Sultan Room Rooftop,2025,2025-07-11,1,0,0,,0,1.0,grosses,0.0,13685.0,13685.0,9986.0,9986.0,487234.5,489407.70194875,335706.5,337879.70194875
Sultan Room Rooftop,2025,2025-07-12,1,0,0,,0,1.0,grosses,0.0,13685.0,13685.0,9986.0,9986.0,500919.5,503092.70194875,345692.5,347865.70194875
Sultan Room Rooftop,2025,2025-07-13,0,0,1,,0,1.0,grosses,0.0,5434.0,5434.0,3738.0,3738.0,506353.5,508526.70194875,349430.5,351603.70194875
Sultan Room Rooftop,2025,2025-07-15,0,0,0,,0,1.0,grosses,0.0,5434.0,5434.0,3738.0,3738.0,511787.5,513960.70194875,353168.5,355341.70194875
Sultan Room Rooftop,2025,2025-07-16,0,0,1,,0,1.0,grosses,0.0,5434.0,5434.0,3738.0,3738.0,517221.5,519394.70194875,356906.5,359079.70194875
Sultan Room Rooftop,2025,2025-07-17,0,0,1,,0,1.0,grosses,0.0,5434.0,5434.0,3738.0,3738.0,522655.5,524828.7019487501,360644.5,362817.70194875
Sultan Room Rooftop,2025,2025-07-18,1,0,0,0.25,1,1.0,grosses,0.0,13685.0,10084.134375,9986.0,6385.134375,536340.5,534912.8363237501,370630.5,369202.83632375003
Sultan Room Rooftop,2025,2025-07-19,1,0,1,,0,1.0,grosses,0.0,13685.0,13685.0,9986.0,9986.0,550025.5,548597.8363237501,380616.5,379188.83632375003
Sultan Room Rooftop,2025,2025-07-20,0,0,1,,0,1.0,grosses,0.0,5434.0,5434.0,3738.0,3738.0,555459.5,554031.8363237501,384354.5,382926.83632375003
Sultan Room Rooftop,2025,2025-07-22,0,0,0,,0,1.0,grosses,0.0,5434.0,5434.0,3738.0,3738.0,560893.5,559465.8363237501,388092.5,386664.83632375003
Sultan Room Rooftop,2025,2025-07-23,0,0,0,,0,1.0,grosses,0.0,5434.0,5434.0,3738.0,3738.0,566327.5,564899.8363237501,391830.5,390402.83632375003
Sultan Room Rooftop,2025,2025-07-24,0,0,0,0.035,0,1.0,grosses,0.0,5434.0,5434.0,3738.0,3738.0,571761.5,570333.83632375,395568.5,394140.83632375
Sultan Room Rooftop,2025,2025-07-25,1,0,1,0.64,1,1.0,grosses,0.0,13685.0,18390.88832,9986.0,14691.888319999998,585446.5,588724.72464375,405554.5,408832.72464375
Sultan Room Rooftop,2025,2025-07-26,1,0,0,0.24,1,1.0,grosses,0.0,13685.0,10225.869920000001,9986.0,6526.86992,599131.5,598950.59456375,415540.5,415359.59456375
Sultan Room Rooftop,2025,2025-07-27,0,0,1,0.87,0,1.0,grosses,0.0,5434.0,5434.0,3738.0,3738.0,604565.5,604384.59456375,419278.5,419097.59456375
Sultan Room Rooftop,2025,2025-07-29,0,0,0,0.045,0,1.0,grosses,0.0,5434.0,5434.0,3738.0,3738.0,609999.5,609818.59456375,423016.5,422835.59456375
Sultan Room Rooftop,2025,2025-07-30,0,1,1,0.5549999999999999,0,1.0,grosses,0.0,2717.0,2717.0,1021.0,1021.0,612716.5,612535.59456375,424037.5,423856.59456375
Sultan Room Rooftop,2025,2025-07-31,0,1,1,0.87,0,1.0,grosses,0.0,2717.0,2717.0,1021.0,1021.0,615433.5,615252.59456375,425058.5,424877.59456375
Sultan Room Rooftop,2025,2025-08-01,1,0,1,0.9,1,1.0,grosses,0.0,13685.0,14967.2845,9986.0,11268.2845,629118.5,630219.8790637499,435044.5,436145.87906375004
Sultan Room Rooftop,2025,2025-08-02,1,0,0,0.035,1,1.0,grosses,0.0,13685.0,13173.67023875,9986.0,9474.67023875,642803.5,643393.5493025,445030.5,445620.5493025
Sultan Room Rooftop,2025,2025-08-03,0,0,0,0.025,0,1.0,grosses,0.0,5434.0,5434.0,3738.0,3738.0,648237.5,648827.5493025,448768.5,449358.5493025
Sultan Room Rooftop,2025,2025-08-05,0,0,0,0.06,0,1.0,grosses,0.0,5434.0,5434.0,3738.0,3738.0,653671.5,654261.5493025,452506.5,453096.5493025
Sultan Room Rooftop,2025,2025-08-06,0,1,1,0.09,0,1.0,grosses,0.0,2717.0,2717.0,1021.0,1021.0,656388.5,656978.5493025,453527.5,454117.5493025
Sultan Room Rooftop,2025,2025-08-07,0,0,1,0.045,0,1.0,grosses,0.0,5434.0,5434.0,3738.0,3738.0,661822.5,662412.5493025,457265.5,457855.5493025
Sultan Room Rooftop,2025,2025-08-08,1,0,0,0.04,1,1.0,grosses,0.0,13685.0,13100.81472,9986.0,9401.81472,675507.5,675513.3640225,467251.5,467257.3640225
Sultan Room Rooftop,2025,2025-08-09,1,0,0,0.04,1,1.0,grosses,0.0,13685.0,13100.81472,9986.0,9401.81472,689192.5,688614.1787425,477237.5,476659.1787425
Sultan Room Rooftop,2025,2025-08-10,0,0,0,0.035,0,1.0,grosses,0.0,5434.0,5434.0,3738.0,3738.0,694626.5,694048.1787425,480975.5,480397.1787425
Sultan Room Rooftop,2025,2025-08-12,0,0,0,0.1,0,1.0,grosses,0.0,5434.0,5434.0,3738.0,3738.0,700060.5,699482.1787425,484713.5,484135.1787425
Sultan Room Rooftop,2025,2025-08-13,0,1,1,0.6,0,1.0,grosses,0.0,2717.0,2717.0,1021.0,1021.0,702777.5,702199.1787425,485734.5,485156.1787425
Sultan Room Rooftop,2025,2025-08-14,0,0,0,0.5700000000000001,0,1.0,grosses,0.0,5434.0,5434.0,3738.0,3738.0,708211.5,707633.1787425,489472.5,488894.1787425
Sultan Room Rooftop,2025,2025-08-15,1,0,0,0.25,1,1.0,grosses,0.0,13685.0,10084.134375,9986.0,6385.134375,721896.5,717717.3131175,499458.5,495279.31311750005
Sultan Room Rooftop,2025,2025-08-16,1,0,0,0.12,1,1.0,grosses,0.0,13685.0,11941.64048,9986.0,8242.64048,735581.5,729658.9535975,509444.5,503521.95359750005
Sultan Room Rooftop,2025,2025-08-17,0,1,1,0.59,0,1.0,grosses,0.0,2717.0,2717.0,1021.0,1021.0,738298.5,732375.9535975,510465.5,504542.95359750005
Sultan Room Rooftop,2025,2025-08-19,0,0,0,0.09,0,1.0,grosses,0.0,5434.0,5434.0,3738.0,3738.0,743732.5,737809.9535975,514203.5,508280.95359750005
Sultan Room Rooftop,2025,2025-08-20,0,1,1,0.91,0,1.0,grosses,0.0,2717.0,2717.0,1021.0,1021.0,746449.5,740526.9535975,515224.5,509301.95359750005
Sultan Room Rooftop,2025,2025-08-21,0,0,1,0.86,0,1.0,grosses,0.0,5434.0,5434.0,3738.0,3738.0,751883.5,745960.9535975,518962.5,513039.9535975
Sultan Room Rooftop,2025,2025-08-22,1,0,0,0.03,1,1.0,grosses,0.0,13685.0,13246.573655,9986.0,9547.573655,765568.5,759207.5272525,528948.5,522587.5272525
Sultan Room Rooftop,2025,2025-08-23,1,0,0,0.035,1,1.0,grosses,0.0,13685.0,13173.67023875,9986.0,9474.67023875,779253.5,772381.19749125,538934.5,532062.19749125
Sultan Room Rooftop,2025,2025-08-24,0,0,0,0.34,0,1.0,grosses,0.0,5434.0,5434.0,3738.0,3738.0,784687.5,777815.19749125,542672.5,535800.19749125
Sultan Room Rooftop,2025,2025-08-26,0,0,0,0.035,0,1.0,grosses,0.0,5434.0,5434.0,3738.0,3738.0,790121.5,783249.19749125,546410.5,539538.19749125
Sultan Room Rooftop,2025,2025-08-27,0,0,0,0.035,0,1.0,grosses,0.0,5434.0,5434.0,3738.0,3738.0,795555.5,788683.19749125,550148.5,543276.19749125
Sultan Room Rooftop,2025,2025-08-28,0,0,0,0.5,0,1.0,grosses,0.0,5434.0,5434.0,3738.0,3738.0,800989.5,794117.19749125,553886.5,547014.19749125
Sultan Room Rooftop,2025,2025-08-29,1,0,0,,0,1.0,grosses,0.0,13685.0,13685.0,9986.0,9986.0,814674.5,807802.19749125,563872.5,557000.19749125
Sultan Room Rooftop,2025,2025-08-30,1,0,0,,0,1.0,grosses,0.0,13685.0,13685.0,9986.0,9986.0,828359.5,821487.19749125,573858.5,566986.19749125
Sultan Room Rooftop,2025,2025-08-31,1,0,0,,0,1.0,grosses,0.0,13685.0,13685.0,9986.0,9986.0,842044.5,835172.19749125,583844.5,576972.19749125
Sultan Room Rooftop,2025,2025-09-02,0,0,0,0.375,0,1.0,grosses,0.0,5434.0,5434.0,3738.0,3738.0,847478.5,840606.19749125,587582.5,580710.19749125
Sultan Room Rooftop,2025,2025-09-03,0,0,0,,0,1.0,grosses,0.0,5434.0,5434.0,3738.0,3738.0,852912.5,846040.19749125,591320.5,584448.19749125
Sultan Room Rooftop,2025,2025-09-04,0,1,1,0.65,0,1.0,grosses,0.0,2717.0,2717.0,1021.0,1021.0,855629.5,848757.19749125,592341.5,585469.19749125
Sultan Room Rooftop,2025,2025-09-05,1,0,1,0.7,1,1.0,grosses,0.0,13685.0,17589.3305,9986.0,13890.3305,869314.5,866346.52799125,602327.5,599359.52799125
Sultan Room Rooftop,2025,2025-09-06,1,1,1,0.89,1,1.0,grosses,0.0,6842.5,8254.066695,3143.5,4555.0666949999995,876157.0,874600.5946862501,605471.0,603914.5946862501
Sultan Room Rooftop,2025,2025-09-07,0,0,1,0.88,0,1.0,grosses,0.0,5434.0,5434.0,3738.0,3738.0,881591.0,880034.5946862501,609209.0,607652.5946862501
Sultan Room Rooftop,2025,2025-09-09,0,0,0,0.08,0,1.0,grosses,0.0,5434.0,5434.0,3738.0,3738.0,887025.0,885468.59468625,612947.0,611390.59468625
Sultan Room Rooftop,2025,2025-09-10,0,0,1,0.75,0,1.0,grosses,0.0,5434.0,5434.0,3738.0,3738.0,892459.0,890902.59468625,616685.0,615128.59468625
Sultan Room Rooftop,2025,2025-09-11,0,0,0,0.04,0,1.0,grosses,0.0,5434.0,5434.0,3738.0,3738.0,897893.0,896336.59468625,620423.0,618866.59468625
Sultan Room Rooftop,2025,2025-09-12,1,0,0,0.15,1,1.0,grosses,0.0,13685.0,11510.111375,9986.0,7811.111375,911578.0,907846.70606125,630409.0,626677.70606125
Sultan Room Rooftop,2025,2025-09-13,1,0,0,0.1,1,1.0,grosses,0.0,13685.0,12230.2845,9986.0,8531.2845,925263.0,920076.9905612499,640395.0,635208.9905612499
Sultan Room Rooftop,2025,2025-09-14,0,0,0,0.44,0,1.0,grosses,0.0,5434.0,5434.0,3738.0,3738.0,930697.0,925510.9905612499,644133.0,638946.9905612499
Sultan Room Rooftop,2025,2025-09-16,0,0,0,0.37,0,1.0,grosses,0.0,5434.0,5434.0,3738.0,3738.0,936131.0,930944.9905612499,647871.0,642684.9905612499
Sultan Room Rooftop,2025,2025-09-17,0,0,1,0.91,0,1.0,grosses,0.0,5434.0,5434.0,3738.0,3738.0,941565.0,936378.9905612499,651609.0,646422.9905612499
Sultan Room Rooftop,2025,2025-09-18,0,0,1,0.66,0,1.0,grosses,0.0,5434.0,5434.0,3738.0,3738.0,946999.0,941812.99056125,655347.0,650160.99056125
Sultan Room Rooftop,2025,2025-09-19,1,0,0,0.035,1,1.0,grosses,0.0,13685.0,13173.67023875,9986.0,9474.67023875,960684.0,954986.6608000001,665333.0,659635.6608000001
Sultan Room Rooftop,2025,2025-09-20,1,0,0,0.035,1,1.0,grosses,0.0,13685.0,13173.67023875,9986.0,9474.67023875,974369.0,968160.3310387501,675319.0,669110.3310387501
Sultan Room Rooftop,2025,2025-09-21,0,0,0,0.045,0,1.0,grosses,0.0,5434.0,5434.0,3738.0,3738.0,979803.0,973594.3310387501,679057.0,672848.3310387501
Sultan Room Rooftop,2025,2025-09-24,0,1,1,0.78,0,1.0,grosses,0.0,2717.0,2717.0,1021.0,1021.0,982520.0,976311.3310387501,680078.0,673869.3310387501
Sultan Room Rooftop,2025,2025-09-25,0,0,1,0.95,0,1.0,grosses,0.0,5434.0,5434.0,3738.0,3738.0,987954.0,981745.3310387501,683816.0,677607.3310387501
Sultan Room Rooftop,2025,2025-09-26,1,0,0,0.39,1,1.0,grosses,0.0,13685.0,8119.953694999999,9986.0,4420.953694999999,1001639.0,989865.2847337502,693802.0,682028.2847337502
Sultan Room Rooftop,2025,2025-09-27,1,0,1,0.4,1,1.0,grosses,0.0,13685.0,21666.091999999997,9986.0,17967.091999999997,1015324.0,1011531.3767337501,703788.0,699995.3767337501
Sultan Room Rooftop,2025,2025-09-28,0,0,1,0.8400000000000001,0,1.0,grosses,0.0,5434.0,5434.0,3738.0,3738.0,1020758.0,1016965.37673375,707526.0,703733.37673375
Sultan Room Rooftop,2025,2025-09-30,1,0,0,0.04,1,1.0,grosses,0.0,13685.0,13100.81472,9986.0,9401.81472,1034443.0,1030066.19145375,717512.0,713135.19145375
Eagle NYC,2026,2026-05-01,1,0,1,0.04,0,1.0,grosses,0.5,21994.0,21994.0,17077.0,17077.0,21994.0,21994.0,17077.0,17077.0
Eagle NYC,2026,2026-05-02,1,0,1,0.33,0,1.0,grosses,0.5,21994.0,21994.0,17077.0,17077.0,43988.0,43988.0,34154.0,34154.0
Eagle NYC,2026,2026-05-03,0,0,0,0.02,0,1.0,grosses,0.5,9315.0,9315.0,6931.0,6931.0,53303.0,53303.0,41085.0,41085.0
Eagle NYC,2026,2026-05-04,0,0,0,0.01,0,1.0,grosses,0.5,9315.0,9315.0,6931.0,6931.0,62618.0,62618.0,48016.0,48016.0
Eagle NYC,2026,2026-05-05,0,0,0,0.19,0,1.0,grosses,0.5,9315.0,9315.0,6931.0,6931.0,71933.0,71933.0,54947.0,54947.0
Eagle NYC,2026,2026-05-06,0,1,1,0.99,0,1.0,grosses,0.5,4657.5,4657.5,2273.5,2273.5,76590.5,76590.5,57220.5,57220.5
Eagle NYC,2026,2026-05-07,0,0,1,0.05,0,1.0,grosses,0.5,9315.0,9315.0,6931.0,6931.0,85905.5,85905.5,64151.5,64151.5
Eagle NYC,2026,2026-05-08,1,0,1,0.64,1,1.0,grosses,0.5,21994.0,29557.120768,17077.0,24640.120768,107899.5,115462.620768,81228.5,88791.620768
Eagle NYC,2026,2026-05-09,1,1,1,0.89,1,1.0,grosses,0.5,10997.0,13265.615118,6080.0,8348.615118,118896.5,128728.235886,87308.5,97140.235886
Eagle NYC,2026,2026-05-10,0,0,1,0.87,0,1.0,grosses,0.5,9315.0,9315.0,6931.0,6931.0,128211.5,138043.23588599998,94239.5,104071.235886
Eagle NYC,2026,2026-05-11,0,0,0,0.46,0,1.0,grosses,0.5,9315.0,9315.0,6931.0,6931.0,137526.5,147358.23588599998,101170.5,111002.235886
Eagle NYC,2026,2026-05-12,0,0,0,0.01,0,1.0,grosses,0.5,9315.0,9315.0,6931.0,6931.0,146841.5,156673.23588599998,108101.5,117933.235886
Eagle NYC,2026,2026-05-13,0,0,1,0.15,0,1.0,grosses,0.5,9315.0,9315.0,6931.0,6931.0,156156.5,165988.23588599998,115032.5,124864.235886
Eagle NYC,2026,2026-05-14,0,0,1,0.99,0,1.0,grosses,0.5,9315.0,9315.0,6931.0,6931.0,165471.5,175303.23588599998,121963.5,131795.23588599998
Eagle NYC,2026,2026-05-15,1,0,0,0.5,1,1.0,grosses,0.5,21994.0,10612.105000000001,17077.0,5695.105000000001,187465.5,185915.340886,139040.5,137490.340886
Eagle NYC,2026,2026-05-16,1,0,0,0.115,0,1.0,grosses,0.5,21994.0,21994.0,17077.0,17077.0,209459.5,207909.34088600002,156117.5,154567.34088600002
Eagle NYC,2026,2026-05-17,0,0,0,0.15,0,1.0,grosses,0.5,9315.0,9315.0,6931.0,6931.0,218774.5,217224.34088600002,163048.5,161498.34088600002
Eagle NYC,2026,2026-05-18,0,0,0,0.03,0,1.0,grosses,0.5,9315.0,9315.0,6931.0,6931.0,228089.5,226539.34088600002,169979.5,168429.34088600002
Eagle NYC,2026,2026-05-19,0,0,0,0.445,0,1.0,grosses,0.5,9315.0,9315.0,6931.0,6931.0,237404.5,235854.34088600002,176910.5,175360.34088600002
Eagle NYC,2026,2026-05-20,0,1,1,0.8,0,1.0,grosses,0.5,4657.5,4657.5,2273.5,2273.5,242062.0,240511.84088600002,179184.0,177633.84088600002
Eagle NYC,2026,2026-05-21,0,0,1,0.9,0,1.0,grosses,0.5,9315.0,9315.0,6931.0,6931.0,251377.0,249826.84088600002,186115.0,184564.84088600002
Eagle NYC,2026,2026-05-22,1,0,0,0.14,0,1.0,grosses,0.5,21994.0,21994.0,17077.0,17077.0,273371.0,271820.840886,203192.0,201641.84088600002
Eagle NYC,2026,2026-05-23,1,1,1,0.99,1,1.0,grosses,0.5,10997.0,11201.698158000001,6080.0,6284.698158,284368.0,283022.53904400003,209272.0,207926.53904400003
Eagle NYC,2026,2026-05-24,1,0,1,0.99,1,1.0,grosses,0.5,21994.0,22198.698158,17077.0,17281.698158,306362.0,305221.237202,226349.0,225208.237202
Eagle NYC,2026,2026-05-25,1,0,1,0.87,1,1.0,grosses,0.5,21994.0,24679.093502,17077.0,19762.093502,328356.0,329900.33070399996,243426.0,244970.330704
Eagle NYC,2026,2026-05-26,0,0,0,0.03,0,1.0,grosses,0.5,9315.0,9315.0,6931.0,6931.0,337671.0,339215.33070399996,250357.0,251901.330704
Eagle NYC,2026,2026-05-27,0,0,1,0.1,0,1.0,grosses,0.5,9315.0,9315.0,6931.0,6931.0,346986.0,348530.33070399996,257288.0,258832.330704
Eagle NYC,2026,2026-05-28,0,0,0,0.04,0,1.0,grosses,0.5,9315.0,9315.0,6931.0,6931.0,356301.0,357845.33070399996,264219.0,265763.33070399996
Eagle NYC,2026,2026-05-29,1,0,0,0.1,0,1.0,grosses,0.5,21994.0,21994.0,17077.0,17077.0,378295.0,379839.33070399996,281296.0,282840.33070399996
Eagle NYC,2026,2026-05-30,1,0,1,0.445,0,1.0,grosses,0.5,21994.0,21994.0,17077.0,17077.0,400289.0,401833.33070399996,298373.0,299917.33070399996
Eagle NYC,2026,2026-05-31,0,0,0,0.445,0,1.0,grosses,0.5,9315.0,9315.0,6931.0,6931.0,409604.0,411148.33070399996,305304.0,306848.33070399996
Eagle NYC,2026,2026-06-01,0,0,1,0.475,0,1.0,grosses,0.5,9315.0,9315.0,6931.0,6931.0,418919.0,420463.33070399996,312235.0,313779.33070399996
Eagle NYC,2026,2026-06-02,0,0,0,0.45,0,1.0,grosses,0.5,9315.0,9315.0,6931.0,6931.0,428234.0,429778.33070399996,319166.0,320710.33070399996
Eagle NYC,2026,2026-06-03,0,0,0,0.04,0,1.0,grosses,0.5,9315.0,9315.0,6931.0,6931.0,437549.0,439093.33070399996,326097.0,327641.33070399996
Eagle NYC,2026,2026-06-04,0,0,0,0.115,0,1.0,grosses,0.5,9315.0,9315.0,6931.0,6931.0,446864.0,448408.33070399996,333028.0,334572.33070399996
Eagle NYC,2026,2026-06-05,1,0,0,0.38,0,1.0,grosses,0.5,21994.0,21994.0,17077.0,17077.0,468858.0,470402.33070399996,350105.0,351649.33070399996
Eagle NYC,2026,2026-06-06,1,1,1,0.445,0,1.0,grosses,0.5,10997.0,10997.0,6080.0,6080.0,479855.0,481399.33070399996,356185.0,357729.33070399996
Eagle NYC,2026,2026-06-07,0,0,1,0.16,0,1.0,grosses,0.5,9315.0,9315.0,6931.0,6931.0,489170.0,490714.33070399996,363116.0,364660.33070399996
Eagle NYC,2026,2026-06-08,0,0,0,0.01,0,1.0,grosses,0.5,9315.0,9315.0,6931.0,6931.0,498485.0,500029.33070399996,370047.0,371591.33070399996
Eagle NYC,2026,2026-06-09,0,0,0,0.445,0,1.0,grosses,0.5,9315.0,9315.0,6931.0,6931.0,507800.0,509344.330704,376978.0,378522.33070399996
Eagle NYC,2026,2026-06-10,0,0,1,0.19,0,1.0,grosses,0.5,9315.0,9315.0,6931.0,6931.0,517115.0,518659.330704,383909.0,385453.33070399996
Eagle NYC,2026,2026-06-11,0,1,1,0.9,0,1.0,grosses,0.5,4657.5,4657.5,2273.5,2273.5,521772.5,523316.830704,386182.5,387726.83070399996
Eagle NYC,2026,2026-06-12,1,1,1,0.32,0,1.0,grosses,0.5,10997.0,10997.0,6080.0,6080.0,532769.5,534313.8307040001,392262.5,393806.83070399996
Eagle NYC,2026,2026-06-13,1,0,0,0.4599999999999999,0,1.0,grosses,0.5,21994.0,21994.0,17077.0,17077.0,554763.5,556307.8307040001,409339.5,410883.83070399996
Eagle NYC,2026,2026-06-14,0,1,1,0.84,0,1.0,grosses,0.5,4657.5,4657.5,2273.5,2273.5,559421.0,560965.3307040001,411613.0,413157.33070399996
Eagle NYC,2026,2026-06-15,0,0,1,0.32,0,1.0,grosses,0.5,9315.0,9315.0,6931.0,6931.0,568736.0,570280.3307040001,418544.0,420088.33070399996
Eagle NYC,2026,2026-06-16,0,0,0,0.16,0,1.0,grosses,0.5,9315.0,9315.0,6931.0,6931.0,578051.0,579595.3307040001,425475.0,427019.33070399996
Eagle NYC,2026,2026-06-17,0,0,1,0.59,0,1.0,grosses,0.5,9315.0,9315.0,6931.0,6931.0,587366.0,588910.3307040001,432406.0,433950.33070399996
Eagle NYC,2026,2026-06-18,0,0,1,0.86,0,1.0,grosses,0.5,9315.0,9315.0,6931.0,6931.0,596681.0,598225.3307040001,439337.0,440881.33070399996
Eagle NYC,2026,2026-06-19,1,0,0,0.19,0,1.0,grosses,0.5,21994.0,21994.0,17077.0,17077.0,618675.0,620219.3307040001,456414.0,457958.33070399996
Eagle NYC,2026,2026-06-20,1,0,0,0.39,0,1.0,grosses,0.5,21994.0,21994.0,17077.0,17077.0,640669.0,642213.3307040001,473491.0,475035.33070399996
Eagle NYC,2026,2026-06-21,0,0,0,0.58,0,1.0,grosses,0.5,9315.0,9315.0,6931.0,6931.0,649984.0,651528.3307040001,480422.0,481966.33070399996
Eagle NYC,2026,2026-06-22,0,1,1,0.87,0,1.0,grosses,0.5,4657.5,4657.5,2273.5,2273.5,654641.5,656185.8307040001,482695.5,484239.83070399996
Eagle NYC,2026,2026-06-23,0,0,1,0.95,0,1.0,grosses,0.5,9315.0,9315.0,6931.0,6931.0,663956.5,665500.8307040001,489626.5,491170.83070399996
Eagle NYC,2026,2026-06-24,0,0,0,0.04,0,1.0,grosses,0.5,9315.0,9315.0,6931.0,6931.0,673271.5,674815.8307040001,496557.5,498101.83070399996
Eagle NYC,2026,2026-06-25,0,0,0,0.85,0,1.0,grosses,0.5,9315.0,9315.0,6931.0,6931.0,682586.5,684130.8307040001,503488.5,505032.83070399996
Eagle NYC,2026,2026-06-26,1,0,1,0.86,1,1.0,grosses,0.5,21994.0,24887.794568,17077.0,19970.794568,704580.5,709018.6252720001,520565.5,525003.625272
Eagle NYC,2026,2026-06-27,1,0,1,0.85,1,1.0,grosses,0.5,21994.0,25096.80355,17077.0,20179.80355,726574.5,734115.428822,537642.5,545183.4288219999
Eagle NYC,2026,2026-06-28,0,0,0,0.85,0,1.0,grosses,0.5,9315.0,9315.0,6931.0,6931.0,735889.5,743430.428822,544573.5,552114.4288219999
Eagle NYC,2026,2026-06-29,0,0,0,0.14,0,1.0,grosses,0.5,9315.0,9315.0,6931.0,6931.0,745204.5,752745.428822,551504.5,559045.4288219999
Eagle NYC,2026,2026-06-30,0,0,1,0.15,0,1.0,grosses,0.5,9315.0,9315.0,6931.0,6931.0,754519.5,762060.428822,558435.5,565976.4288219999
Eagle NYC,2026,2026-07-01,0,0,0,0.08,0,1.0,grosses,0.5,9315.0,9315.0,6931.0,6931.0,763834.5,771375.428822,565366.5,572907.4288219999
Eagle NYC,2026,2026-07-02,0,0,0,0.26,0,1.0,grosses,0.5,9315.0,9315.0,6931.0,6931.0,773149.5,780690.428822,572297.5,579838.4288219999
Eagle NYC,2026,2026-07-03,1,1,1,0.86,1,1.0,grosses,0.5,10997.0,13890.794568000001,6080.0,8973.794568000001,784146.5,794581.2233899999,578377.5,588812.22339
Eagle NYC,2026,2026-07-04,1,1,1,0.86,1,1.0,grosses,0.5,10997.0,13890.794568000001,6080.0,8973.794568000001,795143.5,808472.017958,584457.5,597786.0179580001
Eagle NYC,2026,2026-07-05,0,1,1,0.86,0,1.0,grosses,0.5,4657.5,4657.5,2273.5,2273.5,799801.0,813129.517958,586731.0,600059.5179580001
Eagle NYC,2026,2026-07-06,0,1,1,0.99,0,1.0,grosses,0.5,4657.5,4657.5,2273.5,2273.5,804458.5,817787.017958,589004.5,602333.0179580001
Eagle NYC,2026,2026-07-07,0,0,1,0.95,0,1.0,grosses,0.5,9315.0,9315.0,6931.0,6931.0,813773.5,827102.017958,595935.5,609264.0179580001
Eagle NYC,2026,2026-07-08,0,0,0,0.12,0,1.0,grosses,0.5,9315.0,9315.0,6931.0,6931.0,823088.5,836417.017958,602866.5,616195.0179580001
Eagle NYC,2026,2026-07-09,0,0,1,0.85,0,1.0,grosses,0.5,9315.0,9315.0,6931.0,6931.0,832403.5,845732.017958,609797.5,623126.0179580001
Eagle NYC,2026,2026-07-10,1,0,0,0.86,1,1.0,grosses,0.5,21994.0,2893.794568000001,17077.0,-2023.2054319999988,854397.5,848625.812526,626874.5,621102.8125260001
Eagle NYC,2026,2026-07-11,1,0,1,0.83,1,1.0,grosses,0.5,21994.0,25515.745262,17077.0,20598.745262,876391.5,874141.557788,643951.5,641701.557788
Eagle NYC,2026,2026-07-12,0,0,0,0.1,0,1.0,grosses,0.5,9315.0,9315.0,6931.0,6931.0,885706.5,883456.557788,650882.5,648632.557788
Eagle NYC,2026,2026-07-13,0,0,0,0.075,0,1.0,grosses,0.5,9315.0,9315.0,6931.0,6931.0,895021.5,892771.557788,657813.5,655563.557788
Eagle NYC,2026,2026-07-14,0,0,0,0.01,0,1.0,grosses,0.5,9315.0,9315.0,6931.0,6931.0,904336.5,902086.557788,664744.5,662494.557788
Eagle NYC,2026,2026-07-15,0,0,1,,0,1.0,grosses,0.5,9315.0,9315.0,6931.0,6931.0,913651.5,911401.557788,671675.5,669425.557788
Eagle NYC,2026,2026-07-15,0,0,1,0.465,0,1.0,grosses,0.5,9315.0,9315.0,6931.0,6931.0,922966.5,920716.557788,678606.5,676356.557788
Eagle NYC,2026,2026-07-17,1,0,0,,0,1.0,grosses,0.5,21994.0,21994.0,17077.0,17077.0,944960.5,942710.557788,695683.5,693433.557788
Eagle NYC,2026,2026-07-22,0,0,0,,0,1.0,grosses,0.5,9315.0,9315.0,6931.0,6931.0,954275.5,952025.557788,702614.5,700364.557788
Eagle NYC,2026,2026-07-23,0,0,0,0.22,0,1.0,grosses,0.5,9315.0,9315.0,6931.0,6931.0,963590.5,961340.557788,709545.5,707295.557788
Eagle NYC,2026,2026-07-24,1,0,0,0.43,0,1.0,grosses,0.5,21994.0,21994.0,17077.0,17077.0,985584.5,983334.557788,726622.5,724372.557788
Eagle NYC,2026,2026-07-25,1,0,0,0.12,0,1.0,grosses,0.5,21994.0,21994.0,17077.0,17077.0,1007578.5,1005328.557788,743699.5,741449.557788
Eagle NYC,2026,2026-07-26,0,0,0,0.425,0,1.0,grosses,0.5,9315.0,9315.0,6931.0,6931.0,1016893.5,1014643.557788,750630.5,748380.557788
Eagle NYC,2026,2026-07-27,0,1,1,0.87,0,1.0,grosses,0.5,4657.5,4657.5,2273.5,2273.5,1021551.0,1019301.057788,752904.0,750654.057788
Eagle NYC,2026,2026-07-28,0,1,1,0.92,0,1.0,grosses,0.5,4657.5,4657.5,2273.5,2273.5,1026208.5,1023958.557788,755177.5,752927.557788
Eagle NYC,2026,2026-07-29,0,0,1,0.81,0,1.0,grosses,0.5,9315.0,9315.0,6931.0,6931.0,1035523.5,1033273.557788,762108.5,759858.557788
Eagle NYC,2026,2026-07-30,0,0,1,0.3,0,1.0,grosses,0.5,9315.0,9315.0,6931.0,6931.0,1044838.5,1042588.557788,769039.5,766789.557788
Eagle NYC,2026,2026-07-31,1,0,1,0.02,0,1.0,grosses,0.5,21994.0,21994.0,17077.0,17077.0,1066832.5,1064582.557788,786116.5,783866.557788
Eagle NYC,2026,2026-08-01,1,0,0,0.21,0,1.0,grosses,0.5,21994.0,21994.0,17077.0,17077.0,1088826.5,1086576.557788,803193.5,800943.557788
Eagle NYC,2026,2026-08-02,0,1,1,0.73,0,1.0,grosses,0.5,4657.5,4657.5,2273.5,2273.5,1093484.0,1091234.057788,805467.0,803217.057788
Eagle NYC,2026,2026-08-03,0,0,1,0.96,0,1.0,grosses,0.5,9315.0,9315.0,6931.0,6931.0,1102799.0,1100549.057788,812398.0,810148.057788
Eagle NYC,2026,2026-08-04,0,0,0,0.06,0,1.0,grosses,0.5,9315.0,9315.0,6931.0,6931.0,1112114.0,1109864.057788,819329.0,817079.057788
Eagle NYC,2026,2026-08-05,0,1,1,0.52,0,1.0,grosses,0.5,4657.5,4657.5,2273.5,2273.5,1116771.5,1114521.557788,821602.5,819352.557788
Eagle NYC,2026,2026-08-06,0,0,1,0.62,0,1.0,grosses,0.5,9315.0,9315.0,6931.0,6931.0,1126086.5,1123836.557788,828533.5,826283.557788
Eagle NYC,2026,2026-08-07,1,1,1,0.69,1,1.0,grosses,0.5,10997.0,17485.823838,6080.0,12568.823838,1137083.5,1141322.381626,834613.5,838852.3816259999
Eagle NYC,2026,2026-08-08,1,0,0,0.51,1,1.0,grosses,0.5,21994.0,10392.318958,17077.0,5475.318958,1159077.5,1151714.700584,851690.5,844327.700584
Eagle NYC,2026,2026-08-09,0,0,0,0.09,0,1.0,grosses,0.5,9315.0,9315.0,6931.0,6931.0,1168392.5,1161029.700584,858621.5,851258.700584
Eagle NYC,2026,2026-08-10,0,0,1,0.36,0,1.0,grosses,0.5,9315.0,9315.0,6931.0,6931.0,1177707.5,1170344.700584,865552.5,858189.700584
Eagle NYC,2026,2026-08-11,0,0,0,0.22,0,1.0,grosses,0.5,9315.0,9315.0,6931.0,6931.0,1187022.5,1179659.700584,872483.5,865120.700584
Eagle NYC,2026,2026-08-12,0,0,0,0.53,0,1.0,grosses,0.5,9315.0,9315.0,6931.0,6931.0,1196337.5,1188974.700584,879414.5,872051.700584
Eagle NYC,2026,2026-08-13,0,0,1,0.71,0,1.0,grosses,0.5,9315.0,9315.0,6931.0,6931.0,1205652.5,1198289.700584,886345.5,878982.700584
Eagle NYC,2026,2026-08-14,1,0,0,,0,1.0,grosses,0.5,21994.0,21994.0,17077.0,17077.0,1227646.5,1220283.700584,903422.5,896059.700584
Eagle NYC,2026,2026-08-15,1,0,0,0.44,0,1.0,grosses,0.5,21994.0,21994.0,17077.0,17077.0,1249640.5,1242277.700584,920499.5,913136.700584
Eagle NYC,2026,2026-08-16,0,1,1,,0,1.0,grosses,0.5,4657.5,4657.5,2273.5,2273.5,1254298.0,1246935.200584,922773.0,915410.200584
Eagle NYC,2026,2026-08-17,0,0,1,0.88,0,1.0,grosses,0.5,9315.0,9315.0,6931.0,6931.0,1263613.0,1256250.200584,929704.0,922341.200584
Eagle NYC,2026,2026-08-18,0,0,1,0.12,0,1.0,grosses,0.5,9315.0,9315.0,6931.0,6931.0,1272928.0,1265565.200584,936635.0,929272.200584
Eagle NYC,2026,2026-08-19,0,0,0,0.05,0,1.0,grosses,0.5,9315.0,9315.0,6931.0,6931.0,1282243.0,1274880.200584,943566.0,936203.200584
Eagle NYC,2026,2026-08-20,0,1,1,0.8,0,1.0,grosses,0.5,4657.5,4657.5,2273.5,2273.5,1286900.5,1279537.700584,945839.5,938476.700584
Eagle NYC,2026,2026-08-21,1,0,0,0.58,1,1.0,grosses,0.5,21994.0,8862.438312000002,17077.0,3945.438312000002,1308894.5,1288400.1388959999,962916.5,942422.138896
Eagle NYC,2026,2026-08-22,1,0,0,0.5,1,1.0,grosses,0.5,21994.0,10612.105000000001,17077.0,5695.105000000001,1330888.5,1299012.2438959999,979993.5,948117.243896
Eagle NYC,2026,2026-08-23,0,0,1,0.67,0,1.0,grosses,0.5,9315.0,9315.0,6931.0,6931.0,1340203.5,1308327.2438959999,986924.5,955048.243896
Eagle NYC,2026,2026-08-24,0,0,0,0.25,0,1.0,grosses,0.5,9315.0,9315.0,6931.0,6931.0,1349518.5,1317642.243896,993855.5,961979.2438960001
Eagle NYC,2026,2026-08-25,0,0,0,0.15,0,1.0,grosses,0.5,9315.0,9315.0,6931.0,6931.0,1358833.5,1326957.243896,1000786.5,968910.2438960001
Eagle NYC,2026,2026-08-26,0,0,0,0.12,0,1.0,grosses,0.5,9315.0,9315.0,6931.0,6931.0,1368148.5,1336272.243896,1007717.5,975841.2438960001
Eagle NYC,2026,2026-08-27,0,0,1,0.79,0,1.0,grosses,0.5,9315.0,9315.0,6931.0,6931.0,1377463.5,1345587.243896,1014648.5,982772.2438960001
Eagle NYC,2026,2026-08-28,1,0,0,0.71,1,1.0,grosses,0.5,21994.0,6061.260478,17077.0,1144.2604780000001,1399457.5,1351648.504374,1031725.5,983916.5043740001
Eagle NYC,2026,2026-08-29,1,0,0,0.05,0,1.0,grosses,0.5,21994.0,21994.0,17077.0,17077.0,1421451.5,1373642.504374,1048802.5,1000993.5043740001
Eagle NYC,2026,2026-08-30,0,1,1,0.62,0,1.0,grosses,0.5,4657.5,4657.5,2273.5,2273.5,1426109.0,1378300.004374,1051076.0,1003267.0043740001
Eagle NYC,2026,2026-08-31,0,0,1,0.55,0,1.0,grosses,0.5,9315.0,9315.0,6931.0,6931.0,1435424.0,1387615.004374,1058007.0,1010198.0043740001
Eagle NYC,2026,2026-09-01,0,1,1,0.75,0,1.0,grosses,0.5,4657.5,4657.5,2273.5,2273.5,1440081.5,1392272.504374,1060280.5,1012471.504374
Eagle NYC,2026,2026-09-02,0,0,1,0.62,0,1.0,grosses,0.5,9315.0,9315.0,6931.0,6931.0,1449396.5,1401587.504374,1067211.5,1019402.504374
Eagle NYC,2026,2026-09-03,0,0,1,0.8,0,1.0,grosses,0.5,9315.0,9315.0,6931.0,6931.0,1458711.5,1410902.504374,1074142.5,1026333.504374
Eagle NYC,2026,2026-09-04,1,0,1,0.61,1,1.0,grosses,0.5,21994.0,30205.393918,17077.0,25288.393918,1480705.5,1441107.898292,1091219.5,1051621.898292
Eagle NYC,2026,2026-09-05,1,0,0,0.11,0,1.0,grosses,0.5,21994.0,21994.0,17077.0,17077.0,1502699.5,1463101.898292,1108296.5,1068698.898292
Eagle NYC,2026,2026-09-06,1,0,0,0.17,0,1.0,grosses,0.5,21994.0,21994.0,17077.0,17077.0,1524693.5,1485095.898292,1125373.5,1085775.898292
Eagle NYC,2026,2026-09-07,1,0,0,0.04,0,1.0,grosses,0.5,21994.0,21994.0,17077.0,17077.0,1546687.5,1507089.898292,1142450.5,1102852.898292
Eagle NYC,2026,2026-09-08,0,0,0,0.06,0,1.0,grosses,0.5,9315.0,9315.0,6931.0,6931.0,1556002.5,1516404.898292,1149381.5,1109783.898292
Eagle NYC,2026,2026-09-09,0,0,0,0.08,0,1.0,grosses,0.5,9315.0,9315.0,6931.0,6931.0,1565317.5,1525719.898292,1156312.5,1116714.898292
Eagle NYC,2026,2026-09-10,0,0,1,0.3,0,1.0,grosses,0.5,9315.0,9315.0,6931.0,6931.0,1574632.5,1535034.898292,1163243.5,1123645.898292
Eagle NYC,2026,2026-09-11,1,0,0,0.0849999999999999,0,1.0,grosses,0.5,21994.0,21994.0,17077.0,17077.0,1596626.5,1557028.898292,1180320.5,1140722.898292
Eagle NYC,2026,2026-09-12,1,0,0,0.27,0,1.0,grosses,0.5,21994.0,21994.0,17077.0,17077.0,1618620.5,1579022.898292,1197397.5,1157799.898292
Eagle NYC,2026,2026-09-13,0,0,1,0.98,0,1.0,grosses,0.5,9315.0,9315.0,6931.0,6931.0,1627935.5,1588337.898292,1204328.5,1164730.898292
Eagle NYC,2026,2026-09-14,0,0,0,0.15,0,1.0,grosses,0.5,9315.0,9315.0,6931.0,6931.0,1637250.5,1597652.898292,1211259.5,1171661.898292
Eagle NYC,2025,2025-05-01,1,0,0,,0,1.0,grosses,0.0,21994.0,21994.0,17077.0,17077.0,21994.0,21994.0,17077.0,17077.0
Eagle NYC,2025,2025-05-02,1,0,0,,0,1.0,grosses,0.0,21994.0,21994.0,17077.0,17077.0,43988.0,43988.0,34154.0,34154.0
Eagle NYC,2025,2025-05-03,1,1,1,0.5,1,1.0,grosses,0.0,10997.0,21609.105,6080.0,16692.105,54985.0,65597.105,40234.0,50846.104999999996
Eagle NYC,2025,2025-05-04,0,1,1,0.55,0,1.0,grosses,0.0,4657.5,4657.5,2273.5,2273.5,59642.5,70254.605,42507.5,53119.604999999996
Eagle NYC,2025,2025-05-05,0,1,1,,0,1.0,grosses,0.0,4657.5,4657.5,2273.5,2273.5,64300.0,74912.105,44781.0,55393.104999999996
Eagle NYC,2025,2025-05-06,0,0,1,0.8,0,1.0,grosses,0.0,9315.0,9315.0,6931.0,6931.0,73615.0,84227.105,51712.0,62324.104999999996
Eagle NYC,2025,2025-05-07,0,0,1,,0,1.0,grosses,0.0,9315.0,9315.0,6931.0,6931.0,82930.0,93542.105,58643.0,69255.105
Eagle NYC,2025,2025-05-08,0,0,1,,0,1.0,grosses,0.0,9315.0,9315.0,6931.0,6931.0,92245.0,102857.105,65574.0,76186.105
Eagle NYC,2025,2025-05-09,1,0,1,,0,1.0,grosses,0.0,21994.0,21994.0,17077.0,17077.0,114239.0,124851.105,82651.0,93263.105
Eagle NYC,2025,2025-05-10,1,0,1,,0,1.0,grosses,0.0,21994.0,21994.0,17077.0,17077.0,136233.0,146845.10499999998,99728.0,110340.105
Eagle NYC,2025,2025-05-11,0,0,0,,0,1.0,grosses,0.0,9315.0,9315.0,6931.0,6931.0,145548.0,156160.10499999998,106659.0,117271.105
Eagle NYC,2025,2025-05-12,0,0,0,,0,1.0,grosses,0.0,9315.0,9315.0,6931.0,6931.0,154863.0,165475.10499999998,113590.0,124202.105
Eagle NYC,2025,2025-05-13,0,1,1,,0,1.0,grosses,0.0,4657.5,4657.5,2273.5,2273.5,159520.5,170132.60499999998,115863.5,126475.605
Eagle NYC,2025,2025-05-14,0,1,1,,0,1.0,grosses,0.0,4657.5,4657.5,2273.5,2273.5,164178.0,174790.10499999998,118137.0,128749.105
Eagle NYC,2025,2025-05-15,0,0,0,,0,1.0,grosses,0.0,9315.0,9315.0,6931.0,6931.0,173493.0,184105.10499999998,125068.0,135680.10499999998
Eagle NYC,2025,2025-05-16,1,0,1,,0,1.0,grosses,0.0,21994.0,21994.0,17077.0,17077.0,195487.0,206099.10499999998,142145.0,152757.10499999998
Eagle NYC,2025,2025-05-17,1,0,1,,0,1.0,grosses,0.0,21994.0,21994.0,17077.0,17077.0,217481.0,228093.10499999998,159222.0,169834.10499999998
Eagle NYC,2025,2025-05-18,0,0,0,,0,1.0,grosses,0.0,9315.0,9315.0,6931.0,6931.0,226796.0,237408.10499999998,166153.0,176765.10499999998
Eagle NYC,2025,2025-05-19,0,0,0,,0,1.0,grosses,0.0,9315.0,9315.0,6931.0,6931.0,236111.0,246723.10499999998,173084.0,183696.10499999998
Eagle NYC,2025,2025-05-20,0,0,0,,0,1.0,grosses,0.0,9315.0,9315.0,6931.0,6931.0,245426.0,256038.10499999998,180015.0,190627.10499999998
Eagle NYC,2025,2025-05-21,0,0,1,,0,1.0,grosses,0.0,9315.0,9315.0,6931.0,6931.0,254741.0,265353.105,186946.0,197558.10499999998
Eagle NYC,2025,2025-05-22,0,1,1,,0,1.0,grosses,0.0,4657.5,4657.5,2273.5,2273.5,259398.5,270010.605,189219.5,199831.60499999998
Eagle NYC,2025,2025-05-23,1,1,1,0.8,1,1.0,grosses,0.0,10997.0,15149.4672,6080.0,10232.4672,270395.5,285160.0722,195299.5,210064.0722
Eagle NYC,2025,2025-05-24,1,0,1,,0,1.0,grosses,0.0,21994.0,21994.0,17077.0,17077.0,292389.5,307154.0722,212376.5,227141.0722
Eagle NYC,2025,2025-05-25,1,0,0,,0,1.0,grosses,0.0,21994.0,21994.0,17077.0,17077.0,314383.5,329148.0722,229453.5,244218.0722
Eagle NYC,2025,2025-05-26,1,0,0,,0,1.0,grosses,0.0,21994.0,21994.0,17077.0,17077.0,336377.5,351142.0722,246530.5,261295.0722
Eagle NYC,2025,2025-05-27,0,0,0,,0,1.0,grosses,0.0,9315.0,9315.0,6931.0,6931.0,345692.5,360457.0722,253461.5,268226.0722
Eagle NYC,2025,2025-05-29,0,0,1,,0,1.0,grosses,0.0,9315.0,9315.0,6931.0,6931.0,355007.5,369772.0722,260392.5,275157.0722
Eagle NYC,2025,2025-05-30,1,0,1,,0,1.0,grosses,0.0,21994.0,21994.0,17077.0,17077.0,377001.5,391766.0722,277469.5,292234.0722
Eagle NYC,2025,2025-05-31,1,0,1,,0,1.0,grosses,0.0,21994.0,21994.0,17077.0,17077.0,398995.5,413760.0722,294546.5,309311.0722
Eagle NYC,2025,2025-06-01,0,0,0,,0,1.0,grosses,0.0,9315.0,9315.0,6931.0,6931.0,408310.5,423075.0722,301477.5,316242.0722
Eagle NYC,2025,2025-06-02,0,0,0,,0,1.0,grosses,0.0,9315.0,9315.0,6931.0,6931.0,417625.5,432390.0722,308408.5,323173.0722
Eagle NYC,2025,2025-06-03,0,0,0,,0,1.0,grosses,0.0,9315.0,9315.0,6931.0,6931.0,426940.5,441705.0722,315339.5,330104.0722
Eagle NYC,2025,2025-06-04,0,0,0,0.25,0,1.0,grosses,0.0,9315.0,9315.0,6931.0,6931.0,436255.5,451020.0722,322270.5,337035.0722
Eagle NYC,2025,2025-06-05,0,0,0,,0,1.0,grosses,0.0,9315.0,9315.0,6931.0,6931.0,445570.5,460335.0722,329201.5,343966.0722
Eagle NYC,2025,2025-06-06,1,0,1,,0,1.0,grosses,0.0,21994.0,21994.0,17077.0,17077.0,467564.5,482329.0722,346278.5,361043.0722
Eagle NYC,2025,2025-06-07,1,1,1,,0,1.0,grosses,0.0,10997.0,10997.0,6080.0,6080.0,478561.5,493326.0722,352358.5,367123.0722
Eagle NYC,2025,2025-06-08,0,0,1,,0,1.0,grosses,0.0,9315.0,9315.0,6931.0,6931.0,487876.5,502641.0722,359289.5,374054.0722
Eagle NYC,2025,2025-06-09,0,0,1,,0,1.0,grosses,0.0,9315.0,9315.0,6931.0,6931.0,497191.5,511956.0722,366220.5,380985.0722
Eagle NYC,2025,2025-06-10,0,0,1,,0,1.0,grosses,0.0,9315.0,9315.0,6931.0,6931.0,506506.5,521271.0722,373151.5,387916.0722
Eagle NYC,2025,2025-06-11,0,0,0,,0,1.0,grosses,0.0,9315.0,9315.0,6931.0,6931.0,515821.5,530586.0722,380082.5,394847.0722
Eagle NYC,2025,2025-06-12,0,0,0,,0,1.0,grosses,0.0,9315.0,9315.0,6931.0,6931.0,525136.5,539901.0722,387013.5,401778.0722
Eagle NYC,2025,2025-06-13,1,0,0,,0,1.0,grosses,0.0,21994.0,21994.0,17077.0,17077.0,547130.5,561895.0722,404090.5,418855.0722
Eagle NYC,2025,2025-06-14,1,0,1,,0,1.0,grosses,0.0,21994.0,21994.0,17077.0,17077.0,569124.5,583889.0722,421167.5,435932.0722
Eagle NYC,2025,2025-06-15,0,0,1,,0,1.0,grosses,0.0,9315.0,9315.0,6931.0,6931.0,578439.5,593204.0722,428098.5,442863.0722
Eagle NYC,2025,2025-06-16,0,1,1,,0,1.0,grosses,0.0,4657.5,4657.5,2273.5,2273.5,583097.0,597861.5722,430372.0,445136.5722
Eagle NYC,2025,2025-06-17,0,0,1,,0,1.0,grosses,0.0,9315.0,9315.0,6931.0,6931.0,592412.0,607176.5722,437303.0,452067.5722
Eagle NYC,2025,2025-06-18,0,0,1,0.55,0,1.0,grosses,0.0,9315.0,9315.0,6931.0,6931.0,601727.0,616491.5722,444234.0,458998.5722
Eagle NYC,2025,2025-06-19,0,1,1,,0,1.0,grosses,0.0,4657.5,4657.5,2273.5,2273.5,606384.5,621149.0722,446507.5,461272.0722
Eagle NYC,2025,2025-06-20,1,0,0,,0,1.0,grosses,0.0,21994.0,21994.0,17077.0,17077.0,628378.5,643143.0722,463584.5,478349.0722
Eagle NYC,2025,2025-06-21,1,0,0,,0,1.0,grosses,0.0,21994.0,21994.0,17077.0,17077.0,650372.5,665137.0722,480661.5,495426.0722
Eagle NYC,2025,2025-06-22,0,0,1,,0,1.0,grosses,0.0,9315.0,9315.0,6931.0,6931.0,659687.5,674452.0722,487592.5,502357.0722
Eagle NYC,2025,2025-06-23,0,0,0,,0,1.0,grosses,0.0,9315.0,9315.0,6931.0,6931.0,669002.5,683767.0722,494523.5,509288.0722
Eagle NYC,2025,2025-06-24,0,0,0,,0,1.0,grosses,0.0,9315.0,9315.0,6931.0,6931.0,678317.5,693082.0722,501454.5,516219.0722
Eagle NYC,2025,2025-06-25,0,0,0,,0,1.0,grosses,0.0,9315.0,9315.0,6931.0,6931.0,687632.5,702397.0722,508385.5,523150.0722
Eagle NYC,2025,2025-06-26,0,0,1,,0,1.0,grosses,0.0,9315.0,9315.0,6931.0,6931.0,696947.5,711712.0722,515316.5,530081.0722
Eagle NYC,2025,2025-06-27,1,0,1,,0,1.0,grosses,0.0,21994.0,21994.0,17077.0,17077.0,718941.5,733706.0722,532393.5,547158.0722
Eagle NYC,2025,2025-06-28,1,0,1,,0,1.0,grosses,0.0,21994.0,21994.0,17077.0,17077.0,740935.5,755700.0722,549470.5,564235.0722
Eagle NYC,2025,2025-06-29,0,0,0,,0,1.0,grosses,0.0,9315.0,9315.0,6931.0,6931.0,750250.5,765015.0722,556401.5,571166.0722
Eagle NYC,2025,2025-06-30,0,0,1,,0,1.0,grosses,0.0,9315.0,9315.0,6931.0,6931.0,759565.5,774330.0722,563332.5,578097.0722
Eagle NYC,2025,2025-07-01,0,1,1,,0,1.0,grosses,0.0,4657.5,4657.5,2273.5,2273.5,764223.0,778987.5722,565606.0,580370.5722
Eagle NYC,2025,2025-07-02,0,0,1,,0,1.0,grosses,0.0,9315.0,9315.0,6931.0,6931.0,773538.0,788302.5722,572537.0,587301.5722
Eagle NYC,2025,2025-07-03,1,0,1,,0,1.0,grosses,0.0,21994.0,21994.0,17077.0,17077.0,795532.0,810296.5722,589614.0,604378.5722
Eagle NYC,2025,2025-07-04,1,0,0,,0,1.0,grosses,0.0,21994.0,21994.0,17077.0,17077.0,817526.0,832290.5722,606691.0,621455.5722
Eagle NYC,2025,2025-07-05,1,0,0,0.495,1,1.0,grosses,0.0,21994.0,10722.1134895,17077.0,5805.1134895,839520.0,843012.6856895001,623768.0,627260.6856895001
Eagle NYC,2025,2025-07-06,0,0,0,,0,1.0,grosses,0.0,9315.0,9315.0,6931.0,6931.0,848835.0,852327.6856895001,630699.0,634191.6856895001
Eagle NYC,2025,2025-07-07,0,0,1,,0,1.0,grosses,0.0,9315.0,9315.0,6931.0,6931.0,858150.0,861642.6856895001,637630.0,641122.6856895001
Eagle NYC,2025,2025-07-08,0,1,1,,0,1.0,grosses,0.0,4657.5,4657.5,2273.5,2273.5,862807.5,866300.1856895001,639903.5,643396.1856895001
Eagle NYC,2025,2025-07-09,0,1,1,,0,1.0,grosses,0.0,4657.5,4657.5,2273.5,2273.5,867465.0,870957.6856895001,642177.0,645669.6856895001
Eagle NYC,2025,2025-07-10,0,0,1,,0,1.0,grosses,0.0,9315.0,9315.0,6931.0,6931.0,876780.0,880272.6856895001,649108.0,652600.6856895001
Eagle NYC,2025,2025-07-11,1,0,0,,0,1.0,grosses,0.0,21994.0,21994.0,17077.0,17077.0,898774.0,902266.6856895001,666185.0,669677.6856895001
Eagle NYC,2025,2025-07-12,1,0,0,,0,1.0,grosses,0.0,21994.0,21994.0,17077.0,17077.0,920768.0,924260.6856895001,683262.0,686754.6856895001
Eagle NYC,2025,2025-07-13,0,0,1,,0,1.0,grosses,0.0,9315.0,9315.0,6931.0,6931.0,930083.0,933575.6856895001,690193.0,693685.6856895001
Eagle NYC,2025,2025-07-14,0,1,1,,0,1.0,grosses,0.0,4657.5,4657.5,2273.5,2273.5,934740.5,938233.1856895001,692466.5,695959.1856895001
Eagle NYC,2025,2025-07-15,0,0,0,,0,1.0,grosses,0.0,9315.0,9315.0,6931.0,6931.0,944055.5,947548.1856895001,699397.5,702890.1856895001
Eagle NYC,2025,2025-07-16,0,0,1,,0,1.0,grosses,0.0,9315.0,9315.0,6931.0,6931.0,953370.5,956863.1856895001,706328.5,709821.1856895001
Eagle NYC,2025,2025-07-17,0,0,1,,0,1.0,grosses,0.0,9315.0,9315.0,6931.0,6931.0,962685.5,966178.1856895001,713259.5,716752.1856895001
Eagle NYC,2025,2025-07-18,1,0,0,0.25,1,1.0,grosses,0.0,21994.0,16206.82875,17077.0,11289.82875,984679.5,982385.0144395,730336.5,728042.0144395
Eagle NYC,2025,2025-07-19,1,0,1,,0,1.0,grosses,0.0,21994.0,21994.0,17077.0,17077.0,1006673.5,1004379.0144395,747413.5,745119.0144395
Eagle NYC,2025,2025-07-20,0,0,1,,0,1.0,grosses,0.0,9315.0,9315.0,6931.0,6931.0,1015988.5,1013694.0144394999,754344.5,752050.0144394999
Eagle NYC,2025,2025-07-21,0,0,0,,0,1.0,grosses,0.0,9315.0,9315.0,6931.0,6931.0,1025303.5,1023009.0144394999,761275.5,758981.0144394999
Eagle NYC,2025,2025-07-22,0,0,0,,0,1.0,grosses,0.0,9315.0,9315.0,6931.0,6931.0,1034618.5,1032324.0144394999,768206.5,765912.0144394999
Eagle NYC,2025,2025-07-23,0,0,0,,0,1.0,grosses,0.0,9315.0,9315.0,6931.0,6931.0,1043933.5,1041639.0144394999,775137.5,772843.0144394999
Eagle NYC,2025,2025-07-24,0,0,0,0.035,0,1.0,grosses,0.0,9315.0,9315.0,6931.0,6931.0,1053248.5,1050954.0144395,782068.5,779774.0144394999
Eagle NYC,2025,2025-07-25,1,0,1,0.64,1,1.0,grosses,0.0,21994.0,29557.120768,17077.0,24640.120768,1075242.5,1080511.1352074998,799145.5,804414.1352075
Eagle NYC,2025,2025-07-26,1,0,0,0.24,1,1.0,grosses,0.0,21994.0,16434.620608,17077.0,11517.620608000001,1097236.5,1096945.7558155,816222.5,815931.7558154999
Eagle NYC,2025,2025-07-27,0,0,1,0.87,0,1.0,grosses,0.0,9315.0,9315.0,6931.0,6931.0,1106551.5,1106260.7558155,823153.5,822862.7558154999
Eagle NYC,2025,2025-07-28,0,0,0,0.1699999999999999,0,1.0,grosses,0.0,9315.0,9315.0,6931.0,6931.0,1115866.5,1115575.7558155,830084.5,829793.7558154999
Eagle NYC,2025,2025-07-29,0,0,0,0.045,0,1.0,grosses,0.0,9315.0,9315.0,6931.0,6931.0,1125181.5,1124890.7558155,837015.5,836724.7558154999
Eagle NYC,2025,2025-07-30,0,1,1,0.5549999999999999,0,1.0,grosses,0.0,4657.5,4657.5,2273.5,2273.5,1129839.0,1129548.2558155,839289.0,838998.2558154999
Eagle NYC,2025,2025-07-31,0,1,1,0.87,0,1.0,grosses,0.0,4657.5,4657.5,2273.5,2273.5,1134496.5,1134205.7558155,841562.5,841271.7558154999
Eagle NYC,2025,2025-08-01,1,0,1,0.9,1,1.0,grosses,0.0,21994.0,24054.8378,17077.0,19137.8378,1156490.5,1158260.5936155,858639.5,860409.5936154999
Eagle NYC,2025,2025-08-02,1,0,0,0.035,1,1.0,grosses,0.0,21994.0,21172.2106855,17077.0,16255.2106855,1178484.5,1179432.804301,875716.5,876664.8043009999
Eagle NYC,2025,2025-08-03,0,0,0,0.025,0,1.0,grosses,0.0,9315.0,9315.0,6931.0,6931.0,1187799.5,1188747.804301,882647.5,883595.8043009999
Eagle NYC,2025,2025-08-04,0,0,0,0.035,0,1.0,grosses,0.0,9315.0,9315.0,6931.0,6931.0,1197114.5,1198062.804301,889578.5,890526.8043009999
Eagle NYC,2025,2025-08-05,0,0,0,0.06,0,1.0,grosses,0.0,9315.0,9315.0,6931.0,6931.0,1206429.5,1207377.804301,896509.5,897457.804301
Eagle NYC,2025,2025-08-06,0,1,1,0.09,0,1.0,grosses,0.0,4657.5,4657.5,2273.5,2273.5,1211087.0,1212035.304301,898783.0,899731.304301
Eagle NYC,2025,2025-08-07,0,0,1,0.045,0,1.0,grosses,0.0,9315.0,9315.0,6931.0,6931.0,1220402.0,1221350.304301,905714.0,906662.304301
Eagle NYC,2025,2025-08-08,1,0,0,0.04,1,1.0,grosses,0.0,21994.0,21055.120128,17077.0,16138.120128,1242396.0,1242405.424429,922791.0,922800.424429
Eagle NYC,2025,2025-08-09,1,0,0,0.04,1,1.0,grosses,0.0,21994.0,21055.120128,17077.0,16138.120128,1264390.0,1263460.5445569998,939868.0,938938.544557
Eagle NYC,2025,2025-08-10,0,0,0,0.035,0,1.0,grosses,0.0,9315.0,9315.0,6931.0,6931.0,1273705.0,1272775.5445569998,946799.0,945869.544557
Eagle NYC,2025,2025-08-11,0,0,0,0.03,0,1.0,grosses,0.0,9315.0,9315.0,6931.0,6931.0,1283020.0,1282090.5445569998,953730.0,952800.544557
Eagle NYC,2025,2025-08-12,0,0,0,0.1,0,1.0,grosses,0.0,9315.0,9315.0,6931.0,6931.0,1292335.0,1291405.5445569998,960661.0,959731.544557
Eagle NYC,2025,2025-08-13,0,1,1,0.6,0,1.0,grosses,0.0,4657.5,4657.5,2273.5,2273.5,1296992.5,1296063.044557,962934.5,962005.044557
Eagle NYC,2025,2025-08-14,0,0,0,0.5700000000000001,0,1.0,grosses,0.0,9315.0,9315.0,6931.0,6931.0,1306307.5,1305378.044557,969865.5,968936.044557
Eagle NYC,2025,2025-08-15,1,0,0,0.25,1,1.0,grosses,0.0,21994.0,16206.82875,17077.0,11289.82875,1328301.5,1321584.8733070001,986942.5,980225.873307
Eagle NYC,2025,2025-08-16,1,0,0,0.12,1,1.0,grosses,0.0,21994.0,19192.140352,17077.0,14275.140352,1350295.5,1340777.0136590002,1004019.5,994501.013659
Eagle NYC,2025,2025-08-17,0,1,1,0.59,0,1.0,grosses,0.0,4657.5,4657.5,2273.5,2273.5,1354953.0,1345434.5136590002,1006293.0,996774.513659
Eagle NYC,2025,2025-08-18,0,0,0,0.46,0,1.0,grosses,0.0,9315.0,9315.0,6931.0,6931.0,1364268.0,1354749.5136590002,1013224.0,1003705.513659
Eagle NYC,2025,2025-08-19,0,0,0,0.09,0,1.0,grosses,0.0,9315.0,9315.0,6931.0,6931.0,1373583.0,1364064.5136590002,1020155.0,1010636.513659
Eagle NYC,2025,2025-08-20,0,1,1,0.91,0,1.0,grosses,0.0,4657.5,4657.5,2273.5,2273.5,1378240.5,1368722.0136590002,1022428.5,1012910.013659
Eagle NYC,2025,2025-08-21,0,0,1,0.86,0,1.0,grosses,0.0,9315.0,9315.0,6931.0,6931.0,1387555.5,1378037.0136590002,1029359.5,1019841.013659
Eagle NYC,2025,2025-08-22,1,0,0,0.03,1,1.0,grosses,0.0,21994.0,21289.378222,17077.0,16372.378222,1409549.5,1399326.3918810003,1046436.5,1036213.391881
Eagle NYC,2025,2025-08-23,1,0,0,0.035,1,1.0,grosses,0.0,21994.0,21172.2106855,17077.0,16255.2106855,1431543.5,1420498.6025665002,1063513.5,1052468.6025665
Eagle NYC,2025,2025-08-24,0,0,0,0.34,0,1.0,grosses,0.0,9315.0,9315.0,6931.0,6931.0,1440858.5,1429813.6025665002,1070444.5,1059399.6025665
Eagle NYC,2025,2025-08-25,0,0,0,0.4,0,1.0,grosses,0.0,9315.0,9315.0,6931.0,6931.0,1450173.5,1439128.6025665002,1077375.5,1066330.6025665
Eagle NYC,2025,2025-08-26,0,0,0,0.035,0,1.0,grosses,0.0,9315.0,9315.0,6931.0,6931.0,1459488.5,1448443.6025665002,1084306.5,1073261.6025665
Eagle NYC,2025,2025-08-27,0,0,0,0.035,0,1.0,grosses,0.0,9315.0,9315.0,6931.0,6931.0,1468803.5,1457758.6025665002,1091237.5,1080192.6025665
Eagle NYC,2025,2025-08-28,0,0,0,0.5,0,1.0,grosses,0.0,9315.0,9315.0,6931.0,6931.0,1478118.5,1467073.6025665002,1098168.5,1087123.6025665
Eagle NYC,2025,2025-08-29,1,0,0,,0,1.0,grosses,0.0,21994.0,21994.0,17077.0,17077.0,1500112.5,1489067.6025665002,1115245.5,1104200.6025665002
Eagle NYC,2025,2025-08-30,1,0,0,,0,1.0,grosses,0.0,21994.0,21994.0,17077.0,17077.0,1522106.5,1511061.6025665002,1132322.5,1121277.6025665002
Eagle NYC,2025,2025-08-31,1,0,0,,0,1.0,grosses,0.0,21994.0,21994.0,17077.0,17077.0,1544100.5,1533055.6025665002,1149399.5,1138354.6025665002
Eagle NYC,2025,2025-09-01,1,0,0,,0,1.0,grosses,0.0,21994.0,21994.0,17077.0,17077.0,1566094.5,1555049.6025665002,1166476.5,1155431.6025665002
Eagle NYC,2025,2025-09-02,0,0,0,0.375,0,1.0,grosses,0.0,9315.0,9315.0,6931.0,6931.0,1575409.5,1564364.6025665002,1173407.5,1162362.6025665002
Eagle NYC,2025,2025-09-03,0,0,0,,0,1.0,grosses,0.0,9315.0,9315.0,6931.0,6931.0,1584724.5,1573679.6025665002,1180338.5,1169293.6025665002
Eagle NYC,2025,2025-09-04,0,1,1,0.65,0,1.0,grosses,0.0,4657.5,4657.5,2273.5,2273.5,1589382.0,1578337.1025665002,1182612.0,1171567.1025665002
Eagle NYC,2025,2025-09-05,1,0,1,0.7,1,1.0,grosses,0.0,21994.0,28268.8882,17077.0,23351.8882,1611376.0,1606605.9907665001,1199689.0,1194918.9907665001
Eagle NYC,2025,2025-09-06,1,1,1,0.89,1,1.0,grosses,0.0,10997.0,13265.615118,6080.0,8348.615118,1622373.0,1619871.6058845,1205769.0,1203267.6058845
Eagle NYC,2025,2025-09-07,0,0,1,0.88,0,1.0,grosses,0.0,9315.0,9315.0,6931.0,6931.0,1631688.0,1629186.6058845,1212700.0,1210198.6058845
Eagle NYC,2025,2025-09-08,0,0,0,0.03,0,1.0,grosses,0.0,9315.0,9315.0,6931.0,6931.0,1641003.0,1638501.6058845,1219631.0,1217129.6058845
Eagle NYC,2025,2025-09-09,0,0,0,0.08,0,1.0,grosses,0.0,9315.0,9315.0,6931.0,6931.0,1650318.0,1647816.6058845,1226562.0,1224060.6058845
Eagle NYC,2025,2025-09-10,0,0,1,0.75,0,1.0,grosses,0.0,9315.0,9315.0,6931.0,6931.0,1659633.0,1657131.6058845,1233493.0,1230991.6058845
Eagle NYC,2025,2025-09-11,0,0,0,0.04,0,1.0,grosses,0.0,9315.0,9315.0,6931.0,6931.0,1668948.0,1666446.6058845,1240424.0,1237922.6058845
Eagle NYC,2025,2025-09-12,1,0,0,0.15,1,1.0,grosses,0.0,21994.0,18498.60355,17077.0,13581.60355,1690942.0,1684945.2094345,1257501.0,1251504.2094345
Eagle NYC,2025,2025-09-13,1,0,0,0.1,1,1.0,grosses,0.0,21994.0,19656.0378,17077.0,14739.0378,1712936.0,1704601.2472345,1274578.0,1266243.2472345
Eagle NYC,2025,2025-09-14,0,0,0,0.44,0,1.0,grosses,0.0,9315.0,9315.0,6931.0,6931.0,1722251.0,1713916.2472345,1281509.0,1273174.2472345
Eagle NYC,2025,2025-09-15,0,0,0,0.22,0,1.0,grosses,0.0,9315.0,9315.0,6931.0,6931.0,1731566.0,1723231.2472345,1288440.0,1280105.2472345
Eagle NYC,2025,2025-09-16,0,0,0,0.37,0,1.0,grosses,0.0,9315.0,9315.0,6931.0,6931.0,1740881.0,1732546.2472345,1295371.0,1287036.2472345
Eagle NYC,2025,2025-09-17,0,0,1,0.91,0,1.0,grosses,0.0,9315.0,9315.0,6931.0,6931.0,1750196.0,1741861.2472345,1302302.0,1293967.2472345
Eagle NYC,2025,2025-09-18,0,0,1,0.66,0,1.0,grosses,0.0,9315.0,9315.0,6931.0,6931.0,1759511.0,1751176.2472345,1309233.0,1300898.2472345
Eagle NYC,2025,2025-09-19,1,0,0,0.035,1,1.0,grosses,0.0,21994.0,21172.2106855,17077.0,16255.2106855,1781505.0,1772348.45792,1326310.0,1317153.45792
Eagle NYC,2025,2025-09-20,1,0,0,0.035,1,1.0,grosses,0.0,21994.0,21172.2106855,17077.0,16255.2106855,1803499.0,1793520.6686055,1343387.0,1333408.6686055
Eagle NYC,2025,2025-09-21,0,0,0,0.045,0,1.0,grosses,0.0,9315.0,9315.0,6931.0,6931.0,1812814.0,1802835.6686055,1350318.0,1340339.6686055
Eagle NYC,2025,2025-09-22,0,0,0,0.0699999999999999,0,1.0,grosses,0.0,9315.0,9315.0,6931.0,6931.0,1822129.0,1812150.6686055001,1357249.0,1347270.6686055001
Eagle NYC,2025,2025-09-24,0,1,1,0.78,0,1.0,grosses,0.0,4657.5,4657.5,2273.5,2273.5,1826786.5,1816808.1686055001,1359522.5,1349544.1686055001
Eagle NYC,2025,2025-09-25,0,0,1,0.95,0,1.0,grosses,0.0,9315.0,9315.0,6931.0,6931.0,1836101.5,1826123.1686055001,1366453.5,1356475.1686055001
Eagle NYC,2025,2025-09-26,1,0,0,0.39,1,1.0,grosses,0.0,21994.0,13050.073917999998,17077.0,8133.073917999998,1858095.5,1839173.2425235002,1383530.5,1364608.2425235002
Eagle NYC,2025,2025-09-27,1,0,1,0.4,1,1.0,grosses,0.0,21994.0,34820.9008,17077.0,29903.9008,1880089.5,1873994.1433235002,1400607.5,1394512.1433235002
Eagle NYC,2025,2025-09-28,0,0,1,0.8400000000000001,0,1.0,grosses,0.0,9315.0,9315.0,6931.0,6931.0,1889404.5,1883309.1433235002,1407538.5,1401443.1433235002
Eagle NYC,2025,2025-09-29,0,0,0,0.035,0,1.0,grosses,0.0,9315.0,9315.0,6931.0,6931.0,1898719.5,1892624.1433235002,1414469.5,1408374.1433235002
Eagle NYC,2025,2025-09-30,1,0,0,0.04,1,1.0,grosses,0.0,21994.0,21055.120128,17077.0,16138.120128,1920713.5,1913679.2634515003,1431546.5,1424512.2634515
City Vineyard (Pier 26),2026,2026-05-01,1,0,1,0.04,0,1.0,grosses,0.5,15640.0,15640.0,11143.0,11143.0,15640.0,15640.0,11143.0,11143.0
City Vineyard (Pier 26),2026,2026-05-02,1,0,1,0.33,0,1.0,grosses,0.5,15640.0,15640.0,11143.0,11143.0,31280.0,31280.0,22286.0,22286.0
City Vineyard (Pier 26),2026,2026-05-03,0,0,0,0.02,0,1.0,grosses,0.5,9200.0,9200.0,7286.0,7286.0,40480.0,40480.0,29572.0,29572.0
City Vineyard (Pier 26),2026,2026-05-04,0,0,0,0.01,0,1.0,grosses,0.5,9200.0,9200.0,7286.0,7286.0,49680.0,49680.0,36858.0,36858.0
City Vineyard (Pier 26),2026,2026-05-05,0,0,0,0.19,0,1.0,grosses,0.5,9200.0,9200.0,7286.0,7286.0,58880.0,58880.0,44144.0,44144.0
City Vineyard (Pier 26),2026,2026-05-06,0,1,1,0.99,0,1.0,grosses,0.5,4600.0,4600.0,2686.0,2686.0,63480.0,63480.0,46830.0,46830.0
City Vineyard (Pier 26),2026,2026-05-07,0,0,1,0.05,0,1.0,grosses,0.5,9200.0,9200.0,7286.0,7286.0,72680.0,72680.0,54116.0,54116.0
City Vineyard (Pier 26),2026,2026-05-08,1,0,1,0.64,1,1.0,grosses,0.5,15640.0,21018.15808,11143.0,16521.15808,88320.0,93698.15808,65259.0,70637.15808
City Vineyard (Pier 26),2026,2026-05-09,1,1,1,0.89,1,1.0,grosses,0.5,7820.0,9433.219079999999,3323.0,4936.21908,96140.0,103131.37715999999,68582.0,75573.37715999999
City Vineyard (Pier 26),2026,2026-05-10,0,0,1,0.87,0,1.0,grosses,0.5,9200.0,9200.0,7286.0,7286.0,105340.0,112331.37715999999,75868.0,82859.37715999999
City Vineyard (Pier 26),2026,2026-05-11,0,0,0,0.46,0,1.0,grosses,0.5,9200.0,9200.0,7286.0,7286.0,114540.0,121531.37715999999,83154.0,90145.37715999999
City Vineyard (Pier 26),2026,2026-05-12,0,0,0,0.01,0,1.0,grosses,0.5,9200.0,9200.0,7286.0,7286.0,123740.0,130731.37715999999,90440.0,97431.37715999999
City Vineyard (Pier 26),2026,2026-05-13,0,0,1,0.15,0,1.0,grosses,0.5,9200.0,9200.0,7286.0,7286.0,132940.0,139931.37715999997,97726.0,104717.37715999999
City Vineyard (Pier 26),2026,2026-05-14,0,0,1,0.99,0,1.0,grosses,0.5,9200.0,9200.0,7286.0,7286.0,142140.0,149131.37715999997,105012.0,112003.37715999999
City Vineyard (Pier 26),2026,2026-05-15,1,0,0,0.5,1,1.0,grosses,0.5,15640.0,7546.3,11143.0,3049.3,157780.0,156677.67715999996,116155.0,115052.67715999999
City Vineyard (Pier 26),2026,2026-05-16,1,0,0,0.115,0,1.0,grosses,0.5,15640.0,15640.0,11143.0,11143.0,173420.0,172317.67716,127298.0,126195.67715999999
City Vineyard (Pier 26),2026,2026-05-17,0,0,0,0.15,0,1.0,grosses,0.5,9200.0,9200.0,7286.0,7286.0,182620.0,181517.67716,134584.0,133481.67716
City Vineyard (Pier 26),2026,2026-05-18,0,0,0,0.03,0,1.0,grosses,0.5,9200.0,9200.0,7286.0,7286.0,191820.0,190717.67716,141870.0,140767.67716
City Vineyard (Pier 26),2026,2026-05-19,0,0,0,0.445,0,1.0,grosses,0.5,9200.0,9200.0,7286.0,7286.0,201020.0,199917.67716,149156.0,148053.67716
City Vineyard (Pier 26),2026,2026-05-20,0,1,1,0.8,0,1.0,grosses,0.5,4600.0,4600.0,2686.0,2686.0,205620.0,204517.67716,151842.0,150739.67716
City Vineyard (Pier 26),2026,2026-05-21,0,0,1,0.9,0,1.0,grosses,0.5,9200.0,9200.0,7286.0,7286.0,214820.0,213717.67716,159128.0,158025.67716
City Vineyard (Pier 26),2026,2026-05-22,1,0,0,0.14,0,1.0,grosses,0.5,15640.0,15640.0,11143.0,11143.0,230460.0,229357.67716,170271.0,169168.67716
City Vineyard (Pier 26),2026,2026-05-23,1,1,1,0.99,1,1.0,grosses,0.5,7820.0,7965.56148,3323.0,3468.5614800000003,238280.0,237323.23864,173594.0,172637.23864
City Vineyard (Pier 26),2026,2026-05-24,1,0,1,0.99,1,1.0,grosses,0.5,15640.0,15785.56148,11143.0,11288.56148,253920.0,253108.80011999997,184737.0,183925.80011999997
City Vineyard (Pier 26),2026,2026-05-25,1,0,1,0.87,1,1.0,grosses,0.5,15640.0,17549.37812,11143.0,13052.37812,269560.0,270658.17824,195880.0,196978.17823999998
City Vineyard (Pier 26),2026,2026-05-26,0,0,0,0.03,0,1.0,grosses,0.5,9200.0,9200.0,7286.0,7286.0,278760.0,279858.17824,203166.0,204264.17823999998
City Vineyard (Pier 26),2026,2026-05-27,0,0,1,0.1,0,1.0,grosses,0.5,9200.0,9200.0,7286.0,7286.0,287960.0,289058.17824,210452.0,211550.17823999998
City Vineyard (Pier 26),2026,2026-05-28,0,0,0,0.04,0,1.0,grosses,0.5,9200.0,9200.0,7286.0,7286.0,297160.0,298258.17824,217738.0,218836.17823999998
City Vineyard (Pier 26),2026,2026-05-29,1,0,0,0.1,0,1.0,grosses,0.5,15640.0,15640.0,11143.0,11143.0,312800.0,313898.17824,228881.0,229979.17823999998
City Vineyard (Pier 26),2026,2026-05-30,1,0,1,0.445,0,1.0,grosses,0.5,15640.0,15640.0,11143.0,11143.0,328440.0,329538.17824,240024.0,241122.17823999998
City Vineyard (Pier 26),2026,2026-05-31,0,0,0,0.445,0,1.0,grosses,0.5,9200.0,9200.0,7286.0,7286.0,337640.0,338738.17824,247310.0,248408.17823999998
City Vineyard (Pier 26),2026,2026-06-01,0,0,1,0.475,0,1.0,grosses,0.5,9200.0,9200.0,7286.0,7286.0,346840.0,347938.17824,254596.0,255694.17823999998
City Vineyard (Pier 26),2026,2026-06-02,0,0,0,0.45,0,1.0,grosses,0.5,9200.0,9200.0,7286.0,7286.0,356040.0,357138.17824,261882.0,262980.17824
City Vineyard (Pier 26),2026,2026-06-03,0,0,0,0.04,0,1.0,grosses,0.5,9200.0,9200.0,7286.0,7286.0,365240.0,366338.17824,269168.0,270266.17824
City Vineyard (Pier 26),2026,2026-06-04,0,0,0,0.115,0,1.0,grosses,0.5,9200.0,9200.0,7286.0,7286.0,374440.0,375538.17824,276454.0,277552.17824
City Vineyard (Pier 26),2026,2026-06-05,1,0,0,0.38,0,1.0,grosses,0.5,15640.0,15640.0,11143.0,11143.0,390080.0,391178.17824,287597.0,288695.17824
City Vineyard (Pier 26),2026,2026-06-06,1,1,1,0.445,0,1.0,grosses,0.5,7820.0,7820.0,3323.0,3323.0,397900.0,398998.17824,290920.0,292018.17824
City Vineyard (Pier 26),2026,2026-06-07,0,0,1,0.16,0,1.0,grosses,0.5,9200.0,9200.0,7286.0,7286.0,407100.0,408198.17824,298206.0,299304.17824
City Vineyard (Pier 26),2026,2026-06-08,0,0,0,0.01,0,1.0,grosses,0.5,9200.0,9200.0,7286.0,7286.0,416300.0,417398.17824,305492.0,306590.17824
City Vineyard (Pier 26),2026,2026-06-09,0,0,0,0.445,0,1.0,grosses,0.5,9200.0,9200.0,7286.0,7286.0,425500.0,426598.17824,312778.0,313876.17824
City Vineyard (Pier 26),2026,2026-06-10,0,0,1,0.19,0,1.0,grosses,0.5,9200.0,9200.0,7286.0,7286.0,434700.0,435798.17824,320064.0,321162.17824
City Vineyard (Pier 26),2026,2026-06-11,0,1,1,0.9,0,1.0,grosses,0.5,4600.0,4600.0,2686.0,2686.0,439300.0,440398.17824,322750.0,323848.17824
City Vineyard (Pier 26),2026,2026-06-12,1,1,1,0.32,0,1.0,grosses,0.5,7820.0,7820.0,3323.0,3323.0,447120.0,448218.17824,326073.0,327171.17824
City Vineyard (Pier 26),2026,2026-06-13,1,0,0,0.4599999999999999,0,1.0,grosses,0.5,15640.0,15640.0,11143.0,11143.0,462760.0,463858.17824,337216.0,338314.17824
City Vineyard (Pier 26),2026,2026-06-14,0,1,1,0.84,0,1.0,grosses,0.5,4600.0,4600.0,2686.0,2686.0,467360.0,468458.17824,339902.0,341000.17824
City Vineyard (Pier 26),2026,2026-06-15,0,0,1,0.32,0,1.0,grosses,0.5,9200.0,9200.0,7286.0,7286.0,476560.0,477658.17824,347188.0,348286.17824
City Vineyard (Pier 26),2026,2026-06-16,0,0,0,0.16,0,1.0,grosses,0.5,9200.0,9200.0,7286.0,7286.0,485760.0,486858.17824,354474.0,355572.17824
City Vineyard (Pier 26),2026,2026-06-17,0,0,1,0.59,0,1.0,grosses,0.5,9200.0,9200.0,7286.0,7286.0,494960.0,496058.17824,361760.0,362858.17824
City Vineyard (Pier 26),2026,2026-06-18,0,0,1,0.86,0,1.0,grosses,0.5,9200.0,9200.0,7286.0,7286.0,504160.0,505258.17824,369046.0,370144.17824
City Vineyard (Pier 26),2026,2026-06-19,1,0,0,0.19,0,1.0,grosses,0.5,15640.0,15640.0,11143.0,11143.0,519800.0,520898.17824,380189.0,381287.17824
City Vineyard (Pier 26),2026,2026-06-20,1,0,0,0.39,0,1.0,grosses,0.5,15640.0,15640.0,11143.0,11143.0,535440.0,536538.17824,391332.0,392430.17824
City Vineyard (Pier 26),2026,2026-06-21,0,0,0,0.58,0,1.0,grosses,0.5,9200.0,9200.0,7286.0,7286.0,544640.0,545738.17824,398618.0,399716.17824
City Vineyard (Pier 26),2026,2026-06-22,0,1,1,0.87,0,1.0,grosses,0.5,4600.0,4600.0,2686.0,2686.0,549240.0,550338.17824,401304.0,402402.17824
City Vineyard (Pier 26),2026,2026-06-23,0,0,1,0.95,0,1.0,grosses,0.5,9200.0,9200.0,7286.0,7286.0,558440.0,559538.17824,408590.0,409688.17824
City Vineyard (Pier 26),2026,2026-06-24,0,0,0,0.04,0,1.0,grosses,0.5,9200.0,9200.0,7286.0,7286.0,567640.0,568738.17824,415876.0,416974.17824
City Vineyard (Pier 26),2026,2026-06-25,0,0,0,0.85,0,1.0,grosses,0.5,9200.0,9200.0,7286.0,7286.0,576840.0,577938.1782399999,423162.0,424260.17824
City Vineyard (Pier 26),2026,2026-06-26,1,0,1,0.86,1,1.0,grosses,0.5,15640.0,17697.78608,11143.0,13200.78608,592480.0,595635.9643199999,434305.0,437460.96431999997
City Vineyard (Pier 26),2026,2026-06-27,1,0,1,0.85,1,1.0,grosses,0.5,15640.0,17846.413,11143.0,13349.413,608120.0,613482.37732,445448.0,450810.37731999997
City Vineyard (Pier 26),2026,2026-06-28,0,0,0,0.85,0,1.0,grosses,0.5,9200.0,9200.0,7286.0,7286.0,617320.0,622682.37732,452734.0,458096.37731999997
City Vineyard (Pier 26),2026,2026-06-29,0,0,0,0.14,0,1.0,grosses,0.5,9200.0,9200.0,7286.0,7286.0,626520.0,631882.37732,460020.0,465382.37731999997
City Vineyard (Pier 26),2026,2026-06-30,0,0,1,0.15,0,1.0,grosses,0.5,9200.0,9200.0,7286.0,7286.0,635720.0,641082.37732,467306.0,472668.37731999997
City Vineyard (Pier 26),2026,2026-07-01,0,0,0,0.08,0,1.0,grosses,0.5,9200.0,9200.0,7286.0,7286.0,644920.0,650282.37732,474592.0,479954.37731999997
City Vineyard (Pier 26),2026,2026-07-02,0,0,0,0.26,0,1.0,grosses,0.5,9200.0,9200.0,7286.0,7286.0,654120.0,659482.37732,481878.0,487240.37731999997
City Vineyard (Pier 26),2026,2026-07-03,1,1,1,0.86,1,1.0,grosses,0.5,7820.0,9877.78608,3323.0,5380.78608,661940.0,669360.1634,485201.0,492621.1634
City Vineyard (Pier 26),2026,2026-07-04,1,1,1,0.86,1,1.0,grosses,0.5,7820.0,9877.78608,3323.0,5380.78608,669760.0,679237.94948,488524.0,498001.94948
City Vineyard (Pier 26),2026,2026-07-05,0,1,1,0.86,0,1.0,grosses,0.5,4600.0,4600.0,2686.0,2686.0,674360.0,683837.94948,491210.0,500687.94948
City Vineyard (Pier 26),2026,2026-07-06,0,1,1,0.99,0,1.0,grosses,0.5,4600.0,4600.0,2686.0,2686.0,678960.0,688437.94948,493896.0,503373.94948
City Vineyard (Pier 26),2026,2026-07-07,0,0,1,0.95,0,1.0,grosses,0.5,9200.0,9200.0,7286.0,7286.0,688160.0,697637.94948,501182.0,510659.94948
City Vineyard (Pier 26),2026,2026-07-08,0,0,0,0.12,0,1.0,grosses,0.5,9200.0,9200.0,7286.0,7286.0,697360.0,706837.94948,508468.0,517945.94948
City Vineyard (Pier 26),2026,2026-07-09,0,0,1,0.85,0,1.0,grosses,0.5,9200.0,9200.0,7286.0,7286.0,706560.0,716037.94948,515754.0,525231.94948
City Vineyard (Pier 26),2026,2026-07-10,1,0,0,0.86,1,1.0,grosses,0.5,15640.0,2057.78608,11143.0,-2439.21392,722200.0,718095.73556,526897.0,522792.73555999994
City Vineyard (Pier 26),2026,2026-07-11,1,0,1,0.83,1,1.0,grosses,0.5,15640.0,18144.32372,11143.0,13647.32372,737840.0,736240.0592799999,538040.0,536440.0592799999
City Vineyard (Pier 26),2026,2026-07-12,0,0,0,0.1,0,1.0,grosses,0.5,9200.0,9200.0,7286.0,7286.0,747040.0,745440.0592799999,545326.0,543726.0592799999
City Vineyard (Pier 26),2026,2026-07-13,0,0,0,0.075,0,1.0,grosses,0.5,9200.0,9200.0,7286.0,7286.0,756240.0,754640.0592799999,552612.0,551012.0592799999
City Vineyard (Pier 26),2026,2026-07-14,0,0,0,0.01,0,1.0,grosses,0.5,9200.0,9200.0,7286.0,7286.0,765440.0,763840.0592799999,559898.0,558298.0592799999
City Vineyard (Pier 26),2026,2026-07-15,0,0,1,,0,1.0,grosses,0.5,9200.0,9200.0,7286.0,7286.0,774640.0,773040.0592799999,567184.0,565584.0592799999
City Vineyard (Pier 26),2026,2026-07-15,0,0,1,0.465,0,1.0,grosses,0.5,9200.0,9200.0,7286.0,7286.0,783840.0,782240.0592799999,574470.0,572870.0592799999
City Vineyard (Pier 26),2026,2026-07-17,1,0,0,,0,1.0,grosses,0.5,15640.0,15640.0,11143.0,11143.0,799480.0,797880.0592799999,585613.0,584013.0592799999
City Vineyard (Pier 26),2026,2026-07-22,0,0,0,,0,1.0,grosses,0.5,9200.0,9200.0,7286.0,7286.0,808680.0,807080.0592799999,592899.0,591299.0592799999
City Vineyard (Pier 26),2026,2026-07-23,0,0,0,0.22,0,1.0,grosses,0.5,9200.0,9200.0,7286.0,7286.0,817880.0,816280.0592799999,600185.0,598585.0592799999
City Vineyard (Pier 26),2026,2026-07-24,1,0,0,0.43,0,1.0,grosses,0.5,15640.0,15640.0,11143.0,11143.0,833520.0,831920.0592799999,611328.0,609728.0592799999
City Vineyard (Pier 26),2026,2026-07-25,1,0,0,0.12,0,1.0,grosses,0.5,15640.0,15640.0,11143.0,11143.0,849160.0,847560.0592799999,622471.0,620871.0592799999
City Vineyard (Pier 26),2026,2026-07-26,0,0,0,0.425,0,1.0,grosses,0.5,9200.0,9200.0,7286.0,7286.0,858360.0,856760.0592799999,629757.0,628157.0592799999
City Vineyard (Pier 26),2026,2026-07-27,0,1,1,0.87,0,1.0,grosses,0.5,4600.0,4600.0,2686.0,2686.0,862960.0,861360.0592799999,632443.0,630843.0592799999
City Vineyard (Pier 26),2026,2026-07-28,0,1,1,0.92,0,1.0,grosses,0.5,4600.0,4600.0,2686.0,2686.0,867560.0,865960.0592799999,635129.0,633529.0592799999
City Vineyard (Pier 26),2026,2026-07-29,0,0,1,0.81,0,1.0,grosses,0.5,9200.0,9200.0,7286.0,7286.0,876760.0,875160.0592799999,642415.0,640815.0592799999
City Vineyard (Pier 26),2026,2026-07-30,0,0,1,0.3,0,1.0,grosses,0.5,9200.0,9200.0,7286.0,7286.0,885960.0,884360.0592799999,649701.0,648101.0592799999
City Vineyard (Pier 26),2026,2026-07-31,1,0,1,0.02,0,1.0,grosses,0.5,15640.0,15640.0,11143.0,11143.0,901600.0,900000.0592799999,660844.0,659244.0592799999
City Vineyard (Pier 26),2026,2026-08-01,1,0,0,0.21,0,1.0,grosses,0.5,15640.0,15640.0,11143.0,11143.0,917240.0,915640.0592799999,671987.0,670387.0592799999
City Vineyard (Pier 26),2026,2026-08-02,0,1,1,0.73,0,1.0,grosses,0.5,4600.0,4600.0,2686.0,2686.0,921840.0,920240.0592799999,674673.0,673073.0592799999
City Vineyard (Pier 26),2026,2026-08-03,0,0,1,0.96,0,1.0,grosses,0.5,9200.0,9200.0,7286.0,7286.0,931040.0,929440.0592799999,681959.0,680359.0592799999
City Vineyard (Pier 26),2026,2026-08-04,0,0,0,0.06,0,1.0,grosses,0.5,9200.0,9200.0,7286.0,7286.0,940240.0,938640.0592799999,689245.0,687645.0592799999
City Vineyard (Pier 26),2026,2026-08-05,0,1,1,0.52,0,1.0,grosses,0.5,4600.0,4600.0,2686.0,2686.0,944840.0,943240.0592799999,691931.0,690331.0592799999
City Vineyard (Pier 26),2026,2026-08-06,0,0,1,0.62,0,1.0,grosses,0.5,9200.0,9200.0,7286.0,7286.0,954040.0,952440.0592799999,699217.0,697617.0592799999
City Vineyard (Pier 26),2026,2026-08-07,1,1,1,0.69,1,1.0,grosses,0.5,7820.0,12434.222280000002,3323.0,7937.222280000001,961860.0,964874.2815599999,702540.0,705554.2815599999
City Vineyard (Pier 26),2026,2026-08-08,1,0,0,0.51,1,1.0,grosses,0.5,15640.0,7390.009480000001,11143.0,2893.0094800000006,977500.0,972264.29104,713683.0,708447.29104
City Vineyard (Pier 26),2026,2026-08-09,0,0,0,0.09,0,1.0,grosses,0.5,9200.0,9200.0,7286.0,7286.0,986700.0,981464.29104,720969.0,715733.29104
City Vineyard (Pier 26),2026,2026-08-10,0,0,1,0.36,0,1.0,grosses,0.5,9200.0,9200.0,7286.0,7286.0,995900.0,990664.29104,728255.0,723019.29104
City Vineyard (Pier 26),2026,2026-08-11,0,0,0,0.22,0,1.0,grosses,0.5,9200.0,9200.0,7286.0,7286.0,1005100.0,999864.29104,735541.0,730305.29104
City Vineyard (Pier 26),2026,2026-08-12,0,0,0,0.53,0,1.0,grosses,0.5,9200.0,9200.0,7286.0,7286.0,1014300.0,1009064.29104,742827.0,737591.29104
City Vineyard (Pier 26),2026,2026-08-13,0,0,1,0.71,0,1.0,grosses,0.5,9200.0,9200.0,7286.0,7286.0,1023500.0,1018264.29104,750113.0,744877.29104
City Vineyard (Pier 26),2026,2026-08-14,1,0,0,,0,1.0,grosses,0.5,15640.0,15640.0,11143.0,11143.0,1039140.0,1033904.29104,761256.0,756020.29104
City Vineyard (Pier 26),2026,2026-08-15,1,0,0,0.44,0,1.0,grosses,0.5,15640.0,15640.0,11143.0,11143.0,1054780.0,1049544.29104,772399.0,767163.29104
City Vineyard (Pier 26),2026,2026-08-16,0,1,1,,0,1.0,grosses,0.5,4600.0,4600.0,2686.0,2686.0,1059380.0,1054144.29104,775085.0,769849.29104
City Vineyard (Pier 26),2026,2026-08-17,0,0,1,0.88,0,1.0,grosses,0.5,9200.0,9200.0,7286.0,7286.0,1068580.0,1063344.29104,782371.0,777135.29104
City Vineyard (Pier 26),2026,2026-08-18,0,0,1,0.12,0,1.0,grosses,0.5,9200.0,9200.0,7286.0,7286.0,1077780.0,1072544.29104,789657.0,784421.29104
City Vineyard (Pier 26),2026,2026-08-19,0,0,0,0.05,0,1.0,grosses,0.5,9200.0,9200.0,7286.0,7286.0,1086980.0,1081744.29104,796943.0,791707.29104
City Vineyard (Pier 26),2026,2026-08-20,0,1,1,0.8,0,1.0,grosses,0.5,4600.0,4600.0,2686.0,2686.0,1091580.0,1086344.29104,799629.0,794393.29104
City Vineyard (Pier 26),2026,2026-08-21,1,0,0,0.58,1,1.0,grosses,0.5,15640.0,6302.106720000002,11143.0,1805.1067200000016,1107220.0,1092646.39776,810772.0,796198.3977600001
City Vineyard (Pier 26),2026,2026-08-22,1,0,0,0.5,1,1.0,grosses,0.5,15640.0,7546.3,11143.0,3049.3,1122860.0,1100192.6977600001,821915.0,799247.6977600001
City Vineyard (Pier 26),2026,2026-08-23,0,0,1,0.67,0,1.0,grosses,0.5,9200.0,9200.0,7286.0,7286.0,1132060.0,1109392.6977600001,829201.0,806533.6977600001
City Vineyard (Pier 26),2026,2026-08-24,0,0,0,0.25,0,1.0,grosses,0.5,9200.0,9200.0,7286.0,7286.0,1141260.0,1118592.69776,836487.0,813819.69776
City Vineyard (Pier 26),2026,2026-08-25,0,0,0,0.15,0,1.0,grosses,0.5,9200.0,9200.0,7286.0,7286.0,1150460.0,1127792.69776,843773.0,821105.69776
City Vineyard (Pier 26),2026,2026-08-26,0,0,0,0.12,0,1.0,grosses,0.5,9200.0,9200.0,7286.0,7286.0,1159660.0,1136992.69776,851059.0,828391.69776
City Vineyard (Pier 26),2026,2026-08-27,0,0,1,0.79,0,1.0,grosses,0.5,9200.0,9200.0,7286.0,7286.0,1168860.0,1146192.69776,858345.0,835677.69776
City Vineyard (Pier 26),2026,2026-08-28,1,0,0,0.71,1,1.0,grosses,0.5,15640.0,4310.180680000001,11143.0,-186.8193199999987,1184500.0,1150502.87844,869488.0,835490.87844
City Vineyard (Pier 26),2026,2026-08-29,1,0,0,0.05,0,1.0,grosses,0.5,15640.0,15640.0,11143.0,11143.0,1200140.0,1166142.87844,880631.0,846633.87844
City Vineyard (Pier 26),2026,2026-08-30,0,1,1,0.62,0,1.0,grosses,0.5,4600.0,4600.0,2686.0,2686.0,1204740.0,1170742.87844,883317.0,849319.87844
City Vineyard (Pier 26),2026,2026-08-31,0,0,1,0.55,0,1.0,grosses,0.5,9200.0,9200.0,7286.0,7286.0,1213940.0,1179942.87844,890603.0,856605.87844
City Vineyard (Pier 26),2026,2026-09-01,0,1,1,0.75,0,1.0,grosses,0.5,4600.0,4600.0,2686.0,2686.0,1218540.0,1184542.8784400001,893289.0,859291.87844
City Vineyard (Pier 26),2026,2026-09-02,0,0,1,0.62,0,1.0,grosses,0.5,9200.0,9200.0,7286.0,7286.0,1227740.0,1193742.8784400001,900575.0,866577.87844
City Vineyard (Pier 26),2026,2026-09-03,0,0,1,0.8,0,1.0,grosses,0.5,9200.0,9200.0,7286.0,7286.0,1236940.0,1202942.8784400001,907861.0,873863.87844
City Vineyard (Pier 26),2026,2026-09-04,1,0,1,0.61,1,1.0,grosses,0.5,15640.0,21479.14708,11143.0,16982.14708,1252580.0,1224422.0255200001,919004.0,890846.02552
City Vineyard (Pier 26),2026,2026-09-05,1,0,0,0.11,0,1.0,grosses,0.5,15640.0,15640.0,11143.0,11143.0,1268220.0,1240062.0255200001,930147.0,901989.02552
City Vineyard (Pier 26),2026,2026-09-06,1,0,0,0.17,0,1.0,grosses,0.5,15640.0,15640.0,11143.0,11143.0,1283860.0,1255702.0255200001,941290.0,913132.02552
City Vineyard (Pier 26),2026,2026-09-07,1,0,0,0.04,0,1.0,grosses,0.5,15640.0,15640.0,11143.0,11143.0,1299500.0,1271342.0255200001,952433.0,924275.02552
City Vineyard (Pier 26),2026,2026-09-08,0,0,0,0.06,0,1.0,grosses,0.5,9200.0,9200.0,7286.0,7286.0,1308700.0,1280542.0255200001,959719.0,931561.02552
City Vineyard (Pier 26),2026,2026-09-09,0,0,0,0.08,0,1.0,grosses,0.5,9200.0,9200.0,7286.0,7286.0,1317900.0,1289742.0255200001,967005.0,938847.02552
City Vineyard (Pier 26),2026,2026-09-10,0,0,1,0.3,0,1.0,grosses,0.5,9200.0,9200.0,7286.0,7286.0,1327100.0,1298942.0255200001,974291.0,946133.02552
City Vineyard (Pier 26),2026,2026-09-11,1,0,0,0.0849999999999999,0,1.0,grosses,0.5,15640.0,15640.0,11143.0,11143.0,1342740.0,1314582.0255200001,985434.0,957276.02552
City Vineyard (Pier 26),2026,2026-09-12,1,0,0,0.27,0,1.0,grosses,0.5,15640.0,15640.0,11143.0,11143.0,1358380.0,1330222.0255200001,996577.0,968419.02552
City Vineyard (Pier 26),2026,2026-09-13,0,0,1,0.98,0,1.0,grosses,0.5,9200.0,9200.0,7286.0,7286.0,1367580.0,1339422.0255200001,1003863.0,975705.02552
City Vineyard (Pier 26),2026,2026-09-14,0,0,0,0.15,0,1.0,grosses,0.5,9200.0,9200.0,7286.0,7286.0,1376780.0,1348622.0255200001,1011149.0,982991.02552
City Vineyard (Pier 26),2025,2025-05-01,1,0,0,,0,1.0,grosses,0.0,15640.0,15640.0,11143.0,11143.0,15640.0,15640.0,11143.0,11143.0
City Vineyard (Pier 26),2025,2025-05-02,1,0,0,,0,1.0,grosses,0.0,15640.0,15640.0,11143.0,11143.0,31280.0,31280.0,22286.0,22286.0
City Vineyard (Pier 26),2025,2025-05-03,1,1,1,0.5,1,1.0,grosses,0.0,7820.0,15366.3,3323.0,10869.3,39100.0,46646.3,25609.0,33155.3
City Vineyard (Pier 26),2025,2025-05-04,0,1,1,0.55,0,1.0,grosses,0.0,4600.0,4600.0,2686.0,2686.0,43700.0,51246.3,28295.0,35841.3
City Vineyard (Pier 26),2025,2025-05-05,0,1,1,,0,1.0,grosses,0.0,4600.0,4600.0,2686.0,2686.0,48300.0,55846.3,30981.0,38527.3
City Vineyard (Pier 26),2025,2025-05-06,0,0,1,0.8,0,1.0,grosses,0.0,9200.0,9200.0,7286.0,7286.0,57500.0,65046.3,38267.0,45813.3
City Vineyard (Pier 26),2025,2025-05-07,0,0,1,,0,1.0,grosses,0.0,9200.0,9200.0,7286.0,7286.0,66700.0,74246.3,45553.0,53099.3
City Vineyard (Pier 26),2025,2025-05-08,0,0,1,,0,1.0,grosses,0.0,9200.0,9200.0,7286.0,7286.0,75900.0,83446.3,52839.0,60385.3
City Vineyard (Pier 26),2025,2025-05-09,1,0,1,,0,1.0,grosses,0.0,15640.0,15640.0,11143.0,11143.0,91540.0,99086.3,63982.0,71528.3
City Vineyard (Pier 26),2025,2025-05-10,1,0,1,,0,1.0,grosses,0.0,15640.0,15640.0,11143.0,11143.0,107180.0,114726.3,75125.0,82671.3
City Vineyard (Pier 26),2025,2025-05-11,0,0,0,,0,1.0,grosses,0.0,9200.0,9200.0,7286.0,7286.0,116380.0,123926.3,82411.0,89957.3
City Vineyard (Pier 26),2025,2025-05-12,0,0,0,,0,1.0,grosses,0.0,9200.0,9200.0,7286.0,7286.0,125580.0,133126.3,89697.0,97243.3
City Vineyard (Pier 26),2025,2025-05-13,0,1,1,,0,1.0,grosses,0.0,4600.0,4600.0,2686.0,2686.0,130180.0,137726.3,92383.0,99929.3
City Vineyard (Pier 26),2025,2025-05-14,0,1,1,,0,1.0,grosses,0.0,4600.0,4600.0,2686.0,2686.0,134780.0,142326.3,95069.0,102615.3
City Vineyard (Pier 26),2025,2025-05-15,0,0,0,,0,1.0,grosses,0.0,9200.0,9200.0,7286.0,7286.0,143980.0,151526.3,102355.0,109901.3
City Vineyard (Pier 26),2025,2025-05-16,1,0,1,,0,1.0,grosses,0.0,15640.0,15640.0,11143.0,11143.0,159620.0,167166.3,113498.0,121044.3
City Vineyard (Pier 26),2025,2025-05-17,1,0,1,,0,1.0,grosses,0.0,15640.0,15640.0,11143.0,11143.0,175260.0,182806.3,124641.0,132187.3
City Vineyard (Pier 26),2025,2025-05-18,0,0,0,,0,1.0,grosses,0.0,9200.0,9200.0,7286.0,7286.0,184460.0,192006.3,131927.0,139473.3
City Vineyard (Pier 26),2025,2025-05-19,0,0,0,,0,1.0,grosses,0.0,9200.0,9200.0,7286.0,7286.0,193660.0,201206.3,139213.0,146759.3
City Vineyard (Pier 26),2025,2025-05-20,0,0,0,,0,1.0,grosses,0.0,9200.0,9200.0,7286.0,7286.0,202860.0,210406.3,146499.0,154045.3
City Vineyard (Pier 26),2025,2025-05-21,0,0,1,,0,1.0,grosses,0.0,9200.0,9200.0,7286.0,7286.0,212060.0,219606.3,153785.0,161331.3
City Vineyard (Pier 26),2025,2025-05-22,0,1,1,,0,1.0,grosses,0.0,4600.0,4600.0,2686.0,2686.0,216660.0,224206.3,156471.0,164017.3
City Vineyard (Pier 26),2025,2025-05-23,1,1,1,0.8,1,1.0,grosses,0.0,7820.0,10772.831999999999,3323.0,6275.831999999999,224480.0,234979.13199999998,159794.0,170293.13199999998
City Vineyard (Pier 26),2025,2025-05-24,1,0,1,,0,1.0,grosses,0.0,15640.0,15640.0,11143.0,11143.0,240120.0,250619.13199999998,170937.0,181436.13199999998
City Vineyard (Pier 26),2025,2025-05-25,1,0,0,,0,1.0,grosses,0.0,15640.0,15640.0,11143.0,11143.0,255760.0,266259.132,182080.0,192579.13199999998
City Vineyard (Pier 26),2025,2025-05-26,1,0,0,,0,1.0,grosses,0.0,15640.0,15640.0,11143.0,11143.0,271400.0,281899.132,193223.0,203722.13199999998
City Vineyard (Pier 26),2025,2025-05-27,0,0,0,,0,1.0,grosses,0.0,9200.0,9200.0,7286.0,7286.0,280600.0,291099.132,200509.0,211008.13199999998
City Vineyard (Pier 26),2025,2025-05-29,0,0,1,,0,1.0,grosses,0.0,9200.0,9200.0,7286.0,7286.0,289800.0,300299.132,207795.0,218294.13199999998
City Vineyard (Pier 26),2025,2025-05-30,1,0,1,,0,1.0,grosses,0.0,15640.0,15640.0,11143.0,11143.0,305440.0,315939.132,218938.0,229437.13199999998
City Vineyard (Pier 26),2025,2025-05-31,1,0,1,,0,1.0,grosses,0.0,15640.0,15640.0,11143.0,11143.0,321080.0,331579.132,230081.0,240580.13199999998
City Vineyard (Pier 26),2025,2025-06-01,0,0,0,,0,1.0,grosses,0.0,9200.0,9200.0,7286.0,7286.0,330280.0,340779.132,237367.0,247866.13199999998
City Vineyard (Pier 26),2025,2025-06-02,0,0,0,,0,1.0,grosses,0.0,9200.0,9200.0,7286.0,7286.0,339480.0,349979.132,244653.0,255152.13199999998
City Vineyard (Pier 26),2025,2025-06-03,0,0,0,,0,1.0,grosses,0.0,9200.0,9200.0,7286.0,7286.0,348680.0,359179.132,251939.0,262438.132
City Vineyard (Pier 26),2025,2025-06-04,0,0,0,0.25,0,1.0,grosses,0.0,9200.0,9200.0,7286.0,7286.0,357880.0,368379.132,259225.0,269724.132
City Vineyard (Pier 26),2025,2025-06-05,0,0,0,,0,1.0,grosses,0.0,9200.0,9200.0,7286.0,7286.0,367080.0,377579.132,266511.0,277010.132
City Vineyard (Pier 26),2025,2025-06-06,1,0,1,,0,1.0,grosses,0.0,15640.0,15640.0,11143.0,11143.0,382720.0,393219.132,277654.0,288153.132
City Vineyard (Pier 26),2025,2025-06-07,1,1,1,,0,1.0,grosses,0.0,7820.0,7820.0,3323.0,3323.0,390540.0,401039.132,280977.0,291476.132
City Vineyard (Pier 26),2025,2025-06-08,0,0,1,,0,1.0,grosses,0.0,9200.0,9200.0,7286.0,7286.0,399740.0,410239.132,288263.0,298762.132
City Vineyard (Pier 26),2025,2025-06-09,0,0,1,,0,1.0,grosses,0.0,9200.0,9200.0,7286.0,7286.0,408940.0,419439.132,295549.0,306048.132
City Vineyard (Pier 26),2025,2025-06-10,0,0,1,,0,1.0,grosses,0.0,9200.0,9200.0,7286.0,7286.0,418140.0,428639.132,302835.0,313334.132
City Vineyard (Pier 26),2025,2025-06-11,0,0,0,,0,1.0,grosses,0.0,9200.0,9200.0,7286.0,7286.0,427340.0,437839.132,310121.0,320620.132
City Vineyard (Pier 26),2025,2025-06-12,0,0,0,,0,1.0,grosses,0.0,9200.0,9200.0,7286.0,7286.0,436540.0,447039.132,317407.0,327906.132
City Vineyard (Pier 26),2025,2025-06-13,1,0,0,,0,1.0,grosses,0.0,15640.0,15640.0,11143.0,11143.0,452180.0,462679.132,328550.0,339049.132
City Vineyard (Pier 26),2025,2025-06-14,1,0,1,,0,1.0,grosses,0.0,15640.0,15640.0,11143.0,11143.0,467820.0,478319.132,339693.0,350192.132
City Vineyard (Pier 26),2025,2025-06-15,0,0,1,,0,1.0,grosses,0.0,9200.0,9200.0,7286.0,7286.0,477020.0,487519.132,346979.0,357478.132
City Vineyard (Pier 26),2025,2025-06-16,0,1,1,,0,1.0,grosses,0.0,4600.0,4600.0,2686.0,2686.0,481620.0,492119.132,349665.0,360164.132
City Vineyard (Pier 26),2025,2025-06-17,0,0,1,,0,1.0,grosses,0.0,9200.0,9200.0,7286.0,7286.0,490820.0,501319.132,356951.0,367450.132
City Vineyard (Pier 26),2025,2025-06-18,0,0,1,0.55,0,1.0,grosses,0.0,9200.0,9200.0,7286.0,7286.0,500020.0,510519.132,364237.0,374736.132
City Vineyard (Pier 26),2025,2025-06-19,0,1,1,,0,1.0,grosses,0.0,4600.0,4600.0,2686.0,2686.0,504620.0,515119.132,366923.0,377422.132
City Vineyard (Pier 26),2025,2025-06-20,1,0,0,,0,1.0,grosses,0.0,15640.0,15640.0,11143.0,11143.0,520260.0,530759.132,378066.0,388565.132
City Vineyard (Pier 26),2025,2025-06-21,1,0,0,,0,1.0,grosses,0.0,15640.0,15640.0,11143.0,11143.0,535900.0,546399.132,389209.0,399708.132
City Vineyard (Pier 26),2025,2025-06-22,0,0,1,,0,1.0,grosses,0.0,9200.0,9200.0,7286.0,7286.0,545100.0,555599.132,396495.0,406994.132
City Vineyard (Pier 26),2025,2025-06-23,0,0,0,,0,1.0,grosses,0.0,9200.0,9200.0,7286.0,7286.0,554300.0,564799.132,403781.0,414280.132
City Vineyard (Pier 26),2025,2025-06-24,0,0,0,,0,1.0,grosses,0.0,9200.0,9200.0,7286.0,7286.0,563500.0,573999.132,411067.0,421566.132
City Vineyard (Pier 26),2025,2025-06-25,0,0,0,,0,1.0,grosses,0.0,9200.0,9200.0,7286.0,7286.0,572700.0,583199.132,418353.0,428852.132
City Vineyard (Pier 26),2025,2025-06-26,0,0,1,,0,1.0,grosses,0.0,9200.0,9200.0,7286.0,7286.0,581900.0,592399.132,425639.0,436138.132
City Vineyard (Pier 26),2025,2025-06-27,1,0,1,,0,1.0,grosses,0.0,15640.0,15640.0,11143.0,11143.0,597540.0,608039.132,436782.0,447281.132
City Vineyard (Pier 26),2025,2025-06-28,1,0,1,,0,1.0,grosses,0.0,15640.0,15640.0,11143.0,11143.0,613180.0,623679.132,447925.0,458424.132
City Vineyard (Pier 26),2025,2025-06-29,0,0,0,,0,1.0,grosses,0.0,9200.0,9200.0,7286.0,7286.0,622380.0,632879.132,455211.0,465710.132
City Vineyard (Pier 26),2025,2025-06-30,0,0,1,,0,1.0,grosses,0.0,9200.0,9200.0,7286.0,7286.0,631580.0,642079.132,462497.0,472996.132
City Vineyard (Pier 26),2025,2025-07-01,0,1,1,,0,1.0,grosses,0.0,4600.0,4600.0,2686.0,2686.0,636180.0,646679.132,465183.0,475682.132
City Vineyard (Pier 26),2025,2025-07-02,0,0,1,,0,1.0,grosses,0.0,9200.0,9200.0,7286.0,7286.0,645380.0,655879.132,472469.0,482968.132
City Vineyard (Pier 26),2025,2025-07-03,1,0,1,,0,1.0,grosses,0.0,15640.0,15640.0,11143.0,11143.0,661020.0,671519.132,483612.0,494111.132
City Vineyard (Pier 26),2025,2025-07-04,1,0,0,,0,1.0,grosses,0.0,15640.0,15640.0,11143.0,11143.0,676660.0,687159.132,494755.0,505254.132
City Vineyard (Pier 26),2025,2025-07-05,1,0,0,0.495,1,1.0,grosses,0.0,15640.0,7624.527369999999,11143.0,3127.527369999999,692300.0,694783.65937,505898.0,508381.65937
City Vineyard (Pier 26),2025,2025-07-06,0,0,0,,0,1.0,grosses,0.0,9200.0,9200.0,7286.0,7286.0,701500.0,703983.65937,513184.0,515667.65937
City Vineyard (Pier 26),2025,2025-07-07,0,0,1,,0,1.0,grosses,0.0,9200.0,9200.0,7286.0,7286.0,710700.0,713183.65937,520470.0,522953.65937
City Vineyard (Pier 26),2025,2025-07-08,0,1,1,,0,1.0,grosses,0.0,4600.0,4600.0,2686.0,2686.0,715300.0,717783.65937,523156.0,525639.65937
City Vineyard (Pier 26),2025,2025-07-09,0,1,1,,0,1.0,grosses,0.0,4600.0,4600.0,2686.0,2686.0,719900.0,722383.65937,525842.0,528325.65937
City Vineyard (Pier 26),2025,2025-07-10,0,0,1,,0,1.0,grosses,0.0,9200.0,9200.0,7286.0,7286.0,729100.0,731583.65937,533128.0,535611.65937
City Vineyard (Pier 26),2025,2025-07-11,1,0,0,,0,1.0,grosses,0.0,15640.0,15640.0,11143.0,11143.0,744740.0,747223.65937,544271.0,546754.65937
City Vineyard (Pier 26),2025,2025-07-12,1,0,0,,0,1.0,grosses,0.0,15640.0,15640.0,11143.0,11143.0,760380.0,762863.65937,555414.0,557897.65937
City Vineyard (Pier 26),2025,2025-07-13,0,0,1,,0,1.0,grosses,0.0,9200.0,9200.0,7286.0,7286.0,769580.0,772063.65937,562700.0,565183.65937
City Vineyard (Pier 26),2025,2025-07-14,0,1,1,,0,1.0,grosses,0.0,4600.0,4600.0,2686.0,2686.0,774180.0,776663.65937,565386.0,567869.65937
City Vineyard (Pier 26),2025,2025-07-15,0,0,0,,0,1.0,grosses,0.0,9200.0,9200.0,7286.0,7286.0,783380.0,785863.65937,572672.0,575155.65937
City Vineyard (Pier 26),2025,2025-07-16,0,0,1,,0,1.0,grosses,0.0,9200.0,9200.0,7286.0,7286.0,792580.0,795063.65937,579958.0,582441.65937
City Vineyard (Pier 26),2025,2025-07-17,0,0,1,,0,1.0,grosses,0.0,9200.0,9200.0,7286.0,7286.0,801780.0,804263.65937,587244.0,589727.65937
City Vineyard (Pier 26),2025,2025-07-18,1,0,0,0.25,1,1.0,grosses,0.0,15640.0,11524.725,11143.0,7027.725,817420.0,815788.38437,598387.0,596755.38437
City Vineyard (Pier 26),2025,2025-07-19,1,0,1,,0,1.0,grosses,0.0,15640.0,15640.0,11143.0,11143.0,833060.0,831428.38437,609530.0,607898.38437
City Vineyard (Pier 26),2025,2025-07-20,0,0,1,,0,1.0,grosses,0.0,9200.0,9200.0,7286.0,7286.0,842260.0,840628.38437,616816.0,615184.38437
City Vineyard (Pier 26),2025,2025-07-21,0,0,0,,0,1.0,grosses,0.0,9200.0,9200.0,7286.0,7286.0,851460.0,849828.38437,624102.0,622470.38437
City Vineyard (Pier 26),2025,2025-07-22,0,0,0,,0,1.0,grosses,0.0,9200.0,9200.0,7286.0,7286.0,860660.0,859028.38437,631388.0,629756.38437
City Vineyard (Pier 26),2025,2025-07-23,0,0,0,,0,1.0,grosses,0.0,9200.0,9200.0,7286.0,7286.0,869860.0,868228.38437,638674.0,637042.38437
City Vineyard (Pier 26),2025,2025-07-24,0,0,0,0.035,0,1.0,grosses,0.0,9200.0,9200.0,7286.0,7286.0,879060.0,877428.38437,645960.0,644328.38437
City Vineyard (Pier 26),2025,2025-07-25,1,0,1,0.64,1,1.0,grosses,0.0,15640.0,21018.15808,11143.0,16521.15808,894700.0,898446.54245,657103.0,660849.54245
City Vineyard (Pier 26),2025,2025-07-26,1,0,0,0.24,1,1.0,grosses,0.0,15640.0,11686.708480000001,11143.0,7189.70848,910340.0,910133.25093,668246.0,668039.25093
City Vineyard (Pier 26),2025,2025-07-27,0,0,1,0.87,0,1.0,grosses,0.0,9200.0,9200.0,7286.0,7286.0,919540.0,919333.25093,675532.0,675325.25093
City Vineyard (Pier 26),2025,2025-07-28,0,0,0,0.1699999999999999,0,1.0,grosses,0.0,9200.0,9200.0,7286.0,7286.0,928740.0,928533.25093,682818.0,682611.2509299999
City Vineyard (Pier 26),2025,2025-07-29,0,0,0,0.045,0,1.0,grosses,0.0,9200.0,9200.0,7286.0,7286.0,937940.0,937733.25093,690104.0,689897.2509299999
City Vineyard (Pier 26),2025,2025-07-30,0,1,1,0.5549999999999999,0,1.0,grosses,0.0,4600.0,4600.0,2686.0,2686.0,942540.0,942333.25093,692790.0,692583.2509299999
City Vineyard (Pier 26),2025,2025-07-31,0,1,1,0.87,0,1.0,grosses,0.0,4600.0,4600.0,2686.0,2686.0,947140.0,946933.25093,695476.0,695269.2509299999
City Vineyard (Pier 26),2025,2025-08-01,1,0,1,0.9,1,1.0,grosses,0.0,15640.0,17105.468,11143.0,12608.467999999999,962780.0,964038.71893,706619.0,707877.7189299999
City Vineyard (Pier 26),2025,2025-08-02,1,0,0,0.035,1,1.0,grosses,0.0,15640.0,15055.62313,11143.0,10558.62313,978420.0,979094.3420599999,717762.0,718436.3420599998
City Vineyard (Pier 26),2025,2025-08-03,0,0,0,0.025,0,1.0,grosses,0.0,9200.0,9200.0,7286.0,7286.0,987620.0,988294.3420599999,725048.0,725722.3420599998
City Vineyard (Pier 26),2025,2025-08-04,0,0,0,0.035,0,1.0,grosses,0.0,9200.0,9200.0,7286.0,7286.0,996820.0,997494.3420599999,732334.0,733008.3420599998
City Vineyard (Pier 26),2025,2025-08-05,0,0,0,0.06,0,1.0,grosses,0.0,9200.0,9200.0,7286.0,7286.0,1006020.0,1006694.3420599999,739620.0,740294.3420599999
City Vineyard (Pier 26),2025,2025-08-06,0,1,1,0.09,0,1.0,grosses,0.0,4600.0,4600.0,2686.0,2686.0,1010620.0,1011294.3420599999,742306.0,742980.3420599999
City Vineyard (Pier 26),2025,2025-08-07,0,0,1,0.045,0,1.0,grosses,0.0,9200.0,9200.0,7286.0,7286.0,1019820.0,1020494.3420599999,749592.0,750266.3420599999
City Vineyard (Pier 26),2025,2025-08-08,1,0,0,0.04,1,1.0,grosses,0.0,15640.0,14972.35968,11143.0,10475.35968,1035460.0,1035466.7017399999,760735.0,760741.7017399999
City Vineyard (Pier 26),2025,2025-08-09,1,0,0,0.04,1,1.0,grosses,0.0,15640.0,14972.35968,11143.0,10475.35968,1051100.0,1050439.06142,771878.0,771217.0614199999
City Vineyard (Pier 26),2025,2025-08-10,0,0,0,0.035,0,1.0,grosses,0.0,9200.0,9200.0,7286.0,7286.0,1060300.0,1059639.06142,779164.0,778503.0614199999
City Vineyard (Pier 26),2025,2025-08-11,0,0,0,0.03,0,1.0,grosses,0.0,9200.0,9200.0,7286.0,7286.0,1069500.0,1068839.06142,786450.0,785789.0614199999
City Vineyard (Pier 26),2025,2025-08-12,0,0,0,0.1,0,1.0,grosses,0.0,9200.0,9200.0,7286.0,7286.0,1078700.0,1078039.06142,793736.0,793075.0614199999
City Vineyard (Pier 26),2025,2025-08-13,0,1,1,0.6,0,1.0,grosses,0.0,4600.0,4600.0,2686.0,2686.0,1083300.0,1082639.0614200002,796422.0,795761.0614199999
City Vineyard (Pier 26),2025,2025-08-14,0,0,0,0.5700000000000001,0,1.0,grosses,0.0,9200.0,9200.0,7286.0,7286.0,1092500.0,1091839.0614200002,803708.0,803047.0614199999
City Vineyard (Pier 26),2025,2025-08-15,1,0,0,0.25,1,1.0,grosses,0.0,15640.0,11524.725,11143.0,7027.725,1108140.0,1103363.7864200003,814851.0,810074.7864199999
City Vineyard (Pier 26),2025,2025-08-16,1,0,0,0.12,1,1.0,grosses,0.0,15640.0,13647.58912,11143.0,9150.58912,1123780.0,1117011.3755400002,825994.0,819225.3755399999
City Vineyard (Pier 26),2025,2025-08-17,0,1,1,0.59,0,1.0,grosses,0.0,4600.0,4600.0,2686.0,2686.0,1128380.0,1121611.3755400002,828680.0,821911.3755399999
City Vineyard (Pier 26),2025,2025-08-18,0,0,0,0.46,0,1.0,grosses,0.0,9200.0,9200.0,7286.0,7286.0,1137580.0,1130811.3755400002,835966.0,829197.3755399999
City Vineyard (Pier 26),2025,2025-08-19,0,0,0,0.09,0,1.0,grosses,0.0,9200.0,9200.0,7286.0,7286.0,1146780.0,1140011.3755400002,843252.0,836483.3755399999
City Vineyard (Pier 26),2025,2025-08-20,0,1,1,0.91,0,1.0,grosses,0.0,4600.0,4600.0,2686.0,2686.0,1151380.0,1144611.3755400002,845938.0,839169.3755399999
City Vineyard (Pier 26),2025,2025-08-21,0,0,1,0.86,0,1.0,grosses,0.0,9200.0,9200.0,7286.0,7286.0,1160580.0,1153811.37554,853224.0,846455.3755399999
City Vineyard (Pier 26),2025,2025-08-22,1,0,0,0.03,1,1.0,grosses,0.0,15640.0,15138.94132,11143.0,10641.94132,1176220.0,1168950.31686,864367.0,857097.3168599999
City Vineyard (Pier 26),2025,2025-08-23,1,0,0,0.035,1,1.0,grosses,0.0,15640.0,15055.62313,11143.0,10558.62313,1191860.0,1184005.9399899999,875510.0,867655.9399899999
City Vineyard (Pier 26),2025,2025-08-24,0,0,0,0.34,0,1.0,grosses,0.0,9200.0,9200.0,7286.0,7286.0,1201060.0,1193205.9399899999,882796.0,874941.9399899999
City Vineyard (Pier 26),2025,2025-08-25,0,0,0,0.4,0,1.0,grosses,0.0,9200.0,9200.0,7286.0,7286.0,1210260.0,1202405.9399899999,890082.0,882227.9399899999
City Vineyard (Pier 26),2025,2025-08-26,0,0,0,0.035,0,1.0,grosses,0.0,9200.0,9200.0,7286.0,7286.0,1219460.0,1211605.9399899999,897368.0,889513.9399899999
City Vineyard (Pier 26),2025,2025-08-27,0,0,0,0.035,0,1.0,grosses,0.0,9200.0,9200.0,7286.0,7286.0,1228660.0,1220805.9399899999,904654.0,896799.9399899999
City Vineyard (Pier 26),2025,2025-08-28,0,0,0,0.5,0,1.0,grosses,0.0,9200.0,9200.0,7286.0,7286.0,1237860.0,1230005.9399899999,911940.0,904085.9399899999
City Vineyard (Pier 26),2025,2025-08-29,1,0,0,,0,1.0,grosses,0.0,15640.0,15640.0,11143.0,11143.0,1253500.0,1245645.9399899999,923083.0,915228.93999
City Vineyard (Pier 26),2025,2025-08-30,1,0,0,,0,1.0,grosses,0.0,15640.0,15640.0,11143.0,11143.0,1269140.0,1261285.9399899999,934226.0,926371.93999
City Vineyard (Pier 26),2025,2025-08-31,1,0,0,,0,1.0,grosses,0.0,15640.0,15640.0,11143.0,11143.0,1284780.0,1276925.9399899999,945369.0,937514.93999
City Vineyard (Pier 26),2025,2025-09-01,1,0,0,,0,1.0,grosses,0.0,15640.0,15640.0,11143.0,11143.0,1300420.0,1292565.9399899999,956512.0,948657.93999
City Vineyard (Pier 26),2025,2025-09-02,0,0,0,0.375,0,1.0,grosses,0.0,9200.0,9200.0,7286.0,7286.0,1309620.0,1301765.9399899999,963798.0,955943.93999
City Vineyard (Pier 26),2025,2025-09-03,0,0,0,,0,1.0,grosses,0.0,9200.0,9200.0,7286.0,7286.0,1318820.0,1310965.9399899999,971084.0,963229.93999
City Vineyard (Pier 26),2025,2025-09-04,0,1,1,0.65,0,1.0,grosses,0.0,4600.0,4600.0,2686.0,2686.0,1323420.0,1315565.9399899999,973770.0,965915.93999
City Vineyard (Pier 26),2025,2025-09-05,1,0,1,0.7,1,1.0,grosses,0.0,15640.0,20102.092,11143.0,15605.092,1339060.0,1335668.0319899998,984913.0,981521.0319899999
City Vineyard (Pier 26),2025,2025-09-06,1,1,1,0.89,1,1.0,grosses,0.0,7820.0,9433.219079999999,3323.0,4936.21908,1346880.0,1345101.25107,988236.0,986457.25107
City Vineyard (Pier 26),2025,2025-09-07,0,0,1,0.88,0,1.0,grosses,0.0,9200.0,9200.0,7286.0,7286.0,1356080.0,1354301.25107,995522.0,993743.25107
City Vineyard (Pier 26),2025,2025-09-08,0,0,0,0.03,0,1.0,grosses,0.0,9200.0,9200.0,7286.0,7286.0,1365280.0,1363501.25107,1002808.0,1001029.25107
City Vineyard (Pier 26),2025,2025-09-09,0,0,0,0.08,0,1.0,grosses,0.0,9200.0,9200.0,7286.0,7286.0,1374480.0,1372701.25107,1010094.0,1008315.25107
City Vineyard (Pier 26),2025,2025-09-10,0,0,1,0.75,0,1.0,grosses,0.0,9200.0,9200.0,7286.0,7286.0,1383680.0,1381901.25107,1017380.0,1015601.25107
City Vineyard (Pier 26),2025,2025-09-11,0,0,0,0.04,0,1.0,grosses,0.0,9200.0,9200.0,7286.0,7286.0,1392880.0,1391101.25107,1024666.0,1022887.25107
City Vineyard (Pier 26),2025,2025-09-12,1,0,0,0.15,1,1.0,grosses,0.0,15640.0,13154.413,11143.0,8657.413,1408520.0,1404255.66407,1035809.0,1031544.6640699999
City Vineyard (Pier 26),2025,2025-09-13,1,0,0,0.1,1,1.0,grosses,0.0,15640.0,13977.468,11143.0,9480.468,1424160.0,1418233.1320699998,1046952.0,1041025.1320699999
City Vineyard (Pier 26),2025,2025-09-14,0,0,0,0.44,0,1.0,grosses,0.0,9200.0,9200.0,7286.0,7286.0,1433360.0,1427433.13207,1054238.0,1048311.13207
City Vineyard (Pier 26),2025,2025-09-15,0,0,0,0.22,0,1.0,grosses,0.0,9200.0,9200.0,7286.0,7286.0,1442560.0,1436633.13207,1061524.0,1055597.13207
City Vineyard (Pier 26),2025,2025-09-16,0,0,0,0.37,0,1.0,grosses,0.0,9200.0,9200.0,7286.0,7286.0,1451760.0,1445833.13207,1068810.0,1062883.13207
City Vineyard (Pier 26),2025,2025-09-17,0,0,1,0.91,0,1.0,grosses,0.0,9200.0,9200.0,7286.0,7286.0,1460960.0,1455033.13207,1076096.0,1070169.13207
City Vineyard (Pier 26),2025,2025-09-18,0,0,1,0.66,0,1.0,grosses,0.0,9200.0,9200.0,7286.0,7286.0,1470160.0,1464233.13207,1083382.0,1077455.13207
City Vineyard (Pier 26),2025,2025-09-19,1,0,0,0.035,1,1.0,grosses,0.0,15640.0,15055.62313,11143.0,10558.62313,1485800.0,1479288.7552,1094525.0,1088013.7552
City Vineyard (Pier 26),2025,2025-09-20,1,0,0,0.035,1,1.0,grosses,0.0,15640.0,15055.62313,11143.0,10558.62313,1501440.0,1494344.37833,1105668.0,1098572.37833
City Vineyard (Pier 26),2025,2025-09-21,0,0,0,0.045,0,1.0,grosses,0.0,9200.0,9200.0,7286.0,7286.0,1510640.0,1503544.37833,1112954.0,1105858.37833
City Vineyard (Pier 26),2025,2025-09-22,0,0,0,0.0699999999999999,0,1.0,grosses,0.0,9200.0,9200.0,7286.0,7286.0,1519840.0,1512744.37833,1120240.0,1113144.37833
City Vineyard (Pier 26),2025,2025-09-24,0,1,1,0.78,0,1.0,grosses,0.0,4600.0,4600.0,2686.0,2686.0,1524440.0,1517344.37833,1122926.0,1115830.37833
City Vineyard (Pier 26),2025,2025-09-25,0,0,1,0.95,0,1.0,grosses,0.0,9200.0,9200.0,7286.0,7286.0,1533640.0,1526544.37833,1130212.0,1123116.37833
City Vineyard (Pier 26),2025,2025-09-26,1,0,0,0.39,1,1.0,grosses,0.0,15640.0,9279.947079999998,11143.0,4782.947079999999,1549280.0,1535824.32541,1141355.0,1127899.32541
City Vineyard (Pier 26),2025,2025-09-27,1,0,1,0.4,1,1.0,grosses,0.0,15640.0,24761.248,11143.0,20264.248,1564920.0,1560585.57341,1152498.0,1148163.57341
City Vineyard (Pier 26),2025,2025-09-28,0,0,1,0.8400000000000001,0,1.0,grosses,0.0,9200.0,9200.0,7286.0,7286.0,1574120.0,1569785.57341,1159784.0,1155449.57341
City Vineyard (Pier 26),2025,2025-09-29,0,0,0,0.035,0,1.0,grosses,0.0,9200.0,9200.0,7286.0,7286.0,1583320.0,1578985.57341,1167070.0,1162735.57341
City Vineyard (Pier 26),2025,2025-09-30,1,0,0,0.04,1,1.0,grosses,0.0,15640.0,14972.35968,11143.0,10475.35968,1598960.0,1593957.93309,1178213.0,1173210.93309
Bar 13,2026,2026-05-01,1,0,1,0.04,0,1.0,grosses,0.5,9164.0,9164.0,6392.0,6392.0,9164.0,9164.0,6392.0,6392.0
Bar 13,2026,2026-05-02,1,0,1,0.33,0,1.0,grosses,0.5,9164.0,9164.0,6392.0,6392.0,18328.0,18328.0,12784.0,12784.0
Bar 13,2026,2026-05-03,0,0,0,0.02,0,1.0,grosses,0.5,3881.0,3881.0,2562.0,2562.0,22209.0,22209.0,15346.0,15346.0
Bar 13,2026,2026-05-04,0,0,0,0.01,0,1.0,grosses,0.5,3881.0,3881.0,2562.0,2562.0,26090.0,26090.0,17908.0,17908.0
Bar 13,2026,2026-05-05,0,0,0,0.19,0,1.0,grosses,0.5,3881.0,3881.0,2562.0,2562.0,29971.0,29971.0,20470.0,20470.0
Bar 13,2026,2026-05-06,0,1,1,0.99,0,1.0,grosses,0.5,1940.5,1940.5,621.5,621.5,31911.5,31911.5,21091.5,21091.5
Bar 13,2026,2026-05-07,0,0,1,0.05,0,1.0,grosses,0.5,3881.0,3881.0,2562.0,2562.0,35792.5,35792.5,23653.5,23653.5
Bar 13,2026,2026-05-08,1,0,1,0.64,1,1.0,grosses,0.5,9164.0,12315.243008,6392.0,9543.243008,44956.5,48107.743008,30045.5,33196.743008
Bar 13,2026,2026-05-09,1,1,1,0.89,1,1.0,grosses,0.5,4582.0,5527.239108,1810.0,2755.2391079999998,49538.5,53634.982116,31855.5,35951.982116
Bar 13,2026,2026-05-10,0,0,1,0.87,0,1.0,grosses,0.5,3881.0,3881.0,2562.0,2562.0,53419.5,57515.982116,34417.5,38513.982116
Bar 13,2026,2026-05-11,0,0,0,0.46,0,1.0,grosses,0.5,3881.0,3881.0,2562.0,2562.0,57300.5,61396.982116,36979.5,41075.982116
Bar 13,2026,2026-05-12,0,0,0,0.01,0,1.0,grosses,0.5,3881.0,3881.0,2562.0,2562.0,61181.5,65277.982116,39541.5,43637.982116
Bar 13,2026,2026-05-13,0,0,1,0.15,0,1.0,grosses,0.5,3881.0,3881.0,2562.0,2562.0,65062.5,69158.982116,42103.5,46199.982116
Bar 13,2026,2026-05-14,0,0,1,0.99,0,1.0,grosses,0.5,3881.0,3881.0,2562.0,2562.0,68943.5,73039.982116,44665.5,48761.982116
Bar 13,2026,2026-05-15,1,0,0,0.5,1,1.0,grosses,0.5,9164.0,4421.63,6392.0,1649.63,78107.5,77461.612116,51057.5,50411.612116
Bar 13,2026,2026-05-16,1,0,0,0.115,0,1.0,grosses,0.5,9164.0,9164.0,6392.0,6392.0,87271.5,86625.612116,57449.5,56803.612116000004
Bar 13,2026,2026-05-17,0,0,0,0.15,0,1.0,grosses,0.5,3881.0,3881.0,2562.0,2562.0,91152.5,90506.612116,60011.5,59365.612116000004
Bar 13,2026,2026-05-18,0,0,0,0.03,0,1.0,grosses,0.5,3881.0,3881.0,2562.0,2562.0,95033.5,94387.612116,62573.5,61927.612116000004
Bar 13,2026,2026-05-19,0,0,0,0.445,0,1.0,grosses,0.5,3881.0,3881.0,2562.0,2562.0,98914.5,98268.612116,65135.5,64489.612116000004
Bar 13,2026,2026-05-20,0,1,1,0.8,0,1.0,grosses,0.5,1940.5,1940.5,621.5,621.5,100855.0,100209.112116,65757.0,65111.112116000004
Bar 13,2026,2026-05-21,0,0,1,0.9,0,1.0,grosses,0.5,3881.0,3881.0,2562.0,2562.0,104736.0,104090.112116,68319.0,67673.112116
Bar 13,2026,2026-05-22,1,0,0,0.14,0,1.0,grosses,0.5,9164.0,9164.0,6392.0,6392.0,113900.0,113254.112116,74711.0,74065.112116
Bar 13,2026,2026-05-23,1,1,1,0.99,1,1.0,grosses,0.5,4582.0,4667.289348,1810.0,1895.289348,118482.0,117921.40146400001,76521.0,75960.40146400001
Bar 13,2026,2026-05-24,1,0,1,0.99,1,1.0,grosses,0.5,9164.0,9249.289348,6392.0,6477.289348,127646.0,127170.69081200002,82913.0,82437.690812
Bar 13,2026,2026-05-25,1,0,1,0.87,1,1.0,grosses,0.5,9164.0,10282.768612,6392.0,7510.768612,136810.0,137453.459424,89305.0,89948.459424
Bar 13,2026,2026-05-26,0,0,0,0.03,0,1.0,grosses,0.5,3881.0,3881.0,2562.0,2562.0,140691.0,141334.459424,91867.0,92510.459424
Bar 13,2026,2026-05-27,0,0,1,0.1,0,1.0,grosses,0.5,3881.0,3881.0,2562.0,2562.0,144572.0,145215.459424,94429.0,95072.459424
Bar 13,2026,2026-05-28,0,0,0,0.04,0,1.0,grosses,0.5,3881.0,3881.0,2562.0,2562.0,148453.0,149096.459424,96991.0,97634.459424
Bar 13,2026,2026-05-29,1,0,0,0.1,0,1.0,grosses,0.5,9164.0,9164.0,6392.0,6392.0,157617.0,158260.459424,103383.0,104026.459424
Bar 13,2026,2026-05-30,1,0,1,0.445,0,1.0,grosses,0.5,9164.0,9164.0,6392.0,6392.0,166781.0,167424.459424,109775.0,110418.459424
Bar 13,2026,2026-05-31,0,0,0,0.445,0,1.0,grosses,0.5,3881.0,3881.0,2562.0,2562.0,170662.0,171305.459424,112337.0,112980.459424
Bar 13,2026,2026-06-01,0,0,1,0.475,0,1.0,grosses,0.5,3881.0,3881.0,2562.0,2562.0,174543.0,175186.459424,114899.0,115542.459424
Bar 13,2026,2026-06-02,0,0,0,0.45,0,1.0,grosses,0.5,3881.0,3881.0,2562.0,2562.0,178424.0,179067.459424,117461.0,118104.459424
Bar 13,2026,2026-06-03,0,0,0,0.04,0,1.0,grosses,0.5,3881.0,3881.0,2562.0,2562.0,182305.0,182948.459424,120023.0,120666.459424
Bar 13,2026,2026-06-04,0,0,0,0.115,0,1.0,grosses,0.5,3881.0,3881.0,2562.0,2562.0,186186.0,186829.459424,122585.0,123228.459424
Bar 13,2026,2026-06-05,1,0,0,0.38,0,1.0,grosses,0.5,9164.0,9164.0,6392.0,6392.0,195350.0,195993.459424,128977.0,129620.459424
Bar 13,2026,2026-06-06,1,1,1,0.445,0,1.0,grosses,0.5,4582.0,4582.0,1810.0,1810.0,199932.0,200575.459424,130787.0,131430.459424
Bar 13,2026,2026-06-07,0,0,1,0.16,0,1.0,grosses,0.5,3881.0,3881.0,2562.0,2562.0,203813.0,204456.459424,133349.0,133992.459424
Bar 13,2026,2026-06-08,0,0,0,0.01,0,1.0,grosses,0.5,3881.0,3881.0,2562.0,2562.0,207694.0,208337.459424,135911.0,136554.459424
Bar 13,2026,2026-06-09,0,0,0,0.445,0,1.0,grosses,0.5,3881.0,3881.0,2562.0,2562.0,211575.0,212218.459424,138473.0,139116.459424
Bar 13,2026,2026-06-10,0,0,1,0.19,0,1.0,grosses,0.5,3881.0,3881.0,2562.0,2562.0,215456.0,216099.459424,141035.0,141678.459424
Bar 13,2026,2026-06-11,0,1,1,0.9,0,1.0,grosses,0.5,1940.5,1940.5,621.5,621.5,217396.5,218039.959424,141656.5,142299.959424
Bar 13,2026,2026-06-12,1,1,1,0.32,0,1.0,grosses,0.5,4582.0,4582.0,1810.0,1810.0,221978.5,222621.959424,143466.5,144109.959424
Bar 13,2026,2026-06-13,1,0,0,0.4599999999999999,0,1.0,grosses,0.5,9164.0,9164.0,6392.0,6392.0,231142.5,231785.959424,149858.5,150501.959424
Bar 13,2026,2026-06-14,0,1,1,0.84,0,1.0,grosses,0.5,1940.5,1940.5,621.5,621.5,233083.0,233726.459424,150480.0,151123.459424
Bar 13,2026,2026-06-15,0,0,1,0.32,0,1.0,grosses,0.5,3881.0,3881.0,2562.0,2562.0,236964.0,237607.459424,153042.0,153685.459424
Bar 13,2026,2026-06-16,0,0,0,0.16,0,1.0,grosses,0.5,3881.0,3881.0,2562.0,2562.0,240845.0,241488.459424,155604.0,156247.459424
Bar 13,2026,2026-06-17,0,0,1,0.59,0,1.0,grosses,0.5,3881.0,3881.0,2562.0,2562.0,244726.0,245369.459424,158166.0,158809.459424
Bar 13,2026,2026-06-18,0,0,1,0.86,0,1.0,grosses,0.5,3881.0,3881.0,2562.0,2562.0,248607.0,249250.459424,160728.0,161371.459424
Bar 13,2026,2026-06-19,1,0,0,0.19,0,1.0,grosses,0.5,9164.0,9164.0,6392.0,6392.0,257771.0,258414.459424,167120.0,167763.459424
Bar 13,2026,2026-06-20,1,0,0,0.39,0,1.0,grosses,0.5,9164.0,9164.0,6392.0,6392.0,266935.0,267578.459424,173512.0,174155.459424
Bar 13,2026,2026-06-21,0,0,0,0.58,0,1.0,grosses,0.5,3881.0,3881.0,2562.0,2562.0,270816.0,271459.459424,176074.0,176717.459424
Bar 13,2026,2026-06-22,0,1,1,0.87,0,1.0,grosses,0.5,1940.5,1940.5,621.5,621.5,272756.5,273399.959424,176695.5,177338.959424
Bar 13,2026,2026-06-23,0,0,1,0.95,0,1.0,grosses,0.5,3881.0,3881.0,2562.0,2562.0,276637.5,277280.959424,179257.5,179900.959424
Bar 13,2026,2026-06-24,0,0,0,0.04,0,1.0,grosses,0.5,3881.0,3881.0,2562.0,2562.0,280518.5,281161.959424,181819.5,182462.959424
Bar 13,2026,2026-06-25,0,0,0,0.85,0,1.0,grosses,0.5,3881.0,3881.0,2562.0,2562.0,284399.5,285042.959424,184381.5,185024.959424
Bar 13,2026,2026-06-26,1,0,1,0.86,1,1.0,grosses,0.5,9164.0,10369.725808,6392.0,7597.725808,293563.5,295412.685232,190773.5,192622.685232
Bar 13,2026,2026-06-27,1,0,1,0.85,1,1.0,grosses,0.5,9164.0,10456.8113,6392.0,7684.8113,302727.5,305869.496532,197165.5,200307.496532
Bar 13,2026,2026-06-28,0,0,0,0.85,0,1.0,grosses,0.5,3881.0,3881.0,2562.0,2562.0,306608.5,309750.496532,199727.5,202869.496532
Bar 13,2026,2026-06-29,0,0,0,0.14,0,1.0,grosses,0.5,3881.0,3881.0,2562.0,2562.0,310489.5,313631.496532,202289.5,205431.496532
Bar 13,2026,2026-06-30,0,0,1,0.15,0,1.0,grosses,0.5,3881.0,3881.0,2562.0,2562.0,314370.5,317512.496532,204851.5,207993.496532
Bar 13,2026,2026-07-01,0,0,0,0.08,0,1.0,grosses,0.5,3881.0,3881.0,2562.0,2562.0,318251.5,321393.496532,207413.5,210555.496532
Bar 13,2026,2026-07-02,0,0,0,0.26,0,1.0,grosses,0.5,3881.0,3881.0,2562.0,2562.0,322132.5,325274.496532,209975.5,213117.496532
Bar 13,2026,2026-07-03,1,1,1,0.86,1,1.0,grosses,0.5,4582.0,5787.725808,1810.0,3015.725808,326714.5,331062.22234,211785.5,216133.22234
Bar 13,2026,2026-07-04,1,1,1,0.86,1,1.0,grosses,0.5,4582.0,5787.725808,1810.0,3015.725808,331296.5,336849.948148,213595.5,219148.948148
Bar 13,2026,2026-07-05,0,1,1,0.86,0,1.0,grosses,0.5,1940.5,1940.5,621.5,621.5,333237.0,338790.448148,214217.0,219770.448148
Bar 13,2026,2026-07-06,0,1,1,0.99,0,1.0,grosses,0.5,1940.5,1940.5,621.5,621.5,335177.5,340730.948148,214838.5,220391.948148
Bar 13,2026,2026-07-07,0,0,1,0.95,0,1.0,grosses,0.5,3881.0,3881.0,2562.0,2562.0,339058.5,344611.948148,217400.5,222953.948148
Bar 13,2026,2026-07-08,0,0,0,0.12,0,1.0,grosses,0.5,3881.0,3881.0,2562.0,2562.0,342939.5,348492.948148,219962.5,225515.948148
Bar 13,2026,2026-07-09,0,0,1,0.85,0,1.0,grosses,0.5,3881.0,3881.0,2562.0,2562.0,346820.5,352373.948148,222524.5,228077.948148
Bar 13,2026,2026-07-10,1,0,0,0.86,1,1.0,grosses,0.5,9164.0,1205.7258080000001,6392.0,-1566.2741919999999,355984.5,353579.673956,228916.5,226511.67395599998
Bar 13,2026,2026-07-11,1,0,1,0.83,1,1.0,grosses,0.5,9164.0,10631.367172,6392.0,7859.367172,365148.5,364211.041128,235308.5,234371.041128
Bar 13,2026,2026-07-12,0,0,0,0.1,0,1.0,grosses,0.5,3881.0,3881.0,2562.0,2562.0,369029.5,368092.041128,237870.5,236933.041128
Bar 13,2026,2026-07-13,0,0,0,0.075,0,1.0,grosses,0.5,3881.0,3881.0,2562.0,2562.0,372910.5,371973.041128,240432.5,239495.041128
Bar 13,2026,2026-07-14,0,0,0,0.01,0,1.0,grosses,0.5,3881.0,3881.0,2562.0,2562.0,376791.5,375854.041128,242994.5,242057.041128
Bar 13,2026,2026-07-15,0,0,1,,0,1.0,grosses,0.5,3881.0,3881.0,2562.0,2562.0,380672.5,379735.041128,245556.5,244619.041128
Bar 13,2026,2026-07-15,0,0,1,0.465,0,1.0,grosses,0.5,3881.0,3881.0,2562.0,2562.0,384553.5,383616.041128,248118.5,247181.041128
Bar 13,2026,2026-07-17,1,0,0,,0,1.0,grosses,0.5,9164.0,9164.0,6392.0,6392.0,393717.5,392780.041128,254510.5,253573.041128
Bar 13,2026,2026-07-22,0,0,0,,0,1.0,grosses,0.5,3881.0,3881.0,2562.0,2562.0,397598.5,396661.041128,257072.5,256135.041128
Bar 13,2026,2026-07-23,0,0,0,0.22,0,1.0,grosses,0.5,3881.0,3881.0,2562.0,2562.0,401479.5,400542.041128,259634.5,258697.041128
Bar 13,2026,2026-07-24,1,0,0,0.43,0,1.0,grosses,0.5,9164.0,9164.0,6392.0,6392.0,410643.5,409706.041128,266026.5,265089.041128
Bar 13,2026,2026-07-25,1,0,0,0.12,0,1.0,grosses,0.5,9164.0,9164.0,6392.0,6392.0,419807.5,418870.041128,272418.5,271481.041128
Bar 13,2026,2026-07-26,0,0,0,0.425,0,1.0,grosses,0.5,3881.0,3881.0,2562.0,2562.0,423688.5,422751.041128,274980.5,274043.041128
Bar 13,2026,2026-07-27,0,1,1,0.87,0,1.0,grosses,0.5,1940.5,1940.5,621.5,621.5,425629.0,424691.541128,275602.0,274664.541128
Bar 13,2026,2026-07-28,0,1,1,0.92,0,1.0,grosses,0.5,1940.5,1940.5,621.5,621.5,427569.5,426632.041128,276223.5,275286.041128
Bar 13,2026,2026-07-29,0,0,1,0.81,0,1.0,grosses,0.5,3881.0,3881.0,2562.0,2562.0,431450.5,430513.041128,278785.5,277848.041128
Bar 13,2026,2026-07-30,0,0,1,0.3,0,1.0,grosses,0.5,3881.0,3881.0,2562.0,2562.0,435331.5,434394.041128,281347.5,280410.041128
Bar 13,2026,2026-07-31,1,0,1,0.02,0,1.0,grosses,0.5,9164.0,9164.0,6392.0,6392.0,444495.5,443558.041128,287739.5,286802.041128
Bar 13,2026,2026-08-01,1,0,0,0.21,0,1.0,grosses,0.5,9164.0,9164.0,6392.0,6392.0,453659.5,452722.041128,294131.5,293194.041128
Bar 13,2026,2026-08-02,0,1,1,0.73,0,1.0,grosses,0.5,1940.5,1940.5,621.5,621.5,455600.0,454662.541128,294753.0,293815.541128
Bar 13,2026,2026-08-03,0,0,1,0.96,0,1.0,grosses,0.5,3881.0,3881.0,2562.0,2562.0,459481.0,458543.541128,297315.0,296377.541128
Bar 13,2026,2026-08-04,0,0,0,0.06,0,1.0,grosses,0.5,3881.0,3881.0,2562.0,2562.0,463362.0,462424.541128,299877.0,298939.541128
Bar 13,2026,2026-08-05,0,1,1,0.52,0,1.0,grosses,0.5,1940.5,1940.5,621.5,621.5,465302.5,464365.041128,300498.5,299561.041128
Bar 13,2026,2026-08-06,0,0,1,0.62,0,1.0,grosses,0.5,3881.0,3881.0,2562.0,2562.0,469183.5,468246.041128,303060.5,302123.041128
Bar 13,2026,2026-08-07,1,1,1,0.69,1,1.0,grosses,0.5,4582.0,7285.627428,1810.0,4513.627428,473765.5,475531.668556,304870.5,306636.668556
Bar 13,2026,2026-08-08,1,0,0,0.51,1,1.0,grosses,0.5,9164.0,4330.054148,6392.0,1558.0541480000002,482929.5,479861.72270399996,311262.5,308194.72270399996
Bar 13,2026,2026-08-09,0,0,0,0.09,0,1.0,grosses,0.5,3881.0,3881.0,2562.0,2562.0,486810.5,483742.72270399996,313824.5,310756.72270399996
Bar 13,2026,2026-08-10,0,0,1,0.36,0,1.0,grosses,0.5,3881.0,3881.0,2562.0,2562.0,490691.5,487623.72270399996,316386.5,313318.72270399996
Bar 13,2026,2026-08-11,0,0,0,0.22,0,1.0,grosses,0.5,3881.0,3881.0,2562.0,2562.0,494572.5,491504.72270399996,318948.5,315880.72270399996
Bar 13,2026,2026-08-12,0,0,0,0.53,0,1.0,grosses,0.5,3881.0,3881.0,2562.0,2562.0,498453.5,495385.72270399996,321510.5,318442.72270399996
Bar 13,2026,2026-08-13,0,0,1,0.71,0,1.0,grosses,0.5,3881.0,3881.0,2562.0,2562.0,502334.5,499266.72270399996,324072.5,321004.72270399996
Bar 13,2026,2026-08-14,1,0,0,,0,1.0,grosses,0.5,9164.0,9164.0,6392.0,6392.0,511498.5,508430.72270399996,330464.5,327396.72270399996
Bar 13,2026,2026-08-15,1,0,0,0.44,0,1.0,grosses,0.5,9164.0,9164.0,6392.0,6392.0,520662.5,517594.72270399996,336856.5,333788.72270399996
Bar 13,2026,2026-08-16,0,1,1,,0,1.0,grosses,0.5,1940.5,1940.5,621.5,621.5,522603.0,519535.22270399996,337478.0,334410.22270399996
Bar 13,2026,2026-08-17,0,0,1,0.88,0,1.0,grosses,0.5,3881.0,3881.0,2562.0,2562.0,526484.0,523416.22270399996,340040.0,336972.22270399996
Bar 13,2026,2026-08-18,0,0,1,0.12,0,1.0,grosses,0.5,3881.0,3881.0,2562.0,2562.0,530365.0,527297.222704,342602.0,339534.22270399996
Bar 13,2026,2026-08-19,0,0,0,0.05,0,1.0,grosses,0.5,3881.0,3881.0,2562.0,2562.0,534246.0,531178.222704,345164.0,342096.22270399996
Bar 13,2026,2026-08-20,0,1,1,0.8,0,1.0,grosses,0.5,1940.5,1940.5,621.5,621.5,536186.5,533118.722704,345785.5,342717.72270399996
Bar 13,2026,2026-08-21,1,0,0,0.58,1,1.0,grosses,0.5,9164.0,3692.6154720000004,6392.0,920.6154720000004,545350.5,536811.3381759999,352177.5,343638.33817599993
Bar 13,2026,2026-08-22,1,0,0,0.5,1,1.0,grosses,0.5,9164.0,4421.63,6392.0,1649.63,554514.5,541232.9681759999,358569.5,345287.96817599994
Bar 13,2026,2026-08-23,0,0,1,0.67,0,1.0,grosses,0.5,3881.0,3881.0,2562.0,2562.0,558395.5,545113.9681759999,361131.5,347849.96817599994
Bar 13,2026,2026-08-24,0,0,0,0.25,0,1.0,grosses,0.5,3881.0,3881.0,2562.0,2562.0,562276.5,548994.9681759999,363693.5,350411.968176
Bar 13,2026,2026-08-25,0,0,0,0.15,0,1.0,grosses,0.5,3881.0,3881.0,2562.0,2562.0,566157.5,552875.9681759999,366255.5,352973.968176
Bar 13,2026,2026-08-26,0,0,0,0.12,0,1.0,grosses,0.5,3881.0,3881.0,2562.0,2562.0,570038.5,556756.9681759999,368817.5,355535.968176
Bar 13,2026,2026-08-27,0,0,1,0.79,0,1.0,grosses,0.5,3881.0,3881.0,2562.0,2562.0,573919.5,560637.9681759999,371379.5,358097.968176
Bar 13,2026,2026-08-28,1,0,0,0.71,1,1.0,grosses,0.5,9164.0,2525.479268,6392.0,-246.52073199999995,583083.5,563163.4474439999,377771.5,357851.447444
Bar 13,2026,2026-08-29,1,0,0,0.05,0,1.0,grosses,0.5,9164.0,9164.0,6392.0,6392.0,592247.5,572327.4474439999,384163.5,364243.447444
Bar 13,2026,2026-08-30,0,1,1,0.62,0,1.0,grosses,0.5,1940.5,1940.5,621.5,621.5,594188.0,574267.9474439999,384785.0,364864.947444
Bar 13,2026,2026-08-31,0,0,1,0.55,0,1.0,grosses,0.5,3881.0,3881.0,2562.0,2562.0,598069.0,578148.9474439999,387347.0,367426.947444
Bar 13,2026,2026-09-01,0,1,1,0.75,0,1.0,grosses,0.5,1940.5,1940.5,621.5,621.5,600009.5,580089.4474439999,387968.5,368048.44744400005
Bar 13,2026,2026-09-02,0,0,1,0.62,0,1.0,grosses,0.5,3881.0,3881.0,2562.0,2562.0,603890.5,583970.4474439999,390530.5,370610.44744400005
Bar 13,2026,2026-09-03,0,0,1,0.8,0,1.0,grosses,0.5,3881.0,3881.0,2562.0,2562.0,607771.5,587851.4474439999,393092.5,373172.44744400005
Bar 13,2026,2026-09-04,1,0,1,0.61,1,1.0,grosses,0.5,9164.0,12585.351908,6392.0,9813.351908,616935.5,600436.7993519999,399484.5,382985.79935200006
Bar 13,2026,2026-09-05,1,0,0,0.11,0,1.0,grosses,0.5,9164.0,9164.0,6392.0,6392.0,626099.5,609600.7993519999,405876.5,389377.79935200006
Bar 13,2026,2026-09-06,1,0,0,0.17,0,1.0,grosses,0.5,9164.0,9164.0,6392.0,6392.0,635263.5,618764.7993519999,412268.5,395769.79935200006
Bar 13,2026,2026-09-07,1,0,0,0.04,0,1.0,grosses,0.5,9164.0,9164.0,6392.0,6392.0,644427.5,627928.7993519999,418660.5,402161.79935200006
Bar 13,2026,2026-09-08,0,0,0,0.06,0,1.0,grosses,0.5,3881.0,3881.0,2562.0,2562.0,648308.5,631809.7993519999,421222.5,404723.79935200006
Bar 13,2026,2026-09-09,0,0,0,0.08,0,1.0,grosses,0.5,3881.0,3881.0,2562.0,2562.0,652189.5,635690.799352,423784.5,407285.799352
Bar 13,2026,2026-09-10,0,0,1,0.3,0,1.0,grosses,0.5,3881.0,3881.0,2562.0,2562.0,656070.5,639571.799352,426346.5,409847.799352
Bar 13,2026,2026-09-11,1,0,0,0.0849999999999999,0,1.0,grosses,0.5,9164.0,9164.0,6392.0,6392.0,665234.5,648735.799352,432738.5,416239.799352
Bar 13,2026,2026-09-12,1,0,0,0.27,0,1.0,grosses,0.5,9164.0,9164.0,6392.0,6392.0,674398.5,657899.799352,439130.5,422631.799352
Bar 13,2026,2026-09-13,0,0,1,0.98,0,1.0,grosses,0.5,3881.0,3881.0,2562.0,2562.0,678279.5,661780.799352,441692.5,425193.799352
Bar 13,2026,2026-09-14,0,0,0,0.15,0,1.0,grosses,0.5,3881.0,3881.0,2562.0,2562.0,682160.5,665661.799352,444254.5,427755.799352
Bar 13,2025,2025-05-01,1,0,0,,0,1.0,grosses,0.0,9164.0,9164.0,6392.0,6392.0,9164.0,9164.0,6392.0,6392.0
Bar 13,2025,2025-05-02,1,0,0,,0,1.0,grosses,0.0,9164.0,9164.0,6392.0,6392.0,18328.0,18328.0,12784.0,12784.0
Bar 13,2025,2025-05-03,1,1,1,0.5,1,1.0,grosses,0.0,4582.0,9003.630000000001,1810.0,6231.63,22910.0,27331.63,14594.0,19015.63
Bar 13,2025,2025-05-04,0,1,1,0.55,0,1.0,grosses,0.0,1940.5,1940.5,621.5,621.5,24850.5,29272.13,15215.5,19637.13
Bar 13,2025,2025-05-05,0,1,1,,0,1.0,grosses,0.0,1940.5,1940.5,621.5,621.5,26791.0,31212.63,15837.0,20258.63
Bar 13,2025,2025-05-06,0,0,1,0.8,0,1.0,grosses,0.0,3881.0,3881.0,2562.0,2562.0,30672.0,35093.630000000005,18399.0,22820.63
Bar 13,2025,2025-05-07,0,0,1,,0,1.0,grosses,0.0,3881.0,3881.0,2562.0,2562.0,34553.0,38974.630000000005,20961.0,25382.63
Bar 13,2025,2025-05-08,0,0,1,,0,1.0,grosses,0.0,3881.0,3881.0,2562.0,2562.0,38434.0,42855.630000000005,23523.0,27944.63
Bar 13,2025,2025-05-09,1,0,1,,0,1.0,grosses,0.0,9164.0,9164.0,6392.0,6392.0,47598.0,52019.630000000005,29915.0,34336.630000000005
Bar 13,2025,2025-05-10,1,0,1,,0,1.0,grosses,0.0,9164.0,9164.0,6392.0,6392.0,56762.0,61183.630000000005,36307.0,40728.630000000005
Bar 13,2025,2025-05-11,0,0,0,,0,1.0,grosses,0.0,3881.0,3881.0,2562.0,2562.0,60643.0,65064.630000000005,38869.0,43290.630000000005
Bar 13,2025,2025-05-12,0,0,0,,0,1.0,grosses,0.0,3881.0,3881.0,2562.0,2562.0,64524.0,68945.63,41431.0,45852.630000000005
Bar 13,2025,2025-05-13,0,1,1,,0,1.0,grosses,0.0,1940.5,1940.5,621.5,621.5,66464.5,70886.13,42052.5,46474.130000000005
Bar 13,2025,2025-05-14,0,1,1,,0,1.0,grosses,0.0,1940.5,1940.5,621.5,621.5,68405.0,72826.63,42674.0,47095.630000000005
Bar 13,2025,2025-05-15,0,0,0,,0,1.0,grosses,0.0,3881.0,3881.0,2562.0,2562.0,72286.0,76707.63,45236.0,49657.630000000005
Bar 13,2025,2025-05-16,1,0,1,,0,1.0,grosses,0.0,9164.0,9164.0,6392.0,6392.0,81450.0,85871.63,51628.0,56049.630000000005
Bar 13,2025,2025-05-17,1,0,1,,0,1.0,grosses,0.0,9164.0,9164.0,6392.0,6392.0,90614.0,95035.63,58020.0,62441.630000000005
Bar 13,2025,2025-05-18,0,0,0,,0,1.0,grosses,0.0,3881.0,3881.0,2562.0,2562.0,94495.0,98916.63,60582.0,65003.630000000005
Bar 13,2025,2025-05-19,0,0,0,,0,1.0,grosses,0.0,3881.0,3881.0,2562.0,2562.0,98376.0,102797.63,63144.0,67565.63
Bar 13,2025,2025-05-20,0,0,0,,0,1.0,grosses,0.0,3881.0,3881.0,2562.0,2562.0,102257.0,106678.63,65706.0,70127.63
Bar 13,2025,2025-05-21,0,0,1,,0,1.0,grosses,0.0,3881.0,3881.0,2562.0,2562.0,106138.0,110559.63,68268.0,72689.63
Bar 13,2025,2025-05-22,0,1,1,,0,1.0,grosses,0.0,1940.5,1940.5,621.5,621.5,108078.5,112500.13,68889.5,73311.13
Bar 13,2025,2025-05-23,1,1,1,0.8,1,1.0,grosses,0.0,4582.0,6312.1632,1810.0,3540.1632,112660.5,118812.2932,70699.5,76851.2932
Bar 13,2025,2025-05-24,1,0,1,,0,1.0,grosses,0.0,9164.0,9164.0,6392.0,6392.0,121824.5,127976.2932,77091.5,83243.2932
Bar 13,2025,2025-05-25,1,0,0,,0,1.0,grosses,0.0,9164.0,9164.0,6392.0,6392.0,130988.5,137140.29320000001,83483.5,89635.2932
Bar 13,2025,2025-05-26,1,0,0,,0,1.0,grosses,0.0,9164.0,9164.0,6392.0,6392.0,140152.5,146304.29320000001,89875.5,96027.2932
Bar 13,2025,2025-05-27,0,0,0,,0,1.0,grosses,0.0,3881.0,3881.0,2562.0,2562.0,144033.5,150185.29320000001,92437.5,98589.2932
Bar 13,2025,2025-05-29,0,0,1,,0,1.0,grosses,0.0,3881.0,3881.0,2562.0,2562.0,147914.5,154066.29320000001,94999.5,101151.2932
Bar 13,2025,2025-05-30,1,0,1,,0,1.0,grosses,0.0,9164.0,9164.0,6392.0,6392.0,157078.5,163230.29320000001,101391.5,107543.2932
Bar 13,2025,2025-05-31,1,0,1,,0,1.0,grosses,0.0,9164.0,9164.0,6392.0,6392.0,166242.5,172394.29320000001,107783.5,113935.2932
Bar 13,2025,2025-06-01,0,0,0,,0,1.0,grosses,0.0,3881.0,3881.0,2562.0,2562.0,170123.5,176275.29320000001,110345.5,116497.2932
Bar 13,2025,2025-06-02,0,0,0,,0,1.0,grosses,0.0,3881.0,3881.0,2562.0,2562.0,174004.5,180156.29320000001,112907.5,119059.2932
Bar 13,2025,2025-06-03,0,0,0,,0,1.0,grosses,0.0,3881.0,3881.0,2562.0,2562.0,177885.5,184037.29320000001,115469.5,121621.2932
Bar 13,2025,2025-06-04,0,0,0,0.25,0,1.0,grosses,0.0,3881.0,3881.0,2562.0,2562.0,181766.5,187918.29320000001,118031.5,124183.2932
Bar 13,2025,2025-06-05,0,0,0,,0,1.0,grosses,0.0,3881.0,3881.0,2562.0,2562.0,185647.5,191799.29320000001,120593.5,126745.2932
Bar 13,2025,2025-06-06,1,0,1,,0,1.0,grosses,0.0,9164.0,9164.0,6392.0,6392.0,194811.5,200963.29320000001,126985.5,133137.29320000001
Bar 13,2025,2025-06-07,1,1,1,,0,1.0,grosses,0.0,4582.0,4582.0,1810.0,1810.0,199393.5,205545.29320000001,128795.5,134947.29320000001
Bar 13,2025,2025-06-08,0,0,1,,0,1.0,grosses,0.0,3881.0,3881.0,2562.0,2562.0,203274.5,209426.29320000001,131357.5,137509.29320000001
Bar 13,2025,2025-06-09,0,0,1,,0,1.0,grosses,0.0,3881.0,3881.0,2562.0,2562.0,207155.5,213307.29320000001,133919.5,140071.29320000001
Bar 13,2025,2025-06-10,0,0,1,,0,1.0,grosses,0.0,3881.0,3881.0,2562.0,2562.0,211036.5,217188.29320000001,136481.5,142633.29320000001
Bar 13,2025,2025-06-11,0,0,0,,0,1.0,grosses,0.0,3881.0,3881.0,2562.0,2562.0,214917.5,221069.29320000001,139043.5,145195.29320000001
Bar 13,2025,2025-06-12,0,0,0,,0,1.0,grosses,0.0,3881.0,3881.0,2562.0,2562.0,218798.5,224950.29320000001,141605.5,147757.29320000001
Bar 13,2025,2025-06-13,1,0,0,,0,1.0,grosses,0.0,9164.0,9164.0,6392.0,6392.0,227962.5,234114.29320000001,147997.5,154149.29320000001
Bar 13,2025,2025-06-14,1,0,1,,0,1.0,grosses,0.0,9164.0,9164.0,6392.0,6392.0,237126.5,243278.29320000001,154389.5,160541.29320000001
Bar 13,2025,2025-06-15,0,0,1,,0,1.0,grosses,0.0,3881.0,3881.0,2562.0,2562.0,241007.5,247159.29320000001,156951.5,163103.29320000001
Bar 13,2025,2025-06-16,0,1,1,,0,1.0,grosses,0.0,1940.5,1940.5,621.5,621.5,242948.0,249099.79320000001,157573.0,163724.79320000001
Bar 13,2025,2025-06-17,0,0,1,,0,1.0,grosses,0.0,3881.0,3881.0,2562.0,2562.0,246829.0,252980.79320000001,160135.0,166286.79320000001
Bar 13,2025,2025-06-18,0,0,1,0.55,0,1.0,grosses,0.0,3881.0,3881.0,2562.0,2562.0,250710.0,256861.79320000001,162697.0,168848.79320000001
Bar 13,2025,2025-06-19,0,1,1,,0,1.0,grosses,0.0,1940.5,1940.5,621.5,621.5,252650.5,258802.29320000001,163318.5,169470.29320000001
Bar 13,2025,2025-06-20,1,0,0,,0,1.0,grosses,0.0,9164.0,9164.0,6392.0,6392.0,261814.5,267966.2932,169710.5,175862.29320000001
Bar 13,2025,2025-06-21,1,0,0,,0,1.0,grosses,0.0,9164.0,9164.0,6392.0,6392.0,270978.5,277130.2932,176102.5,182254.29320000001
Bar 13,2025,2025-06-22,0,0,1,,0,1.0,grosses,0.0,3881.0,3881.0,2562.0,2562.0,274859.5,281011.2932,178664.5,184816.29320000001
Bar 13,2025,2025-06-23,0,0,0,,0,1.0,grosses,0.0,3881.0,3881.0,2562.0,2562.0,278740.5,284892.2932,181226.5,187378.29320000001
Bar 13,2025,2025-06-24,0,0,0,,0,1.0,grosses,0.0,3881.0,3881.0,2562.0,2562.0,282621.5,288773.2932,183788.5,189940.29320000001
Bar 13,2025,2025-06-25,0,0,0,,0,1.0,grosses,0.0,3881.0,3881.0,2562.0,2562.0,286502.5,292654.2932,186350.5,192502.29320000001
Bar 13,2025,2025-06-26,0,0,1,,0,1.0,grosses,0.0,3881.0,3881.0,2562.0,2562.0,290383.5,296535.2932,188912.5,195064.29320000001
Bar 13,2025,2025-06-27,1,0,1,,0,1.0,grosses,0.0,9164.0,9164.0,6392.0,6392.0,299547.5,305699.2932,195304.5,201456.29320000001
Bar 13,2025,2025-06-28,1,0,1,,0,1.0,grosses,0.0,9164.0,9164.0,6392.0,6392.0,308711.5,314863.2932,201696.5,207848.29320000001
Bar 13,2025,2025-06-29,0,0,0,,0,1.0,grosses,0.0,3881.0,3881.0,2562.0,2562.0,312592.5,318744.2932,204258.5,210410.29320000001
Bar 13,2025,2025-06-30,0,0,1,,0,1.0,grosses,0.0,3881.0,3881.0,2562.0,2562.0,316473.5,322625.2932,206820.5,212972.29320000001
Bar 13,2025,2025-07-01,0,1,1,,0,1.0,grosses,0.0,1940.5,1940.5,621.5,621.5,318414.0,324565.7932,207442.0,213593.79320000001
Bar 13,2025,2025-07-02,0,0,1,,0,1.0,grosses,0.0,3881.0,3881.0,2562.0,2562.0,322295.0,328446.7932,210004.0,216155.79320000001
Bar 13,2025,2025-07-03,1,0,1,,0,1.0,grosses,0.0,9164.0,9164.0,6392.0,6392.0,331459.0,337610.7932,216396.0,222547.79320000001
Bar 13,2025,2025-07-04,1,0,0,,0,1.0,grosses,0.0,9164.0,9164.0,6392.0,6392.0,340623.0,346774.7932,222788.0,228939.79320000001
Bar 13,2025,2025-07-05,1,0,0,0.495,1,1.0,grosses,0.0,9164.0,4467.466036999999,6392.0,1695.4660369999992,349787.0,351242.259237,229180.0,230635.25923700002
Bar 13,2025,2025-07-06,0,0,0,,0,1.0,grosses,0.0,3881.0,3881.0,2562.0,2562.0,353668.0,355123.259237,231742.0,233197.25923700002
Bar 13,2025,2025-07-07,0,0,1,,0,1.0,grosses,0.0,3881.0,3881.0,2562.0,2562.0,357549.0,359004.259237,234304.0,235759.25923700002
Bar 13,2025,2025-07-08,0,1,1,,0,1.0,grosses,0.0,1940.5,1940.5,621.5,621.5,359489.5,360944.759237,234925.5,236380.75923700002
Bar 13,2025,2025-07-09,0,1,1,,0,1.0,grosses,0.0,1940.5,1940.5,621.5,621.5,361430.0,362885.259237,235547.0,237002.25923700002
Bar 13,2025,2025-07-10,0,0,1,,0,1.0,grosses,0.0,3881.0,3881.0,2562.0,2562.0,365311.0,366766.259237,238109.0,239564.25923700002
Bar 13,2025,2025-07-11,1,0,0,,0,1.0,grosses,0.0,9164.0,9164.0,6392.0,6392.0,374475.0,375930.259237,244501.0,245956.25923700002
Bar 13,2025,2025-07-12,1,0,0,,0,1.0,grosses,0.0,9164.0,9164.0,6392.0,6392.0,383639.0,385094.259237,250893.0,252348.25923700002
Bar 13,2025,2025-07-13,0,0,1,,0,1.0,grosses,0.0,3881.0,3881.0,2562.0,2562.0,387520.0,388975.259237,253455.0,254910.25923700002
Bar 13,2025,2025-07-14,0,1,1,,0,1.0,grosses,0.0,1940.5,1940.5,621.5,621.5,389460.5,390915.759237,254076.5,255531.75923700002
Bar 13,2025,2025-07-15,0,0,0,,0,1.0,grosses,0.0,3881.0,3881.0,2562.0,2562.0,393341.5,394796.759237,256638.5,258093.75923700002
Bar 13,2025,2025-07-16,0,0,1,,0,1.0,grosses,0.0,3881.0,3881.0,2562.0,2562.0,397222.5,398677.759237,259200.5,260655.75923700002
Bar 13,2025,2025-07-17,0,0,1,,0,1.0,grosses,0.0,3881.0,3881.0,2562.0,2562.0,401103.5,402558.759237,261762.5,263217.759237
Bar 13,2025,2025-07-18,1,0,0,0.25,1,1.0,grosses,0.0,9164.0,6752.7225,6392.0,3980.7225,410267.5,409311.481737,268154.5,267198.481737
Bar 13,2025,2025-07-19,1,0,1,,0,1.0,grosses,0.0,9164.0,9164.0,6392.0,6392.0,419431.5,418475.481737,274546.5,273590.481737
Bar 13,2025,2025-07-20,0,0,1,,0,1.0,grosses,0.0,3881.0,3881.0,2562.0,2562.0,423312.5,422356.481737,277108.5,276152.481737
Bar 13,2025,2025-07-21,0,0,0,,0,1.0,grosses,0.0,3881.0,3881.0,2562.0,2562.0,427193.5,426237.481737,279670.5,278714.481737
Bar 13,2025,2025-07-22,0,0,0,,0,1.0,grosses,0.0,3881.0,3881.0,2562.0,2562.0,431074.5,430118.481737,282232.5,281276.481737
Bar 13,2025,2025-07-23,0,0,0,,0,1.0,grosses,0.0,3881.0,3881.0,2562.0,2562.0,434955.5,433999.481737,284794.5,283838.481737
Bar 13,2025,2025-07-24,0,0,0,0.035,0,1.0,grosses,0.0,3881.0,3881.0,2562.0,2562.0,438836.5,437880.481737,287356.5,286400.481737
Bar 13,2025,2025-07-25,1,0,1,0.64,1,1.0,grosses,0.0,9164.0,12315.243008,6392.0,9543.243008,448000.5,450195.724745,293748.5,295943.724745
Bar 13,2025,2025-07-26,1,0,0,0.24,1,1.0,grosses,0.0,9164.0,6847.634048,6392.0,4075.634048,457164.5,457043.358793,300140.5,300019.358793
Bar 13,2025,2025-07-27,0,0,1,0.87,0,1.0,grosses,0.0,3881.0,3881.0,2562.0,2562.0,461045.5,460924.358793,302702.5,302581.358793
Bar 13,2025,2025-07-28,0,0,0,0.1699999999999999,0,1.0,grosses,0.0,3881.0,3881.0,2562.0,2562.0,464926.5,464805.358793,305264.5,305143.358793
Bar 13,2025,2025-07-29,0,0,0,0.045,0,1.0,grosses,0.0,3881.0,3881.0,2562.0,2562.0,468807.5,468686.358793,307826.5,307705.358793
Bar 13,2025,2025-07-30,0,1,1,0.5549999999999999,0,1.0,grosses,0.0,1940.5,1940.5,621.5,621.5,470748.0,470626.858793,308448.0,308326.858793
Bar 13,2025,2025-07-31,0,1,1,0.87,0,1.0,grosses,0.0,1940.5,1940.5,621.5,621.5,472688.5,472567.358793,309069.5,308948.358793
Bar 13,2025,2025-08-01,1,0,1,0.9,1,1.0,grosses,0.0,9164.0,10022.666799999999,6392.0,7250.6668,481852.5,482590.025593,315461.5,316199.025593
Bar 13,2025,2025-08-02,1,0,0,0.035,1,1.0,grosses,0.0,9164.0,8821.594013,6392.0,6049.594013,491016.5,491411.619606,321853.5,322248.619606
Bar 13,2025,2025-08-03,0,0,0,0.025,0,1.0,grosses,0.0,3881.0,3881.0,2562.0,2562.0,494897.5,495292.619606,324415.5,324810.619606
Bar 13,2025,2025-08-04,0,0,0,0.035,0,1.0,grosses,0.0,3881.0,3881.0,2562.0,2562.0,498778.5,499173.619606,326977.5,327372.619606
Bar 13,2025,2025-08-05,0,0,0,0.06,0,1.0,grosses,0.0,3881.0,3881.0,2562.0,2562.0,502659.5,503054.619606,329539.5,329934.619606
Bar 13,2025,2025-08-06,0,1,1,0.09,0,1.0,grosses,0.0,1940.5,1940.5,621.5,621.5,504600.0,504995.119606,330161.0,330556.119606
Bar 13,2025,2025-08-07,0,0,1,0.045,0,1.0,grosses,0.0,3881.0,3881.0,2562.0,2562.0,508481.0,508876.119606,332723.0,333118.119606
Bar 13,2025,2025-08-08,1,0,0,0.04,1,1.0,grosses,0.0,9164.0,8772.807168,6392.0,6000.807168,517645.0,517648.92677400005,339115.0,339118.92677400005
Bar 13,2025,2025-08-09,1,0,0,0.04,1,1.0,grosses,0.0,9164.0,8772.807168,6392.0,6000.807168,526809.0,526421.7339420001,345507.0,345119.7339420001
Bar 13,2025,2025-08-10,0,0,0,0.035,0,1.0,grosses,0.0,3881.0,3881.0,2562.0,2562.0,530690.0,530302.7339420001,348069.0,347681.7339420001
Bar 13,2025,2025-08-11,0,0,0,0.03,0,1.0,grosses,0.0,3881.0,3881.0,2562.0,2562.0,534571.0,534183.7339420001,350631.0,350243.7339420001
Bar 13,2025,2025-08-12,0,0,0,0.1,0,1.0,grosses,0.0,3881.0,3881.0,2562.0,2562.0,538452.0,538064.7339420001,353193.0,352805.7339420001
Bar 13,2025,2025-08-13,0,1,1,0.6,0,1.0,grosses,0.0,1940.5,1940.5,621.5,621.5,540392.5,540005.233942,353814.5,353427.233942
Bar 13,2025,2025-08-14,0,0,0,0.5700000000000001,0,1.0,grosses,0.0,3881.0,3881.0,2562.0,2562.0,544273.5,543886.233942,356376.5,355989.233942
Bar 13,2025,2025-08-15,1,0,0,0.25,1,1.0,grosses,0.0,9164.0,6752.7225,6392.0,3980.7225,553437.5,550638.956442,362768.5,359969.956442
Bar 13,2025,2025-08-16,1,0,0,0.12,1,1.0,grosses,0.0,9164.0,7996.579712,6392.0,5224.579712,562601.5,558635.536154,369160.5,365194.536154
Bar 13,2025,2025-08-17,0,1,1,0.59,0,1.0,grosses,0.0,1940.5,1940.5,621.5,621.5,564542.0,560576.036154,369782.0,365816.036154
Bar 13,2025,2025-08-18,0,0,0,0.46,0,1.0,grosses,0.0,3881.0,3881.0,2562.0,2562.0,568423.0,564457.036154,372344.0,368378.036154
Bar 13,2025,2025-08-19,0,0,0,0.09,0,1.0,grosses,0.0,3881.0,3881.0,2562.0,2562.0,572304.0,568338.036154,374906.0,370940.036154
Bar 13,2025,2025-08-20,0,1,1,0.91,0,1.0,grosses,0.0,1940.5,1940.5,621.5,621.5,574244.5,570278.536154,375527.5,371561.536154
Bar 13,2025,2025-08-21,0,0,1,0.86,0,1.0,grosses,0.0,3881.0,3881.0,2562.0,2562.0,578125.5,574159.5361540001,378089.5,374123.53615400003
Bar 13,2025,2025-08-22,1,0,0,0.03,1,1.0,grosses,0.0,9164.0,8870.412932,6392.0,6098.412932,587289.5,583029.9490860001,384481.5,380221.94908600004
Bar 13,2025,2025-08-23,1,0,0,0.035,1,1.0,grosses,0.0,9164.0,8821.594013,6392.0,6049.594013,596453.5,591851.5430990001,390873.5,386271.54309900006
Bar 13,2025,2025-08-24,0,0,0,0.34,0,1.0,grosses,0.0,3881.0,3881.0,2562.0,2562.0,600334.5,595732.5430990001,393435.5,388833.54309900006
Bar 13,2025,2025-08-25,0,0,0,0.4,0,1.0,grosses,0.0,3881.0,3881.0,2562.0,2562.0,604215.5,599613.5430990001,395997.5,391395.54309900006
Bar 13,2025,2025-08-26,0,0,0,0.035,0,1.0,grosses,0.0,3881.0,3881.0,2562.0,2562.0,608096.5,603494.5430990001,398559.5,393957.54309900006
Bar 13,2025,2025-08-27,0,0,0,0.035,0,1.0,grosses,0.0,3881.0,3881.0,2562.0,2562.0,611977.5,607375.5430990001,401121.5,396519.54309900006
Bar 13,2025,2025-08-28,0,0,0,0.5,0,1.0,grosses,0.0,3881.0,3881.0,2562.0,2562.0,615858.5,611256.5430990001,403683.5,399081.54309900006
Bar 13,2025,2025-08-29,1,0,0,,0,1.0,grosses,0.0,9164.0,9164.0,6392.0,6392.0,625022.5,620420.5430990001,410075.5,405473.543099
Bar 13,2025,2025-08-30,1,0,0,,0,1.0,grosses,0.0,9164.0,9164.0,6392.0,6392.0,634186.5,629584.5430990001,416467.5,411865.543099
Bar 13,2025,2025-08-31,1,0,0,,0,1.0,grosses,0.0,9164.0,9164.0,6392.0,6392.0,643350.5,638748.5430990001,422859.5,418257.543099
Bar 13,2025,2025-09-01,1,0,0,,0,1.0,grosses,0.0,9164.0,9164.0,6392.0,6392.0,652514.5,647912.5430990001,429251.5,424649.543099
Bar 13,2025,2025-09-02,0,0,0,0.375,0,1.0,grosses,0.0,3881.0,3881.0,2562.0,2562.0,656395.5,651793.5430990001,431813.5,427211.543099
Bar 13,2025,2025-09-03,0,0,0,,0,1.0,grosses,0.0,3881.0,3881.0,2562.0,2562.0,660276.5,655674.5430990001,434375.5,429773.543099
Bar 13,2025,2025-09-04,0,1,1,0.65,0,1.0,grosses,0.0,1940.5,1940.5,621.5,621.5,662217.0,657615.0430990001,434997.0,430395.043099
Bar 13,2025,2025-09-05,1,0,1,0.7,1,1.0,grosses,0.0,9164.0,11778.4892,6392.0,9006.4892,671381.0,669393.5322990001,441389.0,439401.532299
Bar 13,2025,2025-09-06,1,1,1,0.89,1,1.0,grosses,0.0,4582.0,5527.239108,1810.0,2755.2391079999998,675963.0,674920.771407,443199.0,442156.771407
Bar 13,2025,2025-09-07,0,0,1,0.88,0,1.0,grosses,0.0,3881.0,3881.0,2562.0,2562.0,679844.0,678801.771407,445761.0,444718.771407
Bar 13,2025,2025-09-08,0,0,0,0.03,0,1.0,grosses,0.0,3881.0,3881.0,2562.0,2562.0,683725.0,682682.771407,448323.0,447280.771407
Bar 13,2025,2025-09-09,0,0,0,0.08,0,1.0,grosses,0.0,3881.0,3881.0,2562.0,2562.0,687606.0,686563.771407,450885.0,449842.771407
Bar 13,2025,2025-09-10,0,0,1,0.75,0,1.0,grosses,0.0,3881.0,3881.0,2562.0,2562.0,691487.0,690444.771407,453447.0,452404.771407
Bar 13,2025,2025-09-11,0,0,0,0.04,0,1.0,grosses,0.0,3881.0,3881.0,2562.0,2562.0,695368.0,694325.771407,456009.0,454966.771407
Bar 13,2025,2025-09-12,1,0,0,0.15,1,1.0,grosses,0.0,9164.0,7707.6113000000005,6392.0,4935.6113000000005,704532.0,702033.382707,462401.0,459902.382707
Bar 13,2025,2025-09-13,1,0,0,0.1,1,1.0,grosses,0.0,9164.0,8189.8668,6392.0,5417.8668,713696.0,710223.249507,468793.0,465320.249507
Bar 13,2025,2025-09-14,0,0,0,0.44,0,1.0,grosses,0.0,3881.0,3881.0,2562.0,2562.0,717577.0,714104.249507,471355.0,467882.24950700003
Bar 13,2025,2025-09-15,0,0,0,0.22,0,1.0,grosses,0.0,3881.0,3881.0,2562.0,2562.0,721458.0,717985.249507,473917.0,470444.24950700003
Bar 13,2025,2025-09-16,0,0,0,0.37,0,1.0,grosses,0.0,3881.0,3881.0,2562.0,2562.0,725339.0,721866.249507,476479.0,473006.24950700003
Bar 13,2025,2025-09-17,0,0,1,0.91,0,1.0,grosses,0.0,3881.0,3881.0,2562.0,2562.0,729220.0,725747.249507,479041.0,475568.24950700003
Bar 13,2025,2025-09-18,0,0,1,0.66,0,1.0,grosses,0.0,3881.0,3881.0,2562.0,2562.0,733101.0,729628.249507,481603.0,478130.24950700003
Bar 13,2025,2025-09-19,1,0,0,0.035,1,1.0,grosses,0.0,9164.0,8821.594013,6392.0,6049.594013,742265.0,738449.8435200001,487995.0,484179.84352
Bar 13,2025,2025-09-20,1,0,0,0.035,1,1.0,grosses,0.0,9164.0,8821.594013,6392.0,6049.594013,751429.0,747271.437533,494387.0,490229.437533
Bar 13,2025,2025-09-21,0,0,0,0.045,0,1.0,grosses,0.0,3881.0,3881.0,2562.0,2562.0,755310.0,751152.437533,496949.0,492791.437533
Bar 13,2025,2025-09-22,0,0,0,0.0699999999999999,0,1.0,grosses,0.0,3881.0,3881.0,2562.0,2562.0,759191.0,755033.437533,499511.0,495353.437533
Bar 13,2025,2025-09-24,0,1,1,0.78,0,1.0,grosses,0.0,1940.5,1940.5,621.5,621.5,761131.5,756973.937533,500132.5,495974.937533
Bar 13,2025,2025-09-25,0,0,1,0.95,0,1.0,grosses,0.0,3881.0,3881.0,2562.0,2562.0,765012.5,760854.937533,502694.5,498536.937533
Bar 13,2025,2025-09-26,1,0,0,0.39,1,1.0,grosses,0.0,9164.0,5437.431908,6392.0,2665.4319079999996,774176.5,766292.369441,509086.5,501202.36944100005
Bar 13,2025,2025-09-27,1,0,1,0.4,1,1.0,grosses,0.0,9164.0,14508.4448,6392.0,11736.4448,783340.5,780800.814241,515478.5,512938.814241
Bar 13,2025,2025-09-28,0,0,1,0.8400000000000001,0,1.0,grosses,0.0,3881.0,3881.0,2562.0,2562.0,787221.5,784681.814241,518040.5,515500.814241
Bar 13,2025,2025-09-29,0,0,0,0.035,0,1.0,grosses,0.0,3881.0,3881.0,2562.0,2562.0,791102.5,788562.814241,520602.5,518062.814241
Bar 13,2025,2025-09-30,1,0,0,0.04,1,1.0,grosses,0.0,9164.0,8772.807168,6392.0,6000.807168,800266.5,797335.621409,526994.5,524063.621409
Watermark (Pier 15),2026,2026-05-01,1,0,1,0.04,0,1.0,grosses,0.5,72450.0,72450.0,58095.0,58095.0,72450.0,72450.0,58095.0,58095.0
Watermark (Pier 15),2026,2026-05-02,1,0,1,0.33,0,1.0,grosses,0.5,72450.0,72450.0,58095.0,58095.0,144900.0,144900.0,116190.0,116190.0
Watermark (Pier 15),2026,2026-05-03,0,0,0,0.02,0,1.0,grosses,0.5,28980.0,28980.0,22262.0,22262.0,173880.0,173880.0,138452.0,138452.0
Watermark (Pier 15),2026,2026-05-04,0,0,0,0.01,0,1.0,grosses,0.5,28980.0,28980.0,22262.0,22262.0,202860.0,202860.0,160714.0,160714.0
Watermark (Pier 15),2026,2026-05-05,0,0,0,0.19,0,1.0,grosses,0.5,28980.0,28980.0,22262.0,22262.0,231840.0,231840.0,182976.0,182976.0
Watermark (Pier 15),2026,2026-05-06,0,1,1,0.99,0,1.0,grosses,0.5,14490.0,14490.0,7772.0,7772.0,246330.0,246330.0,190748.0,190748.0
Watermark (Pier 15),2026,2026-05-07,0,0,1,0.05,0,1.0,grosses,0.5,28980.0,28980.0,22262.0,22262.0,275310.0,275310.0,213010.0,213010.0
Watermark (Pier 15),2026,2026-05-08,1,0,1,0.64,1,1.0,grosses,0.5,72450.0,97363.5264,58095.0,83008.5264,347760.0,372673.5264,271105.0,296018.5264
Watermark (Pier 15),2026,2026-05-09,1,1,1,0.89,1,1.0,grosses,0.5,36225.0,43698.00015,21870.0,29343.00015,383985.0,416371.52654999995,292975.0,325361.52654999995
Watermark (Pier 15),2026,2026-05-10,0,0,1,0.87,0,1.0,grosses,0.5,28980.0,28980.0,22262.0,22262.0,412965.0,445351.52654999995,315237.0,347623.52654999995
Watermark (Pier 15),2026,2026-05-11,0,0,0,0.46,0,1.0,grosses,0.5,28980.0,28980.0,22262.0,22262.0,441945.0,474331.52654999995,337499.0,369885.52654999995
Watermark (Pier 15),2026,2026-05-12,0,0,0,0.01,0,1.0,grosses,0.5,28980.0,28980.0,22262.0,22262.0,470925.0,503311.52654999995,359761.0,392147.52654999995
Watermark (Pier 15),2026,2026-05-13,0,0,1,0.15,0,1.0,grosses,0.5,28980.0,28980.0,22262.0,22262.0,499905.0,532291.52655,382023.0,414409.52654999995
Watermark (Pier 15),2026,2026-05-14,0,0,1,0.99,0,1.0,grosses,0.5,28980.0,28980.0,22262.0,22262.0,528885.0,561271.52655,404285.0,436671.52654999995
Watermark (Pier 15),2026,2026-05-15,1,0,0,0.5,1,1.0,grosses,0.5,72450.0,34957.125,58095.0,20602.125,601335.0,596228.65155,462380.0,457273.65154999995
Watermark (Pier 15),2026,2026-05-16,1,0,0,0.115,0,1.0,grosses,0.5,72450.0,72450.0,58095.0,58095.0,673785.0,668678.65155,520475.0,515368.65155
Watermark (Pier 15),2026,2026-05-17,0,0,0,0.15,0,1.0,grosses,0.5,28980.0,28980.0,22262.0,22262.0,702765.0,697658.65155,542737.0,537630.6515500001
Watermark (Pier 15),2026,2026-05-18,0,0,0,0.03,0,1.0,grosses,0.5,28980.0,28980.0,22262.0,22262.0,731745.0,726638.65155,564999.0,559892.6515500001
Watermark (Pier 15),2026,2026-05-19,0,0,0,0.445,0,1.0,grosses,0.5,28980.0,28980.0,22262.0,22262.0,760725.0,755618.65155,587261.0,582154.6515500001
Watermark (Pier 15),2026,2026-05-20,0,1,1,0.8,0,1.0,grosses,0.5,14490.0,14490.0,7772.0,7772.0,775215.0,770108.65155,595033.0,589926.6515500001
Watermark (Pier 15),2026,2026-05-21,0,0,1,0.9,0,1.0,grosses,0.5,28980.0,28980.0,22262.0,22262.0,804195.0,799088.65155,617295.0,612188.6515500001
Watermark (Pier 15),2026,2026-05-22,1,0,0,0.14,0,1.0,grosses,0.5,72450.0,72450.0,58095.0,58095.0,876645.0,871538.65155,675390.0,670283.6515500001
Watermark (Pier 15),2026,2026-05-23,1,1,1,0.99,1,1.0,grosses,0.5,36225.0,36899.29215,21870.0,22544.29215,912870.0,908437.9437,697260.0,692827.9437000001
Watermark (Pier 15),2026,2026-05-24,1,0,1,0.99,1,1.0,grosses,0.5,72450.0,73124.29215,58095.0,58769.29215,985320.0,981562.2358499999,755355.0,751597.23585
Watermark (Pier 15),2026,2026-05-25,1,0,1,0.87,1,1.0,grosses,0.5,72450.0,81294.91335,58095.0,66939.91335,1057770.0,1062857.1491999999,813450.0,818537.1492000001
Watermark (Pier 15),2026,2026-05-26,0,0,0,0.03,0,1.0,grosses,0.5,28980.0,28980.0,22262.0,22262.0,1086750.0,1091837.1491999999,835712.0,840799.1492000001
Watermark (Pier 15),2026,2026-05-27,0,0,1,0.1,0,1.0,grosses,0.5,28980.0,28980.0,22262.0,22262.0,1115730.0,1120817.1491999999,857974.0,863061.1492000001
Watermark (Pier 15),2026,2026-05-28,0,0,0,0.04,0,1.0,grosses,0.5,28980.0,28980.0,22262.0,22262.0,1144710.0,1149797.1491999999,880236.0,885323.1492000001
Watermark (Pier 15),2026,2026-05-29,1,0,0,0.1,0,1.0,grosses,0.5,72450.0,72450.0,58095.0,58095.0,1217160.0,1222247.1491999999,938331.0,943418.1492000001
Watermark (Pier 15),2026,2026-05-30,1,0,1,0.445,0,1.0,grosses,0.5,72450.0,72450.0,58095.0,58095.0,1289610.0,1294697.1491999999,996426.0,1001513.1492000001
Watermark (Pier 15),2026,2026-05-31,0,0,0,0.445,0,1.0,grosses,0.5,28980.0,28980.0,22262.0,22262.0,1318590.0,1323677.1491999999,1018688.0,1023775.1492000001
Watermark (Pier 15),2026,2026-06-01,0,0,1,0.475,0,1.0,grosses,0.5,28980.0,28980.0,22262.0,22262.0,1347570.0,1352657.1491999999,1040950.0,1046037.1492
Watermark (Pier 15),2026,2026-06-02,0,0,0,0.45,0,1.0,grosses,0.5,28980.0,28980.0,22262.0,22262.0,1376550.0,1381637.1491999999,1063212.0,1068299.1491999999
Watermark (Pier 15),2026,2026-06-03,0,0,0,0.04,0,1.0,grosses,0.5,28980.0,28980.0,22262.0,22262.0,1405530.0,1410617.1491999999,1085474.0,1090561.1491999999
Watermark (Pier 15),2026,2026-06-04,0,0,0,0.115,0,1.0,grosses,0.5,28980.0,28980.0,22262.0,22262.0,1434510.0,1439597.1491999999,1107736.0,1112823.1491999999
Watermark (Pier 15),2026,2026-06-05,1,0,0,0.38,0,1.0,grosses,0.5,72450.0,72450.0,58095.0,58095.0,1506960.0,1512047.1491999999,1165831.0,1170918.1491999999
Watermark (Pier 15),2026,2026-06-06,1,1,1,0.445,0,1.0,grosses,0.5,36225.0,36225.0,21870.0,21870.0,1543185.0,1548272.1491999999,1187701.0,1192788.1491999999
Watermark (Pier 15),2026,2026-06-07,0,0,1,0.16,0,1.0,grosses,0.5,28980.0,28980.0,22262.0,22262.0,1572165.0,1577252.1491999999,1209963.0,1215050.1491999999
Watermark (Pier 15),2026,2026-06-08,0,0,0,0.01,0,1.0,grosses,0.5,28980.0,28980.0,22262.0,22262.0,1601145.0,1606232.1491999999,1232225.0,1237312.1491999999
Watermark (Pier 15),2026,2026-06-09,0,0,0,0.445,0,1.0,grosses,0.5,28980.0,28980.0,22262.0,22262.0,1630125.0,1635212.1491999999,1254487.0,1259574.1491999999
Watermark (Pier 15),2026,2026-06-10,0,0,1,0.19,0,1.0,grosses,0.5,28980.0,28980.0,22262.0,22262.0,1659105.0,1664192.1491999999,1276749.0,1281836.1491999999
Watermark (Pier 15),2026,2026-06-11,0,1,1,0.9,0,1.0,grosses,0.5,14490.0,14490.0,7772.0,7772.0,1673595.0,1678682.1491999999,1284521.0,1289608.1491999999
Watermark (Pier 15),2026,2026-06-12,1,1,1,0.32,0,1.0,grosses,0.5,36225.0,36225.0,21870.0,21870.0,1709820.0,1714907.1491999999,1306391.0,1311478.1491999999
Watermark (Pier 15),2026,2026-06-13,1,0,0,0.4599999999999999,0,1.0,grosses,0.5,72450.0,72450.0,58095.0,58095.0,1782270.0,1787357.1491999999,1364486.0,1369573.1491999999
Watermark (Pier 15),2026,2026-06-14,0,1,1,0.84,0,1.0,grosses,0.5,14490.0,14490.0,7772.0,7772.0,1796760.0,1801847.1491999999,1372258.0,1377345.1491999999
Watermark (Pier 15),2026,2026-06-15,0,0,1,0.32,0,1.0,grosses,0.5,28980.0,28980.0,22262.0,22262.0,1825740.0,1830827.1491999999,1394520.0,1399607.1491999999
Watermark (Pier 15),2026,2026-06-16,0,0,0,0.16,0,1.0,grosses,0.5,28980.0,28980.0,22262.0,22262.0,1854720.0,1859807.1491999999,1416782.0,1421869.1491999999
Watermark (Pier 15),2026,2026-06-17,0,0,1,0.59,0,1.0,grosses,0.5,28980.0,28980.0,22262.0,22262.0,1883700.0,1888787.1491999999,1439044.0,1444131.1491999999
Watermark (Pier 15),2026,2026-06-18,0,0,1,0.86,0,1.0,grosses,0.5,28980.0,28980.0,22262.0,22262.0,1912680.0,1917767.1491999999,1461306.0,1466393.1491999999
Watermark (Pier 15),2026,2026-06-19,1,0,0,0.19,0,1.0,grosses,0.5,72450.0,72450.0,58095.0,58095.0,1985130.0,1990217.1491999999,1519401.0,1524488.1491999999
Watermark (Pier 15),2026,2026-06-20,1,0,0,0.39,0,1.0,grosses,0.5,72450.0,72450.0,58095.0,58095.0,2057580.0,2062667.1491999999,1577496.0,1582583.1491999999
Watermark (Pier 15),2026,2026-06-21,0,0,0,0.58,0,1.0,grosses,0.5,28980.0,28980.0,22262.0,22262.0,2086560.0,2091647.1491999999,1599758.0,1604845.1491999999
Watermark (Pier 15),2026,2026-06-22,0,1,1,0.87,0,1.0,grosses,0.5,14490.0,14490.0,7772.0,7772.0,2101050.0,2106137.1492,1607530.0,1612617.1491999999
Watermark (Pier 15),2026,2026-06-23,0,0,1,0.95,0,1.0,grosses,0.5,28980.0,28980.0,22262.0,22262.0,2130030.0,2135117.1492,1629792.0,1634879.1491999999
Watermark (Pier 15),2026,2026-06-24,0,0,0,0.04,0,1.0,grosses,0.5,28980.0,28980.0,22262.0,22262.0,2159010.0,2164097.1492,1652054.0,1657141.1491999999
Watermark (Pier 15),2026,2026-06-25,0,0,0,0.85,0,1.0,grosses,0.5,28980.0,28980.0,22262.0,22262.0,2187990.0,2193077.1492,1674316.0,1679403.1491999999
Watermark (Pier 15),2026,2026-06-26,1,0,1,0.86,1,1.0,grosses,0.5,72450.0,81982.39140000001,58095.0,67627.39140000001,2260440.0,2275059.5406,1732411.0,1747030.5406
Watermark (Pier 15),2026,2026-06-27,1,0,1,0.85,1,1.0,grosses,0.5,72450.0,82670.88375000001,58095.0,68315.88375000001,2332890.0,2357730.42435,1790506.0,1815346.42435
Watermark (Pier 15),2026,2026-06-28,0,0,0,0.85,0,1.0,grosses,0.5,28980.0,28980.0,22262.0,22262.0,2361870.0,2386710.42435,1812768.0,1837608.42435
Watermark (Pier 15),2026,2026-06-29,0,0,0,0.14,0,1.0,grosses,0.5,28980.0,28980.0,22262.0,22262.0,2390850.0,2415690.42435,1835030.0,1859870.42435
Watermark (Pier 15),2026,2026-06-30,0,0,1,0.15,0,1.0,grosses,0.5,28980.0,28980.0,22262.0,22262.0,2419830.0,2444670.42435,1857292.0,1882132.42435
Watermark (Pier 15),2026,2026-07-01,0,0,0,0.08,0,1.0,grosses,0.5,28980.0,28980.0,22262.0,22262.0,2448810.0,2473650.42435,1879554.0,1904394.42435
Watermark (Pier 15),2026,2026-07-02,0,0,0,0.26,0,1.0,grosses,0.5,28980.0,28980.0,22262.0,22262.0,2477790.0,2502630.42435,1901816.0,1926656.42435
Watermark (Pier 15),2026,2026-07-03,1,1,1,0.86,1,1.0,grosses,0.5,36225.0,45757.3914,21870.0,31402.3914,2514015.0,2548387.81575,1923686.0,1958058.81575
Watermark (Pier 15),2026,2026-07-04,1,1,1,0.86,1,1.0,grosses,0.5,36225.0,45757.3914,21870.0,31402.3914,2550240.0,2594145.20715,1945556.0,1989461.2071500001
Watermark (Pier 15),2026,2026-07-05,0,1,1,0.86,0,1.0,grosses,0.5,14490.0,14490.0,7772.0,7772.0,2564730.0,2608635.20715,1953328.0,1997233.2071500001
Watermark (Pier 15),2026,2026-07-06,0,1,1,0.99,0,1.0,grosses,0.5,14490.0,14490.0,7772.0,7772.0,2579220.0,2623125.20715,1961100.0,2005005.2071500001
Watermark (Pier 15),2026,2026-07-07,0,0,1,0.95,0,1.0,grosses,0.5,28980.0,28980.0,22262.0,22262.0,2608200.0,2652105.20715,1983362.0,2027267.2071500001
Watermark (Pier 15),2026,2026-07-08,0,0,0,0.12,0,1.0,grosses,0.5,28980.0,28980.0,22262.0,22262.0,2637180.0,2681085.20715,2005624.0,2049529.2071500001
Watermark (Pier 15),2026,2026-07-09,0,0,1,0.85,0,1.0,grosses,0.5,28980.0,28980.0,22262.0,22262.0,2666160.0,2710065.20715,2027886.0,2071791.2071500001
Watermark (Pier 15),2026,2026-07-10,1,0,0,0.86,1,1.0,grosses,0.5,72450.0,9532.3914,58095.0,-4822.6086,2738610.0,2719597.59855,2085981.0,2066968.5985500002
Watermark (Pier 15),2026,2026-07-11,1,0,1,0.83,1,1.0,grosses,0.5,72450.0,84050.91135000001,58095.0,69695.91135000001,2811060.0,2803648.5099,2144076.0,2136664.5099
Watermark (Pier 15),2026,2026-07-12,0,0,0,0.1,0,1.0,grosses,0.5,28980.0,28980.0,22262.0,22262.0,2840040.0,2832628.5099,2166338.0,2158926.5099
Watermark (Pier 15),2026,2026-07-13,0,0,0,0.075,0,1.0,grosses,0.5,28980.0,28980.0,22262.0,22262.0,2869020.0,2861608.5099,2188600.0,2181188.5099
Watermark (Pier 15),2026,2026-07-14,0,0,0,0.01,0,1.0,grosses,0.5,28980.0,28980.0,22262.0,22262.0,2898000.0,2890588.5099,2210862.0,2203450.5099
Watermark (Pier 15),2026,2026-07-15,0,0,1,,0,1.0,grosses,0.5,28980.0,28980.0,22262.0,22262.0,2926980.0,2919568.5099,2233124.0,2225712.5099
Watermark (Pier 15),2026,2026-07-15,0,0,1,0.465,0,1.0,grosses,0.5,28980.0,28980.0,22262.0,22262.0,2955960.0,2948548.5099,2255386.0,2247974.5099
Watermark (Pier 15),2026,2026-07-17,1,0,0,,0,1.0,grosses,0.5,72450.0,72450.0,58095.0,58095.0,3028410.0,3020998.5099,2313481.0,2306069.5099
Watermark (Pier 15),2026,2026-07-22,0,0,0,,0,1.0,grosses,0.5,28980.0,28980.0,22262.0,22262.0,3057390.0,3049978.5099,2335743.0,2328331.5099
Watermark (Pier 15),2026,2026-07-23,0,0,0,0.22,0,1.0,grosses,0.5,28980.0,28980.0,22262.0,22262.0,3086370.0,3078958.5099,2358005.0,2350593.5099
Watermark (Pier 15),2026,2026-07-24,1,0,0,0.43,0,1.0,grosses,0.5,72450.0,72450.0,58095.0,58095.0,3158820.0,3151408.5099,2416100.0,2408688.5099
Watermark (Pier 15),2026,2026-07-25,1,0,0,0.12,0,1.0,grosses,0.5,72450.0,72450.0,58095.0,58095.0,3231270.0,3223858.5099,2474195.0,2466783.5099
Watermark (Pier 15),2026,2026-07-26,0,0,0,0.425,0,1.0,grosses,0.5,28980.0,28980.0,22262.0,22262.0,3260250.0,3252838.5099,2496457.0,2489045.5099
Watermark (Pier 15),2026,2026-07-27,0,1,1,0.87,0,1.0,grosses,0.5,14490.0,14490.0,7772.0,7772.0,3274740.0,3267328.5099,2504229.0,2496817.5099
Watermark (Pier 15),2026,2026-07-28,0,1,1,0.92,0,1.0,grosses,0.5,14490.0,14490.0,7772.0,7772.0,3289230.0,3281818.5099,2512001.0,2504589.5099
Watermark (Pier 15),2026,2026-07-29,0,0,1,0.81,0,1.0,grosses,0.5,28980.0,28980.0,22262.0,22262.0,3318210.0,3310798.5099,2534263.0,2526851.5099
Watermark (Pier 15),2026,2026-07-30,0,0,1,0.3,0,1.0,grosses,0.5,28980.0,28980.0,22262.0,22262.0,3347190.0,3339778.5099,2556525.0,2549113.5099
Watermark (Pier 15),2026,2026-07-31,1,0,1,0.02,0,1.0,grosses,0.5,72450.0,72450.0,58095.0,58095.0,3419640.0,3412228.5099,2614620.0,2607208.5099
Watermark (Pier 15),2026,2026-08-01,1,0,0,0.21,0,1.0,grosses,0.5,72450.0,72450.0,58095.0,58095.0,3492090.0,3484678.5099,2672715.0,2665303.5099
Watermark (Pier 15),2026,2026-08-02,0,1,1,0.73,0,1.0,grosses,0.5,14490.0,14490.0,7772.0,7772.0,3506580.0,3499168.5099,2680487.0,2673075.5099
Watermark (Pier 15),2026,2026-08-03,0,0,1,0.96,0,1.0,grosses,0.5,28980.0,28980.0,22262.0,22262.0,3535560.0,3528148.5099,2702749.0,2695337.5099
Watermark (Pier 15),2026,2026-08-04,0,0,0,0.06,0,1.0,grosses,0.5,28980.0,28980.0,22262.0,22262.0,3564540.0,3557128.5099,2725011.0,2717599.5099
Watermark (Pier 15),2026,2026-08-05,0,1,1,0.52,0,1.0,grosses,0.5,14490.0,14490.0,7772.0,7772.0,3579030.0,3571618.5099,2732783.0,2725371.5099
Watermark (Pier 15),2026,2026-08-06,0,0,1,0.62,0,1.0,grosses,0.5,28980.0,28980.0,22262.0,22262.0,3608010.0,3600598.5099,2755045.0,2747633.5099
Watermark (Pier 15),2026,2026-08-07,1,1,1,0.69,1,1.0,grosses,0.5,36225.0,57599.70615,21870.0,43244.70615,3644235.0,3658198.21605,2776915.0,2790878.21605
Watermark (Pier 15),2026,2026-08-08,1,0,0,0.51,1,1.0,grosses,0.5,72450.0,34233.13215,58095.0,19878.132149999998,3716685.0,3692431.3482,2835010.0,2810756.3482
Watermark (Pier 15),2026,2026-08-09,0,0,0,0.09,0,1.0,grosses,0.5,28980.0,28980.0,22262.0,22262.0,3745665.0,3721411.3482,2857272.0,2833018.3482
Watermark (Pier 15),2026,2026-08-10,0,0,1,0.36,0,1.0,grosses,0.5,28980.0,28980.0,22262.0,22262.0,3774645.0,3750391.3482,2879534.0,2855280.3482
Watermark (Pier 15),2026,2026-08-11,0,0,0,0.22,0,1.0,grosses,0.5,28980.0,28980.0,22262.0,22262.0,3803625.0,3779371.3482,2901796.0,2877542.3482
Watermark (Pier 15),2026,2026-08-12,0,0,0,0.53,0,1.0,grosses,0.5,28980.0,28980.0,22262.0,22262.0,3832605.0,3808351.3482,2924058.0,2899804.3482
Watermark (Pier 15),2026,2026-08-13,0,0,1,0.71,0,1.0,grosses,0.5,28980.0,28980.0,22262.0,22262.0,3861585.0,3837331.3482,2946320.0,2922066.3482
Watermark (Pier 15),2026,2026-08-14,1,0,0,,0,1.0,grosses,0.5,72450.0,72450.0,58095.0,58095.0,3934035.0,3909781.3482,3004415.0,2980161.3482
Watermark (Pier 15),2026,2026-08-15,1,0,0,0.44,0,1.0,grosses,0.5,72450.0,72450.0,58095.0,58095.0,4006485.0,3982231.3482,3062510.0,3038256.3482
Watermark (Pier 15),2026,2026-08-16,0,1,1,,0,1.0,grosses,0.5,14490.0,14490.0,7772.0,7772.0,4020975.0,3996721.3482,3070282.0,3046028.3482
Watermark (Pier 15),2026,2026-08-17,0,0,1,0.88,0,1.0,grosses,0.5,28980.0,28980.0,22262.0,22262.0,4049955.0,4025701.3482,3092544.0,3068290.3482
Watermark (Pier 15),2026,2026-08-18,0,0,1,0.12,0,1.0,grosses,0.5,28980.0,28980.0,22262.0,22262.0,4078935.0,4054681.3482,3114806.0,3090552.3482
Watermark (Pier 15),2026,2026-08-19,0,0,0,0.05,0,1.0,grosses,0.5,28980.0,28980.0,22262.0,22262.0,4107915.0,4083661.3482,3137068.0,3112814.3482
Watermark (Pier 15),2026,2026-08-20,0,1,1,0.8,0,1.0,grosses,0.5,14490.0,14490.0,7772.0,7772.0,4122405.0,4098151.3482,3144840.0,3120586.3482
Watermark (Pier 15),2026,2026-08-21,1,0,0,0.58,1,1.0,grosses,0.5,72450.0,29193.58260000001,58095.0,14838.582600000009,4194855.0,4127344.9307999997,3202935.0,3135424.9307999997
Watermark (Pier 15),2026,2026-08-22,1,0,0,0.5,1,1.0,grosses,0.5,72450.0,34957.125,58095.0,20602.125,4267305.0,4162302.0557999997,3261030.0,3156027.0557999997
Watermark (Pier 15),2026,2026-08-23,0,0,1,0.67,0,1.0,grosses,0.5,28980.0,28980.0,22262.0,22262.0,4296285.0,4191282.0557999997,3283292.0,3178289.0557999997
Watermark (Pier 15),2026,2026-08-24,0,0,0,0.25,0,1.0,grosses,0.5,28980.0,28980.0,22262.0,22262.0,4325265.0,4220262.0558,3305554.0,3200551.0558
Watermark (Pier 15),2026,2026-08-25,0,0,0,0.15,0,1.0,grosses,0.5,28980.0,28980.0,22262.0,22262.0,4354245.0,4249242.0558,3327816.0,3222813.0558
Watermark (Pier 15),2026,2026-08-26,0,0,0,0.12,0,1.0,grosses,0.5,28980.0,28980.0,22262.0,22262.0,4383225.0,4278222.0558,3350078.0,3245075.0558
Watermark (Pier 15),2026,2026-08-27,0,0,1,0.79,0,1.0,grosses,0.5,28980.0,28980.0,22262.0,22262.0,4412205.0,4307202.0558,3372340.0,3267337.0558
Watermark (Pier 15),2026,2026-08-28,1,0,0,0.71,1,1.0,grosses,0.5,72450.0,19966.27815,58095.0,5611.278149999998,4484655.0,4327168.33395,3430435.0,3272948.3339500003
Watermark (Pier 15),2026,2026-08-29,1,0,0,0.05,0,1.0,grosses,0.5,72450.0,72450.0,58095.0,58095.0,4557105.0,4399618.33395,3488530.0,3331043.3339500003
Watermark (Pier 15),2026,2026-08-30,0,1,1,0.62,0,1.0,grosses,0.5,14490.0,14490.0,7772.0,7772.0,4571595.0,4414108.33395,3496302.0,3338815.3339500003
Watermark (Pier 15),2026,2026-08-31,0,0,1,0.55,0,1.0,grosses,0.5,28980.0,28980.0,22262.0,22262.0,4600575.0,4443088.33395,3518564.0,3361077.3339500003
Watermark (Pier 15),2026,2026-09-01,0,1,1,0.75,0,1.0,grosses,0.5,14490.0,14490.0,7772.0,7772.0,4615065.0,4457578.33395,3526336.0,3368849.33395
Watermark (Pier 15),2026,2026-09-02,0,0,1,0.62,0,1.0,grosses,0.5,28980.0,28980.0,22262.0,22262.0,4644045.0,4486558.33395,3548598.0,3391111.33395
Watermark (Pier 15),2026,2026-09-03,0,0,1,0.8,0,1.0,grosses,0.5,28980.0,28980.0,22262.0,22262.0,4673025.0,4515538.33395,3570860.0,3413373.33395
Watermark (Pier 15),2026,2026-09-04,1,0,1,0.61,1,1.0,grosses,0.5,72450.0,99498.99015,58095.0,85143.99015,4745475.0,4615037.3241,3628955.0,3498517.3241
Watermark (Pier 15),2026,2026-09-05,1,0,0,0.11,0,1.0,grosses,0.5,72450.0,72450.0,58095.0,58095.0,4817925.0,4687487.3241,3687050.0,3556612.3241
Watermark (Pier 15),2026,2026-09-06,1,0,0,0.17,0,1.0,grosses,0.5,72450.0,72450.0,58095.0,58095.0,4890375.0,4759937.3241,3745145.0,3614707.3241
Watermark (Pier 15),2026,2026-09-07,1,0,0,0.04,0,1.0,grosses,0.5,72450.0,72450.0,58095.0,58095.0,4962825.0,4832387.3241,3803240.0,3672802.3241
Watermark (Pier 15),2026,2026-09-08,0,0,0,0.06,0,1.0,grosses,0.5,28980.0,28980.0,22262.0,22262.0,4991805.0,4861367.3241,3825502.0,3695064.3241
Watermark (Pier 15),2026,2026-09-09,0,0,0,0.08,0,1.0,grosses,0.5,28980.0,28980.0,22262.0,22262.0,5020785.0,4890347.324100001,3847764.0,3717326.3241
Watermark (Pier 15),2026,2026-09-10,0,0,1,0.3,0,1.0,grosses,0.5,28980.0,28980.0,22262.0,22262.0,5049765.0,4919327.3241,3870026.0,3739588.3241
Watermark (Pier 15),2026,2026-09-11,1,0,0,0.0849999999999999,0,1.0,grosses,0.5,72450.0,72450.0,58095.0,58095.0,5122215.0,4991777.3241,3928121.0,3797683.3241
Watermark (Pier 15),2026,2026-09-12,1,0,0,0.27,0,1.0,grosses,0.5,72450.0,72450.0,58095.0,58095.0,5194665.0,5064227.3241,3986216.0,3855778.3241
Watermark (Pier 15),2026,2026-09-13,0,0,1,0.98,0,1.0,grosses,0.5,28980.0,28980.0,22262.0,22262.0,5223645.0,5093207.3241,4008478.0,3878040.3241
Watermark (Pier 15),2026,2026-09-14,0,0,0,0.15,0,1.0,grosses,0.5,28980.0,28980.0,22262.0,22262.0,5252625.0,5122187.3241,4030740.0,3900302.3241
Watermark (Pier 15),2025,2025-05-01,1,0,0,,0,1.0,grosses,0.0,72450.0,72450.0,58095.0,58095.0,72450.0,72450.0,58095.0,58095.0
Watermark (Pier 15),2025,2025-05-02,1,0,0,,0,1.0,grosses,0.0,72450.0,72450.0,58095.0,58095.0,144900.0,144900.0,116190.0,116190.0
Watermark (Pier 15),2025,2025-05-03,1,1,1,0.5,1,1.0,grosses,0.0,36225.0,71182.125,21870.0,56827.125,181125.0,216082.125,138060.0,173017.125
Watermark (Pier 15),2025,2025-05-04,0,1,1,0.55,0,1.0,grosses,0.0,14490.0,14490.0,7772.0,7772.0,195615.0,230572.125,145832.0,180789.125
Watermark (Pier 15),2025,2025-05-05,0,1,1,,0,1.0,grosses,0.0,14490.0,14490.0,7772.0,7772.0,210105.0,245062.125,153604.0,188561.125
Watermark (Pier 15),2025,2025-05-06,0,0,1,0.8,0,1.0,grosses,0.0,28980.0,28980.0,22262.0,22262.0,239085.0,274042.125,175866.0,210823.125
Watermark (Pier 15),2025,2025-05-07,0,0,1,,0,1.0,grosses,0.0,28980.0,28980.0,22262.0,22262.0,268065.0,303022.125,198128.0,233085.125
Watermark (Pier 15),2025,2025-05-08,0,0,1,,0,1.0,grosses,0.0,28980.0,28980.0,22262.0,22262.0,297045.0,332002.125,220390.0,255347.125
Watermark (Pier 15),2025,2025-05-09,1,0,1,,0,1.0,grosses,0.0,72450.0,72450.0,58095.0,58095.0,369495.0,404452.125,278485.0,313442.125
Watermark (Pier 15),2025,2025-05-10,1,0,1,,0,1.0,grosses,0.0,72450.0,72450.0,58095.0,58095.0,441945.0,476902.125,336580.0,371537.125
Watermark (Pier 15),2025,2025-05-11,0,0,0,,0,1.0,grosses,0.0,28980.0,28980.0,22262.0,22262.0,470925.0,505882.125,358842.0,393799.125
Watermark (Pier 15),2025,2025-05-12,0,0,0,,0,1.0,grosses,0.0,28980.0,28980.0,22262.0,22262.0,499905.0,534862.125,381104.0,416061.125
Watermark (Pier 15),2025,2025-05-13,0,1,1,,0,1.0,grosses,0.0,14490.0,14490.0,7772.0,7772.0,514395.0,549352.125,388876.0,423833.125
Watermark (Pier 15),2025,2025-05-14,0,1,1,,0,1.0,grosses,0.0,14490.0,14490.0,7772.0,7772.0,528885.0,563842.125,396648.0,431605.125
Watermark (Pier 15),2025,2025-05-15,0,0,0,,0,1.0,grosses,0.0,28980.0,28980.0,22262.0,22262.0,557865.0,592822.125,418910.0,453867.125
Watermark (Pier 15),2025,2025-05-16,1,0,1,,0,1.0,grosses,0.0,72450.0,72450.0,58095.0,58095.0,630315.0,665272.125,477005.0,511962.125
Watermark (Pier 15),2025,2025-05-17,1,0,1,,0,1.0,grosses,0.0,72450.0,72450.0,58095.0,58095.0,702765.0,737722.125,535100.0,570057.125
Watermark (Pier 15),2025,2025-05-18,0,0,0,,0,1.0,grosses,0.0,28980.0,28980.0,22262.0,22262.0,731745.0,766702.125,557362.0,592319.125
Watermark (Pier 15),2025,2025-05-19,0,0,0,,0,1.0,grosses,0.0,28980.0,28980.0,22262.0,22262.0,760725.0,795682.125,579624.0,614581.125
Watermark (Pier 15),2025,2025-05-20,0,0,0,,0,1.0,grosses,0.0,28980.0,28980.0,22262.0,22262.0,789705.0,824662.125,601886.0,636843.125
Watermark (Pier 15),2025,2025-05-21,0,0,1,,0,1.0,grosses,0.0,28980.0,28980.0,22262.0,22262.0,818685.0,853642.125,624148.0,659105.125
Watermark (Pier 15),2025,2025-05-22,0,1,1,,0,1.0,grosses,0.0,14490.0,14490.0,7772.0,7772.0,833175.0,868132.125,631920.0,666877.125
Watermark (Pier 15),2025,2025-05-23,1,1,1,0.8,1,1.0,grosses,0.0,36225.0,49903.56,21870.0,35548.56,869400.0,918035.685,653790.0,702425.685
Watermark (Pier 15),2025,2025-05-24,1,0,1,,0,1.0,grosses,0.0,72450.0,72450.0,58095.0,58095.0,941850.0,990485.685,711885.0,760520.685
Watermark (Pier 15),2025,2025-05-25,1,0,0,,0,1.0,grosses,0.0,72450.0,72450.0,58095.0,58095.0,1014300.0,1062935.685,769980.0,818615.685
Watermark (Pier 15),2025,2025-05-26,1,0,0,,0,1.0,grosses,0.0,72450.0,72450.0,58095.0,58095.0,1086750.0,1135385.685,828075.0,876710.685
Watermark (Pier 15),2025,2025-05-27,0,0,0,,0,1.0,grosses,0.0,28980.0,28980.0,22262.0,22262.0,1115730.0,1164365.685,850337.0,898972.685
Watermark (Pier 15),2025,2025-05-29,0,0,1,,0,1.0,grosses,0.0,28980.0,28980.0,22262.0,22262.0,1144710.0,1193345.685,872599.0,921234.685
Watermark (Pier 15),2025,2025-05-30,1,0,1,,0,1.0,grosses,0.0,72450.0,72450.0,58095.0,58095.0,1217160.0,1265795.685,930694.0,979329.685
Watermark (Pier 15),2025,2025-05-31,1,0,1,,0,1.0,grosses,0.0,72450.0,72450.0,58095.0,58095.0,1289610.0,1338245.685,988789.0,1037424.685
Watermark (Pier 15),2025,2025-06-01,0,0,0,,0,1.0,grosses,0.0,28980.0,28980.0,22262.0,22262.0,1318590.0,1367225.685,1011051.0,1059686.685
Watermark (Pier 15),2025,2025-06-02,0,0,0,,0,1.0,grosses,0.0,28980.0,28980.0,22262.0,22262.0,1347570.0,1396205.685,1033313.0,1081948.685
Watermark (Pier 15),2025,2025-06-03,0,0,0,,0,1.0,grosses,0.0,28980.0,28980.0,22262.0,22262.0,1376550.0,1425185.685,1055575.0,1104210.685
Watermark (Pier 15),2025,2025-06-04,0,0,0,0.25,0,1.0,grosses,0.0,28980.0,28980.0,22262.0,22262.0,1405530.0,1454165.685,1077837.0,1126472.685
Watermark (Pier 15),2025,2025-06-05,0,0,0,,0,1.0,grosses,0.0,28980.0,28980.0,22262.0,22262.0,1434510.0,1483145.685,1100099.0,1148734.685
Watermark (Pier 15),2025,2025-06-06,1,0,1,,0,1.0,grosses,0.0,72450.0,72450.0,58095.0,58095.0,1506960.0,1555595.685,1158194.0,1206829.685
Watermark (Pier 15),2025,2025-06-07,1,1,1,,0,1.0,grosses,0.0,36225.0,36225.0,21870.0,21870.0,1543185.0,1591820.685,1180064.0,1228699.685
Watermark (Pier 15),2025,2025-06-08,0,0,1,,0,1.0,grosses,0.0,28980.0,28980.0,22262.0,22262.0,1572165.0,1620800.685,1202326.0,1250961.685
Watermark (Pier 15),2025,2025-06-09,0,0,1,,0,1.0,grosses,0.0,28980.0,28980.0,22262.0,22262.0,1601145.0,1649780.685,1224588.0,1273223.685
Watermark (Pier 15),2025,2025-06-10,0,0,1,,0,1.0,grosses,0.0,28980.0,28980.0,22262.0,22262.0,1630125.0,1678760.685,1246850.0,1295485.685
Watermark (Pier 15),2025,2025-06-11,0,0,0,,0,1.0,grosses,0.0,28980.0,28980.0,22262.0,22262.0,1659105.0,1707740.685,1269112.0,1317747.685
Watermark (Pier 15),2025,2025-06-12,0,0,0,,0,1.0,grosses,0.0,28980.0,28980.0,22262.0,22262.0,1688085.0,1736720.685,1291374.0,1340009.685
Watermark (Pier 15),2025,2025-06-13,1,0,0,,0,1.0,grosses,0.0,72450.0,72450.0,58095.0,58095.0,1760535.0,1809170.685,1349469.0,1398104.685
Watermark (Pier 15),2025,2025-06-14,1,0,1,,0,1.0,grosses,0.0,72450.0,72450.0,58095.0,58095.0,1832985.0,1881620.685,1407564.0,1456199.685
Watermark (Pier 15),2025,2025-06-15,0,0,1,,0,1.0,grosses,0.0,28980.0,28980.0,22262.0,22262.0,1861965.0,1910600.685,1429826.0,1478461.685
Watermark (Pier 15),2025,2025-06-16,0,1,1,,0,1.0,grosses,0.0,14490.0,14490.0,7772.0,7772.0,1876455.0,1925090.685,1437598.0,1486233.685
Watermark (Pier 15),2025,2025-06-17,0,0,1,,0,1.0,grosses,0.0,28980.0,28980.0,22262.0,22262.0,1905435.0,1954070.685,1459860.0,1508495.685
Watermark (Pier 15),2025,2025-06-18,0,0,1,0.55,0,1.0,grosses,0.0,28980.0,28980.0,22262.0,22262.0,1934415.0,1983050.685,1482122.0,1530757.685
Watermark (Pier 15),2025,2025-06-19,0,1,1,,0,1.0,grosses,0.0,14490.0,14490.0,7772.0,7772.0,1948905.0,1997540.685,1489894.0,1538529.685
Watermark (Pier 15),2025,2025-06-20,1,0,0,,0,1.0,grosses,0.0,72450.0,72450.0,58095.0,58095.0,2021355.0,2069990.685,1547989.0,1596624.685
Watermark (Pier 15),2025,2025-06-21,1,0,0,,0,1.0,grosses,0.0,72450.0,72450.0,58095.0,58095.0,2093805.0,2142440.685,1606084.0,1654719.685
Watermark (Pier 15),2025,2025-06-22,0,0,1,,0,1.0,grosses,0.0,28980.0,28980.0,22262.0,22262.0,2122785.0,2171420.685,1628346.0,1676981.685
Watermark (Pier 15),2025,2025-06-23,0,0,0,,0,1.0,grosses,0.0,28980.0,28980.0,22262.0,22262.0,2151765.0,2200400.685,1650608.0,1699243.685
Watermark (Pier 15),2025,2025-06-24,0,0,0,,0,1.0,grosses,0.0,28980.0,28980.0,22262.0,22262.0,2180745.0,2229380.685,1672870.0,1721505.685
Watermark (Pier 15),2025,2025-06-25,0,0,0,,0,1.0,grosses,0.0,28980.0,28980.0,22262.0,22262.0,2209725.0,2258360.685,1695132.0,1743767.685
Watermark (Pier 15),2025,2025-06-26,0,0,1,,0,1.0,grosses,0.0,28980.0,28980.0,22262.0,22262.0,2238705.0,2287340.685,1717394.0,1766029.685
Watermark (Pier 15),2025,2025-06-27,1,0,1,,0,1.0,grosses,0.0,72450.0,72450.0,58095.0,58095.0,2311155.0,2359790.685,1775489.0,1824124.685
Watermark (Pier 15),2025,2025-06-28,1,0,1,,0,1.0,grosses,0.0,72450.0,72450.0,58095.0,58095.0,2383605.0,2432240.685,1833584.0,1882219.685
Watermark (Pier 15),2025,2025-06-29,0,0,0,,0,1.0,grosses,0.0,28980.0,28980.0,22262.0,22262.0,2412585.0,2461220.685,1855846.0,1904481.685
Watermark (Pier 15),2025,2025-06-30,0,0,1,,0,1.0,grosses,0.0,28980.0,28980.0,22262.0,22262.0,2441565.0,2490200.685,1878108.0,1926743.685
Watermark (Pier 15),2025,2025-07-01,0,1,1,,0,1.0,grosses,0.0,14490.0,14490.0,7772.0,7772.0,2456055.0,2504690.685,1885880.0,1934515.685
Watermark (Pier 15),2025,2025-07-02,0,0,1,,0,1.0,grosses,0.0,28980.0,28980.0,22262.0,22262.0,2485035.0,2533670.685,1908142.0,1956777.685
Watermark (Pier 15),2025,2025-07-03,1,0,1,,0,1.0,grosses,0.0,72450.0,72450.0,58095.0,58095.0,2557485.0,2606120.685,1966237.0,2014872.685
Watermark (Pier 15),2025,2025-07-04,1,0,0,,0,1.0,grosses,0.0,72450.0,72450.0,58095.0,58095.0,2629935.0,2678570.685,2024332.0,2072967.685
Watermark (Pier 15),2025,2025-07-05,1,0,0,0.495,1,1.0,grosses,0.0,72450.0,35319.5017875,58095.0,20964.501787499998,2702385.0,2713890.1867875,2082427.0,2093932.1867875
Watermark (Pier 15),2025,2025-07-06,0,0,0,,0,1.0,grosses,0.0,28980.0,28980.0,22262.0,22262.0,2731365.0,2742870.1867875,2104689.0,2116194.1867875
Watermark (Pier 15),2025,2025-07-07,0,0,1,,0,1.0,grosses,0.0,28980.0,28980.0,22262.0,22262.0,2760345.0,2771850.1867875,2126951.0,2138456.1867875
Watermark (Pier 15),2025,2025-07-08,0,1,1,,0,1.0,grosses,0.0,14490.0,14490.0,7772.0,7772.0,2774835.0,2786340.1867875,2134723.0,2146228.1867875
Watermark (Pier 15),2025,2025-07-09,0,1,1,,0,1.0,grosses,0.0,14490.0,14490.0,7772.0,7772.0,2789325.0,2800830.1867875,2142495.0,2154000.1867875
Watermark (Pier 15),2025,2025-07-10,0,0,1,,0,1.0,grosses,0.0,28980.0,28980.0,22262.0,22262.0,2818305.0,2829810.1867875,2164757.0,2176262.1867875
Watermark (Pier 15),2025,2025-07-11,1,0,0,,0,1.0,grosses,0.0,72450.0,72450.0,58095.0,58095.0,2890755.0,2902260.1867875,2222852.0,2234357.1867875
Watermark (Pier 15),2025,2025-07-12,1,0,0,,0,1.0,grosses,0.0,72450.0,72450.0,58095.0,58095.0,2963205.0,2974710.1867875,2280947.0,2292452.1867875
Watermark (Pier 15),2025,2025-07-13,0,0,1,,0,1.0,grosses,0.0,28980.0,28980.0,22262.0,22262.0,2992185.0,3003690.1867875,2303209.0,2314714.1867875
Watermark (Pier 15),2025,2025-07-14,0,1,1,,0,1.0,grosses,0.0,14490.0,14490.0,7772.0,7772.0,3006675.0,3018180.1867875,2310981.0,2322486.1867875
Watermark (Pier 15),2025,2025-07-15,0,0,0,,0,1.0,grosses,0.0,28980.0,28980.0,22262.0,22262.0,3035655.0,3047160.1867875,2333243.0,2344748.1867875
Watermark (Pier 15),2025,2025-07-16,0,0,1,,0,1.0,grosses,0.0,28980.0,28980.0,22262.0,22262.0,3064635.0,3076140.1867875,2355505.0,2367010.1867875
Watermark (Pier 15),2025,2025-07-17,0,0,1,,0,1.0,grosses,0.0,28980.0,28980.0,22262.0,22262.0,3093615.0,3105120.1867875,2377767.0,2389272.1867875
Watermark (Pier 15),2025,2025-07-18,1,0,0,0.25,1,1.0,grosses,0.0,72450.0,53386.59375,58095.0,39031.59375,3166065.0,3158506.7805375,2435862.0,2428303.7805375
Watermark (Pier 15),2025,2025-07-19,1,0,1,,0,1.0,grosses,0.0,72450.0,72450.0,58095.0,58095.0,3238515.0,3230956.7805375,2493957.0,2486398.7805375
Watermark (Pier 15),2025,2025-07-20,0,0,1,,0,1.0,grosses,0.0,28980.0,28980.0,22262.0,22262.0,3267495.0,3259936.7805375,2516219.0,2508660.7805375
Watermark (Pier 15),2025,2025-07-21,0,0,0,,0,1.0,grosses,0.0,28980.0,28980.0,22262.0,22262.0,3296475.0,3288916.7805375,2538481.0,2530922.7805375
Watermark (Pier 15),2025,2025-07-22,0,0,0,,0,1.0,grosses,0.0,28980.0,28980.0,22262.0,22262.0,3325455.0,3317896.7805375,2560743.0,2553184.7805375
Watermark (Pier 15),2025,2025-07-23,0,0,0,,0,1.0,grosses,0.0,28980.0,28980.0,22262.0,22262.0,3354435.0,3346876.7805375,2583005.0,2575446.7805375
Watermark (Pier 15),2025,2025-07-24,0,0,0,0.035,0,1.0,grosses,0.0,28980.0,28980.0,22262.0,22262.0,3383415.0,3375856.7805375,2605267.0,2597708.7805375
Watermark (Pier 15),2025,2025-07-25,1,0,1,0.64,1,1.0,grosses,0.0,72450.0,97363.5264,58095.0,83008.5264,3455865.0,3473220.3069375,2663362.0,2680717.3069375
Watermark (Pier 15),2025,2025-07-26,1,0,0,0.24,1,1.0,grosses,0.0,72450.0,54136.9584,58095.0,39781.9584,3528315.0,3527357.2653375,2721457.0,2720499.2653375
Watermark (Pier 15),2025,2025-07-27,0,0,1,0.87,0,1.0,grosses,0.0,28980.0,28980.0,22262.0,22262.0,3557295.0,3556337.2653375,2743719.0,2742761.2653375
Watermark (Pier 15),2025,2025-07-28,0,0,0,0.1699999999999999,0,1.0,grosses,0.0,28980.0,28980.0,22262.0,22262.0,3586275.0,3585317.2653375,2765981.0,2765023.2653375
Watermark (Pier 15),2025,2025-07-29,0,0,0,0.045,0,1.0,grosses,0.0,28980.0,28980.0,22262.0,22262.0,3615255.0,3614297.2653375,2788243.0,2787285.2653375
Watermark (Pier 15),2025,2025-07-30,0,1,1,0.5549999999999999,0,1.0,grosses,0.0,14490.0,14490.0,7772.0,7772.0,3629745.0,3628787.2653375,2796015.0,2795057.2653375
Watermark (Pier 15),2025,2025-07-31,0,1,1,0.87,0,1.0,grosses,0.0,14490.0,14490.0,7772.0,7772.0,3644235.0,3643277.2653375,2803787.0,2802829.2653375
Watermark (Pier 15),2025,2025-08-01,1,0,1,0.9,1,1.0,grosses,0.0,72450.0,79238.565,58095.0,64883.565,3716685.0,3722515.8303374997,2861882.0,2867712.8303374997
Watermark (Pier 15),2025,2025-08-02,1,0,0,0.035,1,1.0,grosses,0.0,72450.0,69742.9600875,58095.0,55387.9600875,3789135.0,3792258.790425,2919977.0,2923100.790425
Watermark (Pier 15),2025,2025-08-03,0,0,0,0.025,0,1.0,grosses,0.0,28980.0,28980.0,22262.0,22262.0,3818115.0,3821238.790425,2942239.0,2945362.790425
Watermark (Pier 15),2025,2025-08-04,0,0,0,0.035,0,1.0,grosses,0.0,28980.0,28980.0,22262.0,22262.0,3847095.0,3850218.790425,2964501.0,2967624.790425
Watermark (Pier 15),2025,2025-08-05,0,0,0,0.06,0,1.0,grosses,0.0,28980.0,28980.0,22262.0,22262.0,3876075.0,3879198.790425,2986763.0,2989886.790425
Watermark (Pier 15),2025,2025-08-06,0,1,1,0.09,0,1.0,grosses,0.0,14490.0,14490.0,7772.0,7772.0,3890565.0,3893688.790425,2994535.0,2997658.790425
Watermark (Pier 15),2025,2025-08-07,0,0,1,0.045,0,1.0,grosses,0.0,28980.0,28980.0,22262.0,22262.0,3919545.0,3922668.790425,3016797.0,3019920.790425
Watermark (Pier 15),2025,2025-08-08,1,0,0,0.04,1,1.0,grosses,0.0,72450.0,69357.2544,58095.0,55002.2544,3991995.0,3992026.0448249998,3074892.0,3074923.0448249998
Watermark (Pier 15),2025,2025-08-09,1,0,0,0.04,1,1.0,grosses,0.0,72450.0,69357.2544,58095.0,55002.2544,4064445.0,4061383.2992249997,3132987.0,3129925.2992249997
Watermark (Pier 15),2025,2025-08-10,0,0,0,0.035,0,1.0,grosses,0.0,28980.0,28980.0,22262.0,22262.0,4093425.0,4090363.2992249997,3155249.0,3152187.2992249997
Watermark (Pier 15),2025,2025-08-11,0,0,0,0.03,0,1.0,grosses,0.0,28980.0,28980.0,22262.0,22262.0,4122405.0,4119343.2992249997,3177511.0,3174449.2992249997
Watermark (Pier 15),2025,2025-08-12,0,0,0,0.1,0,1.0,grosses,0.0,28980.0,28980.0,22262.0,22262.0,4151385.0,4148323.2992249997,3199773.0,3196711.2992249997
Watermark (Pier 15),2025,2025-08-13,0,1,1,0.6,0,1.0,grosses,0.0,14490.0,14490.0,7772.0,7772.0,4165875.0,4162813.2992249997,3207545.0,3204483.2992249997
Watermark (Pier 15),2025,2025-08-14,0,0,0,0.5700000000000001,0,1.0,grosses,0.0,28980.0,28980.0,22262.0,22262.0,4194855.0,4191793.2992249997,3229807.0,3226745.2992249997
Watermark (Pier 15),2025,2025-08-15,1,0,0,0.25,1,1.0,grosses,0.0,72450.0,53386.59375,58095.0,39031.59375,4267305.0,4245179.892975,3287902.0,3265776.8929749997
Watermark (Pier 15),2025,2025-08-16,1,0,0,0.12,1,1.0,grosses,0.0,72450.0,63220.4496,58095.0,48865.4496,4339755.0,4308400.342575,3345997.0,3314642.3425749997
Watermark (Pier 15),2025,2025-08-17,0,1,1,0.59,0,1.0,grosses,0.0,14490.0,14490.0,7772.0,7772.0,4354245.0,4322890.342575,3353769.0,3322414.3425749997
Watermark (Pier 15),2025,2025-08-18,0,0,0,0.46,0,1.0,grosses,0.0,28980.0,28980.0,22262.0,22262.0,4383225.0,4351870.342575,3376031.0,3344676.3425749997
Watermark (Pier 15),2025,2025-08-19,0,0,0,0.09,0,1.0,grosses,0.0,28980.0,28980.0,22262.0,22262.0,4412205.0,4380850.342575,3398293.0,3366938.3425749997
Watermark (Pier 15),2025,2025-08-20,0,1,1,0.91,0,1.0,grosses,0.0,14490.0,14490.0,7772.0,7772.0,4426695.0,4395340.342575,3406065.0,3374710.3425749997
Watermark (Pier 15),2025,2025-08-21,0,0,1,0.86,0,1.0,grosses,0.0,28980.0,28980.0,22262.0,22262.0,4455675.0,4424320.342575,3428327.0,3396972.3425749997
Watermark (Pier 15),2025,2025-08-22,1,0,0,0.03,1,1.0,grosses,0.0,72450.0,70128.91935,58095.0,55773.91935,4528125.0,4494449.261925,3486422.0,3452746.2619249998
Watermark (Pier 15),2025,2025-08-23,1,0,0,0.035,1,1.0,grosses,0.0,72450.0,69742.9600875,58095.0,55387.9600875,4600575.0,4564192.222012499,3544517.0,3508134.2220125
Watermark (Pier 15),2025,2025-08-24,0,0,0,0.34,0,1.0,grosses,0.0,28980.0,28980.0,22262.0,22262.0,4629555.0,4593172.222012499,3566779.0,3530396.2220125
Watermark (Pier 15),2025,2025-08-25,0,0,0,0.4,0,1.0,grosses,0.0,28980.0,28980.0,22262.0,22262.0,4658535.0,4622152.222012499,3589041.0,3552658.2220125
Watermark (Pier 15),2025,2025-08-26,0,0,0,0.035,0,1.0,grosses,0.0,28980.0,28980.0,22262.0,22262.0,4687515.0,4651132.222012499,3611303.0,3574920.2220125
Watermark (Pier 15),2025,2025-08-27,0,0,0,0.035,0,1.0,grosses,0.0,28980.0,28980.0,22262.0,22262.0,4716495.0,4680112.222012499,3633565.0,3597182.2220125
Watermark (Pier 15),2025,2025-08-28,0,0,0,0.5,0,1.0,grosses,0.0,28980.0,28980.0,22262.0,22262.0,4745475.0,4709092.222012499,3655827.0,3619444.2220125
Watermark (Pier 15),2025,2025-08-29,1,0,0,,0,1.0,grosses,0.0,72450.0,72450.0,58095.0,58095.0,4817925.0,4781542.2220125,3713922.0,3677539.2220125003
Watermark (Pier 15),2025,2025-08-30,1,0,0,,0,1.0,grosses,0.0,72450.0,72450.0,58095.0,58095.0,4890375.0,4853992.2220125,3772017.0,3735634.2220125003
Watermark (Pier 15),2025,2025-08-31,1,0,0,,0,1.0,grosses,0.0,72450.0,72450.0,58095.0,58095.0,4962825.0,4926442.2220125,3830112.0,3793729.2220125003
Watermark (Pier 15),2025,2025-09-01,1,0,0,,0,1.0,grosses,0.0,72450.0,72450.0,58095.0,58095.0,5035275.0,4998892.2220125,3888207.0,3851824.2220125003
Watermark (Pier 15),2025,2025-09-02,0,0,0,0.375,0,1.0,grosses,0.0,28980.0,28980.0,22262.0,22262.0,5064255.0,5027872.2220125,3910469.0,3874086.2220125003
Watermark (Pier 15),2025,2025-09-03,0,0,0,,0,1.0,grosses,0.0,28980.0,28980.0,22262.0,22262.0,5093235.0,5056852.2220125,3932731.0,3896348.2220125003
Watermark (Pier 15),2025,2025-09-04,0,1,1,0.65,0,1.0,grosses,0.0,14490.0,14490.0,7772.0,7772.0,5107725.0,5071342.2220125,3940503.0,3904120.2220125003
Watermark (Pier 15),2025,2025-09-05,1,0,1,0.7,1,1.0,grosses,0.0,72450.0,93119.985,58095.0,78764.985,5180175.0,5164462.207012501,3998598.0,3982885.2070125
Watermark (Pier 15),2025,2025-09-06,1,1,1,0.89,1,1.0,grosses,0.0,36225.0,43698.00015,21870.0,29343.00015,5216400.0,5208160.2071625,4020468.0,4012228.2071625
Watermark (Pier 15),2025,2025-09-07,0,0,1,0.88,0,1.0,grosses,0.0,28980.0,28980.0,22262.0,22262.0,5245380.0,5237140.207162499,4042730.0,4034490.2071625
Watermark (Pier 15),2025,2025-09-08,0,0,0,0.03,0,1.0,grosses,0.0,28980.0,28980.0,22262.0,22262.0,5274360.0,5266120.207162499,4064992.0,4056752.2071625
Watermark (Pier 15),2025,2025-09-09,0,0,0,0.08,0,1.0,grosses,0.0,28980.0,28980.0,22262.0,22262.0,5303340.0,5295100.207162499,4087254.0,4079014.2071625
Watermark (Pier 15),2025,2025-09-10,0,0,1,0.75,0,1.0,grosses,0.0,28980.0,28980.0,22262.0,22262.0,5332320.0,5324080.207162499,4109516.0,4101276.2071625
Watermark (Pier 15),2025,2025-09-11,0,0,0,0.04,0,1.0,grosses,0.0,28980.0,28980.0,22262.0,22262.0,5361300.0,5353060.207162499,4131778.0,4123538.2071625
Watermark (Pier 15),2025,2025-09-12,1,0,0,0.15,1,1.0,grosses,0.0,72450.0,60935.88375,58095.0,46580.88375,5433750.0,5413996.0909125,4189873.0,4170119.0909125
Watermark (Pier 15),2025,2025-09-13,1,0,0,0.1,1,1.0,grosses,0.0,72450.0,64748.565,58095.0,50393.565,5506200.0,5478744.6559125,4247968.0,4220512.6559125
Watermark (Pier 15),2025,2025-09-14,0,0,0,0.44,0,1.0,grosses,0.0,28980.0,28980.0,22262.0,22262.0,5535180.0,5507724.6559125,4270230.0,4242774.6559125
Watermark (Pier 15),2025,2025-09-15,0,0,0,0.22,0,1.0,grosses,0.0,28980.0,28980.0,22262.0,22262.0,5564160.0,5536704.6559125,4292492.0,4265036.6559125
Watermark (Pier 15),2025,2025-09-16,0,0,0,0.37,0,1.0,grosses,0.0,28980.0,28980.0,22262.0,22262.0,5593140.0,5565684.6559125,4314754.0,4287298.6559125
Watermark (Pier 15),2025,2025-09-17,0,0,1,0.91,0,1.0,grosses,0.0,28980.0,28980.0,22262.0,22262.0,5622120.0,5594664.6559125,4337016.0,4309560.6559125
Watermark (Pier 15),2025,2025-09-18,0,0,1,0.66,0,1.0,grosses,0.0,28980.0,28980.0,22262.0,22262.0,5651100.0,5623644.6559125,4359278.0,4331822.6559125
Watermark (Pier 15),2025,2025-09-19,1,0,0,0.035,1,1.0,grosses,0.0,72450.0,69742.9600875,58095.0,55387.9600875,5723550.0,5693387.616,4417373.0,4387210.616
Watermark (Pier 15),2025,2025-09-20,1,0,0,0.035,1,1.0,grosses,0.0,72450.0,69742.9600875,58095.0,55387.9600875,5796000.0,5763130.576087501,4475468.0,4442598.576087501
Watermark (Pier 15),2025,2025-09-21,0,0,0,0.045,0,1.0,grosses,0.0,28980.0,28980.0,22262.0,22262.0,5824980.0,5792110.576087501,4497730.0,4464860.576087501
Watermark (Pier 15),2025,2025-09-22,0,0,0,0.0699999999999999,0,1.0,grosses,0.0,28980.0,28980.0,22262.0,22262.0,5853960.0,5821090.5760875,4519992.0,4487122.5760875
Watermark (Pier 15),2025,2025-09-24,0,1,1,0.78,0,1.0,grosses,0.0,14490.0,14490.0,7772.0,7772.0,5868450.0,5835580.5760875,4527764.0,4494894.5760875
Watermark (Pier 15),2025,2025-09-25,0,0,1,0.95,0,1.0,grosses,0.0,28980.0,28980.0,22262.0,22262.0,5897430.0,5864560.5760875,4550026.0,4517156.5760875
Watermark (Pier 15),2025,2025-09-26,1,0,0,0.39,1,1.0,grosses,0.0,72450.0,42987.99015,58095.0,28632.990149999998,5969880.0,5907548.5662375,4608121.0,4545789.5662375
Watermark (Pier 15),2025,2025-09-27,1,0,1,0.4,1,1.0,grosses,0.0,72450.0,114702.84,58095.0,100347.84,6042330.0,6022251.4062375,4666216.0,4646137.4062375
Watermark (Pier 15),2025,2025-09-28,0,0,1,0.8400000000000001,0,1.0,grosses,0.0,28980.0,28980.0,22262.0,22262.0,6071310.0,6051231.4062375,4688478.0,4668399.4062375
Watermark (Pier 15),2025,2025-09-29,0,0,0,0.035,0,1.0,grosses,0.0,28980.0,28980.0,22262.0,22262.0,6100290.0,6080211.4062375,4710740.0,4690661.4062375
Watermark (Pier 15),2025,2025-09-30,1,0,0,0.04,1,1.0,grosses,0.0,72450.0,69357.2544,58095.0,55002.2544,6172740.0,6149568.6606375,4768835.0,4745663.6606375
