nom,contrat,date,D,couverte,cum_sans,cum_avec
230 Fifth,reel,2026-05-01,0,0,110400.0,110400.0
230 Fifth,reel,2026-05-02,0,0,220800.0,220800.0
230 Fifth,reel,2026-05-03,0,0,259440.0,259440.0
230 Fifth,reel,2026-05-04,0,0,298080.0,298080.0
230 Fifth,reel,2026-05-05,0,0,336720.0,336720.0
230 Fifth,reel,2026-05-06,1,0,356040.0,356040.0
230 Fifth,reel,2026-05-07,0,0,394680.0,394680.0
230 Fifth,reel,2026-05-08,0,1,505080.0,516469.04064
230 Fifth,reel,2026-05-09,1,1,560280.0,575085.26928
230 Fifth,reel,2026-05-10,0,0,598920.0,613725.26928
230 Fifth,reel,2026-05-11,0,0,637560.0,652365.26928
230 Fifth,reel,2026-05-12,0,0,676200.0,691005.26928
230 Fifth,reel,2026-05-13,0,0,714840.0,729645.26928
230 Fifth,reel,2026-05-14,0,0,753480.0,768285.26928
230 Fifth,reel,2026-05-15,0,1,863880.0,861545.66928
230 Fifth,reel,2026-05-16,0,0,974280.0,971945.66928
230 Fifth,reel,2026-05-17,0,0,1012920.0,1010585.66928
230 Fifth,reel,2026-05-18,0,0,1051560.0,1049225.66928
230 Fifth,reel,2026-05-19,0,0,1090200.0,1087865.66928
230 Fifth,reel,2026-05-20,1,0,1109520.0,1107185.66928
230 Fifth,reel,2026-05-21,0,0,1148160.0,1145825.66928
230 Fifth,reel,2026-05-22,0,0,1258560.0,1256225.66928
230 Fifth,reel,2026-05-23,1,1,1313760.0,1311733.91712
230 Fifth,reel,2026-05-24,0,1,1424160.0,1422442.16496
230 Fifth,reel,2026-05-25,0,1,1534560.0,1536885.5539199999
230 Fifth,reel,2026-05-26,0,0,1573200.0,1575525.5539199999
230 Fifth,reel,2026-05-27,0,0,1611840.0,1614165.5539199999
230 Fifth,reel,2026-05-28,0,0,1650480.0,1652805.5539199999
230 Fifth,reel,2026-05-29,0,0,1760880.0,1763205.5539199999
230 Fifth,reel,2026-05-30,0,1,1871280.0,1891414.56708
230 Fifth,reel,2026-05-31,0,0,1909920.0,1930054.56708
230 Fifth,reel,2026-06-01,0,0,1948560.0,1968694.56708
230 Fifth,reel,2026-06-02,0,0,1987200.0,2007334.56708
230 Fifth,reel,2026-06-03,0,0,2025840.0,2045974.56708
230 Fifth,reel,2026-06-04,0,0,2064480.0,2084614.56708
230 Fifth,reel,2026-06-05,0,0,2174880.0,2195014.56708
230 Fifth,reel,2026-06-06,1,1,2230080.0,2268023.58024
230 Fifth,reel,2026-06-07,0,0,2268720.0,2306663.58024
230 Fifth,reel,2026-06-08,0,0,2307360.0,2345303.58024
230 Fifth,reel,2026-06-09,0,0,2346000.0,2383943.58024
230 Fifth,reel,2026-06-10,0,0,2384640.0,2422583.58024
230 Fifth,reel,2026-06-11,1,0,2403960.0,2441903.58024
230 Fifth,reel,2026-06-12,1,0,2459160.0,2497103.58024
230 Fifth,reel,2026-06-13,0,1,2569560.0,2591692.48968
230 Fifth,reel,2026-06-14,1,0,2588880.0,2611012.48968
230 Fifth,reel,2026-06-15,0,0,2627520.0,2649652.48968
230 Fifth,reel,2026-06-16,0,0,2666160.0,2688292.48968
230 Fifth,reel,2026-06-17,0,0,2704800.0,2726932.48968
230 Fifth,reel,2026-06-18,0,0,2743440.0,2765572.48968
230 Fifth,reel,2026-06-19,0,0,2853840.0,2875972.48968
230 Fifth,reel,2026-06-20,0,0,2964240.0,2986372.48968
230 Fifth,reel,2026-06-21,0,0,3002880.0,3025012.48968
230 Fifth,reel,2026-06-22,1,0,3022200.0,3044332.48968
230 Fifth,reel,2026-06-23,0,0,3060840.0,3082972.48968
230 Fifth,reel,2026-06-24,0,0,3099480.0,3121612.48968
230 Fifth,reel,2026-06-25,0,0,3138120.0,3160252.48968
230 Fifth,reel,2026-06-26,0,1,3248520.0,3275010.15432
230 Fifth,reel,2026-06-27,0,1,3358920.0,3390082.5583200003
230 Fifth,reel,2026-06-28,0,0,3397560.0,3428722.5583200003
230 Fifth,reel,2026-06-29,0,0,3436200.0,3467362.5583200003
230 Fifth,reel,2026-06-30,0,0,3474840.0,3506002.5583200003
230 Fifth,reel,2026-07-01,0,0,3513480.0,3544642.5583200003
230 Fifth,reel,2026-07-02,0,0,3552120.0,3583282.5583200003
230 Fifth,reel,2026-07-03,1,1,3607320.0,3642840.22296
230 Fifth,reel,2026-07-04,1,1,3662520.0,3702397.8876
230 Fifth,reel,2026-07-05,1,0,3681840.0,3721717.8876
230 Fifth,reel,2026-07-06,1,0,3701160.0,3741037.8876
230 Fifth,reel,2026-07-07,0,0,3739800.0,3779677.8876
230 Fifth,reel,2026-07-08,0,0,3778440.0,3818317.8876
230 Fifth,reel,2026-07-09,0,0,3817080.0,3856957.8876
230 Fifth,reel,2026-07-10,0,1,3927480.0,3938595.55224
230 Fifth,reel,2026-07-11,0,1,4037880.0,4054298.8259999994
230 Fifth,reel,2026-07-12,0,0,4076520.0,4092938.8259999994
230 Fifth,reel,2026-07-13,0,0,4115160.0,4131578.8259999994
230 Fifth,reel,2026-07-14,0,0,4153800.0,4170218.8259999994
230 Fifth,reel,2026-07-15,0,0,4192440.0,4208858.825999999
230 Fifth,reel,2026-07-15,0,0,4231080.0,4247498.825999999
230 Fifth,reel,2026-07-17,0,0,4341480.0,4357898.825999999
230 Fifth,reel,2026-07-22,0,0,4380120.0,4396538.825999999
230 Fifth,reel,2026-07-23,0,0,4418760.0,4435178.825999999
230 Fifth,reel,2026-07-24,0,1,4529160.0,4530768.98616
230 Fifth,reel,2026-07-25,0,0,4639560.0,4641168.98616
230 Fifth,reel,2026-07-26,0,0,4678200.0,4679808.98616
230 Fifth,reel,2026-07-27,1,0,4697520.0,4699128.98616
230 Fifth,reel,2026-07-28,1,0,4716840.0,4718448.98616
230 Fifth,reel,2026-07-29,0,0,4755480.0,4757088.98616
230 Fifth,reel,2026-07-30,0,0,4794120.0,4795728.98616
230 Fifth,reel,2026-07-31,0,0,4904520.0,4906128.98616
230 Fifth,reel,2026-08-01,0,0,5014920.0,5016528.98616
230 Fifth,reel,2026-08-02,1,0,5034240.0,5035848.98616
230 Fifth,reel,2026-08-03,0,0,5072880.0,5074488.98616
230 Fifth,reel,2026-08-04,0,0,5111520.0,5113128.98616
230 Fifth,reel,2026-08-05,1,0,5130840.0,5132448.98616
230 Fifth,reel,2026-08-06,0,0,5169480.0,5171088.98616
230 Fifth,reel,2026-08-07,1,1,5224680.0,5236060.2804
230 Fifth,reel,2026-08-08,0,1,5335080.0,5328989.712239999
230 Fifth,reel,2026-08-09,0,0,5373720.0,5367629.712239999
230 Fifth,reel,2026-08-10,0,0,5412360.0,5406269.712239999
230 Fifth,reel,2026-08-11,0,0,5451000.0,5444909.712239999
230 Fifth,reel,2026-08-12,0,0,5489640.0,5483549.712239999
230 Fifth,reel,2026-08-13,0,0,5528280.0,5522189.712239999
230 Fifth,reel,2026-08-14,0,0,5638680.0,5632589.712239999
230 Fifth,reel,2026-08-15,0,1,5749080.0,5727845.65848
230 Fifth,reel,2026-08-16,1,0,5768400.0,5747165.65848
230 Fifth,reel,2026-08-17,0,0,5807040.0,5785805.65848
230 Fifth,reel,2026-08-18,0,0,5845680.0,5824445.65848
230 Fifth,reel,2026-08-19,0,0,5884320.0,5863085.65848
230 Fifth,reel,2026-08-20,1,0,5903640.0,5882405.65848
230 Fifth,reel,2026-08-21,0,1,6014040.0,5973031.29624
230 Fifth,reel,2026-08-22,0,1,6124440.0,6066291.69624
230 Fifth,reel,2026-08-23,0,0,6163080.0,6104931.69624
230 Fifth,reel,2026-08-24,0,0,6201720.0,6143571.6962399995
230 Fifth,reel,2026-08-25,0,0,6240360.0,6182211.6962399995
230 Fifth,reel,2026-08-26,0,0,6279000.0,6220851.6962399995
230 Fifth,reel,2026-08-27,0,0,6317640.0,6259491.6962399995
230 Fifth,reel,2026-08-28,0,1,6428040.0,6345899.13768
230 Fifth,reel,2026-08-29,0,0,6538440.0,6456299.13768
230 Fifth,reel,2026-08-30,1,0,6557760.0,6475619.13768
230 Fifth,reel,2026-08-31,0,0,6596400.0,6514259.13768
230 Fifth,reel,2026-09-01,1,0,6615720.0,6533579.13768
230 Fifth,reel,2026-09-02,0,0,6654360.0,6572219.13768
230 Fifth,reel,2026-09-03,0,0,6693000.0,6610859.13768
230 Fifth,reel,2026-09-04,0,1,6803400.0,6733624.390319999
230 Fifth,reel,2026-09-05,0,0,6913800.0,6844024.390319999
230 Fifth,reel,2026-09-06,0,0,7024200.0,6954424.390319999
230 Fifth,reel,2026-09-07,0,0,7134600.0,7064824.390319999
230 Fifth,reel,2026-09-08,0,0,7173240.0,7103464.390319999
230 Fifth,reel,2026-09-09,0,0,7211880.0,7142104.390319999
230 Fifth,reel,2026-09-10,0,0,7250520.0,7180744.390319999
230 Fifth,reel,2026-09-11,0,0,7360920.0,7291144.390319999
230 Fifth,reel,2026-09-12,0,0,7471320.0,7401544.390319999
230 Fifth,reel,2026-09-13,0,0,7509960.0,7440184.390319999
230 Fifth,reel,2026-09-14,0,0,7548600.0,7478824.390319999
230 Fifth,parfait,2026-05-01,0,0,110400.0,110400.0
230 Fifth,parfait,2026-05-02,0,0,220800.0,220800.0
230 Fifth,parfait,2026-05-03,0,0,259440.0,259440.0
230 Fifth,parfait,2026-05-04,0,0,298080.0,298080.0
230 Fifth,parfait,2026-05-05,0,0,336720.0,336720.0
230 Fifth,parfait,2026-05-06,1,0,356040.0,356040.0
230 Fifth,parfait,2026-05-07,0,0,394680.0,394680.0
230 Fifth,parfait,2026-05-08,0,1,505080.0,497730.33058011427
230 Fifth,parfait,2026-05-09,1,1,560280.0,575885.3866402286
230 Fifth,parfait,2026-05-10,0,0,598920.0,614525.3866402286
230 Fifth,parfait,2026-05-11,0,0,637560.0,653165.3866402286
230 Fifth,parfait,2026-05-12,0,0,676200.0,691805.3866402286
230 Fifth,parfait,2026-05-13,0,0,714840.0,730445.3866402286
230 Fifth,parfait,2026-05-14,0,0,753480.0,769085.3866402286
230 Fifth,parfait,2026-05-15,0,0,863880.0,879485.3866402286
230 Fifth,parfait,2026-05-16,0,0,974280.0,989885.3866402286
230 Fifth,parfait,2026-05-17,0,0,1012920.0,1028525.3866402286
230 Fifth,parfait,2026-05-18,0,0,1051560.0,1067165.3866402286
230 Fifth,parfait,2026-05-19,0,0,1090200.0,1105805.3866402286
230 Fifth,parfait,2026-05-20,1,0,1109520.0,1125125.3866402286
230 Fifth,parfait,2026-05-21,0,0,1148160.0,1163765.3866402286
230 Fifth,parfait,2026-05-22,0,0,1258560.0,1274165.3866402286
230 Fifth,parfait,2026-05-23,1,1,1313760.0,1351203.093132343
230 Fifth,parfait,2026-05-24,0,1,1424160.0,1450320.799624457
230 Fifth,parfait,2026-05-25,0,1,1534560.0,1550779.9263003427
230 Fifth,parfait,2026-05-26,0,0,1573200.0,1589419.9263003427
230 Fifth,parfait,2026-05-27,0,0,1611840.0,1628059.9263003427
230 Fifth,parfait,2026-05-28,0,0,1650480.0,1666699.9263003427
230 Fifth,parfait,2026-05-29,0,0,1760880.0,1777099.9263003427
230 Fifth,parfait,2026-05-30,0,0,1871280.0,1887499.9263003427
230 Fifth,parfait,2026-05-31,0,0,1909920.0,1926139.9263003427
230 Fifth,parfait,2026-06-01,0,0,1948560.0,1964779.926300343
230 Fifth,parfait,2026-06-02,0,0,1987200.0,2003419.926300343
230 Fifth,parfait,2026-06-03,0,0,2025840.0,2042059.926300343
230 Fifth,parfait,2026-06-04,0,0,2064480.0,2080699.926300343
230 Fifth,parfait,2026-06-05,0,0,2174880.0,2191099.926300343
230 Fifth,parfait,2026-06-06,1,0,2230080.0,2246299.926300343
230 Fifth,parfait,2026-06-07,0,0,2268720.0,2284939.926300343
230 Fifth,parfait,2026-06-08,0,0,2307360.0,2323579.926300343
230 Fifth,parfait,2026-06-09,0,0,2346000.0,2362219.926300343
230 Fifth,parfait,2026-06-10,0,0,2384640.0,2400859.926300343
230 Fifth,parfait,2026-06-11,1,0,2403960.0,2420179.926300343
230 Fifth,parfait,2026-06-12,1,0,2459160.0,2475379.926300343
230 Fifth,parfait,2026-06-13,0,0,2569560.0,2585779.926300343
230 Fifth,parfait,2026-06-14,1,0,2588880.0,2605099.926300343
230 Fifth,parfait,2026-06-15,0,0,2627520.0,2643739.926300343
230 Fifth,parfait,2026-06-16,0,0,2666160.0,2682379.926300343
230 Fifth,parfait,2026-06-17,0,0,2704800.0,2721019.926300343
230 Fifth,parfait,2026-06-18,0,0,2743440.0,2759659.926300343
230 Fifth,parfait,2026-06-19,0,0,2853840.0,2870059.926300343
230 Fifth,parfait,2026-06-20,0,0,2964240.0,2980459.926300343
230 Fifth,parfait,2026-06-21,0,0,3002880.0,3019099.926300343
230 Fifth,parfait,2026-06-22,1,0,3022200.0,3038419.926300343
230 Fifth,parfait,2026-06-23,0,0,3060840.0,3077059.926300343
230 Fifth,parfait,2026-06-24,0,0,3099480.0,3115699.926300343
230 Fifth,parfait,2026-06-25,0,0,3138120.0,3154339.926300343
230 Fifth,parfait,2026-06-26,0,1,3248520.0,3254911.163371886
230 Fifth,parfait,2026-06-27,0,1,3358920.0,3355594.5608976004
230 Fifth,parfait,2026-06-28,0,0,3397560.0,3394234.5608976004
230 Fifth,parfait,2026-06-29,0,0,3436200.0,3432874.5608976004
230 Fifth,parfait,2026-06-30,0,0,3474840.0,3471514.5608976004
230 Fifth,parfait,2026-07-01,0,0,3513480.0,3510154.5608976004
230 Fifth,parfait,2026-07-02,0,0,3552120.0,3548794.5608976004
230 Fifth,parfait,2026-07-03,1,1,3607320.0,3627285.797969143
230 Fifth,parfait,2026-07-04,1,1,3662520.0,3705777.035040686
230 Fifth,parfait,2026-07-05,1,0,3681840.0,3725097.035040686
230 Fifth,parfait,2026-07-06,1,0,3701160.0,3744417.035040686
230 Fifth,parfait,2026-07-07,0,0,3739800.0,3783057.035040686
230 Fifth,parfait,2026-07-08,0,0,3778440.0,3821697.035040686
230 Fifth,parfait,2026-07-09,0,0,3817080.0,3860337.035040686
230 Fifth,parfait,2026-07-10,0,1,3927480.0,3960908.272112229
230 Fifth,parfait,2026-07-11,0,1,4037880.0,4061816.1407218287
230 Fifth,parfait,2026-07-12,0,0,4076520.0,4100456.1407218287
230 Fifth,parfait,2026-07-13,0,0,4115160.0,4139096.1407218287
230 Fifth,parfait,2026-07-14,0,0,4153800.0,4177736.1407218287
230 Fifth,parfait,2026-07-15,0,0,4192440.0,4216376.140721829
230 Fifth,parfait,2026-07-15,0,0,4231080.0,4255016.140721829
230 Fifth,parfait,2026-07-17,0,0,4341480.0,4365416.140721829
230 Fifth,parfait,2026-07-22,0,0,4380120.0,4404056.140721829
230 Fifth,parfait,2026-07-23,0,0,4418760.0,4442696.140721828
230 Fifth,parfait,2026-07-24,0,0,4529160.0,4553096.140721828
230 Fifth,parfait,2026-07-25,0,0,4639560.0,4663496.140721828
230 Fifth,parfait,2026-07-26,0,0,4678200.0,4702136.140721828
230 Fifth,parfait,2026-07-27,1,0,4697520.0,4721456.140721828
230 Fifth,parfait,2026-07-28,1,0,4716840.0,4740776.140721828
230 Fifth,parfait,2026-07-29,0,0,4755480.0,4779416.140721828
230 Fifth,parfait,2026-07-30,0,0,4794120.0,4818056.140721828
230 Fifth,parfait,2026-07-31,0,0,4904520.0,4928456.140721828
230 Fifth,parfait,2026-08-01,0,0,5014920.0,5038856.140721828
230 Fifth,parfait,2026-08-02,1,0,5034240.0,5058176.140721828
230 Fifth,parfait,2026-08-03,0,0,5072880.0,5096816.140721828
230 Fifth,parfait,2026-08-04,0,0,5111520.0,5135456.140721828
230 Fifth,parfait,2026-08-05,1,0,5130840.0,5154776.140721828
230 Fifth,parfait,2026-08-06,0,0,5169480.0,5193416.140721828
230 Fifth,parfait,2026-08-07,1,1,5224680.0,5273820.913472228
230 Fifth,parfait,2026-08-08,0,0,5335080.0,5384220.913472228
230 Fifth,parfait,2026-08-09,0,0,5373720.0,5422860.913472228
230 Fifth,parfait,2026-08-10,0,0,5412360.0,5461500.913472228
230 Fifth,parfait,2026-08-11,0,0,5451000.0,5500140.913472228
230 Fifth,parfait,2026-08-12,0,0,5489640.0,5538780.913472228
230 Fifth,parfait,2026-08-13,0,0,5528280.0,5577420.913472228
230 Fifth,parfait,2026-08-14,0,0,5638680.0,5687820.913472228
230 Fifth,parfait,2026-08-15,0,0,5749080.0,5798220.913472228
230 Fifth,parfait,2026-08-16,1,0,5768400.0,5817540.913472228
230 Fifth,parfait,2026-08-17,0,0,5807040.0,5856180.913472228
230 Fifth,parfait,2026-08-18,0,0,5845680.0,5894820.913472228
230 Fifth,parfait,2026-08-19,0,0,5884320.0,5933460.913472228
230 Fifth,parfait,2026-08-20,1,0,5903640.0,5952780.913472228
230 Fifth,parfait,2026-08-21,0,0,6014040.0,6063180.913472228
230 Fifth,parfait,2026-08-22,0,0,6124440.0,6173580.913472228
230 Fifth,parfait,2026-08-23,0,0,6163080.0,6212220.913472228
230 Fifth,parfait,2026-08-24,0,0,6201720.0,6250860.913472228
230 Fifth,parfait,2026-08-25,0,0,6240360.0,6289500.913472228
230 Fifth,parfait,2026-08-26,0,0,6279000.0,6328140.913472228
230 Fifth,parfait,2026-08-27,0,0,6317640.0,6366780.913472228
230 Fifth,parfait,2026-08-28,0,1,6428040.0,6469039.813500342
230 Fifth,parfait,2026-08-29,0,0,6538440.0,6579439.813500342
230 Fifth,parfait,2026-08-30,1,0,6557760.0,6598759.813500342
230 Fifth,parfait,2026-08-31,0,0,6596400.0,6637399.813500342
230 Fifth,parfait,2026-09-01,1,0,6615720.0,6656719.813500343
230 Fifth,parfait,2026-09-02,0,0,6654360.0,6695359.813500343
230 Fifth,parfait,2026-09-03,0,0,6693000.0,6733999.813500343
230 Fifth,parfait,2026-09-04,0,1,6803400.0,6837390.079480457
230 Fifth,parfait,2026-09-05,0,0,6913800.0,6947790.079480457
230 Fifth,parfait,2026-09-06,0,0,7024200.0,7058190.079480457
230 Fifth,parfait,2026-09-07,0,0,7134600.0,7168590.079480457
230 Fifth,parfait,2026-09-08,0,0,7173240.0,7207230.079480457
230 Fifth,parfait,2026-09-09,0,0,7211880.0,7245870.079480456
230 Fifth,parfait,2026-09-10,0,0,7250520.0,7284510.079480457
230 Fifth,parfait,2026-09-11,0,0,7360920.0,7394910.079480457
230 Fifth,parfait,2026-09-12,0,0,7471320.0,7505310.079480457
230 Fifth,parfait,2026-09-13,0,0,7509960.0,7543950.079480457
230 Fifth,parfait,2026-09-14,0,0,7548600.0,7582590.079480457
Elsewhere Rooftop,reel,2026-05-01,0,0,29325.0,29325.0
Elsewhere Rooftop,reel,2026-05-02,0,0,58650.0,58650.0
Elsewhere Rooftop,reel,2026-05-03,0,0,70294.0,70294.0
Elsewhere Rooftop,reel,2026-05-07,0,0,81938.0,81938.0
Elsewhere Rooftop,reel,2026-05-08,0,1,111263.0,114288.21392
Elsewhere Rooftop,reel,2026-05-09,1,1,125925.5,129858.1496525
Elsewhere Rooftop,reel,2026-05-10,0,0,137569.5,141502.1496525
Elsewhere Rooftop,reel,2026-05-14,0,0,149213.5,153146.1496525
Elsewhere Rooftop,reel,2026-05-15,0,1,178538.5,177918.4434025
Elsewhere Rooftop,reel,2026-05-16,0,0,207863.5,207243.4434025
Elsewhere Rooftop,reel,2026-05-17,0,0,219507.5,218887.4434025
Elsewhere Rooftop,reel,2026-05-21,0,0,231151.5,230531.4434025
Elsewhere Rooftop,reel,2026-05-22,0,0,260476.5,259856.4434025
Elsewhere Rooftop,reel,2026-05-23,1,1,275139.0,274600.821735
Elsewhere Rooftop,reel,2026-05-24,0,1,304464.0,304007.7000675
Elsewhere Rooftop,reel,2026-05-28,0,0,316108.0,315651.7000675
Elsewhere Rooftop,reel,2026-05-29,0,0,345433.0,344976.7000675
Elsewhere Rooftop,reel,2026-05-30,0,1,374758.0,379032.219188125
Elsewhere Rooftop,reel,2026-05-31,0,0,386402.0,390676.219188125
Elsewhere Rooftop,reel,2026-06-04,0,0,398046.0,402320.219188125
Elsewhere Rooftop,reel,2026-06-05,0,0,427371.0,431645.219188125
Elsewhere Rooftop,reel,2026-06-06,1,1,442033.5,451038.23830875
Elsewhere Rooftop,reel,2026-06-07,0,0,453677.5,462682.23830875
Elsewhere Rooftop,reel,2026-06-11,1,0,459499.5,468504.23830875
Elsewhere Rooftop,reel,2026-06-12,1,0,474162.0,483166.73830875
Elsewhere Rooftop,reel,2026-06-13,0,1,503487.0,508291.91737875
Elsewhere Rooftop,reel,2026-06-14,1,0,509309.0,514113.91737875
Elsewhere Rooftop,reel,2026-06-18,0,0,520953.0,525757.9173787499
Elsewhere Rooftop,reel,2026-06-19,0,0,550278.0,555082.9173787499
Elsewhere Rooftop,reel,2026-06-20,0,0,579603.0,584407.9173787499
Elsewhere Rooftop,reel,2026-06-21,0,0,591247.0,596051.9173787499
Elsewhere Rooftop,reel,2026-06-25,0,0,602891.0,607695.9173787499
Elsewhere Rooftop,reel,2026-06-26,0,1,632216.0,638178.42204875
Elsewhere Rooftop,reel,2026-06-27,0,1,661541.0,668744.52936125
Elsewhere Rooftop,reel,2026-06-28,0,0,673185.0,680388.52936125
Elsewhere Rooftop,reel,2026-07-02,0,0,684829.0,692032.52936125
Elsewhere Rooftop,reel,2026-07-03,1,1,699491.5,707852.53403125
Elsewhere Rooftop,reel,2026-07-04,1,1,714154.0,723672.5387012501
Elsewhere Rooftop,reel,2026-07-05,1,0,719976.0,729494.5387012501
Elsewhere Rooftop,reel,2026-07-09,0,0,731620.0,741138.53870125
Elsewhere Rooftop,reel,2026-07-10,0,1,760945.0,762823.54337125
Elsewhere Rooftop,reel,2026-07-11,0,1,790270.0,793557.2254637501
Elsewhere Rooftop,reel,2026-07-12,0,0,801914.0,805201.2254637501
Elsewhere Rooftop,reel,2026-07-17,0,0,831239.0,834526.2254637501
Elsewhere Rooftop,reel,2026-07-23,0,0,842883.0,846170.2254637501
Elsewhere Rooftop,reel,2026-07-24,0,1,872208.0,871561.36175625
Elsewhere Rooftop,reel,2026-07-25,0,0,901533.0,900886.36175625
Elsewhere Rooftop,reel,2026-07-26,0,0,913177.0,912530.36175625
Elsewhere Rooftop,reel,2026-07-30,0,0,924821.0,924174.36175625
Elsewhere Rooftop,reel,2026-07-31,0,0,954146.0,953499.36175625
Elsewhere Rooftop,reel,2026-08-01,0,0,983471.0,982824.36175625
Elsewhere Rooftop,reel,2026-08-02,1,0,989293.0,988646.36175625
Elsewhere Rooftop,reel,2026-08-06,0,0,1000937.0,1000290.36175625
Elsewhere Rooftop,reel,2026-08-07,1,1,1015599.5,1017548.36178875
Elsewhere Rooftop,reel,2026-08-08,0,1,1044924.5,1042232.74212125
Elsewhere Rooftop,reel,2026-08-09,0,0,1056568.5,1053876.74212125
Elsewhere Rooftop,reel,2026-08-13,0,0,1068212.5,1065520.74212125
Elsewhere Rooftop,reel,2026-08-14,0,0,1097537.5,1094845.74212125
Elsewhere Rooftop,reel,2026-08-15,0,1,1126862.5,1120148.10284125
Elsewhere Rooftop,reel,2026-08-16,1,0,1132684.5,1125970.10284125
Elsewhere Rooftop,reel,2026-08-20,1,0,1138506.5,1131792.10284125
Elsewhere Rooftop,reel,2026-08-21,0,1,1167831.5,1155864.53787125
Elsewhere Rooftop,reel,2026-08-22,0,1,1197156.5,1180636.83162125
Elsewhere Rooftop,reel,2026-08-23,0,0,1208800.5,1192280.8316212501
Elsewhere Rooftop,reel,2026-08-27,0,0,1220444.5,1203924.8316212501
Elsewhere Rooftop,reel,2026-08-28,0,1,1249769.5,1226876.8082537502
Elsewhere Rooftop,reel,2026-08-29,0,0,1279094.5,1256201.8082537502
Elsewhere Rooftop,reel,2026-08-30,1,0,1284916.5,1262023.8082537502
Elsewhere Rooftop,reel,2026-09-03,0,0,1296560.5,1273667.8082537502
Elsewhere Rooftop,reel,2026-09-04,0,1,1325885.5,1306277.3284862502
Elsewhere Rooftop,reel,2026-09-05,0,0,1355210.5,1335602.3284862502
Elsewhere Rooftop,reel,2026-09-06,0,0,1384535.5,1364927.32848625
Elsewhere Rooftop,reel,2026-09-10,0,0,1396179.5,1376571.32848625
Elsewhere Rooftop,reel,2026-09-11,0,0,1425504.5,1405896.32848625
Elsewhere Rooftop,reel,2026-09-12,0,0,1454829.5,1435221.32848625
Elsewhere Rooftop,reel,2026-09-13,0,1,1484154.5,1464710.20831625
Elsewhere Rooftop,parfait,2026-05-01,0,0,29325.0,29325.0
Elsewhere Rooftop,parfait,2026-05-02,0,0,58650.0,58650.0
Elsewhere Rooftop,parfait,2026-05-03,0,0,70294.0,70294.0
Elsewhere Rooftop,parfait,2026-05-07,0,0,81938.0,81938.0
Elsewhere Rooftop,parfait,2026-05-08,0,1,111263.0,109310.74406034285
Elsewhere Rooftop,parfait,2026-05-09,1,1,125925.5,130070.68082631071
Elsewhere Rooftop,parfait,2026-05-10,0,0,137569.5,141714.6808263107
Elsewhere Rooftop,parfait,2026-05-14,0,0,149213.5,153358.6808263107
Elsewhere Rooftop,parfait,2026-05-15,0,0,178538.5,182683.6808263107
Elsewhere Rooftop,parfait,2026-05-16,0,0,207863.5,212008.6808263107
Elsewhere Rooftop,parfait,2026-05-17,0,0,219507.5,223652.6808263107
Elsewhere Rooftop,parfait,2026-05-21,0,0,231151.5,235296.6808263107
Elsewhere Rooftop,parfait,2026-05-22,0,0,260476.5,264621.6808263107
Elsewhere Rooftop,parfait,2026-05-23,1,1,275139.0,285084.8216132786
Elsewhere Rooftop,parfait,2026-05-24,0,1,304464.0,311412.96240024647
Elsewhere Rooftop,parfait,2026-05-28,0,0,316108.0,323056.9624002464
Elsewhere Rooftop,parfait,2026-05-29,0,0,345433.0,352381.9624002464
Elsewhere Rooftop,parfait,2026-05-30,0,0,374758.0,381706.9624002464
Elsewhere Rooftop,parfait,2026-05-31,0,0,386402.0,393350.9624002464
Elsewhere Rooftop,parfait,2026-06-04,0,0,398046.0,404994.9624002464
Elsewhere Rooftop,parfait,2026-06-05,0,0,427371.0,434319.9624002464
Elsewhere Rooftop,parfait,2026-06-06,1,0,442033.5,448982.4624002464
Elsewhere Rooftop,parfait,2026-06-07,0,0,453677.5,460626.4624002464
Elsewhere Rooftop,parfait,2026-06-11,1,0,459499.5,466448.4624002464
Elsewhere Rooftop,parfait,2026-06-12,1,0,474162.0,481110.9624002464
Elsewhere Rooftop,parfait,2026-06-13,0,0,503487.0,510435.9624002464
Elsewhere Rooftop,parfait,2026-06-14,1,0,509309.0,516257.9624002464
Elsewhere Rooftop,parfait,2026-06-18,0,0,520953.0,527901.9624002464
Elsewhere Rooftop,parfait,2026-06-19,0,0,550278.0,557226.9624002464
Elsewhere Rooftop,parfait,2026-06-20,0,0,579603.0,586551.9624002464
Elsewhere Rooftop,parfait,2026-06-21,0,0,591247.0,598195.9624002464
Elsewhere Rooftop,parfait,2026-06-25,0,0,602891.0,609839.9624002464
Elsewhere Rooftop,parfait,2026-06-26,0,1,632216.0,636554.197247375
Elsewhere Rooftop,parfait,2026-06-27,0,1,661541.0,663298.2247151429
Elsewhere Rooftop,parfait,2026-06-28,0,0,673185.0,674942.2247151429
Elsewhere Rooftop,parfait,2026-07-02,0,0,684829.0,686586.2247151429
Elsewhere Rooftop,parfait,2026-07-03,1,1,699491.5,707435.4595622715
Elsewhere Rooftop,parfait,2026-07-04,1,1,714154.0,728284.6944094001
Elsewhere Rooftop,parfait,2026-07-05,1,0,719976.0,734106.6944094001
Elsewhere Rooftop,parfait,2026-07-09,0,0,731620.0,745750.6944094
Elsewhere Rooftop,parfait,2026-07-10,0,1,760945.0,772464.9292565286
Elsewhere Rooftop,parfait,2026-07-11,0,1,790270.0,799268.5818559537
Elsewhere Rooftop,parfait,2026-07-12,0,0,801914.0,810912.5818559537
Elsewhere Rooftop,parfait,2026-07-17,0,0,831239.0,840237.5818559537
Elsewhere Rooftop,parfait,2026-07-23,0,0,842883.0,851881.5818559537
Elsewhere Rooftop,parfait,2026-07-24,0,0,872208.0,881206.5818559537
Elsewhere Rooftop,parfait,2026-07-25,0,0,901533.0,910531.5818559537
Elsewhere Rooftop,parfait,2026-07-26,0,0,913177.0,922175.5818559536
Elsewhere Rooftop,parfait,2026-07-30,0,0,924821.0,933819.5818559536
Elsewhere Rooftop,parfait,2026-07-31,0,0,954146.0,963144.5818559536
Elsewhere Rooftop,parfait,2026-08-01,0,0,983471.0,992469.5818559536
Elsewhere Rooftop,parfait,2026-08-02,1,0,989293.0,998291.5818559536
Elsewhere Rooftop,parfait,2026-08-06,0,0,1000937.0,1009935.5818559536
Elsewhere Rooftop,parfait,2026-08-07,1,1,1015599.5,1031293.0996177786
Elsewhere Rooftop,parfait,2026-08-08,0,0,1044924.5,1060618.0996177786
Elsewhere Rooftop,parfait,2026-08-09,0,0,1056568.5,1072262.0996177786
Elsewhere Rooftop,parfait,2026-08-13,0,0,1068212.5,1083906.0996177786
Elsewhere Rooftop,parfait,2026-08-14,0,0,1097537.5,1113231.0996177786
Elsewhere Rooftop,parfait,2026-08-15,0,0,1126862.5,1142556.0996177786
Elsewhere Rooftop,parfait,2026-08-16,1,0,1132684.5,1148378.0996177786
Elsewhere Rooftop,parfait,2026-08-20,1,0,1138506.5,1154200.0996177786
Elsewhere Rooftop,parfait,2026-08-21,0,0,1167831.5,1183525.0996177786
Elsewhere Rooftop,parfait,2026-08-22,0,0,1197156.5,1212850.0996177786
Elsewhere Rooftop,parfait,2026-08-23,0,0,1208800.5,1224494.0996177786
Elsewhere Rooftop,parfait,2026-08-27,0,0,1220444.5,1236138.0996177786
Elsewhere Rooftop,parfait,2026-08-28,0,1,1249769.5,1263300.6199377463
Elsewhere Rooftop,parfait,2026-08-29,0,0,1279094.5,1292625.6199377463
Elsewhere Rooftop,parfait,2026-08-30,1,0,1284916.5,1298447.6199377463
Elsewhere Rooftop,parfait,2026-09-03,0,0,1296560.5,1310091.6199377463
Elsewhere Rooftop,parfait,2026-09-04,0,1,1325885.5,1337554.659338714
Elsewhere Rooftop,parfait,2026-09-05,0,0,1355210.5,1366879.659338714
Elsewhere Rooftop,parfait,2026-09-06,0,0,1384535.5,1396204.659338714
Elsewhere Rooftop,parfait,2026-09-10,0,0,1396179.5,1407848.659338714
Elsewhere Rooftop,parfait,2026-09-11,0,0,1425504.5,1437173.659338714
Elsewhere Rooftop,parfait,2026-09-12,0,0,1454829.5,1466498.659338714
Elsewhere Rooftop,parfait,2026-09-13,0,1,1484154.5,1492856.419888014
The Rooftop at Pier 17,reel,2026-05-01,0,0,282948.0,282948.0
The Rooftop at Pier 17,reel,2026-05-02,0,0,565896.0,565896.0
The Rooftop at Pier 17,reel,2026-05-03,0,0,848844.0,848844.0
The Rooftop at Pier 17,reel,2026-05-07,0,0,1131792.0,1131792.0
The Rooftop at Pier 17,reel,2026-05-08,0,1,1414740.0,1443929.3683968
The Rooftop at Pier 17,reel,2026-05-09,1,1,1556214.0,1594158.9396036
The Rooftop at Pier 17,reel,2026-05-10,0,0,1839162.0,1877106.9396036
The Rooftop at Pier 17,reel,2026-05-14,0,0,2122110.0,2160054.9396035997
The Rooftop at Pier 17,reel,2026-05-15,0,1,2405058.0,2399075.2626035996
The Rooftop at Pier 17,reel,2026-05-16,0,0,2688006.0,2682023.2626035996
The Rooftop at Pier 17,reel,2026-05-17,0,0,2970954.0,2964971.2626035996
The Rooftop at Pier 17,reel,2026-05-21,0,0,3253902.0,3247919.2626035996
The Rooftop at Pier 17,reel,2026-05-22,0,0,3536850.0,3530867.2626035996
The Rooftop at Pier 17,reel,2026-05-23,1,1,3678324.0,3673131.2817143993
The Rooftop at Pier 17,reel,2026-05-24,0,1,3961272.0,3956869.300825199
The Rooftop at Pier 17,reel,2026-05-28,0,0,4244220.0,4239817.3008252
The Rooftop at Pier 17,reel,2026-05-29,0,0,4527168.0,4522765.3008252
The Rooftop at Pier 17,reel,2026-05-30,0,1,4810116.0,4851356.6400969
The Rooftop at Pier 17,reel,2026-05-31,0,0,5093064.0,5134304.6400969
The Rooftop at Pier 17,reel,2026-06-04,0,0,5376012.0,5417252.6400969
The Rooftop at Pier 17,reel,2026-06-05,0,0,5658960.0,5700200.6400969
The Rooftop at Pier 17,reel,2026-06-06,1,1,5800434.0,5887317.9793686
The Rooftop at Pier 17,reel,2026-06-07,0,0,6083382.0,6170265.9793686
The Rooftop at Pier 17,reel,2026-06-11,1,0,6224856.0,6311739.9793686
The Rooftop at Pier 17,reel,2026-06-12,1,0,6366330.0,6453213.9793686
The Rooftop at Pier 17,reel,2026-06-13,0,1,6649278.0,6695639.1854214
The Rooftop at Pier 17,reel,2026-06-14,1,0,6790752.0,6837113.1854214
The Rooftop at Pier 17,reel,2026-06-18,0,0,7073700.0,7120061.1854214
The Rooftop at Pier 17,reel,2026-06-19,0,0,7356648.0,7403009.1854214
The Rooftop at Pier 17,reel,2026-06-20,0,0,7639596.0,7685957.1854214
The Rooftop at Pier 17,reel,2026-06-21,0,0,7922544.0,7968905.1854214
The Rooftop at Pier 17,reel,2026-06-25,0,0,8205492.0,8251853.1854214
The Rooftop at Pier 17,reel,2026-06-26,0,1,8488440.0,8545969.5956982
The Rooftop at Pier 17,reel,2026-06-27,0,1,8771388.0,8840892.6624282
The Rooftop at Pier 17,reel,2026-06-28,0,0,9054336.0,9123840.6624282
The Rooftop at Pier 17,reel,2026-07-02,0,0,9337284.0,9406788.6624282
The Rooftop at Pier 17,reel,2026-07-03,1,1,9478758.0,9559431.072705
The Rooftop at Pier 17,reel,2026-07-04,1,1,9620232.0,9712073.482981801
The Rooftop at Pier 17,reel,2026-07-05,1,0,9761706.0,9853547.482981801
The Rooftop at Pier 17,reel,2026-07-09,0,0,10044654.0,10136495.4829818
The Rooftop at Pier 17,reel,2026-07-10,0,1,10327602.0,10345727.4932586
The Rooftop at Pier 17,reel,2026-07-11,0,1,10610550.0,10642267.438039798
The Rooftop at Pier 17,reel,2026-07-12,0,0,10893498.0,10925215.438039798
The Rooftop at Pier 17,reel,2026-07-17,0,0,11176446.0,11208163.438039798
The Rooftop at Pier 17,reel,2026-07-23,0,0,11459394.0,11491111.438039798
The Rooftop at Pier 17,reel,2026-07-24,0,1,11742342.0,11736102.784388999
The Rooftop at Pier 17,reel,2026-07-25,0,0,12025290.0,12019050.784388999
The Rooftop at Pier 17,reel,2026-07-26,0,0,12308238.0,12301998.784389
The Rooftop at Pier 17,reel,2026-07-30,0,0,12591186.0,12584946.784389
The Rooftop at Pier 17,reel,2026-07-31,0,0,12874134.0,12867894.784389
The Rooftop at Pier 17,reel,2026-08-01,0,0,13157082.0,13150842.784389
The Rooftop at Pier 17,reel,2026-08-02,1,0,13298556.0,13292316.784389
The Rooftop at Pier 17,reel,2026-08-06,0,0,13581504.0,13575264.784389
The Rooftop at Pier 17,reel,2026-08-07,1,1,13722978.0,13741781.974267801
The Rooftop at Pier 17,reel,2026-08-08,0,1,14005926.0,13979954.047458602
The Rooftop at Pier 17,reel,2026-08-09,0,0,14288874.0,14262902.0474586
The Rooftop at Pier 17,reel,2026-08-13,0,0,14571822.0,14545850.0474586
The Rooftop at Pier 17,reel,2026-08-14,0,0,14854770.0,14828798.0474586
The Rooftop at Pier 17,reel,2026-08-15,0,1,15137718.0,15072932.8253274
The Rooftop at Pier 17,reel,2026-08-16,1,0,15279192.0,15214406.8253274
The Rooftop at Pier 17,reel,2026-08-20,1,0,15420666.0,15355880.8253274
The Rooftop at Pier 17,reel,2026-08-21,0,1,15703614.0,15588148.4245386
The Rooftop at Pier 17,reel,2026-08-22,0,1,15986562.0,15827168.7475386
The Rooftop at Pier 17,reel,2026-08-23,0,0,16269510.0,16110116.7475386
The Rooftop at Pier 17,reel,2026-08-27,0,0,16552458.0,16393064.7475386
The Rooftop at Pier 17,reel,2026-08-28,0,1,16835406.0,16614521.3846814
The Rooftop at Pier 17,reel,2026-08-29,0,0,17118354.0,16897469.3846814
The Rooftop at Pier 17,reel,2026-08-30,1,0,17259828.0,17038943.3846814
The Rooftop at Pier 17,reel,2026-09-03,0,0,17542776.0,17321891.3846814
The Rooftop at Pier 17,reel,2026-09-04,0,1,17825724.0,17636530.7207682
The Rooftop at Pier 17,reel,2026-09-05,0,0,18108672.0,17919478.7207682
The Rooftop at Pier 17,reel,2026-09-06,0,0,18391620.0,18202426.7207682
The Rooftop at Pier 17,reel,2026-09-10,0,0,18674568.0,18485374.7207682
The Rooftop at Pier 17,reel,2026-09-11,0,0,18957516.0,18768322.7207682
The Rooftop at Pier 17,reel,2026-09-12,0,0,19240464.0,19051270.7207682
The Rooftop at Pier 17,reel,2026-09-13,0,1,19523412.0,19335799.947371397
The Rooftop at Pier 17,parfait,2026-05-01,0,0,282948.0,282948.0
The Rooftop at Pier 17,parfait,2026-05-02,0,0,565896.0,565896.0
The Rooftop at Pier 17,parfait,2026-05-03,0,0,848844.0,848844.0
The Rooftop at Pier 17,parfait,2026-05-07,0,0,1131792.0,1131792.0
The Rooftop at Pier 17,parfait,2026-05-08,0,1,1414740.0,1395903.2766030994
The Rooftop at Pier 17,parfait,2026-05-09,1,1,1556214.0,1596209.5882162987
The Rooftop at Pier 17,parfait,2026-05-10,0,0,1839162.0,1879157.5882162987
The Rooftop at Pier 17,parfait,2026-05-14,0,0,2122110.0,2162105.5882162987
The Rooftop at Pier 17,parfait,2026-05-15,0,0,2405058.0,2445053.5882162987
The Rooftop at Pier 17,parfait,2026-05-16,0,0,2688006.0,2728001.5882162987
The Rooftop at Pier 17,parfait,2026-05-17,0,0,2970954.0,3010949.5882162987
The Rooftop at Pier 17,parfait,2026-05-21,0,0,3253902.0,3293897.5882162987
The Rooftop at Pier 17,parfait,2026-05-22,0,0,3536850.0,3576845.5882162987
The Rooftop at Pier 17,parfait,2026-05-23,1,1,3678324.0,3774288.205757338
The Rooftop at Pier 17,parfait,2026-05-24,0,1,3961272.0,4028320.4232983775
The Rooftop at Pier 17,parfait,2026-05-28,0,0,4244220.0,4311268.423298378
The Rooftop at Pier 17,parfait,2026-05-29,0,0,4527168.0,4594216.423298378
The Rooftop at Pier 17,parfait,2026-05-30,0,0,4810116.0,4877164.423298378
The Rooftop at Pier 17,parfait,2026-05-31,0,0,5093064.0,5160112.423298378
The Rooftop at Pier 17,parfait,2026-06-04,0,0,5376012.0,5443060.423298378
The Rooftop at Pier 17,parfait,2026-06-05,0,0,5658960.0,5726008.423298378
The Rooftop at Pier 17,parfait,2026-06-06,1,0,5800434.0,5867482.423298378
The Rooftop at Pier 17,parfait,2026-06-07,0,0,6083382.0,6150430.423298378
The Rooftop at Pier 17,parfait,2026-06-11,1,0,6224856.0,6291904.423298378
The Rooftop at Pier 17,parfait,2026-06-12,1,0,6366330.0,6433378.423298378
The Rooftop at Pier 17,parfait,2026-06-13,0,0,6649278.0,6716326.423298378
The Rooftop at Pier 17,parfait,2026-06-14,1,0,6790752.0,6857800.423298378
The Rooftop at Pier 17,parfait,2026-06-18,0,0,7073700.0,7140748.423298378
The Rooftop at Pier 17,parfait,2026-06-19,0,0,7356648.0,7423696.423298378
The Rooftop at Pier 17,parfait,2026-06-20,0,0,7639596.0,7706644.423298378
The Rooftop at Pier 17,parfait,2026-06-21,0,0,7922544.0,7989592.423298378
The Rooftop at Pier 17,parfait,2026-06-25,0,0,8205492.0,8272540.423298378
The Rooftop at Pier 17,parfait,2026-06-26,0,1,8488440.0,8530297.94491902
The Rooftop at Pier 17,parfait,2026-06-27,0,1,8771388.0,8788342.926468892
The Rooftop at Pier 17,parfait,2026-06-28,0,0,9054336.0,9071290.926468892
The Rooftop at Pier 17,parfait,2026-07-02,0,0,9337284.0,9354238.926468892
The Rooftop at Pier 17,parfait,2026-07-03,1,1,9478758.0,9555406.848089535
The Rooftop at Pier 17,parfait,2026-07-04,1,1,9620232.0,9756574.769710178
The Rooftop at Pier 17,parfait,2026-07-05,1,0,9761706.0,9898048.769710178
The Rooftop at Pier 17,parfait,2026-07-09,0,0,10044654.0,10180996.769710176
The Rooftop at Pier 17,parfait,2026-07-10,0,1,10327602.0,10438754.291330818
The Rooftop at Pier 17,parfait,2026-07-11,0,1,10610550.0,10697374.57762927
The Rooftop at Pier 17,parfait,2026-07-12,0,0,10893498.0,10980322.57762927
The Rooftop at Pier 17,parfait,2026-07-17,0,0,11176446.0,11263270.57762927
The Rooftop at Pier 17,parfait,2026-07-23,0,0,11459394.0,11546218.57762927
The Rooftop at Pier 17,parfait,2026-07-24,0,0,11742342.0,11829166.57762927
The Rooftop at Pier 17,parfait,2026-07-25,0,0,12025290.0,12112114.57762927
The Rooftop at Pier 17,parfait,2026-07-26,0,0,12308238.0,12395062.577629272
The Rooftop at Pier 17,parfait,2026-07-30,0,0,12591186.0,12678010.577629272
The Rooftop at Pier 17,parfait,2026-07-31,0,0,12874134.0,12960958.577629272
The Rooftop at Pier 17,parfait,2026-08-01,0,0,13157082.0,13243906.577629272
The Rooftop at Pier 17,parfait,2026-08-02,1,0,13298556.0,13385380.577629272
The Rooftop at Pier 17,parfait,2026-08-06,0,0,13581504.0,13668328.577629272
The Rooftop at Pier 17,parfait,2026-08-07,1,1,13722978.0,13874400.76639902
The Rooftop at Pier 17,parfait,2026-08-08,0,0,14005926.0,14157348.76639902
The Rooftop at Pier 17,parfait,2026-08-09,0,0,14288874.0,14440296.766399018
The Rooftop at Pier 17,parfait,2026-08-13,0,0,14571822.0,14723244.766399018
The Rooftop at Pier 17,parfait,2026-08-14,0,0,14854770.0,15006192.766399018
The Rooftop at Pier 17,parfait,2026-08-15,0,0,15137718.0,15289140.766399018
The Rooftop at Pier 17,parfait,2026-08-16,1,0,15279192.0,15430614.766399018
The Rooftop at Pier 17,parfait,2026-08-20,1,0,15420666.0,15572088.766399018
The Rooftop at Pier 17,parfait,2026-08-21,0,0,15703614.0,15855036.766399018
The Rooftop at Pier 17,parfait,2026-08-22,0,0,15986562.0,16137984.766399018
The Rooftop at Pier 17,parfait,2026-08-23,0,0,16269510.0,16420932.766399018
The Rooftop at Pier 17,parfait,2026-08-27,0,0,16552458.0,16703880.766399018
The Rooftop at Pier 17,parfait,2026-08-28,0,1,16835406.0,16965963.658112377
The Rooftop at Pier 17,parfait,2026-08-29,0,0,17118354.0,17248911.658112377
The Rooftop at Pier 17,parfait,2026-08-30,1,0,17259828.0,17390385.658112377
The Rooftop at Pier 17,parfait,2026-09-03,0,0,17542776.0,17673333.658112377
The Rooftop at Pier 17,parfait,2026-09-04,0,1,17825724.0,17938316.166975975
The Rooftop at Pier 17,parfait,2026-09-05,0,0,18108672.0,18221264.166975975
The Rooftop at Pier 17,parfait,2026-09-06,0,0,18391620.0,18504212.166975975
The Rooftop at Pier 17,parfait,2026-09-10,0,0,18674568.0,18787160.166975975
The Rooftop at Pier 17,parfait,2026-09-11,0,0,18957516.0,19070108.166975975
The Rooftop at Pier 17,parfait,2026-09-12,0,0,19240464.0,19353056.166975975
The Rooftop at Pier 17,parfait,2026-09-13,0,1,19523412.0,19607374.176589046
Berry Park,reel,2026-05-01,0,0,20161.0,20161.0
Berry Park,reel,2026-05-02,0,0,40322.0,40322.0
Berry Park,reel,2026-05-03,0,0,48861.0,48861.0
Berry Park,reel,2026-05-05,0,0,57400.0,57400.0
Berry Park,reel,2026-05-06,1,0,61669.5,61669.5
Berry Park,reel,2026-05-07,0,0,70208.5,70208.5
Berry Park,reel,2026-05-08,0,1,90369.5,92449.3410176
Berry Park,reel,2026-05-09,1,1,100450.0,103153.7050177
Berry Park,reel,2026-05-10,0,0,108989.0,111692.7050177
Berry Park,reel,2026-05-12,0,0,117528.0,120231.7050177
Berry Park,reel,2026-05-13,0,0,126067.0,128770.7050177
Berry Park,reel,2026-05-14,0,0,134606.0,137309.7050177
Berry Park,reel,2026-05-15,0,1,154767.0,154340.7097677
Berry Park,reel,2026-05-16,0,0,174928.0,174501.7097677
Berry Park,reel,2026-05-17,0,0,183467.0,183040.7097677
Berry Park,reel,2026-05-19,0,0,192006.0,191579.7097677
Berry Park,reel,2026-05-20,1,0,196275.5,195849.2097677
Berry Park,reel,2026-05-21,0,0,204814.5,204388.2097677
Berry Park,reel,2026-05-22,0,0,224975.5,224549.2097677
Berry Park,reel,2026-05-23,1,1,235056.0,234686.0012958
Berry Park,reel,2026-05-24,0,1,255217.0,254903.2928239
Berry Park,reel,2026-05-26,0,0,263756.0,263442.2928239
Berry Park,reel,2026-05-27,0,0,272295.0,271981.2928239
Berry Park,reel,2026-05-28,0,0,280834.0,280520.2928239
Berry Park,reel,2026-05-29,0,0,300995.0,300681.2928239
Berry Park,reel,2026-05-30,0,1,321156.0,324094.534801425
Berry Park,reel,2026-05-31,0,0,329695.0,332633.534801425
Berry Park,reel,2026-06-02,0,0,338234.0,341172.534801425
Berry Park,reel,2026-06-03,0,0,346773.0,349711.534801425
Berry Park,reel,2026-06-04,0,0,355312.0,358250.534801425
Berry Park,reel,2026-06-05,0,0,375473.0,378411.534801425
Berry Park,reel,2026-06-06,1,1,385553.5,391744.27677895
Berry Park,reel,2026-06-07,0,0,394092.5,400283.27677895
Berry Park,reel,2026-06-09,0,0,402631.5,408822.27677895
Berry Park,reel,2026-06-10,0,0,411170.5,417361.27677895
Berry Park,reel,2026-06-11,1,0,415440.0,421630.77677895
Berry Park,reel,2026-06-12,1,0,425520.5,431711.27677895
Berry Park,reel,2026-06-13,0,1,445681.5,448984.89093855
Berry Park,reel,2026-06-14,1,0,449951.0,453254.39093855
Berry Park,reel,2026-06-16,0,0,458490.0,461793.39093855
Berry Park,reel,2026-06-17,0,0,467029.0,470332.39093855
Berry Park,reel,2026-06-18,0,0,475568.0,478871.39093855
Berry Park,reel,2026-06-19,0,0,495729.0,499032.39093855
Berry Park,reel,2026-06-20,0,0,515890.0,519193.39093855
Berry Park,reel,2026-06-21,0,0,524429.0,527732.39093855
Berry Park,reel,2026-06-23,0,0,532968.0,536271.39093855
Berry Park,reel,2026-06-24,0,0,541507.0,544810.39093855
Berry Park,reel,2026-06-25,0,0,550046.0,553349.39093855
Berry Park,reel,2026-06-26,0,1,570207.0,574306.17786615
Berry Park,reel,2026-06-27,0,1,590368.0,595320.44178865
Berry Park,reel,2026-06-28,0,0,598907.0,603859.44178865
Berry Park,reel,2026-06-30,0,0,607446.0,612398.44178865
Berry Park,reel,2026-07-01,0,0,615985.0,620937.44178865
Berry Park,reel,2026-07-02,0,0,624524.0,629476.44178865
Berry Park,reel,2026-07-03,1,1,634604.5,640352.72871625
Berry Park,reel,2026-07-04,1,1,644685.0,651229.01564385
Berry Park,reel,2026-07-05,1,0,648954.5,655498.51564385
Berry Park,reel,2026-07-07,0,0,657493.5,664037.51564385
Berry Park,reel,2026-07-08,0,0,666032.5,672576.51564385
Berry Park,reel,2026-07-09,0,0,674571.5,681115.51564385
Berry Park,reel,2026-07-10,0,1,694732.5,696024.00257145
Berry Park,reel,2026-07-11,0,1,714893.5,717153.4745123499
Berry Park,reel,2026-07-12,0,0,723432.5,725692.4745123499
Berry Park,reel,2026-07-14,0,0,731971.5,734231.4745123499
Berry Park,reel,2026-07-15,0,0,740510.5,742770.4745123499
Berry Park,reel,2026-07-15,0,0,749049.5,751309.4745123499
Berry Park,reel,2026-07-17,0,0,769210.5,771470.4745123499
Berry Park,reel,2026-07-22,0,0,777749.5,780009.4745123499
Berry Park,reel,2026-07-23,0,0,786288.5,788548.4745123499
Berry Park,reel,2026-07-24,0,1,806449.5,806004.93482925
Berry Park,reel,2026-07-25,0,0,826610.5,826165.93482925
Berry Park,reel,2026-07-26,0,0,835149.5,834704.93482925
Berry Park,reel,2026-07-28,1,0,839419.0,838974.43482925
Berry Park,reel,2026-07-29,0,0,847958.0,847513.43482925
Berry Park,reel,2026-07-30,0,0,856497.0,856052.43482925
Berry Park,reel,2026-07-31,0,0,876658.0,876213.43482925
Berry Park,reel,2026-08-01,0,0,896819.0,896374.43482925
Berry Park,reel,2026-08-02,1,0,901088.5,900643.93482925
Berry Park,reel,2026-08-04,0,0,909627.5,909182.93482925
Berry Park,reel,2026-08-05,1,0,913897.0,913452.43482925
Berry Park,reel,2026-08-06,0,0,922436.0,921991.43482925
Berry Park,reel,2026-08-07,1,1,932516.5,933856.34663335
Berry Park,reel,2026-08-08,0,1,952677.5,950826.91072145
Berry Park,reel,2026-08-09,0,0,961216.5,959365.91072145
Berry Park,reel,2026-08-11,0,0,969755.5,967904.91072145
Berry Park,reel,2026-08-12,0,0,978294.5,976443.91072145
Berry Park,reel,2026-08-13,0,0,986833.5,984982.91072145
Berry Park,reel,2026-08-14,0,0,1006994.5,1005143.91072145
Berry Park,reel,2026-08-15,0,1,1027155.5,1022539.33764305
Berry Park,reel,2026-08-16,1,0,1031425.0,1026808.83764305
Berry Park,reel,2026-08-18,0,0,1039964.0,1035347.83764305
Berry Park,reel,2026-08-19,0,0,1048503.0,1043886.83764305
Berry Park,reel,2026-08-20,1,0,1052772.5,1048156.33764305
Berry Park,reel,2026-08-21,0,1,1072933.5,1064706.18803145
Berry Park,reel,2026-08-22,0,1,1093094.5,1081737.19278145
Berry Park,reel,2026-08-23,0,0,1101633.5,1090276.1927814502
Berry Park,reel,2026-08-25,0,0,1110172.5,1098815.1927814502
Berry Park,reel,2026-08-26,0,0,1118711.5,1107354.1927814502
Berry Park,reel,2026-08-27,0,0,1127250.5,1115893.1927814502
Berry Park,reel,2026-08-28,0,1,1147411.5,1131672.7256335502
Berry Park,reel,2026-08-29,0,0,1167572.5,1151833.7256335502
Berry Park,reel,2026-08-30,1,0,1171842.0,1156103.2256335502
Berry Park,reel,2026-09-01,1,0,1176111.5,1160372.7256335502
Berry Park,reel,2026-09-02,0,0,1184650.5,1168911.72563355
Berry Park,reel,2026-09-03,0,0,1193189.5,1177450.72563355
Berry Park,reel,2026-09-04,0,1,1213350.5,1199869.84029365
Berry Park,reel,2026-09-05,0,0,1233511.5,1220030.84029365
Berry Park,reel,2026-09-06,0,0,1253672.5,1240191.84029365
Berry Park,reel,2026-09-08,0,0,1262211.5,1248730.84029365
Berry Park,reel,2026-09-09,0,0,1270750.5,1257269.84029365
Berry Park,reel,2026-09-10,0,0,1279289.5,1265808.84029365
Berry Park,reel,2026-09-11,0,0,1299450.5,1285969.84029365
Berry Park,reel,2026-09-12,0,0,1319611.5,1306130.84029365
Berry Park,reel,2026-09-13,0,0,1328150.5,1314669.84029365
Berry Park,parfait,2026-05-01,0,0,20161.0,20161.0
Berry Park,parfait,2026-05-02,0,0,40322.0,40322.0
Berry Park,parfait,2026-05-03,0,0,48861.0,48861.0
Berry Park,parfait,2026-05-05,0,0,57400.0,57400.0
Berry Park,parfait,2026-05-06,1,0,61669.5,61669.5
Berry Park,parfait,2026-05-07,0,0,70208.5,70208.5
Berry Park,parfait,2026-05-08,0,1,90369.5,89027.31988066743
Berry Park,parfait,2026-05-09,1,1,100450.0,103299.82065265987
Berry Park,parfait,2026-05-10,0,0,108989.0,111838.82065265987
Berry Park,parfait,2026-05-12,0,0,117528.0,120377.82065265987
Berry Park,parfait,2026-05-13,0,0,126067.0,128916.82065265987
Berry Park,parfait,2026-05-14,0,0,134606.0,137455.82065265987
Berry Park,parfait,2026-05-15,0,0,154767.0,157616.82065265987
Berry Park,parfait,2026-05-16,0,0,174928.0,177777.82065265987
Berry Park,parfait,2026-05-17,0,0,183467.0,186316.82065265987
Berry Park,parfait,2026-05-19,0,0,192006.0,194855.82065265987
Berry Park,parfait,2026-05-20,1,0,196275.5,199125.32065265987
Berry Park,parfait,2026-05-21,0,0,204814.5,207664.32065265987
Berry Park,parfait,2026-05-22,0,0,224975.5,227825.32065265987
Berry Park,parfait,2026-05-23,1,1,235056.0,241893.77355653228
Berry Park,parfait,2026-05-24,0,1,255217.0,259994.4264604047
Berry Park,parfait,2026-05-26,0,0,263756.0,268533.4264604047
Berry Park,parfait,2026-05-27,0,0,272295.0,277072.4264604047
Berry Park,parfait,2026-05-28,0,0,280834.0,285611.4264604047
Berry Park,parfait,2026-05-29,0,0,300995.0,305772.4264604047
Berry Park,parfait,2026-05-30,0,0,321156.0,325933.4264604047
Berry Park,parfait,2026-05-31,0,0,329695.0,334472.4264604047
Berry Park,parfait,2026-06-02,0,0,338234.0,343011.4264604047
Berry Park,parfait,2026-06-03,0,0,346773.0,351550.4264604047
Berry Park,parfait,2026-06-04,0,0,355312.0,360089.4264604047
Berry Park,parfait,2026-06-05,0,0,375473.0,380250.4264604047
Berry Park,parfait,2026-06-06,1,0,385553.5,390330.9264604047
Berry Park,parfait,2026-06-07,0,0,394092.5,398869.9264604047
Berry Park,parfait,2026-06-09,0,0,402631.5,407408.9264604047
Berry Park,parfait,2026-06-10,0,0,411170.5,415947.9264604047
Berry Park,parfait,2026-06-11,1,0,415440.0,420217.4264604047
Berry Park,parfait,2026-06-12,1,0,425520.5,430297.9264604047
Berry Park,parfait,2026-06-13,0,0,445681.5,450458.9264604047
Berry Park,parfait,2026-06-14,1,0,449951.0,454728.4264604047
Berry Park,parfait,2026-06-16,0,0,458490.0,463267.4264604047
Berry Park,parfait,2026-06-17,0,0,467029.0,471806.4264604047
Berry Park,parfait,2026-06-18,0,0,475568.0,480345.4264604047
Berry Park,parfait,2026-06-19,0,0,495729.0,500506.4264604047
Berry Park,parfait,2026-06-20,0,0,515890.0,520667.4264604047
Berry Park,parfait,2026-06-21,0,0,524429.0,529206.4264604046
Berry Park,parfait,2026-06-23,0,0,532968.0,537745.4264604046
Berry Park,parfait,2026-06-24,0,0,541507.0,546284.4264604046
Berry Park,parfait,2026-06-25,0,0,550046.0,554823.4264604046
Berry Park,parfait,2026-06-26,0,1,570207.0,573189.519853515
Berry Park,parfait,2026-06-27,0,1,590368.0,591576.0957368114
Berry Park,parfait,2026-06-28,0,0,598907.0,600115.0957368114
Berry Park,parfait,2026-06-30,0,0,607446.0,608654.0957368114
Berry Park,parfait,2026-07-01,0,0,615985.0,617193.0957368114
Berry Park,parfait,2026-07-02,0,0,624524.0,625732.0957368114
Berry Park,parfait,2026-07-03,1,1,634604.5,640065.9891299217
Berry Park,parfait,2026-07-04,1,1,644685.0,654399.8825230319
Berry Park,parfait,2026-07-05,1,0,648954.5,658669.3825230319
Berry Park,parfait,2026-07-07,0,0,657493.5,667208.3825230319
Berry Park,parfait,2026-07-08,0,0,666032.5,675747.3825230319
Berry Park,parfait,2026-07-09,0,0,674571.5,684286.3825230319
Berry Park,parfait,2026-07-10,0,1,694732.5,702652.4759161422
Berry Park,parfait,2026-07-11,0,1,714893.5,721080.0442045312
Berry Park,parfait,2026-07-12,0,0,723432.5,729619.0442045312
Berry Park,parfait,2026-07-14,0,0,731971.5,738158.0442045312
Berry Park,parfait,2026-07-15,0,0,740510.5,746697.0442045312
Berry Park,parfait,2026-07-15,0,0,749049.5,755236.0442045312
Berry Park,parfait,2026-07-17,0,0,769210.5,775397.0442045312
Berry Park,parfait,2026-07-22,0,0,777749.5,783936.0442045312
Berry Park,parfait,2026-07-23,0,0,786288.5,792475.0442045312
Berry Park,parfait,2026-07-24,0,0,806449.5,812636.0442045312
Berry Park,parfait,2026-07-25,0,0,826610.5,832797.0442045312
Berry Park,parfait,2026-07-26,0,0,835149.5,841336.0442045312
Berry Park,parfait,2026-07-28,1,0,839419.0,845605.5442045312
Berry Park,parfait,2026-07-29,0,0,847958.0,854144.5442045312
Berry Park,parfait,2026-07-30,0,0,856497.0,862683.5442045312
Berry Park,parfait,2026-07-31,0,0,876658.0,882844.5442045312
Berry Park,parfait,2026-08-01,0,0,896819.0,903005.5442045312
Berry Park,parfait,2026-08-02,1,0,901088.5,907275.0442045312
Berry Park,parfait,2026-08-04,0,0,909627.5,915814.0442045312
Berry Park,parfait,2026-08-05,1,0,913897.0,920083.5442045312
Berry Park,parfait,2026-08-06,0,0,922436.0,928622.5442045312
Berry Park,parfait,2026-08-07,1,1,932516.5,943305.8831847922
Berry Park,parfait,2026-08-08,0,0,952677.5,963466.8831847922
Berry Park,parfait,2026-08-09,0,0,961216.5,972005.8831847922
Berry Park,parfait,2026-08-11,0,0,969755.5,980544.8831847922
Berry Park,parfait,2026-08-12,0,0,978294.5,989083.8831847922
Berry Park,parfait,2026-08-13,0,0,986833.5,997622.8831847922
Berry Park,parfait,2026-08-14,0,0,1006994.5,1017783.8831847922
Berry Park,parfait,2026-08-15,0,0,1027155.5,1037944.8831847922
Berry Park,parfait,2026-08-16,1,0,1031425.0,1042214.3831847922
Berry Park,parfait,2026-08-18,0,0,1039964.0,1050753.3831847922
Berry Park,parfait,2026-08-19,0,0,1048503.0,1059292.3831847922
Berry Park,parfait,2026-08-20,1,0,1052772.5,1063561.8831847922
Berry Park,parfait,2026-08-21,0,0,1072933.5,1083722.8831847922
Berry Park,parfait,2026-08-22,0,0,1093094.5,1103883.8831847922
Berry Park,parfait,2026-08-23,0,0,1101633.5,1112422.8831847922
Berry Park,parfait,2026-08-25,0,0,1110172.5,1120961.8831847922
Berry Park,parfait,2026-08-26,0,0,1118711.5,1129500.8831847922
Berry Park,parfait,2026-08-27,0,0,1127250.5,1138039.8831847922
Berry Park,parfait,2026-08-28,0,1,1147411.5,1156714.1737959047
Berry Park,parfait,2026-08-29,0,0,1167572.5,1176875.1737959047
Berry Park,parfait,2026-08-30,1,0,1171842.0,1181144.6737959047
Berry Park,parfait,2026-09-01,1,0,1176111.5,1185414.1737959047
Berry Park,parfait,2026-09-02,0,0,1184650.5,1193953.1737959047
Berry Park,parfait,2026-09-03,0,0,1193189.5,1202492.1737959047
Berry Park,parfait,2026-09-04,0,1,1213350.5,1221373.071915697
Berry Park,parfait,2026-09-05,0,0,1233511.5,1241534.071915697
Berry Park,parfait,2026-09-06,0,0,1253672.5,1261695.071915697
Berry Park,parfait,2026-09-08,0,0,1262211.5,1270234.071915697
Berry Park,parfait,2026-09-09,0,0,1270750.5,1278773.071915697
Berry Park,parfait,2026-09-10,0,0,1279289.5,1287312.071915697
Berry Park,parfait,2026-09-11,0,0,1299450.5,1307473.071915697
Berry Park,parfait,2026-09-12,0,0,1319611.5,1327634.071915697
Berry Park,parfait,2026-09-13,0,0,1328150.5,1336173.071915697
Time Out Market rooftop,reel,2026-05-01,0,0,36351.0,36351.0
Time Out Market rooftop,reel,2026-05-02,0,0,72702.0,72702.0
Time Out Market rooftop,reel,2026-05-03,0,0,88098.0,88098.0
Time Out Market rooftop,reel,2026-05-04,0,0,103494.0,103494.0
Time Out Market rooftop,reel,2026-05-05,0,0,118890.0,118890.0
Time Out Market rooftop,reel,2026-05-06,1,0,126588.0,126588.0
Time Out Market rooftop,reel,2026-05-07,0,0,141984.0,141984.0
Time Out Market rooftop,reel,2026-05-08,0,1,178335.0,182085.0273216
Time Out Market rooftop,reel,2026-05-09,1,1,196510.5,201385.3763007
Time Out Market rooftop,reel,2026-05-10,0,0,211906.5,216781.3763007
Time Out Market rooftop,reel,2026-05-11,0,0,227302.5,232177.3763007
Time Out Market rooftop,reel,2026-05-12,0,0,242698.5,247573.3763007
Time Out Market rooftop,reel,2026-05-13,0,0,258094.5,262969.3763007
Time Out Market rooftop,reel,2026-05-14,0,0,273490.5,278365.3763007
Time Out Market rooftop,reel,2026-05-15,0,1,309841.5,309072.88355070003
Time Out Market rooftop,reel,2026-05-16,0,0,346192.5,345423.88355070003
Time Out Market rooftop,reel,2026-05-17,0,0,361588.5,360819.88355070003
Time Out Market rooftop,reel,2026-05-18,0,0,376984.5,376215.88355070003
Time Out Market rooftop,reel,2026-05-19,0,0,392380.5,391611.88355070003
Time Out Market rooftop,reel,2026-05-20,1,0,400078.5,399309.88355070003
Time Out Market rooftop,reel,2026-05-21,0,0,415474.5,414705.88355070003
Time Out Market rooftop,reel,2026-05-22,0,0,451825.5,451056.88355070003
Time Out Market rooftop,reel,2026-05-23,1,1,470001.0,469333.87917780003
Time Out Market rooftop,reel,2026-05-24,0,1,506352.0,505786.3748049
Time Out Market rooftop,reel,2026-05-25,0,1,542703.0,543468.7265448
Time Out Market rooftop,reel,2026-05-26,0,0,558099.0,558864.7265448
Time Out Market rooftop,reel,2026-05-27,0,0,573495.0,574260.7265448
Time Out Market rooftop,reel,2026-05-28,0,0,588891.0,589656.7265448
Time Out Market rooftop,reel,2026-05-29,0,0,625242.0,626007.7265448
Time Out Market rooftop,reel,2026-05-30,0,1,661593.0,668222.634492075
Time Out Market rooftop,reel,2026-05-31,0,0,676989.0,683618.634492075
Time Out Market rooftop,reel,2026-06-01,0,0,692385.0,699014.6344920751
Time Out Market rooftop,reel,2026-06-02,0,0,707781.0,714410.6344920751
Time Out Market rooftop,reel,2026-06-03,0,0,723177.0,729806.6344920751
Time Out Market rooftop,reel,2026-06-04,0,0,738573.0,745202.6344920751
Time Out Market rooftop,reel,2026-06-05,0,0,774924.0,781553.6344920751
Time Out Market rooftop,reel,2026-06-06,1,1,793099.5,805593.04243935
Time Out Market rooftop,reel,2026-06-07,0,0,808495.5,820989.04243935
Time Out Market rooftop,reel,2026-06-08,0,0,823891.5,836385.04243935
Time Out Market rooftop,reel,2026-06-09,0,0,839287.5,851781.04243935
Time Out Market rooftop,reel,2026-06-10,0,0,854683.5,867177.04243935
Time Out Market rooftop,reel,2026-06-11,1,0,862381.5,874875.04243935
Time Out Market rooftop,reel,2026-06-12,1,0,880557.0,893050.54243935
Time Out Market rooftop,reel,2026-06-13,0,1,916908.0,924195.48308295
Time Out Market rooftop,reel,2026-06-14,1,0,924606.0,931893.48308295
Time Out Market rooftop,reel,2026-06-15,0,0,940002.0,947289.48308295
Time Out Market rooftop,reel,2026-06-16,0,0,955398.0,962685.48308295
Time Out Market rooftop,reel,2026-06-17,0,0,970794.0,978081.4830829501
Time Out Market rooftop,reel,2026-06-18,0,0,986190.0,993477.4830829501
Time Out Market rooftop,reel,2026-06-19,0,0,1022541.0,1029828.4830829501
Time Out Market rooftop,reel,2026-06-20,0,0,1058892.0,1066179.48308295
Time Out Market rooftop,reel,2026-06-21,0,0,1074288.0,1081575.48308295
Time Out Market rooftop,reel,2026-06-22,1,0,1081986.0,1089273.48308295
Time Out Market rooftop,reel,2026-06-23,0,0,1097382.0,1104669.48308295
Time Out Market rooftop,reel,2026-06-24,0,0,1112778.0,1120065.48308295
Time Out Market rooftop,reel,2026-06-25,0,0,1128174.0,1135461.48308295
Time Out Market rooftop,reel,2026-06-26,0,1,1164525.0,1173247.3152145501
Time Out Market rooftop,reel,2026-06-27,0,1,1200876.0,1211136.7804120502
Time Out Market rooftop,reel,2026-06-28,0,0,1216272.0,1226532.7804120502
Time Out Market rooftop,reel,2026-06-29,0,0,1231668.0,1241928.7804120502
Time Out Market rooftop,reel,2026-06-30,0,0,1247064.0,1257324.7804120502
Time Out Market rooftop,reel,2026-07-01,0,0,1262460.0,1272720.7804120502
Time Out Market rooftop,reel,2026-07-02,0,0,1277856.0,1288116.7804120502
Time Out Market rooftop,reel,2026-07-03,1,1,1296031.5,1307727.1125436502
Time Out Market rooftop,reel,2026-07-04,1,1,1314207.0,1327337.4446752502
Time Out Market rooftop,reel,2026-07-05,1,0,1321905.0,1335035.4446752502
Time Out Market rooftop,reel,2026-07-06,1,0,1329603.0,1342733.4446752502
Time Out Market rooftop,reel,2026-07-07,0,0,1344999.0,1358129.4446752502
Time Out Market rooftop,reel,2026-07-08,0,0,1360395.0,1373525.4446752502
Time Out Market rooftop,reel,2026-07-09,0,0,1375791.0,1388921.4446752502
Time Out Market rooftop,reel,2026-07-10,0,1,1412142.0,1415801.9768068502
Time Out Market rooftop,reel,2026-07-11,0,1,1448493.0,1453899.1661587502
Time Out Market rooftop,reel,2026-07-12,0,0,1463889.0,1469295.1661587502
Time Out Market rooftop,reel,2026-07-13,0,0,1479285.0,1484691.1661587502
Time Out Market rooftop,reel,2026-07-14,0,0,1494681.0,1500087.1661587502
Time Out Market rooftop,reel,2026-07-15,0,0,1510077.0,1515483.1661587502
Time Out Market rooftop,reel,2026-07-15,0,0,1525473.0,1530879.1661587502
Time Out Market rooftop,reel,2026-07-17,0,0,1561824.0,1567230.1661587502
Time Out Market rooftop,reel,2026-07-22,0,0,1577220.0,1582626.1661587502
Time Out Market rooftop,reel,2026-07-23,0,0,1592616.0,1598022.1661587502
Time Out Market rooftop,reel,2026-07-24,0,1,1628967.0,1629496.78492665
Time Out Market rooftop,reel,2026-07-25,0,0,1665318.0,1665847.78492665
Time Out Market rooftop,reel,2026-07-26,0,0,1680714.0,1681243.78492665
Time Out Market rooftop,reel,2026-07-27,1,0,1688412.0,1688941.78492665
Time Out Market rooftop,reel,2026-07-28,1,0,1696110.0,1696639.78492665
Time Out Market rooftop,reel,2026-07-29,0,0,1711506.0,1712035.78492665
Time Out Market rooftop,reel,2026-07-30,0,0,1726902.0,1727431.78492665
Time Out Market rooftop,reel,2026-07-31,0,0,1763253.0,1763782.78492665
Time Out Market rooftop,reel,2026-08-01,0,0,1799604.0,1800133.78492665
Time Out Market rooftop,reel,2026-08-02,1,0,1807302.0,1807831.78492665
Time Out Market rooftop,reel,2026-08-03,0,0,1822698.0,1823227.78492665
Time Out Market rooftop,reel,2026-08-04,0,0,1838094.0,1838623.78492665
Time Out Market rooftop,reel,2026-08-05,1,0,1845792.0,1846321.78492665
Time Out Market rooftop,reel,2026-08-06,0,0,1861188.0,1861717.78492665
Time Out Market rooftop,reel,2026-08-07,1,1,1879363.5,1883110.64286975
Time Out Market rooftop,reel,2026-08-08,0,1,1915714.5,1913709.17345685
Time Out Market rooftop,reel,2026-08-09,0,0,1931110.5,1929105.17345685
Time Out Market rooftop,reel,2026-08-10,0,0,1946506.5,1944501.17345685
Time Out Market rooftop,reel,2026-08-11,0,0,1961902.5,1959897.17345685
Time Out Market rooftop,reel,2026-08-12,0,0,1977298.5,1975293.17345685
Time Out Market rooftop,reel,2026-08-13,0,0,1992694.5,1990689.17345685
Time Out Market rooftop,reel,2026-08-14,0,0,2029045.5,2027040.17345685
Time Out Market rooftop,reel,2026-08-15,0,1,2065396.5,2058404.74684245
Time Out Market rooftop,reel,2026-08-16,1,0,2073094.5,2066102.74684245
Time Out Market rooftop,reel,2026-08-17,0,0,2088490.5,2081498.74684245
Time Out Market rooftop,reel,2026-08-18,0,0,2103886.5,2096894.74684245
Time Out Market rooftop,reel,2026-08-19,0,0,2119282.5,2112290.74684245
Time Out Market rooftop,reel,2026-08-20,1,0,2126980.5,2119988.74684245
Time Out Market rooftop,reel,2026-08-21,0,1,2163331.5,2149828.71566685
Time Out Market rooftop,reel,2026-08-22,0,1,2199682.5,2180536.22291685
Time Out Market rooftop,reel,2026-08-23,0,0,2215078.5,2195932.22291685
Time Out Market rooftop,reel,2026-08-24,0,0,2230474.5,2211328.22291685
Time Out Market rooftop,reel,2026-08-25,0,0,2245870.5,2226724.22291685
Time Out Market rooftop,reel,2026-08-26,0,0,2261266.5,2242120.22291685
Time Out Market rooftop,reel,2026-08-27,0,0,2276662.5,2257516.22291685
Time Out Market rooftop,reel,2026-08-28,0,1,2313013.5,2285967.28182795
Time Out Market rooftop,reel,2026-08-29,0,0,2349364.5,2322318.28182795
Time Out Market rooftop,reel,2026-08-30,1,0,2357062.5,2330016.28182795
Time Out Market rooftop,reel,2026-08-31,0,0,2372458.5,2345412.28182795
Time Out Market rooftop,reel,2026-09-01,1,0,2380156.5,2353110.28182795
Time Out Market rooftop,reel,2026-09-02,0,0,2395552.5,2368506.28182795
Time Out Market rooftop,reel,2026-09-03,0,0,2410948.5,2383902.28182795
Time Out Market rooftop,reel,2026-09-04,0,1,2447299.5,2424324.7428670498
Time Out Market rooftop,reel,2026-09-05,0,0,2483650.5,2460675.7428670498
Time Out Market rooftop,reel,2026-09-06,0,0,2520001.5,2497026.7428670498
Time Out Market rooftop,reel,2026-09-07,0,0,2556352.5,2533377.7428670498
Time Out Market rooftop,reel,2026-09-08,0,0,2571748.5,2548773.7428670498
Time Out Market rooftop,reel,2026-09-09,0,0,2587144.5,2564169.74286705
Time Out Market rooftop,reel,2026-09-10,0,0,2602540.5,2579565.74286705
Time Out Market rooftop,reel,2026-09-11,0,0,2638891.5,2615916.74286705
Time Out Market rooftop,reel,2026-09-12,0,0,2675242.5,2652267.74286705
Time Out Market rooftop,reel,2026-09-13,0,0,2690638.5,2667663.74286705
Time Out Market rooftop,reel,2026-09-14,0,0,2706034.5,2683059.74286705
Time Out Market rooftop,parfait,2026-05-01,0,0,36351.0,36351.0
Time Out Market rooftop,parfait,2026-05-02,0,0,72702.0,72702.0
Time Out Market rooftop,parfait,2026-05-03,0,0,88098.0,88098.0
Time Out Market rooftop,parfait,2026-05-04,0,0,103494.0,103494.0
Time Out Market rooftop,parfait,2026-05-05,0,0,118890.0,118890.0
Time Out Market rooftop,parfait,2026-05-06,1,0,126588.0,126588.0
Time Out Market rooftop,parfait,2026-05-07,0,0,141984.0,141984.0
Time Out Market rooftop,parfait,2026-05-08,0,1,178335.0,175915.00151193602
Time Out Market rooftop,parfait,2026-05-09,1,1,196510.5,201648.82798694703
Time Out Market rooftop,parfait,2026-05-10,0,0,211906.5,217044.82798694703
Time Out Market rooftop,parfait,2026-05-11,0,0,227302.5,232440.82798694703
Time Out Market rooftop,parfait,2026-05-12,0,0,242698.5,247836.82798694703
Time Out Market rooftop,parfait,2026-05-13,0,0,258094.5,263232.827986947
Time Out Market rooftop,parfait,2026-05-14,0,0,273490.5,278628.827986947
Time Out Market rooftop,parfait,2026-05-15,0,0,309841.5,314979.827986947
Time Out Market rooftop,parfait,2026-05-16,0,0,346192.5,351330.827986947
Time Out Market rooftop,parfait,2026-05-17,0,0,361588.5,366726.827986947
Time Out Market rooftop,parfait,2026-05-18,0,0,376984.5,382122.827986947
Time Out Market rooftop,parfait,2026-05-19,0,0,392380.5,397518.827986947
Time Out Market rooftop,parfait,2026-05-20,1,0,400078.5,405216.827986947
Time Out Market rooftop,parfait,2026-05-21,0,0,415474.5,420612.827986947
Time Out Market rooftop,parfait,2026-05-22,0,0,451825.5,456963.827986947
Time Out Market rooftop,parfait,2026-05-23,1,1,470001.0,482329.748899038
Time Out Market rooftop,parfait,2026-05-24,0,1,506352.0,514965.869811129
Time Out Market rooftop,parfait,2026-05-25,0,1,542703.0,548043.675189708
Time Out Market rooftop,parfait,2026-05-26,0,0,558099.0,563439.675189708
Time Out Market rooftop,parfait,2026-05-27,0,0,573495.0,578835.675189708
Time Out Market rooftop,parfait,2026-05-28,0,0,588891.0,594231.675189708
Time Out Market rooftop,parfait,2026-05-29,0,0,625242.0,630582.675189708
Time Out Market rooftop,parfait,2026-05-30,0,0,661593.0,666933.675189708
Time Out Market rooftop,parfait,2026-05-31,0,0,676989.0,682329.675189708
Time Out Market rooftop,parfait,2026-06-01,0,0,692385.0,697725.675189708
Time Out Market rooftop,parfait,2026-06-02,0,0,707781.0,713121.675189708
Time Out Market rooftop,parfait,2026-06-03,0,0,723177.0,728517.675189708
Time Out Market rooftop,parfait,2026-06-04,0,0,738573.0,743913.675189708
Time Out Market rooftop,parfait,2026-06-05,0,0,774924.0,780264.675189708
Time Out Market rooftop,parfait,2026-06-06,1,0,793099.5,798440.175189708
Time Out Market rooftop,parfait,2026-06-07,0,0,808495.5,813836.175189708
Time Out Market rooftop,parfait,2026-06-08,0,0,823891.5,829232.175189708
Time Out Market rooftop,parfait,2026-06-09,0,0,839287.5,844628.175189708
Time Out Market rooftop,parfait,2026-06-10,0,0,854683.5,860024.175189708
Time Out Market rooftop,parfait,2026-06-11,1,0,862381.5,867722.175189708
Time Out Market rooftop,parfait,2026-06-12,1,0,880557.0,885897.675189708
Time Out Market rooftop,parfait,2026-06-13,0,0,916908.0,922248.675189708
Time Out Market rooftop,parfait,2026-06-14,1,0,924606.0,929946.675189708
Time Out Market rooftop,parfait,2026-06-15,0,0,940002.0,945342.675189708
Time Out Market rooftop,parfait,2026-06-16,0,0,955398.0,960738.675189708
Time Out Market rooftop,parfait,2026-06-17,0,0,970794.0,976134.675189708
Time Out Market rooftop,parfait,2026-06-18,0,0,986190.0,991530.675189708
Time Out Market rooftop,parfait,2026-06-19,0,0,1022541.0,1027881.675189708
Time Out Market rooftop,parfait,2026-06-20,0,0,1058892.0,1064232.675189708
Time Out Market rooftop,parfait,2026-06-21,0,0,1074288.0,1079628.675189708
Time Out Market rooftop,parfait,2026-06-22,1,0,1081986.0,1087326.675189708
Time Out Market rooftop,parfait,2026-06-23,0,0,1097382.0,1102722.675189708
Time Out Market rooftop,parfait,2026-06-24,0,0,1112778.0,1118118.675189708
Time Out Market rooftop,parfait,2026-06-25,0,0,1128174.0,1133514.675189708
Time Out Market rooftop,parfait,2026-06-26,0,1,1164525.0,1166629.3947439438
Time Out Market rooftop,parfait,2026-06-27,0,1,1200876.0,1199781.044956419
Time Out Market rooftop,parfait,2026-06-28,0,0,1216272.0,1215177.044956419
Time Out Market rooftop,parfait,2026-06-29,0,0,1231668.0,1230573.044956419
Time Out Market rooftop,parfait,2026-06-30,0,0,1247064.0,1245969.044956419
Time Out Market rooftop,parfait,2026-07-01,0,0,1262460.0,1261365.044956419
Time Out Market rooftop,parfait,2026-07-02,0,0,1277856.0,1276761.044956419
Time Out Market rooftop,parfait,2026-07-03,1,1,1296031.5,1302605.5645106551
Time Out Market rooftop,parfait,2026-07-04,1,1,1314207.0,1328450.084064891
Time Out Market rooftop,parfait,2026-07-05,1,0,1321905.0,1336148.084064891
Time Out Market rooftop,parfait,2026-07-06,1,0,1329603.0,1343846.084064891
Time Out Market rooftop,parfait,2026-07-07,0,0,1344999.0,1359242.084064891
Time Out Market rooftop,parfait,2026-07-08,0,0,1360395.0,1374638.084064891
Time Out Market rooftop,parfait,2026-07-09,0,0,1375791.0,1390034.084064891
Time Out Market rooftop,parfait,2026-07-10,0,1,1412142.0,1423148.803619127
Time Out Market rooftop,parfait,2026-07-11,0,1,1448493.0,1456374.364595826
Time Out Market rooftop,parfait,2026-07-12,0,0,1463889.0,1471770.364595826
Time Out Market rooftop,parfait,2026-07-13,0,0,1479285.0,1487166.364595826
Time Out Market rooftop,parfait,2026-07-14,0,0,1494681.0,1502562.364595826
Time Out Market rooftop,parfait,2026-07-15,0,0,1510077.0,1517958.364595826
Time Out Market rooftop,parfait,2026-07-15,0,0,1525473.0,1533354.364595826
Time Out Market rooftop,parfait,2026-07-17,0,0,1561824.0,1569705.364595826
Time Out Market rooftop,parfait,2026-07-22,0,0,1577220.0,1585101.364595826
Time Out Market rooftop,parfait,2026-07-23,0,0,1592616.0,1600497.364595826
Time Out Market rooftop,parfait,2026-07-24,0,0,1628967.0,1636848.364595826
Time Out Market rooftop,parfait,2026-07-25,0,0,1665318.0,1673199.364595826
Time Out Market rooftop,parfait,2026-07-26,0,0,1680714.0,1688595.364595826
Time Out Market rooftop,parfait,2026-07-27,1,0,1688412.0,1696293.364595826
Time Out Market rooftop,parfait,2026-07-28,1,0,1696110.0,1703991.364595826
Time Out Market rooftop,parfait,2026-07-29,0,0,1711506.0,1719387.364595826
Time Out Market rooftop,parfait,2026-07-30,0,0,1726902.0,1734783.364595826
Time Out Market rooftop,parfait,2026-07-31,0,0,1763253.0,1771134.364595826
Time Out Market rooftop,parfait,2026-08-01,0,0,1799604.0,1807485.364595826
Time Out Market rooftop,parfait,2026-08-02,1,0,1807302.0,1815183.364595826
Time Out Market rooftop,parfait,2026-08-03,0,0,1822698.0,1830579.364595826
Time Out Market rooftop,parfait,2026-08-04,0,0,1838094.0,1845975.364595826
Time Out Market rooftop,parfait,2026-08-05,1,0,1845792.0,1853673.364595826
Time Out Market rooftop,parfait,2026-08-06,0,0,1861188.0,1869069.364595826
Time Out Market rooftop,parfait,2026-08-07,1,1,1879363.5,1895543.946971277
Time Out Market rooftop,parfait,2026-08-08,0,0,1915714.5,1931894.946971277
Time Out Market rooftop,parfait,2026-08-09,0,0,1931110.5,1947290.946971277
Time Out Market rooftop,parfait,2026-08-10,0,0,1946506.5,1962686.946971277
Time Out Market rooftop,parfait,2026-08-11,0,0,1961902.5,1978082.946971277
Time Out Market rooftop,parfait,2026-08-12,0,0,1977298.5,1993478.946971277
Time Out Market rooftop,parfait,2026-08-13,0,0,1992694.5,2008874.946971277
Time Out Market rooftop,parfait,2026-08-14,0,0,2029045.5,2045225.946971277
Time Out Market rooftop,parfait,2026-08-15,0,0,2065396.5,2081576.946971277
Time Out Market rooftop,parfait,2026-08-16,1,0,2073094.5,2089274.946971277
Time Out Market rooftop,parfait,2026-08-17,0,0,2088490.5,2104670.946971277
Time Out Market rooftop,parfait,2026-08-18,0,0,2103886.5,2120066.946971277
Time Out Market rooftop,parfait,2026-08-19,0,0,2119282.5,2135462.946971277
Time Out Market rooftop,parfait,2026-08-20,1,0,2126980.5,2143160.946971277
Time Out Market rooftop,parfait,2026-08-21,0,0,2163331.5,2179511.946971277
Time Out Market rooftop,parfait,2026-08-22,0,0,2199682.5,2215862.946971277
Time Out Market rooftop,parfait,2026-08-23,0,0,2215078.5,2231258.946971277
Time Out Market rooftop,parfait,2026-08-24,0,0,2230474.5,2246654.946971277
Time Out Market rooftop,parfait,2026-08-25,0,0,2245870.5,2262050.946971277
Time Out Market rooftop,parfait,2026-08-26,0,0,2261266.5,2277446.946971277
Time Out Market rooftop,parfait,2026-08-27,0,0,2276662.5,2292842.946971277
Time Out Market rooftop,parfait,2026-08-28,0,1,2313013.5,2326513.3570702076
Time Out Market rooftop,parfait,2026-08-29,0,0,2349364.5,2362864.3570702076
Time Out Market rooftop,parfait,2026-08-30,1,0,2357062.5,2370562.3570702076
Time Out Market rooftop,parfait,2026-08-31,0,0,2372458.5,2385958.3570702076
Time Out Market rooftop,parfait,2026-09-01,1,0,2380156.5,2393656.357070208
Time Out Market rooftop,parfait,2026-09-02,0,0,2395552.5,2409052.357070208
Time Out Market rooftop,parfait,2026-09-03,0,0,2410948.5,2424448.357070208
Time Out Market rooftop,parfait,2026-09-04,0,1,2447299.5,2458491.287855019
Time Out Market rooftop,parfait,2026-09-05,0,0,2483650.5,2494842.287855019
Time Out Market rooftop,parfait,2026-09-06,0,0,2520001.5,2531193.287855019
Time Out Market rooftop,parfait,2026-09-07,0,0,2556352.5,2567544.287855019
Time Out Market rooftop,parfait,2026-09-08,0,0,2571748.5,2582940.287855019
Time Out Market rooftop,parfait,2026-09-09,0,0,2587144.5,2598336.287855019
Time Out Market rooftop,parfait,2026-09-10,0,0,2602540.5,2613732.287855019
Time Out Market rooftop,parfait,2026-09-11,0,0,2638891.5,2650083.287855019
Time Out Market rooftop,parfait,2026-09-12,0,0,2675242.5,2686434.287855019
Time Out Market rooftop,parfait,2026-09-13,0,0,2690638.5,2701830.287855019
Time Out Market rooftop,parfait,2026-09-14,0,0,2706034.5,2717226.287855019
Sultan Room Rooftop,reel,2026-05-01,0,0,13685.0,13685.0
Sultan Room Rooftop,reel,2026-05-02,0,0,27370.0,27370.0
Sultan Room Rooftop,reel,2026-05-03,0,0,32804.0,32804.0
Sultan Room Rooftop,reel,2026-05-05,0,0,38238.0,38238.0
Sultan Room Rooftop,reel,2026-05-06,1,0,40955.0,40955.0
Sultan Room Rooftop,reel,2026-05-07,0,0,46389.0,46389.0
Sultan Room Rooftop,reel,2026-05-08,0,1,60074.0,61485.766496
Sultan Room Rooftop,reel,2026-05-09,1,1,66916.5,68751.7365045
Sultan Room Rooftop,reel,2026-05-10,0,0,72350.5,74185.7365045
Sultan Room Rooftop,reel,2026-05-12,0,0,77784.5,79619.7365045
Sultan Room Rooftop,reel,2026-05-13,0,0,83218.5,85053.7365045
Sultan Room Rooftop,reel,2026-05-14,0,0,88652.5,90487.7365045
Sultan Room Rooftop,reel,2026-05-15,0,1,102337.5,102048.1402545
Sultan Room Rooftop,reel,2026-05-16,0,0,116022.5,115733.1402545
Sultan Room Rooftop,reel,2026-05-17,0,0,121456.5,121167.1402545
Sultan Room Rooftop,reel,2026-05-19,0,0,126890.5,126601.1402545
Sultan Room Rooftop,reel,2026-05-20,1,0,129607.5,129318.1402545
Sultan Room Rooftop,reel,2026-05-21,0,0,135041.5,134752.1402545
Sultan Room Rooftop,reel,2026-05-22,0,0,148726.5,148437.1402545
Sultan Room Rooftop,reel,2026-05-23,1,1,155569.0,155317.850143
Sultan Room Rooftop,reel,2026-05-24,0,1,169254.0,169041.06003149998
Sultan Room Rooftop,reel,2026-05-26,0,0,174688.0,174475.06003149998
Sultan Room Rooftop,reel,2026-05-27,0,0,180122.0,179909.06003149998
Sultan Room Rooftop,reel,2026-05-28,0,0,185556.0,185343.0600315
Sultan Room Rooftop,reel,2026-05-29,0,0,199241.0,199028.0600315
Sultan Room Rooftop,reel,2026-05-30,0,1,212926.0,214920.635621125
Sultan Room Rooftop,reel,2026-05-31,0,0,218360.0,220354.635621125
Sultan Room Rooftop,reel,2026-06-02,0,0,223794.0,225788.635621125
Sultan Room Rooftop,reel,2026-06-03,0,0,229228.0,231222.635621125
Sultan Room Rooftop,reel,2026-06-04,0,0,234662.0,236656.635621125
Sultan Room Rooftop,reel,2026-06-05,0,0,248347.0,250341.635621125
Sultan Room Rooftop,reel,2026-06-06,1,1,255189.5,259391.71121074999
Sultan Room Rooftop,reel,2026-06-07,0,0,260623.5,264825.71121075
Sultan Room Rooftop,reel,2026-06-09,0,0,266057.5,270259.71121075
Sultan Room Rooftop,reel,2026-06-10,0,0,271491.5,275693.71121075
Sultan Room Rooftop,reel,2026-06-11,1,0,274208.5,278410.71121075
Sultan Room Rooftop,reel,2026-06-12,1,0,281051.0,285253.21121075
Sultan Room Rooftop,reel,2026-06-13,0,1,294736.0,296978.29477675
Sultan Room Rooftop,reel,2026-06-14,1,0,297453.0,299695.29477675
Sultan Room Rooftop,reel,2026-06-16,0,0,302887.0,305129.29477675
Sultan Room Rooftop,reel,2026-06-17,0,0,308321.0,310563.29477675
Sultan Room Rooftop,reel,2026-06-18,0,0,313755.0,315997.29477675
Sultan Room Rooftop,reel,2026-06-19,0,0,327440.0,329682.29477675
Sultan Room Rooftop,reel,2026-06-20,0,0,341125.0,343367.29477675
Sultan Room Rooftop,reel,2026-06-21,0,0,346559.0,348801.29477675
Sultan Room Rooftop,reel,2026-06-23,0,0,351993.0,354235.29477675
Sultan Room Rooftop,reel,2026-06-24,0,0,357427.0,359669.29477675
Sultan Room Rooftop,reel,2026-06-25,0,0,362861.0,365103.29477675
Sultan Room Rooftop,reel,2026-06-26,0,1,376546.0,379328.46362274996
Sultan Room Rooftop,reel,2026-06-27,0,1,390231.0,393592.64703525
Sultan Room Rooftop,reel,2026-06-28,0,0,395665.0,399026.64703525
Sultan Room Rooftop,reel,2026-06-30,0,0,401099.0,404460.64703525
Sultan Room Rooftop,reel,2026-07-01,0,0,406533.0,409894.64703525
Sultan Room Rooftop,reel,2026-07-02,0,0,411967.0,415328.64703525
Sultan Room Rooftop,reel,2026-07-03,1,1,418809.5,422711.31588124996
Sultan Room Rooftop,reel,2026-07-04,1,1,425652.0,430093.98472724995
Sultan Room Rooftop,reel,2026-07-05,1,0,428369.0,432810.98472724995
Sultan Room Rooftop,reel,2026-07-07,0,0,433803.0,438244.98472724995
Sultan Room Rooftop,reel,2026-07-08,0,0,439237.0,443678.98472724995
Sultan Room Rooftop,reel,2026-07-09,0,0,444671.0,449112.98472724995
Sultan Room Rooftop,reel,2026-07-10,0,1,458356.0,459232.65357324993
Sultan Room Rooftop,reel,2026-07-11,0,1,472041.0,473575.03854974994
Sultan Room Rooftop,reel,2026-07-12,0,0,477475.0,479009.03854974994
Sultan Room Rooftop,reel,2026-07-14,0,0,482909.0,484443.03854975
Sultan Room Rooftop,reel,2026-07-15,0,0,488343.0,489877.03854975
Sultan Room Rooftop,reel,2026-07-15,0,0,493777.0,495311.03854975
Sultan Room Rooftop,reel,2026-07-17,0,0,507462.0,508996.03854975
Sultan Room Rooftop,reel,2026-07-22,0,0,512896.0,514430.03854975
Sultan Room Rooftop,reel,2026-07-23,0,0,518330.0,519864.03854975
Sultan Room Rooftop,reel,2026-07-24,0,1,532015.0,531713.23548625
Sultan Room Rooftop,reel,2026-07-25,0,0,545700.0,545398.23548625
Sultan Room Rooftop,reel,2026-07-26,0,0,551134.0,550832.2354862499
Sultan Room Rooftop,reel,2026-07-28,1,0,553851.0,553549.2354862499
Sultan Room Rooftop,reel,2026-07-29,0,0,559285.0,558983.2354862499
Sultan Room Rooftop,reel,2026-07-30,0,0,564719.0,564417.2354862499
Sultan Room Rooftop,reel,2026-07-31,0,0,578404.0,578102.2354862499
Sultan Room Rooftop,reel,2026-08-01,0,0,592089.0,591787.2354862499
Sultan Room Rooftop,reel,2026-08-02,1,0,594806.0,594504.2354862499
Sultan Room Rooftop,reel,2026-08-04,0,0,600240.0,599938.2354862499
Sultan Room Rooftop,reel,2026-08-05,1,0,602957.0,602655.2354862499
Sultan Room Rooftop,reel,2026-08-06,0,0,608391.0,608089.2354862499
Sultan Room Rooftop,reel,2026-08-07,1,1,615233.5,616142.9688347499
Sultan Room Rooftop,reel,2026-08-08,0,1,628918.5,627662.3463232499
Sultan Room Rooftop,reel,2026-08-09,0,0,634352.5,633096.3463232499
Sultan Room Rooftop,reel,2026-08-11,0,0,639786.5,638530.3463232499
Sultan Room Rooftop,reel,2026-08-12,0,0,645220.5,643964.3463232499
Sultan Room Rooftop,reel,2026-08-13,0,0,650654.5,649398.3463232499
Sultan Room Rooftop,reel,2026-08-14,0,0,664339.5,663083.34632325
Sultan Room Rooftop,reel,2026-08-15,0,1,678024.5,674891.11465925
Sultan Room Rooftop,reel,2026-08-16,1,0,680741.5,677608.11465925
Sultan Room Rooftop,reel,2026-08-18,0,0,686175.5,683042.11465925
Sultan Room Rooftop,reel,2026-08-19,0,0,691609.5,688476.11465925
Sultan Room Rooftop,reel,2026-08-20,1,0,694326.5,691193.11465925
Sultan Room Rooftop,reel,2026-08-21,0,1,708011.5,702426.91767325
Sultan Room Rooftop,reel,2026-08-22,0,1,721696.5,713987.32142325
Sultan Room Rooftop,reel,2026-08-23,0,0,727130.5,719421.32142325
Sultan Room Rooftop,reel,2026-08-25,0,0,732564.5,724855.32142325
Sultan Room Rooftop,reel,2026-08-26,0,0,737998.5,730289.32142325
Sultan Room Rooftop,reel,2026-08-27,0,0,743432.5,735723.32142325
Sultan Room Rooftop,reel,2026-08-28,0,1,757117.5,746434.24385175
Sultan Room Rooftop,reel,2026-08-29,0,0,770802.5,760119.24385175
Sultan Room Rooftop,reel,2026-08-30,1,0,773519.5,762836.24385175
Sultan Room Rooftop,reel,2026-09-01,1,0,776236.5,765553.24385175
Sultan Room Rooftop,reel,2026-09-02,0,0,781670.5,770987.2438517499
Sultan Room Rooftop,reel,2026-09-03,0,0,787104.5,776421.2438517499
Sultan Room Rooftop,reel,2026-09-04,0,1,800789.5,791639.0199602499
Sultan Room Rooftop,reel,2026-09-05,0,0,814474.5,805324.0199602499
Sultan Room Rooftop,reel,2026-09-06,0,0,828159.5,819009.0199602499
Sultan Room Rooftop,reel,2026-09-08,0,0,833593.5,824443.0199602499
Sultan Room Rooftop,reel,2026-09-09,0,0,839027.5,829877.0199602499
Sultan Room Rooftop,reel,2026-09-10,0,0,844461.5,835311.0199602499
Sultan Room Rooftop,reel,2026-09-11,0,0,858146.5,848996.01996025
Sultan Room Rooftop,reel,2026-09-12,0,0,871831.5,862681.01996025
Sultan Room Rooftop,reel,2026-09-13,0,0,877265.5,868115.01996025
Sultan Room Rooftop,parfait,2026-05-01,0,0,13685.0,13685.0
Sultan Room Rooftop,parfait,2026-05-02,0,0,27370.0,27370.0
Sultan Room Rooftop,parfait,2026-05-03,0,0,32804.0,32804.0
Sultan Room Rooftop,parfait,2026-05-05,0,0,38238.0,38238.0
Sultan Room Rooftop,parfait,2026-05-06,1,0,40955.0,40955.0
Sultan Room Rooftop,parfait,2026-05-07,0,0,46389.0,46389.0
Sultan Room Rooftop,parfait,2026-05-08,0,1,60074.0,59162.94722816
Sultan Room Rooftop,parfait,2026-05-09,1,1,66916.5,68850.917718945
Sultan Room Rooftop,parfait,2026-05-10,0,0,72350.5,74284.917718945
Sultan Room Rooftop,parfait,2026-05-12,0,0,77784.5,79718.917718945
Sultan Room Rooftop,parfait,2026-05-13,0,0,83218.5,85152.917718945
Sultan Room Rooftop,parfait,2026-05-14,0,0,88652.5,90586.917718945
Sultan Room Rooftop,parfait,2026-05-15,0,0,102337.5,104271.917718945
Sultan Room Rooftop,parfait,2026-05-16,0,0,116022.5,117956.917718945
Sultan Room Rooftop,parfait,2026-05-17,0,0,121456.5,123390.917718945
Sultan Room Rooftop,parfait,2026-05-19,0,0,126890.5,128824.917718945
Sultan Room Rooftop,parfait,2026-05-20,1,0,129607.5,131541.917718945
Sultan Room Rooftop,parfait,2026-05-21,0,0,135041.5,136975.917718945
Sultan Room Rooftop,parfait,2026-05-22,0,0,148726.5,150660.917718945
Sultan Room Rooftop,parfait,2026-05-23,1,1,155569.0,160210.38341953
Sultan Room Rooftop,parfait,2026-05-24,0,1,169254.0,172496.849120115
Sultan Room Rooftop,parfait,2026-05-26,0,0,174688.0,177930.849120115
Sultan Room Rooftop,parfait,2026-05-27,0,0,180122.0,183364.849120115
Sultan Room Rooftop,parfait,2026-05-28,0,0,185556.0,188798.849120115
Sultan Room Rooftop,parfait,2026-05-29,0,0,199241.0,202483.849120115
Sultan Room Rooftop,parfait,2026-05-30,0,0,212926.0,216168.849120115
Sultan Room Rooftop,parfait,2026-05-31,0,0,218360.0,221602.849120115
Sultan Room Rooftop,parfait,2026-06-02,0,0,223794.0,227036.849120115
Sultan Room Rooftop,parfait,2026-06-03,0,0,229228.0,232470.849120115
Sultan Room Rooftop,parfait,2026-06-04,0,0,234662.0,237904.849120115
Sultan Room Rooftop,parfait,2026-06-05,0,0,248347.0,251589.849120115
Sultan Room Rooftop,parfait,2026-06-06,1,0,255189.5,258432.349120115
Sultan Room Rooftop,parfait,2026-06-07,0,0,260623.5,263866.349120115
Sultan Room Rooftop,parfait,2026-06-09,0,0,266057.5,269300.349120115
Sultan Room Rooftop,parfait,2026-06-10,0,0,271491.5,274734.349120115
Sultan Room Rooftop,parfait,2026-06-11,1,0,274208.5,277451.349120115
Sultan Room Rooftop,parfait,2026-06-12,1,0,281051.0,284293.849120115
Sultan Room Rooftop,parfait,2026-06-13,0,0,294736.0,297978.849120115
Sultan Room Rooftop,parfait,2026-06-14,1,0,297453.0,300695.849120115
Sultan Room Rooftop,parfait,2026-06-16,0,0,302887.0,306129.849120115
Sultan Room Rooftop,parfait,2026-06-17,0,0,308321.0,311563.849120115
Sultan Room Rooftop,parfait,2026-06-18,0,0,313755.0,316997.849120115
Sultan Room Rooftop,parfait,2026-06-19,0,0,327440.0,330682.849120115
Sultan Room Rooftop,parfait,2026-06-20,0,0,341125.0,344367.849120115
Sultan Room Rooftop,parfait,2026-06-21,0,0,346559.0,349801.849120115
Sultan Room Rooftop,parfait,2026-06-23,0,0,351993.0,355235.849120115
Sultan Room Rooftop,parfait,2026-06-24,0,0,357427.0,360669.849120115
Sultan Room Rooftop,parfait,2026-06-25,0,0,362861.0,366103.849120115
Sultan Room Rooftop,parfait,2026-06-26,0,1,376546.0,378570.49204877496
Sultan Room Rooftop,parfait,2026-06-27,0,1,390231.0,391051.03820039995
Sultan Room Rooftop,parfait,2026-06-28,0,0,395665.0,396485.03820039995
Sultan Room Rooftop,parfait,2026-06-30,0,0,401099.0,401919.03820039995
Sultan Room Rooftop,parfait,2026-07-01,0,0,406533.0,407353.03820039995
Sultan Room Rooftop,parfait,2026-07-02,0,0,411967.0,412787.03820039995
Sultan Room Rooftop,parfait,2026-07-03,1,1,418809.5,422516.6811290599
Sultan Room Rooftop,parfait,2026-07-04,1,1,425652.0,432246.32405772
Sultan Room Rooftop,parfait,2026-07-05,1,0,428369.0,434963.32405772
Sultan Room Rooftop,parfait,2026-07-07,0,0,433803.0,440397.32405772
Sultan Room Rooftop,parfait,2026-07-08,0,0,439237.0,445831.32405772
Sultan Room Rooftop,parfait,2026-07-09,0,0,444671.0,451265.32405772
Sultan Room Rooftop,parfait,2026-07-10,0,1,458356.0,463731.96698638
Sultan Room Rooftop,parfait,2026-07-11,0,1,472041.0,476240.338199445
Sultan Room Rooftop,parfait,2026-07-12,0,0,477475.0,481674.338199445
Sultan Room Rooftop,parfait,2026-07-14,0,0,482909.0,487108.33819944505
Sultan Room Rooftop,parfait,2026-07-15,0,0,488343.0,492542.33819944505
Sultan Room Rooftop,parfait,2026-07-15,0,0,493777.0,497976.33819944505
Sultan Room Rooftop,parfait,2026-07-17,0,0,507462.0,511661.33819944505
Sultan Room Rooftop,parfait,2026-07-22,0,0,512896.0,517095.33819944505
Sultan Room Rooftop,parfait,2026-07-23,0,0,518330.0,522529.33819944505
Sultan Room Rooftop,parfait,2026-07-24,0,0,532015.0,536214.338199445
Sultan Room Rooftop,parfait,2026-07-25,0,0,545700.0,549899.338199445
Sultan Room Rooftop,parfait,2026-07-26,0,0,551134.0,555333.338199445
Sultan Room Rooftop,parfait,2026-07-28,1,0,553851.0,558050.338199445
Sultan Room Rooftop,parfait,2026-07-29,0,0,559285.0,563484.338199445
Sultan Room Rooftop,parfait,2026-07-30,0,0,564719.0,568918.338199445
Sultan Room Rooftop,parfait,2026-07-31,0,0,578404.0,582603.338199445
Sultan Room Rooftop,parfait,2026-08-01,0,0,592089.0,596288.338199445
Sultan Room Rooftop,parfait,2026-08-02,1,0,594806.0,599005.338199445
Sultan Room Rooftop,parfait,2026-08-04,0,0,600240.0,604439.338199445
Sultan Room Rooftop,parfait,2026-08-05,1,0,602957.0,607156.338199445
Sultan Room Rooftop,parfait,2026-08-06,0,0,608391.0,612590.338199445
Sultan Room Rooftop,parfait,2026-08-07,1,1,615233.5,622557.17982163
Sultan Room Rooftop,parfait,2026-08-08,0,0,628918.5,636242.17982163
Sultan Room Rooftop,parfait,2026-08-09,0,0,634352.5,641676.17982163
Sultan Room Rooftop,parfait,2026-08-11,0,0,639786.5,647110.17982163
Sultan Room Rooftop,parfait,2026-08-12,0,0,645220.5,652544.17982163
Sultan Room Rooftop,parfait,2026-08-13,0,0,650654.5,657978.17982163
Sultan Room Rooftop,parfait,2026-08-14,0,0,664339.5,671663.17982163
Sultan Room Rooftop,parfait,2026-08-15,0,0,678024.5,685348.17982163
Sultan Room Rooftop,parfait,2026-08-16,1,0,680741.5,688065.17982163
Sultan Room Rooftop,parfait,2026-08-18,0,0,686175.5,693499.17982163
Sultan Room Rooftop,parfait,2026-08-19,0,0,691609.5,698933.17982163
Sultan Room Rooftop,parfait,2026-08-20,1,0,694326.5,701650.17982163
Sultan Room Rooftop,parfait,2026-08-21,0,0,708011.5,715335.17982163
Sultan Room Rooftop,parfait,2026-08-22,0,0,721696.5,729020.17982163
Sultan Room Rooftop,parfait,2026-08-23,0,0,727130.5,734454.17982163
Sultan Room Rooftop,parfait,2026-08-25,0,0,732564.5,739888.17982163
Sultan Room Rooftop,parfait,2026-08-26,0,0,737998.5,745322.17982163
Sultan Room Rooftop,parfait,2026-08-27,0,0,743432.5,750756.17982163
Sultan Room Rooftop,parfait,2026-08-28,0,1,757117.5,763432.022637615
Sultan Room Rooftop,parfait,2026-08-29,0,0,770802.5,777117.022637615
Sultan Room Rooftop,parfait,2026-08-30,1,0,773519.5,779834.022637615
Sultan Room Rooftop,parfait,2026-09-01,1,0,776236.5,782551.022637615
Sultan Room Rooftop,parfait,2026-09-02,0,0,781670.5,787985.022637615
Sultan Room Rooftop,parfait,2026-09-03,0,0,787104.5,793419.022637615
Sultan Room Rooftop,parfait,2026-09-04,0,1,800789.5,806235.1076914
Sultan Room Rooftop,parfait,2026-09-05,0,0,814474.5,819920.1076914
Sultan Room Rooftop,parfait,2026-09-06,0,0,828159.5,833605.1076914
Sultan Room Rooftop,parfait,2026-09-08,0,0,833593.5,839039.1076914
Sultan Room Rooftop,parfait,2026-09-09,0,0,839027.5,844473.1076914
Sultan Room Rooftop,parfait,2026-09-10,0,0,844461.5,849907.1076914
Sultan Room Rooftop,parfait,2026-09-11,0,0,858146.5,863592.1076914
Sultan Room Rooftop,parfait,2026-09-12,0,0,871831.5,877277.1076914
Sultan Room Rooftop,parfait,2026-09-13,0,0,877265.5,882711.1076914
Eagle NYC,reel,2026-05-01,0,0,21994.0,21994.0
Eagle NYC,reel,2026-05-02,0,0,43988.0,43988.0
Eagle NYC,reel,2026-05-03,0,0,53303.0,53303.0
Eagle NYC,reel,2026-05-04,0,0,62618.0,62618.0
Eagle NYC,reel,2026-05-05,0,0,71933.0,71933.0
Eagle NYC,reel,2026-05-06,1,0,76590.5,76590.5
Eagle NYC,reel,2026-05-07,0,0,85905.5,85905.5
Eagle NYC,reel,2026-05-08,0,1,107899.5,110168.4362304
Eagle NYC,reel,2026-05-09,1,1,118896.5,121846.0207658
Eagle NYC,reel,2026-05-10,0,0,128211.5,131161.0207658
Eagle NYC,reel,2026-05-11,0,0,137526.5,140476.0207658
Eagle NYC,reel,2026-05-12,0,0,146841.5,149791.0207658
Eagle NYC,reel,2026-05-13,0,0,156156.5,159106.0207658
Eagle NYC,reel,2026-05-14,0,0,165471.5,168421.0207658
Eagle NYC,reel,2026-05-15,0,1,187465.5,187000.4522658
Eagle NYC,reel,2026-05-16,0,0,209459.5,208994.4522658
Eagle NYC,reel,2026-05-17,0,0,218774.5,218309.4522658
Eagle NYC,reel,2026-05-18,0,0,228089.5,227624.4522658
Eagle NYC,reel,2026-05-19,0,0,237404.5,236939.4522658
Eagle NYC,reel,2026-05-20,1,0,242062.0,241596.9522658
Eagle NYC,reel,2026-05-21,0,0,251377.0,250911.9522658
Eagle NYC,reel,2026-05-22,0,0,273371.0,272905.9522658
Eagle NYC,reel,2026-05-23,1,1,284368.0,283964.3617132
Eagle NYC,reel,2026-05-24,0,1,306362.0,306019.7711606
Eagle NYC,reel,2026-05-25,0,1,328356.0,328819.2992112
Eagle NYC,reel,2026-05-26,0,0,337671.0,338134.2992112
Eagle NYC,reel,2026-05-27,0,0,346986.0,347449.2992112
Eagle NYC,reel,2026-05-28,0,0,356301.0,356764.2992112
Eagle NYC,reel,2026-05-29,0,0,378295.0,378758.2992112
Eagle NYC,reel,2026-05-30,0,1,400289.0,404300.22888004995
Eagle NYC,reel,2026-05-31,0,0,409604.0,413615.22888004995
Eagle NYC,reel,2026-06-01,0,0,418919.0,422930.22888005
Eagle NYC,reel,2026-06-02,0,0,428234.0,432245.22888005
Eagle NYC,reel,2026-06-03,0,0,437549.0,441560.22888005
Eagle NYC,reel,2026-06-04,0,0,446864.0,450875.22888005
Eagle NYC,reel,2026-06-05,0,0,468858.0,472869.22888005
Eagle NYC,reel,2026-06-06,1,1,479855.0,487414.1585489
Eagle NYC,reel,2026-06-07,0,0,489170.0,496729.1585489
Eagle NYC,reel,2026-06-08,0,0,498485.0,506044.1585489
Eagle NYC,reel,2026-06-09,0,0,507800.0,515359.15854890004
Eagle NYC,reel,2026-06-10,0,0,517115.0,524674.1585489
Eagle NYC,reel,2026-06-11,1,0,521772.5,529331.6585489
Eagle NYC,reel,2026-06-12,1,0,532769.5,540328.6585489
Eagle NYC,reel,2026-06-13,0,1,554763.5,559172.7570473
Eagle NYC,reel,2026-06-14,1,0,559421.0,563830.2570473
Eagle NYC,reel,2026-06-15,0,0,568736.0,573145.2570473
Eagle NYC,reel,2026-06-16,0,0,578051.0,582460.2570473
Eagle NYC,reel,2026-06-17,0,0,587366.0,591775.2570473
Eagle NYC,reel,2026-06-18,0,0,596681.0,601090.2570473
Eagle NYC,reel,2026-06-19,0,0,618675.0,623084.2570473
Eagle NYC,reel,2026-06-20,0,0,640669.0,645078.2570473
Eagle NYC,reel,2026-06-21,0,0,649984.0,654393.2570473
Eagle NYC,reel,2026-06-22,1,0,654641.5,659050.7570473
Eagle NYC,reel,2026-06-23,0,0,663956.5,668365.7570473
Eagle NYC,reel,2026-06-24,0,0,673271.5,677680.7570473
Eagle NYC,reel,2026-06-25,0,0,682586.5,686995.7570473
Eagle NYC,reel,2026-06-26,0,1,704580.5,709857.8954176999
Eagle NYC,reel,2026-06-27,0,1,726574.5,732782.7364827
Eagle NYC,reel,2026-06-28,0,0,735889.5,742097.7364827
Eagle NYC,reel,2026-06-29,0,0,745204.5,751412.7364827
Eagle NYC,reel,2026-06-30,0,0,754519.5,760727.7364827
Eagle NYC,reel,2026-07-01,0,0,763834.5,770042.7364827
Eagle NYC,reel,2026-07-02,0,0,773149.5,779357.7364827
Eagle NYC,reel,2026-07-03,1,1,784146.5,791222.8748530999
Eagle NYC,reel,2026-07-04,1,1,795143.5,803088.0132234999
Eagle NYC,reel,2026-07-05,1,0,799801.0,807745.5132234999
Eagle NYC,reel,2026-07-06,1,0,804458.5,812403.0132234999
Eagle NYC,reel,2026-07-07,0,0,813773.5,821718.0132234999
Eagle NYC,reel,2026-07-08,0,0,823088.5,831033.0132234999
Eagle NYC,reel,2026-07-09,0,0,832403.5,840348.0132234999
Eagle NYC,reel,2026-07-10,0,1,854397.5,856611.9515938999
Eagle NYC,reel,2026-07-11,0,1,876391.5,879662.4751725
Eagle NYC,reel,2026-07-12,0,0,885706.5,888977.4751725
Eagle NYC,reel,2026-07-13,0,0,895021.5,898292.4751725
Eagle NYC,reel,2026-07-14,0,0,904336.5,907607.4751725
Eagle NYC,reel,2026-07-15,0,0,913651.5,916922.4751725
Eagle NYC,reel,2026-07-15,0,0,922966.5,926237.4751725
Eagle NYC,reel,2026-07-17,0,0,944960.5,948231.4751725
Eagle NYC,reel,2026-07-22,0,0,954275.5,957546.4751725
Eagle NYC,reel,2026-07-23,0,0,963590.5,966861.4751725
Eagle NYC,reel,2026-07-24,0,1,985584.5,985905.0438551
Eagle NYC,reel,2026-07-25,0,0,1007578.5,1007899.0438551
Eagle NYC,reel,2026-07-26,0,0,1016893.5,1017214.0438551
Eagle NYC,reel,2026-07-27,1,0,1021551.0,1021871.5438551
Eagle NYC,reel,2026-07-28,1,0,1026208.5,1026529.0438551
Eagle NYC,reel,2026-07-29,0,0,1035523.5,1035844.0438551
Eagle NYC,reel,2026-07-30,0,0,1044838.5,1045159.0438551
Eagle NYC,reel,2026-07-31,0,0,1066832.5,1067153.0438551
Eagle NYC,reel,2026-08-01,0,0,1088826.5,1089147.0438551
Eagle NYC,reel,2026-08-02,1,0,1093484.0,1093804.5438551
Eagle NYC,reel,2026-08-03,0,0,1102799.0,1103119.5438551
Eagle NYC,reel,2026-08-04,0,0,1112114.0,1112434.5438551
Eagle NYC,reel,2026-08-05,1,0,1116771.5,1117092.0438551
Eagle NYC,reel,2026-08-06,0,0,1126086.5,1126407.0438551
Eagle NYC,reel,2026-08-07,1,1,1137083.5,1139350.6910065
Eagle NYC,reel,2026-08-08,0,1,1159077.5,1157864.1866939
Eagle NYC,reel,2026-08-09,0,0,1168392.5,1167179.1866939
Eagle NYC,reel,2026-08-10,0,0,1177707.5,1176494.1866939
Eagle NYC,reel,2026-08-11,0,0,1187022.5,1185809.1866939
Eagle NYC,reel,2026-08-12,0,0,1196337.5,1195124.1866939
Eagle NYC,reel,2026-08-13,0,0,1205652.5,1204439.1866939
Eagle NYC,reel,2026-08-14,0,0,1227646.5,1226433.1866939
Eagle NYC,reel,2026-08-15,0,1,1249640.5,1245410.1729403
Eagle NYC,reel,2026-08-16,1,0,1254298.0,1250067.6729403
Eagle NYC,reel,2026-08-17,0,0,1263613.0,1259382.6729403
Eagle NYC,reel,2026-08-18,0,0,1272928.0,1268697.6729403
Eagle NYC,reel,2026-08-19,0,0,1282243.0,1278012.6729403
Eagle NYC,reel,2026-08-20,1,0,1286900.5,1282670.1729403
Eagle NYC,reel,2026-08-21,0,1,1308894.5,1300724.7044339
Eagle NYC,reel,2026-08-22,0,1,1330888.5,1319304.1359339
Eagle NYC,reel,2026-08-23,0,0,1340203.5,1328619.1359339
Eagle NYC,reel,2026-08-24,0,0,1349518.5,1337934.1359339
Eagle NYC,reel,2026-08-25,0,0,1358833.5,1347249.1359339
Eagle NYC,reel,2026-08-26,0,0,1368148.5,1356564.1359339
Eagle NYC,reel,2026-08-27,0,0,1377463.5,1365879.1359339
Eagle NYC,reel,2026-08-28,0,1,1399457.5,1383093.3140773
Eagle NYC,reel,2026-08-29,0,0,1421451.5,1405087.3140773
Eagle NYC,reel,2026-08-30,1,0,1426109.0,1409744.8140773
Eagle NYC,reel,2026-08-31,0,0,1435424.0,1419059.8140773
Eagle NYC,reel,2026-09-01,1,0,1440081.5,1423717.3140773
Eagle NYC,reel,2026-09-02,0,0,1449396.5,1433032.3140773
Eagle NYC,reel,2026-09-03,0,0,1458711.5,1442347.3140773
Eagle NYC,reel,2026-09-04,0,1,1480705.5,1466804.7322527
Eagle NYC,reel,2026-09-05,0,0,1502699.5,1488798.7322527
Eagle NYC,reel,2026-09-06,0,0,1524693.5,1510792.7322527
Eagle NYC,reel,2026-09-07,0,0,1546687.5,1532786.7322527
Eagle NYC,reel,2026-09-08,0,0,1556002.5,1542101.7322527
Eagle NYC,reel,2026-09-09,0,0,1565317.5,1551416.7322527
Eagle NYC,reel,2026-09-10,0,0,1574632.5,1560731.7322526998
Eagle NYC,reel,2026-09-11,0,0,1596626.5,1582725.7322526998
Eagle NYC,reel,2026-09-12,0,0,1618620.5,1604719.7322526998
Eagle NYC,reel,2026-09-13,0,0,1627935.5,1614034.7322526998
Eagle NYC,reel,2026-09-14,0,0,1637250.5,1623349.7322526998
Eagle NYC,parfait,2026-05-01,0,0,21994.0,21994.0
Eagle NYC,parfait,2026-05-02,0,0,43988.0,43988.0
Eagle NYC,parfait,2026-05-03,0,0,53303.0,53303.0
Eagle NYC,parfait,2026-05-04,0,0,62618.0,62618.0
Eagle NYC,parfait,2026-05-05,0,0,71933.0,71933.0
Eagle NYC,parfait,2026-05-06,1,0,76590.5,76590.5
Eagle NYC,parfait,2026-05-07,0,0,85905.5,85905.5
Eagle NYC,parfait,2026-05-08,0,1,107899.5,106435.291401984
Eagle NYC,parfait,2026-05-09,1,1,118896.5,122005.42095801799
Eagle NYC,parfait,2026-05-10,0,0,128211.5,131320.420958018
Eagle NYC,parfait,2026-05-11,0,0,137526.5,140635.420958018
Eagle NYC,parfait,2026-05-12,0,0,146841.5,149950.420958018
Eagle NYC,parfait,2026-05-13,0,0,156156.5,159265.420958018
Eagle NYC,parfait,2026-05-14,0,0,165471.5,168580.420958018
Eagle NYC,parfait,2026-05-15,0,0,187465.5,190574.420958018
Eagle NYC,parfait,2026-05-16,0,0,209459.5,212568.420958018
Eagle NYC,parfait,2026-05-17,0,0,218774.5,221883.420958018
Eagle NYC,parfait,2026-05-18,0,0,228089.5,231198.420958018
Eagle NYC,parfait,2026-05-19,0,0,237404.5,240513.420958018
Eagle NYC,parfait,2026-05-20,1,0,242062.0,245170.920958018
Eagle NYC,parfait,2026-05-21,0,0,251377.0,254485.920958018
Eagle NYC,parfait,2026-05-22,0,0,273371.0,276479.920958018
Eagle NYC,parfait,2026-05-23,1,1,284368.0,291827.450999572
Eagle NYC,parfait,2026-05-24,0,1,306362.0,311573.781041126
Eagle NYC,parfait,2026-05-25,0,1,328356.0,331587.350172552
Eagle NYC,parfait,2026-05-26,0,0,337671.0,340902.350172552
Eagle NYC,parfait,2026-05-27,0,0,346986.0,350217.350172552
Eagle NYC,parfait,2026-05-28,0,0,356301.0,359532.350172552
Eagle NYC,parfait,2026-05-29,0,0,378295.0,381526.350172552
Eagle NYC,parfait,2026-05-30,0,0,400289.0,403520.350172552
Eagle NYC,parfait,2026-05-31,0,0,409604.0,412835.350172552
Eagle NYC,parfait,2026-06-01,0,0,418919.0,422150.350172552
Eagle NYC,parfait,2026-06-02,0,0,428234.0,431465.350172552
Eagle NYC,parfait,2026-06-03,0,0,437549.0,440780.350172552
Eagle NYC,parfait,2026-06-04,0,0,446864.0,450095.350172552
Eagle NYC,parfait,2026-06-05,0,0,468858.0,472089.350172552
Eagle NYC,parfait,2026-06-06,1,0,479855.0,483086.350172552
Eagle NYC,parfait,2026-06-07,0,0,489170.0,492401.350172552
Eagle NYC,parfait,2026-06-08,0,0,498485.0,501716.350172552
Eagle NYC,parfait,2026-06-09,0,0,507800.0,511031.350172552
Eagle NYC,parfait,2026-06-10,0,0,517115.0,520346.350172552
Eagle NYC,parfait,2026-06-11,1,0,521772.5,525003.850172552
Eagle NYC,parfait,2026-06-12,1,0,532769.5,536000.850172552
Eagle NYC,parfait,2026-06-13,0,0,554763.5,557994.850172552
Eagle NYC,parfait,2026-06-14,1,0,559421.0,562652.350172552
Eagle NYC,parfait,2026-06-15,0,0,568736.0,571967.350172552
Eagle NYC,parfait,2026-06-16,0,0,578051.0,581282.350172552
Eagle NYC,parfait,2026-06-17,0,0,587366.0,590597.350172552
Eagle NYC,parfait,2026-06-18,0,0,596681.0,599912.350172552
Eagle NYC,parfait,2026-06-19,0,0,618675.0,621906.350172552
Eagle NYC,parfait,2026-06-20,0,0,640669.0,643900.350172552
Eagle NYC,parfait,2026-06-21,0,0,649984.0,653215.350172552
Eagle NYC,parfait,2026-06-22,1,0,654641.5,657872.850172552
Eagle NYC,parfait,2026-06-23,0,0,663956.5,667187.850172552
Eagle NYC,parfait,2026-06-24,0,0,673271.5,676502.850172552
Eagle NYC,parfait,2026-06-25,0,0,682586.5,685817.850172552
Eagle NYC,parfait,2026-06-26,0,1,704580.5,705853.7540507361
Eagle NYC,parfait,2026-06-27,0,1,726574.5,725912.002648386
Eagle NYC,parfait,2026-06-28,0,0,735889.5,735227.002648386
Eagle NYC,parfait,2026-06-29,0,0,745204.5,744542.002648386
Eagle NYC,parfait,2026-06-30,0,0,754519.5,753857.002648386
Eagle NYC,parfait,2026-07-01,0,0,763834.5,763172.002648386
Eagle NYC,parfait,2026-07-02,0,0,773149.5,772487.002648386
Eagle NYC,parfait,2026-07-03,1,1,784146.5,788124.1065265699
Eagle NYC,parfait,2026-07-04,1,1,795143.5,803761.2104047539
Eagle NYC,parfait,2026-07-05,1,0,799801.0,808418.7104047539
Eagle NYC,parfait,2026-07-06,1,0,804458.5,813076.2104047539
Eagle NYC,parfait,2026-07-07,0,0,813773.5,822391.2104047539
Eagle NYC,parfait,2026-07-08,0,0,823088.5,831706.2104047539
Eagle NYC,parfait,2026-07-09,0,0,832403.5,841021.2104047539
Eagle NYC,parfait,2026-07-10,0,1,854397.5,861057.114282938
Eagle NYC,parfait,2026-07-11,0,1,876391.5,881160.0822376439
Eagle NYC,parfait,2026-07-12,0,0,885706.5,890475.0822376439
Eagle NYC,parfait,2026-07-13,0,0,895021.5,899790.0822376439
Eagle NYC,parfait,2026-07-14,0,0,904336.5,909105.0822376439
Eagle NYC,parfait,2026-07-15,0,0,913651.5,918420.0822376439
Eagle NYC,parfait,2026-07-15,0,0,922966.5,927735.0822376439
Eagle NYC,parfait,2026-07-17,0,0,944960.5,949729.0822376439
Eagle NYC,parfait,2026-07-22,0,0,954275.5,959044.0822376439
Eagle NYC,parfait,2026-07-23,0,0,963590.5,968359.082237644
Eagle NYC,parfait,2026-07-24,0,0,985584.5,990353.082237644
Eagle NYC,parfait,2026-07-25,0,0,1007578.5,1012347.082237644
Eagle NYC,parfait,2026-07-26,0,0,1016893.5,1021662.082237644
Eagle NYC,parfait,2026-07-27,1,0,1021551.0,1026319.582237644
Eagle NYC,parfait,2026-07-28,1,0,1026208.5,1030977.082237644
Eagle NYC,parfait,2026-07-29,0,0,1035523.5,1040292.082237644
Eagle NYC,parfait,2026-07-30,0,0,1044838.5,1049607.0822376441
Eagle NYC,parfait,2026-07-31,0,0,1066832.5,1071601.0822376441
Eagle NYC,parfait,2026-08-01,0,0,1088826.5,1093595.0822376441
Eagle NYC,parfait,2026-08-02,1,0,1093484.0,1098252.5822376441
Eagle NYC,parfait,2026-08-03,0,0,1102799.0,1107567.5822376441
Eagle NYC,parfait,2026-08-04,0,0,1112114.0,1116882.5822376441
Eagle NYC,parfait,2026-08-05,1,0,1116771.5,1121540.0822376441
Eagle NYC,parfait,2026-08-06,0,0,1126086.5,1130855.0822376441
Eagle NYC,parfait,2026-08-07,1,1,1137083.5,1146873.4026350381
Eagle NYC,parfait,2026-08-08,0,0,1159077.5,1168867.402635038
Eagle NYC,parfait,2026-08-09,0,0,1168392.5,1178182.402635038
Eagle NYC,parfait,2026-08-10,0,0,1177707.5,1187497.402635038
Eagle NYC,parfait,2026-08-11,0,0,1187022.5,1196812.402635038
Eagle NYC,parfait,2026-08-12,0,0,1196337.5,1206127.402635038
Eagle NYC,parfait,2026-08-13,0,0,1205652.5,1215442.402635038
Eagle NYC,parfait,2026-08-14,0,0,1227646.5,1237436.402635038
Eagle NYC,parfait,2026-08-15,0,0,1249640.5,1259430.402635038
Eagle NYC,parfait,2026-08-16,1,0,1254298.0,1264087.902635038
Eagle NYC,parfait,2026-08-17,0,0,1263613.0,1273402.902635038
Eagle NYC,parfait,2026-08-18,0,0,1272928.0,1282717.902635038
Eagle NYC,parfait,2026-08-19,0,0,1282243.0,1292032.902635038
Eagle NYC,parfait,2026-08-20,1,0,1286900.5,1296690.402635038
Eagle NYC,parfait,2026-08-21,0,0,1308894.5,1318684.402635038
Eagle NYC,parfait,2026-08-22,0,0,1330888.5,1340678.402635038
Eagle NYC,parfait,2026-08-23,0,0,1340203.5,1349993.402635038
Eagle NYC,parfait,2026-08-24,0,0,1349518.5,1359308.402635038
Eagle NYC,parfait,2026-08-25,0,0,1358833.5,1368623.402635038
Eagle NYC,parfait,2026-08-26,0,0,1368148.5,1377938.402635038
Eagle NYC,parfait,2026-08-27,0,0,1377463.5,1387253.402635038
Eagle NYC,parfait,2026-08-28,0,1,1399457.5,1407625.5244395519
Eagle NYC,parfait,2026-08-29,0,0,1421451.5,1429619.5244395519
Eagle NYC,parfait,2026-08-30,1,0,1426109.0,1434277.0244395519
Eagle NYC,parfait,2026-08-31,0,0,1435424.0,1443592.0244395519
Eagle NYC,parfait,2026-09-01,1,0,1440081.5,1448249.5244395519
Eagle NYC,parfait,2026-09-02,0,0,1449396.5,1457564.5244395519
Eagle NYC,parfait,2026-09-03,0,0,1458711.5,1466879.5244395519
Eagle NYC,parfait,2026-09-04,0,1,1480705.5,1487477.038116786
Eagle NYC,parfait,2026-09-05,0,0,1502699.5,1509471.038116786
Eagle NYC,parfait,2026-09-06,0,0,1524693.5,1531465.038116786
Eagle NYC,parfait,2026-09-07,0,0,1546687.5,1553459.038116786
Eagle NYC,parfait,2026-09-08,0,0,1556002.5,1562774.038116786
Eagle NYC,parfait,2026-09-09,0,0,1565317.5,1572089.0381167862
Eagle NYC,parfait,2026-09-10,0,0,1574632.5,1581404.038116786
Eagle NYC,parfait,2026-09-11,0,0,1596626.5,1603398.038116786
Eagle NYC,parfait,2026-09-12,0,0,1618620.5,1625392.038116786
Eagle NYC,parfait,2026-09-13,0,0,1627935.5,1634707.038116786
Eagle NYC,parfait,2026-09-14,0,0,1637250.5,1644022.038116786
City Vineyard (Pier 26),reel,2026-05-01,0,0,15640.0,15640.0
City Vineyard (Pier 26),reel,2026-05-02,0,0,31280.0,31280.0
City Vineyard (Pier 26),reel,2026-05-03,0,0,40480.0,40480.0
City Vineyard (Pier 26),reel,2026-05-04,0,0,49680.0,49680.0
City Vineyard (Pier 26),reel,2026-05-05,0,0,58880.0,58880.0
City Vineyard (Pier 26),reel,2026-05-06,1,0,63480.0,63480.0
City Vineyard (Pier 26),reel,2026-05-07,0,0,72680.0,72680.0
City Vineyard (Pier 26),reel,2026-05-08,0,1,88320.0,89933.447424
City Vineyard (Pier 26),reel,2026-05-09,1,1,96140.0,98237.41314799999
City Vineyard (Pier 26),reel,2026-05-10,0,0,105340.0,107437.41314799999
City Vineyard (Pier 26),reel,2026-05-11,0,0,114540.0,116637.41314799999
City Vineyard (Pier 26),reel,2026-05-12,0,0,123740.0,125837.41314799999
City Vineyard (Pier 26),reel,2026-05-13,0,0,132940.0,135037.413148
City Vineyard (Pier 26),reel,2026-05-14,0,0,142140.0,144237.413148
City Vineyard (Pier 26),reel,2026-05-15,0,1,157780.0,157449.30314799998
City Vineyard (Pier 26),reel,2026-05-16,0,0,173420.0,173089.303148
City Vineyard (Pier 26),reel,2026-05-17,0,0,182620.0,182289.303148
City Vineyard (Pier 26),reel,2026-05-18,0,0,191820.0,191489.303148
City Vineyard (Pier 26),reel,2026-05-19,0,0,201020.0,200689.303148
City Vineyard (Pier 26),reel,2026-05-20,1,0,205620.0,205289.303148
City Vineyard (Pier 26),reel,2026-05-21,0,0,214820.0,214489.303148
City Vineyard (Pier 26),reel,2026-05-22,0,0,230460.0,230129.303148
City Vineyard (Pier 26),reel,2026-05-23,1,1,238280.0,237992.97159200002
City Vineyard (Pier 26),reel,2026-05-24,0,1,253920.0,253676.640036
City Vineyard (Pier 26),reel,2026-05-25,0,1,269560.0,269889.453472
City Vineyard (Pier 26),reel,2026-05-26,0,0,278760.0,279089.453472
City Vineyard (Pier 26),reel,2026-05-27,0,0,287960.0,288289.453472
City Vineyard (Pier 26),reel,2026-05-28,0,0,297160.0,297489.453472
City Vineyard (Pier 26),reel,2026-05-29,0,0,312800.0,313129.453472
City Vineyard (Pier 26),reel,2026-05-30,0,1,328440.0,331292.397003
City Vineyard (Pier 26),reel,2026-05-31,0,0,337640.0,340492.397003
City Vineyard (Pier 26),reel,2026-06-01,0,0,346840.0,349692.397003
City Vineyard (Pier 26),reel,2026-06-02,0,0,356040.0,358892.397003
City Vineyard (Pier 26),reel,2026-06-03,0,0,365240.0,368092.397003
City Vineyard (Pier 26),reel,2026-06-04,0,0,374440.0,377292.397003
City Vineyard (Pier 26),reel,2026-06-05,0,0,390080.0,392932.397003
City Vineyard (Pier 26),reel,2026-06-06,1,1,397900.0,403275.340534
City Vineyard (Pier 26),reel,2026-06-07,0,0,407100.0,412475.340534
City Vineyard (Pier 26),reel,2026-06-08,0,0,416300.0,421675.340534
City Vineyard (Pier 26),reel,2026-06-09,0,0,425500.0,430875.34053399996
City Vineyard (Pier 26),reel,2026-06-10,0,0,434700.0,440075.34053399996
City Vineyard (Pier 26),reel,2026-06-11,1,0,439300.0,444675.34053399996
City Vineyard (Pier 26),reel,2026-06-12,1,0,447120.0,452495.34053399996
City Vineyard (Pier 26),reel,2026-06-13,0,1,462760.0,465895.436038
City Vineyard (Pier 26),reel,2026-06-14,1,0,467360.0,470495.436038
City Vineyard (Pier 26),reel,2026-06-15,0,0,476560.0,479695.436038
City Vineyard (Pier 26),reel,2026-06-16,0,0,485760.0,488895.436038
City Vineyard (Pier 26),reel,2026-06-17,0,0,494960.0,498095.436038
City Vineyard (Pier 26),reel,2026-06-18,0,0,504160.0,507295.436038
City Vineyard (Pier 26),reel,2026-06-19,0,0,519800.0,522935.436038
City Vineyard (Pier 26),reel,2026-06-20,0,0,535440.0,538575.436038
City Vineyard (Pier 26),reel,2026-06-21,0,0,544640.0,547775.436038
City Vineyard (Pier 26),reel,2026-06-22,1,0,549240.0,552375.436038
City Vineyard (Pier 26),reel,2026-06-23,0,0,558440.0,561575.436038
City Vineyard (Pier 26),reel,2026-06-24,0,0,567640.0,570775.436038
City Vineyard (Pier 26),reel,2026-06-25,0,0,576840.0,579975.436038
City Vineyard (Pier 26),reel,2026-06-26,0,1,592480.0,596232.771862
City Vineyard (Pier 26),reel,2026-06-27,0,1,608120.0,612534.695762
City Vineyard (Pier 26),reel,2026-06-28,0,0,617320.0,621734.695762
City Vineyard (Pier 26),reel,2026-06-29,0,0,626520.0,630934.695762
City Vineyard (Pier 26),reel,2026-06-30,0,0,635720.0,640134.695762
City Vineyard (Pier 26),reel,2026-07-01,0,0,644920.0,649334.695762
City Vineyard (Pier 26),reel,2026-07-02,0,0,654120.0,658534.695762
City Vineyard (Pier 26),reel,2026-07-03,1,1,661940.0,666972.031586
City Vineyard (Pier 26),reel,2026-07-04,1,1,669760.0,675409.36741
City Vineyard (Pier 26),reel,2026-07-05,1,0,674360.0,680009.36741
City Vineyard (Pier 26),reel,2026-07-06,1,0,678960.0,684609.36741
City Vineyard (Pier 26),reel,2026-07-07,0,0,688160.0,693809.36741
City Vineyard (Pier 26),reel,2026-07-08,0,0,697360.0,703009.36741
City Vineyard (Pier 26),reel,2026-07-09,0,0,706560.0,712209.36741
City Vineyard (Pier 26),reel,2026-07-10,0,1,722200.0,723774.7032339999
City Vineyard (Pier 26),reel,2026-07-11,0,1,737840.0,740166.0003499999
City Vineyard (Pier 26),reel,2026-07-12,0,0,747040.0,749366.0003499999
City Vineyard (Pier 26),reel,2026-07-13,0,0,756240.0,758566.0003499999
City Vineyard (Pier 26),reel,2026-07-14,0,0,765440.0,767766.0003499999
City Vineyard (Pier 26),reel,2026-07-15,0,0,774640.0,776966.0003499999
City Vineyard (Pier 26),reel,2026-07-15,0,0,783840.0,786166.0003499999
City Vineyard (Pier 26),reel,2026-07-17,0,0,799480.0,801806.0003499999
City Vineyard (Pier 26),reel,2026-07-22,0,0,808680.0,811006.0003499999
City Vineyard (Pier 26),reel,2026-07-23,0,0,817880.0,820206.0003499999
City Vineyard (Pier 26),reel,2026-07-24,0,1,833520.0,833747.9397059999
City Vineyard (Pier 26),reel,2026-07-25,0,0,849160.0,849387.9397059999
City Vineyard (Pier 26),reel,2026-07-26,0,0,858360.0,858587.9397059999
City Vineyard (Pier 26),reel,2026-07-27,1,0,862960.0,863187.9397059999
City Vineyard (Pier 26),reel,2026-07-28,1,0,867560.0,867787.9397059999
City Vineyard (Pier 26),reel,2026-07-29,0,0,876760.0,876987.9397059999
City Vineyard (Pier 26),reel,2026-07-30,0,0,885960.0,886187.9397059999
City Vineyard (Pier 26),reel,2026-07-31,0,0,901600.0,901827.939706
City Vineyard (Pier 26),reel,2026-08-01,0,0,917240.0,917467.939706
City Vineyard (Pier 26),reel,2026-08-02,1,0,921840.0,922067.939706
City Vineyard (Pier 26),reel,2026-08-03,0,0,931040.0,931267.939706
City Vineyard (Pier 26),reel,2026-08-04,0,0,940240.0,940467.939706
City Vineyard (Pier 26),reel,2026-08-05,1,0,944840.0,945067.939706
City Vineyard (Pier 26),reel,2026-08-06,0,0,954040.0,954267.939706
City Vineyard (Pier 26),reel,2026-08-07,1,1,961860.0,963472.2063900001
City Vineyard (Pier 26),reel,2026-08-08,0,1,977500.0,976637.209234
City Vineyard (Pier 26),reel,2026-08-09,0,0,986700.0,985837.209234
City Vineyard (Pier 26),reel,2026-08-10,0,0,995900.0,995037.209234
City Vineyard (Pier 26),reel,2026-08-11,0,0,1005100.0,1004237.209234
City Vineyard (Pier 26),reel,2026-08-12,0,0,1014300.0,1013437.209234
City Vineyard (Pier 26),reel,2026-08-13,0,0,1023500.0,1022637.209234
City Vineyard (Pier 26),reel,2026-08-14,0,0,1039140.0,1038277.209234
City Vineyard (Pier 26),reel,2026-08-15,0,1,1054780.0,1051771.801618
City Vineyard (Pier 26),reel,2026-08-16,1,0,1059380.0,1056371.801618
City Vineyard (Pier 26),reel,2026-08-17,0,0,1068580.0,1065571.801618
City Vineyard (Pier 26),reel,2026-08-18,0,0,1077780.0,1074771.801618
City Vineyard (Pier 26),reel,2026-08-19,0,0,1086980.0,1083971.801618
City Vineyard (Pier 26),reel,2026-08-20,1,0,1091580.0,1088571.801618
City Vineyard (Pier 26),reel,2026-08-21,0,1,1107220.0,1101410.4336340001
City Vineyard (Pier 26),reel,2026-08-22,0,1,1122860.0,1114622.323634
City Vineyard (Pier 26),reel,2026-08-23,0,0,1132060.0,1123822.323634
City Vineyard (Pier 26),reel,2026-08-24,0,0,1141260.0,1133022.323634
City Vineyard (Pier 26),reel,2026-08-25,0,0,1150460.0,1142222.323634
City Vineyard (Pier 26),reel,2026-08-26,0,0,1159660.0,1151422.323634
City Vineyard (Pier 26),reel,2026-08-27,0,0,1168860.0,1160622.323634
City Vineyard (Pier 26),reel,2026-08-28,0,1,1184500.0,1172863.377838
City Vineyard (Pier 26),reel,2026-08-29,0,0,1200140.0,1188503.377838
City Vineyard (Pier 26),reel,2026-08-30,1,0,1204740.0,1193103.377838
City Vineyard (Pier 26),reel,2026-08-31,0,0,1213940.0,1202303.377838
City Vineyard (Pier 26),reel,2026-09-01,1,0,1218540.0,1206903.3778380002
City Vineyard (Pier 26),reel,2026-09-02,0,0,1227740.0,1216103.3778380002
City Vineyard (Pier 26),reel,2026-09-03,0,0,1236940.0,1225303.3778380002
City Vineyard (Pier 26),reel,2026-09-04,0,1,1252580.0,1242695.1219620002
City Vineyard (Pier 26),reel,2026-09-05,0,0,1268220.0,1258335.1219620002
City Vineyard (Pier 26),reel,2026-09-06,0,0,1283860.0,1273975.1219620002
City Vineyard (Pier 26),reel,2026-09-07,0,0,1299500.0,1289615.1219620002
City Vineyard (Pier 26),reel,2026-09-08,0,0,1308700.0,1298815.1219620002
City Vineyard (Pier 26),reel,2026-09-09,0,0,1317900.0,1308015.1219620002
City Vineyard (Pier 26),reel,2026-09-10,0,0,1327100.0,1317215.1219620002
City Vineyard (Pier 26),reel,2026-09-11,0,0,1342740.0,1332855.1219620002
City Vineyard (Pier 26),reel,2026-09-12,0,0,1358380.0,1348495.1219620002
City Vineyard (Pier 26),reel,2026-09-13,0,0,1367580.0,1357695.1219620002
City Vineyard (Pier 26),reel,2026-09-14,0,0,1376780.0,1366895.1219620002
City Vineyard (Pier 26),parfait,2026-05-01,0,0,15640.0,15640.0
City Vineyard (Pier 26),parfait,2026-05-02,0,0,31280.0,31280.0
City Vineyard (Pier 26),parfait,2026-05-03,0,0,40480.0,40480.0
City Vineyard (Pier 26),parfait,2026-05-04,0,0,49680.0,49680.0
City Vineyard (Pier 26),parfait,2026-05-05,0,0,58880.0,58880.0
City Vineyard (Pier 26),parfait,2026-05-06,1,0,63480.0,63480.0
City Vineyard (Pier 26),parfait,2026-05-07,0,0,72680.0,72680.0
City Vineyard (Pier 26),parfait,2026-05-08,0,1,88320.0,87278.79683218285
City Vineyard (Pier 26),parfait,2026-05-09,1,1,96140.0,98350.76310736571
City Vineyard (Pier 26),parfait,2026-05-10,0,0,105340.0,107550.76310736571
City Vineyard (Pier 26),parfait,2026-05-11,0,0,114540.0,116750.76310736571
City Vineyard (Pier 26),parfait,2026-05-12,0,0,123740.0,125950.76310736571
City Vineyard (Pier 26),parfait,2026-05-13,0,0,132940.0,135150.7631073657
City Vineyard (Pier 26),parfait,2026-05-14,0,0,142140.0,144350.7631073657
City Vineyard (Pier 26),parfait,2026-05-15,0,0,157780.0,159990.7631073657
City Vineyard (Pier 26),parfait,2026-05-16,0,0,173420.0,175630.7631073657
City Vineyard (Pier 26),parfait,2026-05-17,0,0,182620.0,184830.7631073657
City Vineyard (Pier 26),parfait,2026-05-18,0,0,191820.0,194030.7631073657
City Vineyard (Pier 26),parfait,2026-05-19,0,0,201020.0,203230.7631073657
City Vineyard (Pier 26),parfait,2026-05-20,1,0,205620.0,207830.7631073657
City Vineyard (Pier 26),parfait,2026-05-21,0,0,214820.0,217030.7631073657
City Vineyard (Pier 26),parfait,2026-05-22,0,0,230460.0,232670.7631073657
City Vineyard (Pier 26),parfait,2026-05-23,1,1,238280.0,243584.43819374856
City Vineyard (Pier 26),parfait,2026-05-24,0,1,253920.0,257626.11328013142
City Vineyard (Pier 26),parfait,2026-05-25,0,1,269560.0,271857.8228925486
City Vineyard (Pier 26),parfait,2026-05-26,0,0,278760.0,281057.8228925486
City Vineyard (Pier 26),parfait,2026-05-27,0,0,287960.0,290257.8228925486
City Vineyard (Pier 26),parfait,2026-05-28,0,0,297160.0,299457.8228925486
City Vineyard (Pier 26),parfait,2026-05-29,0,0,312800.0,315097.8228925486
City Vineyard (Pier 26),parfait,2026-05-30,0,0,328440.0,330737.8228925486
City Vineyard (Pier 26),parfait,2026-05-31,0,0,337640.0,339937.8228925486
City Vineyard (Pier 26),parfait,2026-06-01,0,0,346840.0,349137.8228925486
City Vineyard (Pier 26),parfait,2026-06-02,0,0,356040.0,358337.8228925486
City Vineyard (Pier 26),parfait,2026-06-03,0,0,365240.0,367537.8228925486
City Vineyard (Pier 26),parfait,2026-06-04,0,0,374440.0,376737.8228925486
City Vineyard (Pier 26),parfait,2026-06-05,0,0,390080.0,392377.8228925486
City Vineyard (Pier 26),parfait,2026-06-06,1,0,397900.0,400197.8228925486
City Vineyard (Pier 26),parfait,2026-06-07,0,0,407100.0,409397.8228925486
City Vineyard (Pier 26),parfait,2026-06-08,0,0,416300.0,418597.8228925486
City Vineyard (Pier 26),parfait,2026-06-09,0,0,425500.0,427797.8228925486
City Vineyard (Pier 26),parfait,2026-06-10,0,0,434700.0,436997.8228925486
City Vineyard (Pier 26),parfait,2026-06-11,1,0,439300.0,441597.8228925486
City Vineyard (Pier 26),parfait,2026-06-12,1,0,447120.0,449417.8228925486
City Vineyard (Pier 26),parfait,2026-06-13,0,0,462760.0,465057.8228925486
City Vineyard (Pier 26),parfait,2026-06-14,1,0,467360.0,469657.8228925486
City Vineyard (Pier 26),parfait,2026-06-15,0,0,476560.0,478857.8228925486
City Vineyard (Pier 26),parfait,2026-06-16,0,0,485760.0,488057.8228925486
City Vineyard (Pier 26),parfait,2026-06-17,0,0,494960.0,497257.8228925486
City Vineyard (Pier 26),parfait,2026-06-18,0,0,504160.0,506457.8228925486
City Vineyard (Pier 26),parfait,2026-06-19,0,0,519800.0,522097.8228925486
City Vineyard (Pier 26),parfait,2026-06-20,0,0,535440.0,537737.8228925485
City Vineyard (Pier 26),parfait,2026-06-21,0,0,544640.0,546937.8228925485
City Vineyard (Pier 26),parfait,2026-06-22,1,0,549240.0,551537.8228925485
City Vineyard (Pier 26),parfait,2026-06-23,0,0,558440.0,560737.8228925485
City Vineyard (Pier 26),parfait,2026-06-24,0,0,567640.0,569937.8228925485
City Vineyard (Pier 26),parfait,2026-06-25,0,0,576840.0,579137.8228925485
City Vineyard (Pier 26),parfait,2026-06-26,0,1,592480.0,593385.4148110171
City Vineyard (Pier 26),parfait,2026-06-27,0,1,608120.0,607648.8961271599
City Vineyard (Pier 26),parfait,2026-06-28,0,0,617320.0,616848.8961271599
City Vineyard (Pier 26),parfait,2026-06-29,0,0,626520.0,626048.8961271599
City Vineyard (Pier 26),parfait,2026-06-30,0,0,635720.0,635248.8961271599
City Vineyard (Pier 26),parfait,2026-07-01,0,0,644920.0,644448.8961271599
City Vineyard (Pier 26),parfait,2026-07-02,0,0,654120.0,653648.8961271599
City Vineyard (Pier 26),parfait,2026-07-03,1,1,661940.0,664768.4880456286
City Vineyard (Pier 26),parfait,2026-07-04,1,1,669760.0,675888.0799640972
City Vineyard (Pier 26),parfait,2026-07-05,1,0,674360.0,680488.0799640972
City Vineyard (Pier 26),parfait,2026-07-06,1,0,678960.0,685088.0799640972
City Vineyard (Pier 26),parfait,2026-07-07,0,0,688160.0,694288.0799640972
City Vineyard (Pier 26),parfait,2026-07-08,0,0,697360.0,703488.0799640972
City Vineyard (Pier 26),parfait,2026-07-09,0,0,706560.0,712688.0799640972
City Vineyard (Pier 26),parfait,2026-07-10,0,1,722200.0,726935.6718825658
City Vineyard (Pier 26),parfait,2026-07-11,0,1,737840.0,741230.9532689257
City Vineyard (Pier 26),parfait,2026-07-12,0,0,747040.0,750430.9532689257
City Vineyard (Pier 26),parfait,2026-07-13,0,0,756240.0,759630.9532689257
City Vineyard (Pier 26),parfait,2026-07-14,0,0,765440.0,768830.9532689257
City Vineyard (Pier 26),parfait,2026-07-15,0,0,774640.0,778030.9532689257
City Vineyard (Pier 26),parfait,2026-07-15,0,0,783840.0,787230.9532689257
City Vineyard (Pier 26),parfait,2026-07-17,0,0,799480.0,802870.9532689257
City Vineyard (Pier 26),parfait,2026-07-22,0,0,808680.0,812070.9532689257
City Vineyard (Pier 26),parfait,2026-07-23,0,0,817880.0,821270.9532689257
City Vineyard (Pier 26),parfait,2026-07-24,0,0,833520.0,836910.9532689257
City Vineyard (Pier 26),parfait,2026-07-25,0,0,849160.0,852550.9532689257
City Vineyard (Pier 26),parfait,2026-07-26,0,0,858360.0,861750.9532689257
City Vineyard (Pier 26),parfait,2026-07-27,1,0,862960.0,866350.9532689257
City Vineyard (Pier 26),parfait,2026-07-28,1,0,867560.0,870950.9532689257
City Vineyard (Pier 26),parfait,2026-07-29,0,0,876760.0,880150.9532689257
City Vineyard (Pier 26),parfait,2026-07-30,0,0,885960.0,889350.9532689257
City Vineyard (Pier 26),parfait,2026-07-31,0,0,901600.0,904990.9532689257
City Vineyard (Pier 26),parfait,2026-08-01,0,0,917240.0,920630.9532689257
City Vineyard (Pier 26),parfait,2026-08-02,1,0,921840.0,925230.9532689257
City Vineyard (Pier 26),parfait,2026-08-03,0,0,931040.0,934430.9532689257
City Vineyard (Pier 26),parfait,2026-08-04,0,0,940240.0,943630.9532689257
City Vineyard (Pier 26),parfait,2026-08-05,1,0,944840.0,948230.9532689257
City Vineyard (Pier 26),parfait,2026-08-06,0,0,954040.0,957430.9532689257
City Vineyard (Pier 26),parfait,2026-08-07,1,1,961860.0,968821.6294085657
City Vineyard (Pier 26),parfait,2026-08-08,0,0,977500.0,984461.6294085658
City Vineyard (Pier 26),parfait,2026-08-09,0,0,986700.0,993661.6294085658
City Vineyard (Pier 26),parfait,2026-08-10,0,0,995900.0,1002861.6294085658
City Vineyard (Pier 26),parfait,2026-08-11,0,0,1005100.0,1012061.6294085658
City Vineyard (Pier 26),parfait,2026-08-12,0,0,1014300.0,1021261.6294085658
City Vineyard (Pier 26),parfait,2026-08-13,0,0,1023500.0,1030461.6294085658
City Vineyard (Pier 26),parfait,2026-08-14,0,0,1039140.0,1046101.6294085658
City Vineyard (Pier 26),parfait,2026-08-15,0,0,1054780.0,1061741.6294085658
City Vineyard (Pier 26),parfait,2026-08-16,1,0,1059380.0,1066341.6294085658
City Vineyard (Pier 26),parfait,2026-08-17,0,0,1068580.0,1075541.6294085658
City Vineyard (Pier 26),parfait,2026-08-18,0,0,1077780.0,1084741.6294085658
City Vineyard (Pier 26),parfait,2026-08-19,0,0,1086980.0,1093941.6294085658
City Vineyard (Pier 26),parfait,2026-08-20,1,0,1091580.0,1098541.6294085658
City Vineyard (Pier 26),parfait,2026-08-21,0,0,1107220.0,1114181.6294085658
City Vineyard (Pier 26),parfait,2026-08-22,0,0,1122860.0,1129821.6294085658
City Vineyard (Pier 26),parfait,2026-08-23,0,0,1132060.0,1139021.6294085658
City Vineyard (Pier 26),parfait,2026-08-24,0,0,1141260.0,1148221.6294085658
City Vineyard (Pier 26),parfait,2026-08-25,0,0,1150460.0,1157421.6294085658
City Vineyard (Pier 26),parfait,2026-08-26,0,0,1159660.0,1166621.6294085658
City Vineyard (Pier 26),parfait,2026-08-27,0,0,1168860.0,1175821.6294085658
City Vineyard (Pier 26),parfait,2026-08-28,0,1,1184500.0,1190308.3069125486
City Vineyard (Pier 26),parfait,2026-08-29,0,0,1200140.0,1205948.3069125486
City Vineyard (Pier 26),parfait,2026-08-30,1,0,1204740.0,1210548.3069125486
City Vineyard (Pier 26),parfait,2026-08-31,0,0,1213940.0,1219748.3069125486
City Vineyard (Pier 26),parfait,2026-09-01,1,0,1218540.0,1224348.3069125486
City Vineyard (Pier 26),parfait,2026-09-02,0,0,1227740.0,1233548.3069125486
City Vineyard (Pier 26),parfait,2026-09-03,0,0,1236940.0,1242748.3069125486
City Vineyard (Pier 26),parfait,2026-09-04,0,1,1252580.0,1257395.2612597314
City Vineyard (Pier 26),parfait,2026-09-05,0,0,1268220.0,1273035.2612597314
City Vineyard (Pier 26),parfait,2026-09-06,0,0,1283860.0,1288675.2612597314
City Vineyard (Pier 26),parfait,2026-09-07,0,0,1299500.0,1304315.2612597314
City Vineyard (Pier 26),parfait,2026-09-08,0,0,1308700.0,1313515.2612597314
City Vineyard (Pier 26),parfait,2026-09-09,0,0,1317900.0,1322715.2612597314
City Vineyard (Pier 26),parfait,2026-09-10,0,0,1327100.0,1331915.2612597314
City Vineyard (Pier 26),parfait,2026-09-11,0,0,1342740.0,1347555.2612597314
City Vineyard (Pier 26),parfait,2026-09-12,0,0,1358380.0,1363195.2612597314
City Vineyard (Pier 26),parfait,2026-09-13,0,0,1367580.0,1372395.2612597314
City Vineyard (Pier 26),parfait,2026-09-14,0,0,1376780.0,1381595.2612597314
Bar 13,reel,2026-05-01,0,0,9164.0,9164.0
Bar 13,reel,2026-05-02,0,0,18328.0,18328.0
Bar 13,reel,2026-05-03,0,0,22209.0,22209.0
Bar 13,reel,2026-05-04,0,0,26090.0,26090.0
Bar 13,reel,2026-05-05,0,0,29971.0,29971.0
Bar 13,reel,2026-05-06,1,0,31911.5,31911.5
Bar 13,reel,2026-05-07,0,0,35792.5,35792.5
Bar 13,reel,2026-05-08,0,1,44956.5,45901.8729024
Bar 13,reel,2026-05-09,1,1,49538.5,50767.4446348
Bar 13,reel,2026-05-10,0,0,53419.5,54648.4446348
Bar 13,reel,2026-05-11,0,0,57300.5,58529.4446348
Bar 13,reel,2026-05-12,0,0,61181.5,62410.4446348
Bar 13,reel,2026-05-13,0,0,65062.5,66291.44463479999
Bar 13,reel,2026-05-14,0,0,68943.5,70172.44463479999
Bar 13,reel,2026-05-15,0,1,78107.5,77913.7336348
Bar 13,reel,2026-05-16,0,0,87271.5,87077.7336348
Bar 13,reel,2026-05-17,0,0,91152.5,90958.7336348
Bar 13,reel,2026-05-18,0,0,95033.5,94839.7336348
Bar 13,reel,2026-05-19,0,0,98914.5,98720.7336348
Bar 13,reel,2026-05-20,1,0,100855.0,100661.2336348
Bar 13,reel,2026-05-21,0,0,104736.0,104542.2336348
Bar 13,reel,2026-05-22,0,0,113900.0,113706.2336348
Bar 13,reel,2026-05-23,1,1,118482.0,118313.82043919999
Bar 13,reel,2026-05-24,0,1,127646.0,127503.4072436
Bar 13,reel,2026-05-25,0,1,136810.0,137003.0378272
Bar 13,reel,2026-05-26,0,0,140691.0,140884.0378272
Bar 13,reel,2026-05-27,0,0,144572.0,144765.0378272
Bar 13,reel,2026-05-28,0,0,148453.0,148646.0378272
Bar 13,reel,2026-05-29,0,0,157617.0,157810.0378272
Bar 13,reel,2026-05-30,0,1,166781.0,168452.3149703
Bar 13,reel,2026-05-31,0,0,170662.0,172333.3149703
Bar 13,reel,2026-06-01,0,0,174543.0,176214.3149703
Bar 13,reel,2026-06-02,0,0,178424.0,180095.3149703
Bar 13,reel,2026-06-03,0,0,182305.0,183976.3149703
Bar 13,reel,2026-06-04,0,0,186186.0,187857.3149703
Bar 13,reel,2026-06-05,0,0,195350.0,197021.3149703
Bar 13,reel,2026-06-06,1,1,199932.0,203081.5921134
Bar 13,reel,2026-06-07,0,0,203813.0,206962.5921134
Bar 13,reel,2026-06-08,0,0,207694.0,210843.5921134
Bar 13,reel,2026-06-09,0,0,211575.0,214724.5921134
Bar 13,reel,2026-06-10,0,0,215456.0,218605.5921134
Bar 13,reel,2026-06-11,1,0,217396.5,220546.0921134
Bar 13,reel,2026-06-12,1,0,221978.5,225128.0921134
Bar 13,reel,2026-06-13,0,1,231142.5,232979.65702379998
Bar 13,reel,2026-06-14,1,0,233083.0,234920.15702379998
Bar 13,reel,2026-06-15,0,0,236964.0,238801.15702379998
Bar 13,reel,2026-06-16,0,0,240845.0,242682.15702379998
Bar 13,reel,2026-06-17,0,0,244726.0,246563.1570238
Bar 13,reel,2026-06-18,0,0,248607.0,250444.1570238
Bar 13,reel,2026-06-19,0,0,257771.0,259608.1570238
Bar 13,reel,2026-06-20,0,0,266935.0,268772.1570238
Bar 13,reel,2026-06-21,0,0,270816.0,272653.1570238
Bar 13,reel,2026-06-22,1,0,272756.5,274593.6570238
Bar 13,reel,2026-06-23,0,0,276637.5,278474.6570238
Bar 13,reel,2026-06-24,0,0,280518.5,282355.6570238
Bar 13,reel,2026-06-25,0,0,284399.5,286236.65702379995
Bar 13,reel,2026-06-26,0,1,293563.5,295762.37476619997
Bar 13,reel,2026-06-27,0,1,302727.5,305314.21815619996
Bar 13,reel,2026-06-28,0,0,306608.5,309195.21815619996
Bar 13,reel,2026-06-29,0,0,310489.5,313076.21815619996
Bar 13,reel,2026-06-30,0,0,314370.5,316957.21815619996
Bar 13,reel,2026-07-01,0,0,318251.5,320838.21815619996
Bar 13,reel,2026-07-02,0,0,322132.5,324719.21815619996
Bar 13,reel,2026-07-03,1,1,326714.5,329662.9358986
Bar 13,reel,2026-07-04,1,1,331296.5,334606.653641
Bar 13,reel,2026-07-05,1,0,333237.0,336547.153641
Bar 13,reel,2026-07-06,1,0,335177.5,338487.653641
Bar 13,reel,2026-07-07,0,0,339058.5,342368.653641
Bar 13,reel,2026-07-08,0,0,342939.5,346249.653641
Bar 13,reel,2026-07-09,0,0,346820.5,350130.653641
Bar 13,reel,2026-07-10,0,1,355984.5,356907.1713834
Bar 13,reel,2026-07-11,0,1,365148.5,366511.381535
Bar 13,reel,2026-07-12,0,0,369029.5,370392.381535
Bar 13,reel,2026-07-13,0,0,372910.5,374273.381535
Bar 13,reel,2026-07-14,0,0,376791.5,378154.381535
Bar 13,reel,2026-07-15,0,0,380672.5,382035.381535
Bar 13,reel,2026-07-15,0,0,384553.5,385916.381535
Bar 13,reel,2026-07-17,0,0,393717.5,395080.381535
Bar 13,reel,2026-07-22,0,0,397598.5,398961.381535
Bar 13,reel,2026-07-23,0,0,401479.5,402842.381535
Bar 13,reel,2026-07-24,0,1,410643.5,410777.0575106
Bar 13,reel,2026-07-25,0,0,419807.5,419941.0575106
Bar 13,reel,2026-07-26,0,0,423688.5,423822.0575106
Bar 13,reel,2026-07-27,1,0,425629.0,425762.5575106
Bar 13,reel,2026-07-28,1,0,427569.5,427703.0575106
Bar 13,reel,2026-07-29,0,0,431450.5,431584.0575106
Bar 13,reel,2026-07-30,0,0,435331.5,435465.0575106
Bar 13,reel,2026-07-31,0,0,444495.5,444629.0575106
Bar 13,reel,2026-08-01,0,0,453659.5,453793.0575106
Bar 13,reel,2026-08-02,1,0,455600.0,455733.5575106
Bar 13,reel,2026-08-03,0,0,459481.0,459614.5575106
Bar 13,reel,2026-08-04,0,0,463362.0,463495.5575106
Bar 13,reel,2026-08-05,1,0,465302.5,465436.0575106
Bar 13,reel,2026-08-06,0,0,469183.5,469317.0575106
Bar 13,reel,2026-08-07,1,1,473765.5,474710.145739
Bar 13,reel,2026-08-08,0,1,482929.5,482423.96198340005
Bar 13,reel,2026-08-09,0,0,486810.5,486304.96198340005
Bar 13,reel,2026-08-10,0,0,490691.5,490185.96198340005
Bar 13,reel,2026-08-11,0,0,494572.5,494066.96198340005
Bar 13,reel,2026-08-12,0,0,498453.5,497947.96198340005
Bar 13,reel,2026-08-13,0,0,502334.5,501828.96198340005
Bar 13,reel,2026-08-14,0,0,511498.5,510992.96198340005
Bar 13,reel,2026-08-15,0,1,520662.5,518899.89578180003
Bar 13,reel,2026-08-16,1,0,522603.0,520840.3957818
Bar 13,reel,2026-08-17,0,0,526484.0,524721.3957817999
Bar 13,reel,2026-08-18,0,0,530365.0,528602.3957817999
Bar 13,reel,2026-08-19,0,0,534246.0,532483.3957817999
Bar 13,reel,2026-08-20,1,0,536186.5,534423.8957817999
Bar 13,reel,2026-08-21,0,1,545350.5,541946.4804234
Bar 13,reel,2026-08-22,0,1,554514.5,549687.7694233999
Bar 13,reel,2026-08-23,0,0,558395.5,553568.7694233999
Bar 13,reel,2026-08-24,0,0,562276.5,557449.7694234
Bar 13,reel,2026-08-25,0,0,566157.5,561330.7694234
Bar 13,reel,2026-08-26,0,0,570038.5,565211.7694234
Bar 13,reel,2026-08-27,0,0,573919.5,569092.7694234
Bar 13,reel,2026-08-28,0,1,583083.5,576265.2132038
Bar 13,reel,2026-08-29,0,0,592247.5,585429.2132038
Bar 13,reel,2026-08-30,1,0,594188.0,587369.7132038
Bar 13,reel,2026-08-31,0,0,598069.0,591250.7132038
Bar 13,reel,2026-09-01,1,0,600009.5,593191.2132037999
Bar 13,reel,2026-09-02,0,0,603890.5,597072.2132037999
Bar 13,reel,2026-09-03,0,0,607771.5,600953.2132037999
Bar 13,reel,2026-09-04,0,1,616935.5,611143.6187761999
Bar 13,reel,2026-09-05,0,0,626099.5,620307.6187761999
Bar 13,reel,2026-09-06,0,0,635263.5,629471.6187761999
Bar 13,reel,2026-09-07,0,0,644427.5,638635.6187761999
Bar 13,reel,2026-09-08,0,0,648308.5,642516.6187761999
Bar 13,reel,2026-09-09,0,0,652189.5,646397.6187762
Bar 13,reel,2026-09-10,0,0,656070.5,650278.6187761999
Bar 13,reel,2026-09-11,0,0,665234.5,659442.6187761999
Bar 13,reel,2026-09-12,0,0,674398.5,668606.6187761999
Bar 13,reel,2026-09-13,0,0,678279.5,672487.6187761999
Bar 13,reel,2026-09-14,0,0,682160.5,676368.6187761999
Bar 13,parfait,2026-05-01,0,0,9164.0,9164.0
Bar 13,parfait,2026-05-02,0,0,18328.0,18328.0
Bar 13,parfait,2026-05-03,0,0,22209.0,22209.0
Bar 13,parfait,2026-05-04,0,0,26090.0,26090.0
Bar 13,parfait,2026-05-05,0,0,29971.0,29971.0
Bar 13,parfait,2026-05-06,1,0,31911.5,31911.5
Bar 13,parfait,2026-05-07,0,0,35792.5,35792.5
Bar 13,parfait,2026-05-08,0,1,44956.5,44346.42417967543
Bar 13,parfait,2026-05-09,1,1,49538.5,50833.86017365086
Bar 13,parfait,2026-05-10,0,0,53419.5,54714.86017365086
Bar 13,parfait,2026-05-11,0,0,57300.5,58595.86017365086
Bar 13,parfait,2026-05-12,0,0,61181.5,62476.86017365086
Bar 13,parfait,2026-05-13,0,0,65062.5,66357.86017365086
Bar 13,parfait,2026-05-14,0,0,68943.5,70238.86017365086
Bar 13,parfait,2026-05-15,0,0,78107.5,79402.86017365086
Bar 13,parfait,2026-05-16,0,0,87271.5,88566.86017365086
Bar 13,parfait,2026-05-17,0,0,91152.5,92447.86017365086
Bar 13,parfait,2026-05-18,0,0,95033.5,96328.86017365086
Bar 13,parfait,2026-05-19,0,0,98914.5,100209.86017365086
Bar 13,parfait,2026-05-20,1,0,100855.0,102150.36017365086
Bar 13,parfait,2026-05-21,0,0,104736.0,106031.36017365086
Bar 13,parfait,2026-05-22,0,0,113900.0,115195.36017365086
Bar 13,parfait,2026-05-23,1,1,118482.0,121590.04805674628
Bar 13,parfait,2026-05-24,0,1,127646.0,129817.5359398417
Bar 13,parfait,2026-05-25,0,1,136810.0,138156.37141862628
Bar 13,parfait,2026-05-26,0,0,140691.0,142037.37141862628
Bar 13,parfait,2026-05-27,0,0,144572.0,145918.37141862628
Bar 13,parfait,2026-05-28,0,0,148453.0,149799.37141862628
Bar 13,parfait,2026-05-29,0,0,157617.0,158963.37141862628
Bar 13,parfait,2026-05-30,0,0,166781.0,168127.37141862628
Bar 13,parfait,2026-05-31,0,0,170662.0,172008.37141862628
Bar 13,parfait,2026-06-01,0,0,174543.0,175889.37141862628
Bar 13,parfait,2026-06-02,0,0,178424.0,179770.37141862628
Bar 13,parfait,2026-06-03,0,0,182305.0,183651.37141862628
Bar 13,parfait,2026-06-04,0,0,186186.0,187532.37141862628
Bar 13,parfait,2026-06-05,0,0,195350.0,196696.37141862628
Bar 13,parfait,2026-06-06,1,0,199932.0,201278.37141862628
Bar 13,parfait,2026-06-07,0,0,203813.0,205159.37141862628
Bar 13,parfait,2026-06-08,0,0,207694.0,209040.37141862628
Bar 13,parfait,2026-06-09,0,0,211575.0,212921.37141862628
Bar 13,parfait,2026-06-10,0,0,215456.0,216802.37141862628
Bar 13,parfait,2026-06-11,1,0,217396.5,218742.87141862628
Bar 13,parfait,2026-06-12,1,0,221978.5,223324.87141862628
Bar 13,parfait,2026-06-13,0,0,231142.5,232488.87141862628
Bar 13,parfait,2026-06-14,1,0,233083.0,234429.37141862628
Bar 13,parfait,2026-06-15,0,0,236964.0,238310.37141862628
Bar 13,parfait,2026-06-16,0,0,240845.0,242191.37141862628
Bar 13,parfait,2026-06-17,0,0,244726.0,246072.37141862628
Bar 13,parfait,2026-06-18,0,0,248607.0,249953.37141862628
Bar 13,parfait,2026-06-19,0,0,257771.0,259117.37141862628
Bar 13,parfait,2026-06-20,0,0,266935.0,268281.3714186263
Bar 13,parfait,2026-06-21,0,0,270816.0,272162.3714186263
Bar 13,parfait,2026-06-22,1,0,272756.5,274102.8714186263
Bar 13,parfait,2026-06-23,0,0,276637.5,277983.8714186263
Bar 13,parfait,2026-06-24,0,0,280518.5,281864.8714186263
Bar 13,parfait,2026-06-25,0,0,284399.5,285745.8714186263
Bar 13,parfait,2026-06-26,0,1,293563.5,294094.0128726446
Bar 13,parfait,2026-06-27,0,1,302727.5,302451.46445711603
Bar 13,parfait,2026-06-28,0,0,306608.5,306332.46445711603
Bar 13,parfait,2026-06-29,0,0,310489.5,310213.46445711603
Bar 13,parfait,2026-06-30,0,0,314370.5,314094.46445711603
Bar 13,parfait,2026-07-01,0,0,318251.5,317975.46445711603
Bar 13,parfait,2026-07-02,0,0,322132.5,321856.46445711603
Bar 13,parfait,2026-07-03,1,1,326714.5,328371.8059111343
Bar 13,parfait,2026-07-04,1,1,331296.5,334887.1473651526
Bar 13,parfait,2026-07-05,1,0,333237.0,336827.6473651526
Bar 13,parfait,2026-07-06,1,0,335177.5,338768.1473651526
Bar 13,parfait,2026-07-07,0,0,339058.5,342649.1473651526
Bar 13,parfait,2026-07-08,0,0,342939.5,346530.1473651526
Bar 13,parfait,2026-07-09,0,0,346820.5,350411.1473651526
Bar 13,parfait,2026-07-10,0,1,355984.5,358759.2888191709
Bar 13,parfait,2026-07-11,0,1,365148.5,367135.37313020683
Bar 13,parfait,2026-07-12,0,0,369029.5,371016.37313020683
Bar 13,parfait,2026-07-13,0,0,372910.5,374897.37313020683
Bar 13,parfait,2026-07-14,0,0,376791.5,378778.37313020683
Bar 13,parfait,2026-07-15,0,0,380672.5,382659.37313020683
Bar 13,parfait,2026-07-15,0,0,384553.5,386540.37313020683
Bar 13,parfait,2026-07-17,0,0,393717.5,395704.37313020683
Bar 13,parfait,2026-07-22,0,0,397598.5,399585.37313020683
Bar 13,parfait,2026-07-23,0,0,401479.5,403466.37313020683
Bar 13,parfait,2026-07-24,0,0,410643.5,412630.37313020683
Bar 13,parfait,2026-07-25,0,0,419807.5,421794.37313020683
Bar 13,parfait,2026-07-26,0,0,423688.5,425675.37313020683
Bar 13,parfait,2026-07-27,1,0,425629.0,427615.87313020683
Bar 13,parfait,2026-07-28,1,0,427569.5,429556.37313020683
Bar 13,parfait,2026-07-29,0,0,431450.5,433437.37313020683
Bar 13,parfait,2026-07-30,0,0,435331.5,437318.37313020683
Bar 13,parfait,2026-07-31,0,0,444495.5,446482.37313020683
Bar 13,parfait,2026-08-01,0,0,453659.5,455646.37313020683
Bar 13,parfait,2026-08-02,1,0,455600.0,457586.87313020683
Bar 13,parfait,2026-08-03,0,0,459481.0,461467.87313020683
Bar 13,parfait,2026-08-04,0,0,463362.0,465348.87313020683
Bar 13,parfait,2026-08-05,1,0,465302.5,467289.37313020683
Bar 13,parfait,2026-08-06,0,0,469183.5,471170.37313020683
Bar 13,parfait,2026-08-07,1,1,473765.5,477844.55191177083
Bar 13,parfait,2026-08-08,0,0,482929.5,487008.55191177083
Bar 13,parfait,2026-08-09,0,0,486810.5,490889.55191177083
Bar 13,parfait,2026-08-10,0,0,490691.5,494770.55191177083
Bar 13,parfait,2026-08-11,0,0,494572.5,498651.55191177083
Bar 13,parfait,2026-08-12,0,0,498453.5,502532.55191177083
Bar 13,parfait,2026-08-13,0,0,502334.5,506413.55191177083
Bar 13,parfait,2026-08-14,0,0,511498.5,515577.55191177083
Bar 13,parfait,2026-08-15,0,0,520662.5,524741.5519117708
Bar 13,parfait,2026-08-16,1,0,522603.0,526682.0519117708
Bar 13,parfait,2026-08-17,0,0,526484.0,530563.0519117708
Bar 13,parfait,2026-08-18,0,0,530365.0,534444.0519117708
Bar 13,parfait,2026-08-19,0,0,534246.0,538325.0519117708
Bar 13,parfait,2026-08-20,1,0,536186.5,540265.5519117708
Bar 13,parfait,2026-08-21,0,0,545350.5,549429.5519117708
Bar 13,parfait,2026-08-22,0,0,554514.5,558593.5519117708
Bar 13,parfait,2026-08-23,0,0,558395.5,562474.5519117708
Bar 13,parfait,2026-08-24,0,0,562276.5,566355.5519117708
Bar 13,parfait,2026-08-25,0,0,566157.5,570236.5519117708
Bar 13,parfait,2026-08-26,0,0,570038.5,574117.5519117708
Bar 13,parfait,2026-08-27,0,0,573919.5,577998.5519117708
Bar 13,parfait,2026-08-28,0,1,583083.5,586486.7816206262
Bar 13,parfait,2026-08-29,0,0,592247.5,595650.7816206262
Bar 13,parfait,2026-08-30,1,0,594188.0,597591.2816206262
Bar 13,parfait,2026-08-31,0,0,598069.0,601472.2816206262
Bar 13,parfait,2026-09-01,1,0,600009.5,603412.7816206263
Bar 13,parfait,2026-09-02,0,0,603890.5,607293.7816206263
Bar 13,parfait,2026-09-03,0,0,607771.5,611174.7816206263
Bar 13,parfait,2026-09-04,0,1,616935.5,619756.9229018018
Bar 13,parfait,2026-09-05,0,0,626099.5,628920.9229018018
Bar 13,parfait,2026-09-06,0,0,635263.5,638084.9229018018
Bar 13,parfait,2026-09-07,0,0,644427.5,647248.9229018018
Bar 13,parfait,2026-09-08,0,0,648308.5,651129.9229018018
Bar 13,parfait,2026-09-09,0,0,652189.5,655010.9229018018
Bar 13,parfait,2026-09-10,0,0,656070.5,658891.9229018018
Bar 13,parfait,2026-09-11,0,0,665234.5,668055.9229018018
Bar 13,parfait,2026-09-12,0,0,674398.5,677219.9229018018
Bar 13,parfait,2026-09-13,0,0,678279.5,681100.9229018018
Bar 13,parfait,2026-09-14,0,0,682160.5,684981.9229018018
Watermark (Pier 15),reel,2026-05-01,0,0,72450.0,72450.0
Watermark (Pier 15),reel,2026-05-02,0,0,144900.0,144900.0
Watermark (Pier 15),reel,2026-05-03,0,0,173880.0,173880.0
Watermark (Pier 15),reel,2026-05-04,0,0,202860.0,202860.0
Watermark (Pier 15),reel,2026-05-05,0,0,231840.0,231840.0
Watermark (Pier 15),reel,2026-05-06,1,0,246330.0,246330.0
Watermark (Pier 15),reel,2026-05-07,0,0,275310.0,275310.0
Watermark (Pier 15),reel,2026-05-08,0,1,347760.0,355234.05792
Watermark (Pier 15),reel,2026-05-09,1,1,383985.0,393700.957965
Watermark (Pier 15),reel,2026-05-10,0,0,412965.0,422680.957965
Watermark (Pier 15),reel,2026-05-11,0,0,441945.0,451660.957965
Watermark (Pier 15),reel,2026-05-12,0,0,470925.0,480640.957965
Watermark (Pier 15),reel,2026-05-13,0,0,499905.0,509620.957965
Watermark (Pier 15),reel,2026-05-14,0,0,528885.0,538600.9579650001
Watermark (Pier 15),reel,2026-05-15,0,1,601335.0,599803.095465
Watermark (Pier 15),reel,2026-05-16,0,0,673785.0,672253.095465
Watermark (Pier 15),reel,2026-05-17,0,0,702765.0,701233.095465
Watermark (Pier 15),reel,2026-05-18,0,0,731745.0,730213.095465
Watermark (Pier 15),reel,2026-05-19,0,0,760725.0,759193.095465
Watermark (Pier 15),reel,2026-05-20,1,0,775215.0,773683.095465
Watermark (Pier 15),reel,2026-05-21,0,0,804195.0,802663.095465
Watermark (Pier 15),reel,2026-05-22,0,0,876645.0,875113.095465
Watermark (Pier 15),reel,2026-05-23,1,1,912870.0,911540.38311
Watermark (Pier 15),reel,2026-05-24,0,1,985320.0,984192.670755
Watermark (Pier 15),reel,2026-05-25,0,1,1057770.0,1059296.14476
Watermark (Pier 15),reel,2026-05-26,0,0,1086750.0,1088276.14476
Watermark (Pier 15),reel,2026-05-27,0,0,1115730.0,1117256.14476
Watermark (Pier 15),reel,2026-05-28,0,0,1144710.0,1146236.14476
Watermark (Pier 15),reel,2026-05-29,0,0,1217160.0,1218686.14476
Watermark (Pier 15),reel,2026-05-30,0,1,1289610.0,1302823.30964625
Watermark (Pier 15),reel,2026-05-31,0,0,1318590.0,1331803.30964625
Watermark (Pier 15),reel,2026-06-01,0,0,1347570.0,1360783.30964625
Watermark (Pier 15),reel,2026-06-02,0,0,1376550.0,1389763.30964625
Watermark (Pier 15),reel,2026-06-03,0,0,1405530.0,1418743.30964625
Watermark (Pier 15),reel,2026-06-04,0,0,1434510.0,1447723.30964625
Watermark (Pier 15),reel,2026-06-05,0,0,1506960.0,1520173.30964625
Watermark (Pier 15),reel,2026-06-06,1,1,1543185.0,1568085.4745325
Watermark (Pier 15),reel,2026-06-07,0,0,1572165.0,1597065.4745325
Watermark (Pier 15),reel,2026-06-08,0,0,1601145.0,1626045.4745325
Watermark (Pier 15),reel,2026-06-09,0,0,1630125.0,1655025.4745325
Watermark (Pier 15),reel,2026-06-10,0,0,1659105.0,1684005.4745325
Watermark (Pier 15),reel,2026-06-11,1,0,1673595.0,1698495.4745325
Watermark (Pier 15),reel,2026-06-12,1,0,1709820.0,1734720.4745325
Watermark (Pier 15),reel,2026-06-13,0,1,1782270.0,1796794.4463525
Watermark (Pier 15),reel,2026-06-14,1,0,1796760.0,1811284.4463525
Watermark (Pier 15),reel,2026-06-15,0,0,1825740.0,1840264.4463525
Watermark (Pier 15),reel,2026-06-16,0,0,1854720.0,1869244.4463525
Watermark (Pier 15),reel,2026-06-17,0,0,1883700.0,1898224.4463525
Watermark (Pier 15),reel,2026-06-18,0,0,1912680.0,1927204.4463525
Watermark (Pier 15),reel,2026-06-19,0,0,1985130.0,1999654.4463525
Watermark (Pier 15),reel,2026-06-20,0,0,2057580.0,2072104.4463525
Watermark (Pier 15),reel,2026-06-21,0,0,2086560.0,2101084.4463525
Watermark (Pier 15),reel,2026-06-22,1,0,2101050.0,2115574.4463525
Watermark (Pier 15),reel,2026-06-23,0,0,2130030.0,2144554.4463525
Watermark (Pier 15),reel,2026-06-24,0,0,2159010.0,2173534.4463525
Watermark (Pier 15),reel,2026-06-25,0,0,2187990.0,2202514.4463524995
Watermark (Pier 15),reel,2026-06-26,0,1,2260440.0,2277824.1637724997
Watermark (Pier 15),reel,2026-06-27,0,1,2332890.0,2353340.4288974996
Watermark (Pier 15),reel,2026-06-28,0,0,2361870.0,2382320.4288974996
Watermark (Pier 15),reel,2026-06-29,0,0,2390850.0,2411300.4288974996
Watermark (Pier 15),reel,2026-06-30,0,0,2419830.0,2440280.4288974996
Watermark (Pier 15),reel,2026-07-01,0,0,2448810.0,2469260.4288974996
Watermark (Pier 15),reel,2026-07-02,0,0,2477790.0,2498240.4288974996
Watermark (Pier 15),reel,2026-07-03,1,1,2514015.0,2537325.1463174997
Watermark (Pier 15),reel,2026-07-04,1,1,2550240.0,2576409.8637375
Watermark (Pier 15),reel,2026-07-05,1,0,2564730.0,2590899.8637375
Watermark (Pier 15),reel,2026-07-06,1,0,2579220.0,2605389.8637375
Watermark (Pier 15),reel,2026-07-07,0,0,2608200.0,2634369.8637375
Watermark (Pier 15),reel,2026-07-08,0,0,2637180.0,2663349.8637375
Watermark (Pier 15),reel,2026-07-09,0,0,2666160.0,2692329.8637375
Watermark (Pier 15),reel,2026-07-10,0,1,2738610.0,2745904.5811575
Watermark (Pier 15),reel,2026-07-11,0,1,2811060.0,2821834.8545625
Watermark (Pier 15),reel,2026-07-12,0,0,2840040.0,2850814.8545625
Watermark (Pier 15),reel,2026-07-13,0,0,2869020.0,2879794.8545625
Watermark (Pier 15),reel,2026-07-14,0,0,2898000.0,2908774.8545625
Watermark (Pier 15),reel,2026-07-15,0,0,2926980.0,2937754.8545625
Watermark (Pier 15),reel,2026-07-15,0,0,2955960.0,2966734.8545625
Watermark (Pier 15),reel,2026-07-17,0,0,3028410.0,3039184.8545625
Watermark (Pier 15),reel,2026-07-22,0,0,3057390.0,3068164.8545625
Watermark (Pier 15),reel,2026-07-23,0,0,3086370.0,3097144.8545625
Watermark (Pier 15),reel,2026-07-24,0,1,3158820.0,3159875.8971675
Watermark (Pier 15),reel,2026-07-25,0,0,3231270.0,3232325.8971675
Watermark (Pier 15),reel,2026-07-26,0,0,3260250.0,3261305.8971675
Watermark (Pier 15),reel,2026-07-27,1,0,3274740.0,3275795.8971675
Watermark (Pier 15),reel,2026-07-28,1,0,3289230.0,3290285.8971675
Watermark (Pier 15),reel,2026-07-29,0,0,3318210.0,3319265.8971675
Watermark (Pier 15),reel,2026-07-30,0,0,3347190.0,3348245.8971675
Watermark (Pier 15),reel,2026-07-31,0,0,3419640.0,3420695.8971675
Watermark (Pier 15),reel,2026-08-01,0,0,3492090.0,3493145.8971675
Watermark (Pier 15),reel,2026-08-02,1,0,3506580.0,3507635.8971675
Watermark (Pier 15),reel,2026-08-03,0,0,3535560.0,3536615.8971675
Watermark (Pier 15),reel,2026-08-04,0,0,3564540.0,3565595.8971675
Watermark (Pier 15),reel,2026-08-05,1,0,3579030.0,3580085.8971675
Watermark (Pier 15),reel,2026-08-06,0,0,3608010.0,3609065.8971675
Watermark (Pier 15),reel,2026-08-07,1,1,3644235.0,3651703.3090125
Watermark (Pier 15),reel,2026-08-08,0,1,3716685.0,3712688.2486575
Watermark (Pier 15),reel,2026-08-09,0,0,3745665.0,3741668.2486575
Watermark (Pier 15),reel,2026-08-10,0,0,3774645.0,3770648.2486575
Watermark (Pier 15),reel,2026-08-11,0,0,3803625.0,3799628.2486575
Watermark (Pier 15),reel,2026-08-12,0,0,3832605.0,3828608.2486575
Watermark (Pier 15),reel,2026-08-13,0,0,3861585.0,3857588.2486575
Watermark (Pier 15),reel,2026-08-14,0,0,3934035.0,3930038.2486575
Watermark (Pier 15),reel,2026-08-15,0,1,4006485.0,3992549.9633775
Watermark (Pier 15),reel,2026-08-16,1,0,4020975.0,4007039.9633775
Watermark (Pier 15),reel,2026-08-17,0,0,4049955.0,4036019.9633775
Watermark (Pier 15),reel,2026-08-18,0,0,4078935.0,4064999.9633775
Watermark (Pier 15),reel,2026-08-19,0,0,4107915.0,4093979.9633775
Watermark (Pier 15),reel,2026-08-20,1,0,4122405.0,4108469.9633775
Watermark (Pier 15),reel,2026-08-21,0,1,4194855.0,4167943.0381575
Watermark (Pier 15),reel,2026-08-22,0,1,4267305.0,4229145.1756575
Watermark (Pier 15),reel,2026-08-23,0,0,4296285.0,4258125.1756575
Watermark (Pier 15),reel,2026-08-24,0,0,4325265.0,4287105.1756575
Watermark (Pier 15),reel,2026-08-25,0,0,4354245.0,4316085.1756575
Watermark (Pier 15),reel,2026-08-26,0,0,4383225.0,4345065.1756575
Watermark (Pier 15),reel,2026-08-27,0,0,4412205.0,4374045.1756575
Watermark (Pier 15),reel,2026-08-28,0,1,4484655.0,4430750.0591025
Watermark (Pier 15),reel,2026-08-29,0,0,4557105.0,4503200.0591025
Watermark (Pier 15),reel,2026-08-30,1,0,4571595.0,4517690.0591025
Watermark (Pier 15),reel,2026-08-31,0,0,4600575.0,4546670.0591025
Watermark (Pier 15),reel,2026-09-01,1,0,4615065.0,4561160.0591025
Watermark (Pier 15),reel,2026-09-02,0,0,4644045.0,4590140.0591025
Watermark (Pier 15),reel,2026-09-03,0,0,4673025.0,4619120.0591025
Watermark (Pier 15),reel,2026-09-04,0,1,4745475.0,4699684.7561475
Watermark (Pier 15),reel,2026-09-05,0,0,4817925.0,4772134.7561475
Watermark (Pier 15),reel,2026-09-06,0,0,4890375.0,4844584.7561475
Watermark (Pier 15),reel,2026-09-07,0,0,4962825.0,4917034.7561475
Watermark (Pier 15),reel,2026-09-08,0,0,4991805.0,4946014.7561475
Watermark (Pier 15),reel,2026-09-09,0,0,5020785.0,4974994.7561475
Watermark (Pier 15),reel,2026-09-10,0,0,5049765.0,5003974.7561475
Watermark (Pier 15),reel,2026-09-11,0,0,5122215.0,5076424.7561475
Watermark (Pier 15),reel,2026-09-12,0,0,5194665.0,5148874.7561475
Watermark (Pier 15),reel,2026-09-13,0,0,5223645.0,5177854.7561475
Watermark (Pier 15),reel,2026-09-14,0,0,5252625.0,5206834.7561475
Watermark (Pier 15),parfait,2026-05-01,0,0,72450.0,72450.0
Watermark (Pier 15),parfait,2026-05-02,0,0,144900.0,144900.0
Watermark (Pier 15),parfait,2026-05-03,0,0,173880.0,173880.0
Watermark (Pier 15),parfait,2026-05-04,0,0,202860.0,202860.0
Watermark (Pier 15),parfait,2026-05-05,0,0,231840.0,231840.0
Watermark (Pier 15),parfait,2026-05-06,1,0,246330.0,246330.0
Watermark (Pier 15),parfait,2026-05-07,0,0,275310.0,275310.0
Watermark (Pier 15),parfait,2026-05-08,0,1,347760.0,342936.7794432
Watermark (Pier 15),parfait,2026-05-09,1,1,383985.0,394226.03498264996
Watermark (Pier 15),parfait,2026-05-10,0,0,412965.0,423206.03498264996
Watermark (Pier 15),parfait,2026-05-11,0,0,441945.0,452186.03498264996
Watermark (Pier 15),parfait,2026-05-12,0,0,470925.0,481166.03498264996
Watermark (Pier 15),parfait,2026-05-13,0,0,499905.0,510146.03498264996
Watermark (Pier 15),parfait,2026-05-14,0,0,528885.0,539126.03498265
Watermark (Pier 15),parfait,2026-05-15,0,0,601335.0,611576.03498265
Watermark (Pier 15),parfait,2026-05-16,0,0,673785.0,684026.03498265
Watermark (Pier 15),parfait,2026-05-17,0,0,702765.0,713006.03498265
Watermark (Pier 15),parfait,2026-05-18,0,0,731745.0,741986.03498265
Watermark (Pier 15),parfait,2026-05-19,0,0,760725.0,770966.03498265
Watermark (Pier 15),parfait,2026-05-20,1,0,775215.0,785456.03498265
Watermark (Pier 15),parfait,2026-05-21,0,0,804195.0,814436.03498265
Watermark (Pier 15),parfait,2026-05-22,0,0,876645.0,886886.03498265
Watermark (Pier 15),parfait,2026-05-23,1,1,912870.0,937442.0298681
Watermark (Pier 15),parfait,2026-05-24,0,1,985320.0,1002488.02475355
Watermark (Pier 15),parfait,2026-05-25,0,1,1057770.0,1068414.3266345998
Watermark (Pier 15),parfait,2026-05-26,0,0,1086750.0,1097394.3266345998
Watermark (Pier 15),parfait,2026-05-27,0,0,1115730.0,1126374.3266345998
Watermark (Pier 15),parfait,2026-05-28,0,0,1144710.0,1155354.3266345998
Watermark (Pier 15),parfait,2026-05-29,0,0,1217160.0,1227804.3266345998
Watermark (Pier 15),parfait,2026-05-30,0,0,1289610.0,1300254.3266345998
Watermark (Pier 15),parfait,2026-05-31,0,0,1318590.0,1329234.3266345998
Watermark (Pier 15),parfait,2026-06-01,0,0,1347570.0,1358214.3266345998
Watermark (Pier 15),parfait,2026-06-02,0,0,1376550.0,1387194.3266345998
Watermark (Pier 15),parfait,2026-06-03,0,0,1405530.0,1416174.3266345998
Watermark (Pier 15),parfait,2026-06-04,0,0,1434510.0,1445154.3266345998
Watermark (Pier 15),parfait,2026-06-05,0,0,1506960.0,1517604.3266345998
Watermark (Pier 15),parfait,2026-06-06,1,0,1543185.0,1553829.3266345998
Watermark (Pier 15),parfait,2026-06-07,0,0,1572165.0,1582809.3266345998
Watermark (Pier 15),parfait,2026-06-08,0,0,1601145.0,1611789.3266345998
Watermark (Pier 15),parfait,2026-06-09,0,0,1630125.0,1640769.3266345998
Watermark (Pier 15),parfait,2026-06-10,0,0,1659105.0,1669749.3266345998
Watermark (Pier 15),parfait,2026-06-11,1,0,1673595.0,1684239.3266345998
Watermark (Pier 15),parfait,2026-06-12,1,0,1709820.0,1720464.3266345998
Watermark (Pier 15),parfait,2026-06-13,0,0,1782270.0,1792914.3266345998
Watermark (Pier 15),parfait,2026-06-14,1,0,1796760.0,1807404.3266345998
Watermark (Pier 15),parfait,2026-06-15,0,0,1825740.0,1836384.3266345998
Watermark (Pier 15),parfait,2026-06-16,0,0,1854720.0,1865364.3266345998
Watermark (Pier 15),parfait,2026-06-17,0,0,1883700.0,1894344.3266345998
Watermark (Pier 15),parfait,2026-06-18,0,0,1912680.0,1923324.3266345998
Watermark (Pier 15),parfait,2026-06-19,0,0,1985130.0,1995774.3266345998
Watermark (Pier 15),parfait,2026-06-20,0,0,2057580.0,2068224.3266345998
Watermark (Pier 15),parfait,2026-06-21,0,0,2086560.0,2097204.3266346
Watermark (Pier 15),parfait,2026-06-22,1,0,2101050.0,2111694.3266346
Watermark (Pier 15),parfait,2026-06-23,0,0,2130030.0,2140674.3266346
Watermark (Pier 15),parfait,2026-06-24,0,0,2159010.0,2169654.3266346
Watermark (Pier 15),parfait,2026-06-25,0,0,2187990.0,2198634.3266346
Watermark (Pier 15),parfait,2026-06-26,0,1,2260440.0,2264634.2009627996
Watermark (Pier 15),parfait,2026-06-27,0,1,2332890.0,2330707.6805890496
Watermark (Pier 15),parfait,2026-06-28,0,0,2361870.0,2359687.6805890496
Watermark (Pier 15),parfait,2026-06-29,0,0,2390850.0,2388667.6805890496
Watermark (Pier 15),parfait,2026-06-30,0,0,2419830.0,2417647.6805890496
Watermark (Pier 15),parfait,2026-07-01,0,0,2448810.0,2446627.6805890496
Watermark (Pier 15),parfait,2026-07-02,0,0,2477790.0,2475607.6805890496
Watermark (Pier 15),parfait,2026-07-03,1,1,2514015.0,2527117.55491725
Watermark (Pier 15),parfait,2026-07-04,1,1,2550240.0,2578627.4292454496
Watermark (Pier 15),parfait,2026-07-05,1,0,2564730.0,2593117.4292454496
Watermark (Pier 15),parfait,2026-07-06,1,0,2579220.0,2607607.4292454496
Watermark (Pier 15),parfait,2026-07-07,0,0,2608200.0,2636587.4292454496
Watermark (Pier 15),parfait,2026-07-08,0,0,2637180.0,2665567.4292454496
Watermark (Pier 15),parfait,2026-07-09,0,0,2666160.0,2694547.4292454496
Watermark (Pier 15),parfait,2026-07-10,0,1,2738610.0,2760547.3035736494
Watermark (Pier 15),parfait,2026-07-11,0,1,2811060.0,2826768.0923487
Watermark (Pier 15),parfait,2026-07-12,0,0,2840040.0,2855748.0923487
Watermark (Pier 15),parfait,2026-07-13,0,0,2869020.0,2884728.0923487
Watermark (Pier 15),parfait,2026-07-14,0,0,2898000.0,2913708.0923487
Watermark (Pier 15),parfait,2026-07-15,0,0,2926980.0,2942688.0923487
Watermark (Pier 15),parfait,2026-07-15,0,0,2955960.0,2971668.0923487
Watermark (Pier 15),parfait,2026-07-17,0,0,3028410.0,3044118.0923487
Watermark (Pier 15),parfait,2026-07-22,0,0,3057390.0,3073098.0923487
Watermark (Pier 15),parfait,2026-07-23,0,0,3086370.0,3102078.0923487
Watermark (Pier 15),parfait,2026-07-24,0,0,3158820.0,3174528.0923487
Watermark (Pier 15),parfait,2026-07-25,0,0,3231270.0,3246978.0923487
Watermark (Pier 15),parfait,2026-07-26,0,0,3260250.0,3275958.0923487
Watermark (Pier 15),parfait,2026-07-27,1,0,3274740.0,3290448.0923487
Watermark (Pier 15),parfait,2026-07-28,1,0,3289230.0,3304938.0923487
Watermark (Pier 15),parfait,2026-07-29,0,0,3318210.0,3333918.0923487
Watermark (Pier 15),parfait,2026-07-30,0,0,3347190.0,3362898.0923487
Watermark (Pier 15),parfait,2026-07-31,0,0,3419640.0,3435348.0923487
Watermark (Pier 15),parfait,2026-08-01,0,0,3492090.0,3507798.0923487
Watermark (Pier 15),parfait,2026-08-02,1,0,3506580.0,3522288.0923487
Watermark (Pier 15),parfait,2026-08-03,0,0,3535560.0,3551268.0923487
Watermark (Pier 15),parfait,2026-08-04,0,0,3564540.0,3580248.0923487
Watermark (Pier 15),parfait,2026-08-05,1,0,3579030.0,3594738.0923487
Watermark (Pier 15),parfait,2026-08-06,0,0,3608010.0,3623718.0923487
Watermark (Pier 15),parfait,2026-08-07,1,1,3644235.0,3676483.7244661497
Watermark (Pier 15),parfait,2026-08-08,0,0,3716685.0,3748933.72446615
Watermark (Pier 15),parfait,2026-08-09,0,0,3745665.0,3777913.72446615
Watermark (Pier 15),parfait,2026-08-10,0,0,3774645.0,3806893.72446615
Watermark (Pier 15),parfait,2026-08-11,0,0,3803625.0,3835873.72446615
Watermark (Pier 15),parfait,2026-08-12,0,0,3832605.0,3864853.72446615
Watermark (Pier 15),parfait,2026-08-13,0,0,3861585.0,3893833.72446615
Watermark (Pier 15),parfait,2026-08-14,0,0,3934035.0,3966283.72446615
Watermark (Pier 15),parfait,2026-08-15,0,0,4006485.0,4038733.72446615
Watermark (Pier 15),parfait,2026-08-16,1,0,4020975.0,4053223.72446615
Watermark (Pier 15),parfait,2026-08-17,0,0,4049955.0,4082203.72446615
Watermark (Pier 15),parfait,2026-08-18,0,0,4078935.0,4111183.72446615
Watermark (Pier 15),parfait,2026-08-19,0,0,4107915.0,4140163.72446615
Watermark (Pier 15),parfait,2026-08-20,1,0,4122405.0,4154653.72446615
Watermark (Pier 15),parfait,2026-08-21,0,0,4194855.0,4227103.724466151
Watermark (Pier 15),parfait,2026-08-22,0,0,4267305.0,4299553.724466151
Watermark (Pier 15),parfait,2026-08-23,0,0,4296285.0,4328533.724466151
Watermark (Pier 15),parfait,2026-08-24,0,0,4325265.0,4357513.724466151
Watermark (Pier 15),parfait,2026-08-25,0,0,4354245.0,4386493.724466151
Watermark (Pier 15),parfait,2026-08-26,0,0,4383225.0,4415473.724466151
Watermark (Pier 15),parfait,2026-08-27,0,0,4412205.0,4444453.724466151
Watermark (Pier 15),parfait,2026-08-28,0,1,4484655.0,4511561.1276096
Watermark (Pier 15),parfait,2026-08-29,0,0,4557105.0,4584011.1276096
Watermark (Pier 15),parfait,2026-08-30,1,0,4571595.0,4598501.1276096
Watermark (Pier 15),parfait,2026-08-31,0,0,4600575.0,4627481.1276096
Watermark (Pier 15),parfait,2026-09-01,1,0,4615065.0,4641971.1276096
Watermark (Pier 15),parfait,2026-09-02,0,0,4644045.0,4670951.1276096
Watermark (Pier 15),parfait,2026-09-03,0,0,4673025.0,4699931.1276096
Watermark (Pier 15),parfait,2026-09-04,0,1,4745475.0,4767780.9896590505
Watermark (Pier 15),parfait,2026-09-05,0,0,4817925.0,4840230.9896590505
Watermark (Pier 15),parfait,2026-09-06,0,0,4890375.0,4912680.9896590505
Watermark (Pier 15),parfait,2026-09-07,0,0,4962825.0,4985130.9896590505
Watermark (Pier 15),parfait,2026-09-08,0,0,4991805.0,5014110.9896590505
Watermark (Pier 15),parfait,2026-09-09,0,0,5020785.0,5043090.9896590505
Watermark (Pier 15),parfait,2026-09-10,0,0,5049765.0,5072070.9896590505
Watermark (Pier 15),parfait,2026-09-11,0,0,5122215.0,5144520.9896590505
Watermark (Pier 15),parfait,2026-09-12,0,0,5194665.0,5216970.9896590505
Watermark (Pier 15),parfait,2026-09-13,0,0,5223645.0,5245950.9896590505
Watermark (Pier 15),parfait,2026-09-14,0,0,5252625.0,5274930.9896590505
